WKT,Name,OBJECTID,UKATEGORIE,UTYP1,UART,UMONAT,USTUNDE,UWOCHENTAG,STRZUSTAND,ULICHTVERH,ISTRAD,ISTPKW,ISTFUSS,ISTKRAD
"POINT (8.606800287000000 50.057949065000003)","Unfall 8576 (2016) Kat:3, Licht: 2","8576","3","1","9","01","19","7","","2","0","1","0","0"
"POINT (8.523772166000001 50.111343918999999)","Unfall 8665 (2016) Kat:3, Licht: 2","8665","3","6","2","01","00","1","","2","0","1","0","0"
"POINT (8.541408831000000 50.109869971999998)","Unfall 8979 (2016) Kat:1, Licht: 0","8979","1","3","5","01","15","7","","0","0","1","0","0"
"POINT (8.655174352000000 50.077546683999998)","Unfall 9025 (2016) Kat:2, Licht: 2","9025","2","1","0","01","02","1","","2","0","1","0","0"
"POINT (8.691195668000001 50.092058375999997)","Unfall 9075 (2016) Kat:3, Licht: 2","9075","3","7","0","01","03","6","","2","0","1","0","0"
"POINT (8.654607771000000 50.192096864000000)","Unfall 9420 (2016) Kat:3, Licht: 0","9420","3","1","9","01","15","2","","0","0","1","0","0"
"POINT (8.675815709000000 50.149753482999998)","Unfall 9536 (2016) Kat:3, Licht: 2","9536","3","3","5","01","06","1","","2","0","1","0","0"
"POINT (8.741211277000000 50.096324185000000)","Unfall 9603 (2016) Kat:3, Licht: 2","9603","3","1","9","01","20","7","","2","0","1","0","0"
"POINT (8.672220340000001 50.161416551000002)","Unfall 9686 (2016) Kat:2, Licht: 2","9686","2","1","8","01","21","3","","2","0","1","0","0"
"POINT (8.686236015000000 50.155305777999999)","Unfall 9694 (2016) Kat:3, Licht: 0","9694","3","3","5","01","13","2","","0","0","1","0","0"
"POINT (8.697261966999999 50.109384059999996)","Unfall 9695 (2016) Kat:3, Licht: 1","9695","3","2","6","01","07","6","","1","0","1","1","0"
"POINT (8.537013321000000 50.116830782999997)","Unfall 9701 (2016) Kat:3, Licht: 2","9701","3","6","2","01","17","3","","2","0","1","0","0"
"POINT (8.714507747000001 50.064037427000002)","Unfall 9712 (2016) Kat:3, Licht: 2","9712","3","6","3","01","05","4","","2","0","1","0","0"
"POINT (8.695289222000000 50.104098509000004)","Unfall 9713 (2016) Kat:3, Licht: 0","9713","3","6","3","01","07","5","","0","0","1","0","0"
"POINT (8.691181341000000 50.092170496999998)","Unfall 9720 (2016) Kat:3, Licht: 2","9720","3","6","6","01","07","2","","2","0","1","1","0"
"POINT (8.601864034000000 50.109962439000000)","Unfall 9729 (2016) Kat:3, Licht: 2","9729","3","1","9","01","02","4","","2","0","1","0","0"
"POINT (8.635062307000000 50.195192411999997)","Unfall 9750 (2016) Kat:3, Licht: 0","9750","3","6","2","01","15","6","","0","0","1","0","0"
"POINT (8.750197504000001 50.121766884000003)","Unfall 9765 (2016) Kat:3, Licht: 1","9765","3","6","2","01","07","2","","1","0","1","0","0"
"POINT (8.694758179999999 50.160211353000001)","Unfall 9791 (2016) Kat:3, Licht: 2","9791","3","7","2","01","19","6","","2","0","1","0","0"
"POINT (8.514889659000000 50.085140070000001)","Unfall 9794 (2016) Kat:3, Licht: 2","9794","3","3","5","01","21","3","","2","0","1","0","0"
"POINT (8.675190733000001 50.091932997999997)","Unfall 9803 (2016) Kat:2, Licht: 0","9803","2","1","0","01","10","3","","0","0","0","0","1"
"POINT (8.720274758000000 50.114194359999999)","Unfall 9813 (2016) Kat:3, Licht: 0","9813","3","3","5","01","16","3","","0","1","1","0","0"
"POINT (8.639007402000001 50.154492838000003)","Unfall 9815 (2016) Kat:2, Licht: 0","9815","2","1","0","01","09","6","","0","1","0","0","0"
"POINT (8.599949359000000 50.057735139000002)","Unfall 9821 (2016) Kat:3, Licht: 2","9821","3","6","3","01","23","2","","2","0","1","0","0"
"POINT (8.695610153000001 50.102051973000002)","Unfall 9835 (2016) Kat:3, Licht: 2","9835","3","2","5","01","19","7","","2","0","1","0","0"
"POINT (8.653871078000000 50.075608070000001)","Unfall 9839 (2016) Kat:3, Licht: 2","9839","3","6","2","01","18","5","","2","0","1","0","0"
"POINT (8.592131075999999 50.137625943000003)","Unfall 9848 (2016) Kat:3, Licht: 2","9848","3","6","2","01","18","7","","2","0","1","0","0"
"POINT (8.523651662000001 50.037923270999997)","Unfall 9863 (2016) Kat:3, Licht: 0","9863","3","1","8","01","14","5","","0","0","1","0","0"
"POINT (8.642481639000000 50.199063932000001)","Unfall 9868 (2016) Kat:3, Licht: 0","9868","3","6","2","01","16","6","","0","0","1","0","0"
"POINT (8.647381392000000 50.199231116000000)","Unfall 9882 (2016) Kat:3, Licht: 0","9882","3","1","9","01","11","1","","0","0","1","0","0"
"POINT (8.688629721000000 50.062149132000002)","Unfall 9888 (2016) Kat:3, Licht: 2","9888","3","3","5","01","17","2","","2","0","1","0","0"
"POINT (8.607744835000000 50.127688542999998)","Unfall 9889 (2016) Kat:3, Licht: 0","9889","3","6","2","01","14","1","","0","0","1","0","0"
"POINT (8.608770285000000 50.062584907999998)","Unfall 9900 (2016) Kat:3, Licht: 0","9900","3","6","3","01","14","5","","0","0","1","0","0"
"POINT (8.613926702000001 50.097224206999996)","Unfall 9904 (2016) Kat:3, Licht: 2","9904","3","6","2","01","17","4","","2","0","1","0","0"
"POINT (8.650827674000000 50.105554587999997)","Unfall 9905 (2016) Kat:3, Licht: 2","9905","3","2","5","01","17","5","","2","1","1","0","0"
"POINT (8.546580121000000 50.101869303999997)","Unfall 9932 (2016) Kat:3, Licht: 0","9932","3","4","6","01","14","6","","0","0","1","1","0"
"POINT (8.541200784999999 50.108307959000001)","Unfall 9935 (2016) Kat:3, Licht: 0","9935","3","3","5","01","11","2","","0","1","1","0","0"
"POINT (8.670223605000000 50.138943326000003)","Unfall 9940 (2016) Kat:3, Licht: 2","9940","3","6","2","01","21","5","","2","0","1","0","0"
"POINT (8.638754271000000 50.154989176000001)","Unfall 9963 (2016) Kat:3, Licht: 0","9963","3","1","9","01","15","2","","0","0","1","0","0"
"POINT (8.643682316000000 50.133133360000002)","Unfall 9965 (2016) Kat:3, Licht: 2","9965","3","6","2","01","17","6","","2","0","1","0","0"
"POINT (8.726630159999999 50.116478035000000)","Unfall 9968 (2016) Kat:3, Licht: 2","9968","3","6","2","01","21","3","","2","0","1","0","0"
"POINT (8.671876440000000 50.098482234000002)","Unfall 9974 (2016) Kat:3, Licht: 2","9974","3","7","3","01","23","1","","2","0","1","0","1"
"POINT (8.692545924999999 50.107276620999997)","Unfall 9981 (2016) Kat:3, Licht: 0","9981","3","6","3","01","10","4","","0","0","1","0","1"
"POINT (8.590162058000001 50.134972769999997)","Unfall 9984 (2016) Kat:3, Licht: 1","9984","3","6","2","01","08","5","","1","0","1","0","0"
"POINT (8.682462159000000 50.107047752000000)","Unfall 10005 (2016) Kat:3, Licht: 2","10005","3","3","5","01","17","5","","2","1","0","0","0"
"POINT (8.617537634000000 50.088779739000003)","Unfall 10015 (2016) Kat:3, Licht: 1","10015","3","6","3","01","16","2","","1","0","1","0","0"
"POINT (8.733033344000001 50.131085198999997)","Unfall 10027 (2016) Kat:3, Licht: 2","10027","3","4","6","01","18","7","","2","0","1","1","0"
"POINT (8.693733704000000 50.129648768999999)","Unfall 10028 (2016) Kat:3, Licht: 0","10028","3","4","6","01","11","5","","0","1","0","1","0"
"POINT (8.727649564000000 50.116717238000000)","Unfall 10033 (2016) Kat:2, Licht: 1","10033","2","2","6","01","17","4","","1","0","1","1","0"
"POINT (8.717921040000000 50.113516922999999)","Unfall 10037 (2016) Kat:3, Licht: 0","10037","3","3","5","01","14","4","","0","1","1","0","0"
"POINT (8.739317816000000 50.131515106000002)","Unfall 10041 (2016) Kat:2, Licht: 2","10041","2","2","5","01","00","1","","2","0","1","0","0"
"POINT (8.629173370000000 50.129719680999997)","Unfall 10045 (2016) Kat:3, Licht: 2","10045","3","6","2","01","21","3","","2","0","1","0","0"
"POINT (8.670818607999999 50.148968984000000)","Unfall 10051 (2016) Kat:3, Licht: 0","10051","3","2","6","01","08","2","","0","0","1","1","0"
"POINT (8.710146700999999 50.111401538999999)","Unfall 10074 (2016) Kat:3, Licht: 2","10074","3","6","2","01","06","2","","2","0","1","0","0"
"POINT (8.602137579000001 50.109994385000000)","Unfall 10075 (2016) Kat:3, Licht: 0","10075","3","6","0","01","18","4","","0","0","1","0","0"
"POINT (8.711164885000001 50.125333396000002)","Unfall 10078 (2016) Kat:3, Licht: 0","10078","3","2","5","01","12","4","","0","1","1","0","0"
"POINT (8.587531088000000 50.056895320999999)","Unfall 10080 (2016) Kat:3, Licht: 0","10080","3","1","0","01","15","4","","0","0","0","0","1"
"POINT (8.597520427999999 50.100299515000003)","Unfall 10084 (2016) Kat:3, Licht: 0","10084","3","6","2","01","11","1","","0","0","1","0","0"
"POINT (8.586527118999999 50.053944401000003)","Unfall 10091 (2016) Kat:2, Licht: 2","10091","2","7","0","01","18","3","","2","0","1","0","0"
"POINT (8.643889205000001 50.057617018000002)","Unfall 10094 (2016) Kat:3, Licht: 0","10094","3","1","8","01","11","7","","0","0","1","0","0"
"POINT (8.611821914000000 50.124470164999998)","Unfall 10117 (2016) Kat:3, Licht: 2","10117","3","6","6","01","18","5","","2","0","1","1","0"
"POINT (8.573555086000001 50.128321978000002)","Unfall 10131 (2016) Kat:3, Licht: 0","10131","3","6","3","01","08","4","","0","0","1","0","0"
"POINT (8.721471445000001 50.158139155000001)","Unfall 10141 (2016) Kat:3, Licht: 0","10141","3","6","2","01","16","5","","0","0","1","0","0"
"POINT (8.538356808000000 50.110845337999997)","Unfall 10147 (2016) Kat:3, Licht: 2","10147","3","3","5","01","18","2","","2","0","1","0","0"
"POINT (8.654137089000001 50.112218986999999)","Unfall 10151 (2016) Kat:2, Licht: 0","10151","2","4","6","01","14","6","","0","0","1","1","0"
"POINT (8.741322297000000 50.133960154999997)","Unfall 10169 (2016) Kat:3, Licht: 0","10169","3","2","5","01","08","5","","0","1","0","0","0"
"POINT (8.667557483000000 50.104292608000002)","Unfall 10172 (2016) Kat:3, Licht: 2","10172","3","2","6","01","19","5","","2","0","1","1","0"
"POINT (8.688977615000001 50.158416045000003)","Unfall 10185 (2016) Kat:3, Licht: 1","10185","3","4","6","01","07","2","","1","0","1","1","0"
"POINT (8.701404788000000 50.123005358000000)","Unfall 10193 (2016) Kat:2, Licht: 1","10193","2","3","5","01","16","5","","1","1","1","0","0"
"POINT (8.602366467000000 50.155914694000003)","Unfall 10196 (2016) Kat:3, Licht: 2","10196","3","6","2","01","21","2","","2","0","1","0","0"
"POINT (8.692048176000000 50.143933718000000)","Unfall 10205 (2016) Kat:3, Licht: 2","10205","3","2","2","01","17","4","","2","1","1","0","0"
"POINT (8.624488745000001 50.138937628000001)","Unfall 10211 (2016) Kat:3, Licht: 0","10211","3","3","5","01","15","3","","0","0","1","0","0"
"POINT (8.542114163000001 50.107492952000001)","Unfall 10213 (2016) Kat:3, Licht: 2","10213","3","6","2","01","16","5","","2","0","1","0","0"
"POINT (8.591115887000001 50.052955167999997)","Unfall 10216 (2016) Kat:3, Licht: 0","10216","3","6","3","01","13","2","","0","0","1","0","0"
"POINT (8.557645299000001 50.048476327000003)","Unfall 10217 (2016) Kat:3, Licht: 1","10217","3","6","2","01","17","6","","1","0","1","0","0"
"POINT (8.670813037000000 50.097657609999999)","Unfall 10218 (2016) Kat:3, Licht: 2","10218","3","6","2","01","18","4","","2","0","1","0","0"
"POINT (8.591234852000000 50.053575424000002)","Unfall 10237 (2016) Kat:3, Licht: 0","10237","3","7","2","01","09","2","","0","0","1","0","0"
"POINT (8.663110713000000 50.108249893999997)","Unfall 10240 (2016) Kat:3, Licht: 0","10240","3","6","0","01","11","2","","0","1","0","0","0"
"POINT (8.719934428000000 50.064506590999997)","Unfall 10241 (2016) Kat:3, Licht: 2","10241","3","6","3","01","18","4","","2","0","1","0","0"
"POINT (8.635464996000000 50.156189865000002)","Unfall 10252 (2016) Kat:3, Licht: 2","10252","3","6","2","01","19","6","","2","0","1","0","0"
"POINT (8.716093457000000 50.123886487999997)","Unfall 10253 (2016) Kat:3, Licht: 0","10253","3","6","2","01","13","2","","0","0","1","0","0"
"POINT (8.648310475000001 50.085598861999998)","Unfall 10268 (2016) Kat:3, Licht: 2","10268","3","1","0","01","20","6","","2","0","0","0","1"
"POINT (8.702228356999999 50.159646723000002)","Unfall 10290 (2016) Kat:3, Licht: 2","10290","3","1","8","01","07","7","","2","0","1","0","0"
"POINT (8.556195051000000 50.114721361000001)","Unfall 10292 (2016) Kat:2, Licht: 0","10292","2","3","5","01","08","4","","0","0","1","0","0"
"POINT (8.640707995000000 50.198271126999998)","Unfall 10294 (2016) Kat:3, Licht: 2","10294","3","6","2","01","17","5","","2","0","1","0","0"
"POINT (8.606059201000001 50.055879369000003)","Unfall 10297 (2016) Kat:3, Licht: 2","10297","3","1","8","01","18","1","","2","0","1","0","0"
"POINT (8.677872894000000 50.105431234000001)","Unfall 10313 (2016) Kat:3, Licht: 2","10313","3","2","6","01","19","6","","2","0","1","1","0"
"POINT (8.692463441999999 50.106946624999999)","Unfall 10318 (2016) Kat:2, Licht: 2","10318","2","6","2","01","04","6","","2","0","1","0","1"
"POINT (8.606005964000000 50.056359446000002)","Unfall 10320 (2016) Kat:3, Licht: 0","10320","3","6","3","01","08","2","","0","0","1","0","0"
"POINT (8.583810577000000 50.100023299000000)","Unfall 10326 (2016) Kat:3, Licht: 2","10326","3","1","9","01","01","7","","2","0","1","0","0"
"POINT (8.713771231999999 50.124583166999997)","Unfall 10327 (2016) Kat:3, Licht: 2","10327","3","3","5","01","23","6","","2","0","1","0","0"
"POINT (8.660032975000000 50.101896283999999)","Unfall 10340 (2016) Kat:3, Licht: 2","10340","3","6","3","01","19","6","","2","1","1","0","0"
"POINT (8.573687653000000 50.129280274000003)","Unfall 10354 (2016) Kat:3, Licht: 2","10354","3","1","9","01","00","1","","2","0","1","0","0"
"POINT (8.733406779999999 50.114750219999998)","Unfall 10360 (2016) Kat:3, Licht: 2","10360","3","6","2","01","18","5","","2","0","1","0","0"
"POINT (8.632484814000000 50.101932095999999)","Unfall 10365 (2016) Kat:3, Licht: 0","10365","3","6","2","01","15","6","","0","0","1","0","0"
"POINT (8.766300109000000 50.132445248000003)","Unfall 10368 (2016) Kat:3, Licht: 2","10368","3","6","2","01","17","7","","2","0","1","0","0"
"POINT (8.544235000000001 50.119463373000002)","Unfall 10374 (2016) Kat:3, Licht: 2","10374","3","1","9","01","02","7","","2","0","1","0","0"
"POINT (8.694384664999999 50.101673409000000)","Unfall 10375 (2016) Kat:3, Licht: 0","10375","3","1","0","01","07","4","","0","0","0","0","1"
"POINT (8.765902259000001 50.132492943000003)","Unfall 10381 (2016) Kat:3, Licht: 2","10381","3","7","5","01","21","2","","2","0","1","0","0"
"POINT (8.711068757000000 50.125361089000002)","Unfall 10385 (2016) Kat:3, Licht: 0","10385","3","6","2","02","15","2","","0","0","1","0","0"
"POINT (8.530803096000000 50.114558060000000)","Unfall 10402 (2016) Kat:3, Licht: 2","10402","3","6","2","01","18","6","","2","0","1","0","0"
"POINT (8.605871587999999 50.104906616000001)","Unfall 10424 (2016) Kat:3, Licht: 2","10424","3","6","2","01","17","5","","2","0","1","0","0"
"POINT (8.688639992000001 50.062144162999999)","Unfall 10451 (2016) Kat:3, Licht: 0","10451","3","3","5","01","09","6","","0","1","1","0","0"
"POINT (8.650436083000001 50.132632489999999)","Unfall 10456 (2016) Kat:3, Licht: 2","10456","3","6","2","01","19","6","","2","0","1","0","0"
"POINT (8.684630053999999 50.139636650000000)","Unfall 10485 (2016) Kat:3, Licht: 0","10485","3","2","3","01","16","4","","0","1","1","0","0"
"POINT (8.647247160999999 50.140424817000003)","Unfall 10496 (2016) Kat:3, Licht: 2","10496","3","4","6","01","00","7","","2","0","1","1","0"
"POINT (8.634074986000000 50.134521442999997)","Unfall 10498 (2016) Kat:3, Licht: 2","10498","3","6","2","01","18","6","","2","0","1","0","0"
"POINT (8.703491305000000 50.143047907000003)","Unfall 10513 (2016) Kat:2, Licht: 0","10513","2","6","2","02","12","2","","0","0","1","0","0"
"POINT (8.663717863000001 50.147487454000000)","Unfall 10518 (2016) Kat:3, Licht: 0","10518","3","6","2","01","10","7","","0","0","1","0","0"
"POINT (8.659691572000000 50.110001517000001)","Unfall 10526 (2016) Kat:3, Licht: 0","10526","3","1","8","01","09","1","","0","0","1","0","0"
"POINT (8.534539307999999 50.116258059000003)","Unfall 10531 (2016) Kat:3, Licht: 2","10531","3","1","9","01","03","6","","2","0","1","0","0"
"POINT (8.599818243000000 50.131727269000002)","Unfall 10553 (2016) Kat:3, Licht: 2","10553","3","6","2","01","17","3","","2","0","1","0","0"
"POINT (8.731985232000000 50.118487274000003)","Unfall 10554 (2016) Kat:3, Licht: 1","10554","3","6","2","01","18","1","","1","0","1","0","0"
"POINT (8.660592389000000 50.102162413999999)","Unfall 10571 (2016) Kat:3, Licht: 0","10571","3","4","6","02","12","3","","0","0","1","1","0"
"POINT (8.595615034000000 50.057936063000000)","Unfall 10587 (2016) Kat:3, Licht: 2","10587","3","6","2","02","19","4","","2","0","1","0","0"
"POINT (8.747275544000001 50.139500347000002)","Unfall 10590 (2016) Kat:3, Licht: 0","10590","3","3","5","02","16","5","","0","0","1","0","0"
"POINT (8.701460831000000 50.123180386999998)","Unfall 10594 (2016) Kat:1, Licht: 0","10594","1","2","6","02","13","3","","0","0","0","1","0"
"POINT (8.677894462999999 50.093215987000001)","Unfall 10607 (2016) Kat:3, Licht: 2","10607","3","4","6","02","18","3","","2","0","1","1","0"
"POINT (8.590037790000000 50.132523366000001)","Unfall 10637 (2016) Kat:3, Licht: 0","10637","3","6","2","02","16","7","","0","0","1","0","0"
"POINT (8.666317798000000 50.148081609999998)","Unfall 10639 (2016) Kat:3, Licht: 0","10639","3","2","3","02","15","6","","0","0","1","0","0"
"POINT (8.536612933000001 50.116684520000000)","Unfall 10654 (2016) Kat:3, Licht: 2","10654","3","6","2","02","00","5","","2","0","1","0","0"
"POINT (8.725437573000001 50.116072422000002)","Unfall 10666 (2016) Kat:3, Licht: 0","10666","3","6","3","02","07","3","","0","0","1","0","0"
"POINT (8.525342087000000 50.112367251999999)","Unfall 10668 (2016) Kat:3, Licht: 0","10668","3","6","2","02","07","5","","0","0","1","0","0"
"POINT (8.560142625999999 50.052141933999998)","Unfall 10676 (2016) Kat:2, Licht: 0","10676","2","1","9","02","15","3","","0","0","1","0","0"
"POINT (8.615466879000000 50.075298208000000)","Unfall 10685 (2016) Kat:3, Licht: 0","10685","3","6","3","02","17","4","","0","0","1","0","0"
"POINT (8.604153243000001 50.082659198000002)","Unfall 10688 (2016) Kat:2, Licht: 1","10688","2","7","6","02","17","7","","1","0","1","1","0"
"POINT (8.731510473000000 50.118938085000003)","Unfall 10711 (2016) Kat:3, Licht: 0","10711","3","6","3","02","14","5","","0","0","1","0","0"
"POINT (8.653929374000001 50.060244230000002)","Unfall 10726 (2016) Kat:2, Licht: 2","10726","2","6","2","02","03","6","","2","0","1","0","0"
"POINT (8.484251515000000 50.096036443999999)","Unfall 10730 (2016) Kat:3, Licht: 1","10730","3","1","8","02","18","5","","1","0","1","0","0"
"POINT (8.649538642000000 50.113439489000001)","Unfall 10739 (2016) Kat:3, Licht: 2","10739","3","1","0","02","00","2","","2","0","0","0","1"
"POINT (8.740126634999999 50.095398562000000)","Unfall 10745 (2016) Kat:2, Licht: 2","10745","2","1","9","02","20","4","","2","0","1","0","0"
"POINT (8.652973533000001 50.190255465000000)","Unfall 10756 (2016) Kat:3, Licht: 2","10756","3","3","5","02","21","4","","2","1","0","0","0"
"POINT (8.602369698000000 50.057546027999997)","Unfall 10760 (2016) Kat:3, Licht: 2","10760","3","6","2","02","18","6","","2","0","1","0","0"
"POINT (8.564601632000001 50.053168003000003)","Unfall 10767 (2016) Kat:3, Licht: 2","10767","3","6","2","02","19","5","","2","0","1","0","0"
"POINT (8.544134069000000 50.119428143000000)","Unfall 10780 (2016) Kat:3, Licht: 0","10780","3","6","2","02","17","7","","0","0","1","0","0"
"POINT (8.741129282999999 50.122747220000001)","Unfall 10807 (2016) Kat:3, Licht: 2","10807","3","4","6","02","02","3","","2","0","1","1","0"
"POINT (8.618756113000000 50.100582795999998)","Unfall 10817 (2016) Kat:3, Licht: 0","10817","3","6","2","02","12","2","","0","0","1","0","0"
"POINT (8.706731501000000 50.062347480000000)","Unfall 10840 (2016) Kat:2, Licht: 2","10840","2","6","2","02","18","4","","2","0","1","0","1"
"POINT (8.684045785000000 50.135747707999997)","Unfall 10845 (2016) Kat:3, Licht: 0","10845","3","1","0","02","13","7","","0","0","1","0","0"
"POINT (8.742347390000001 50.149591164000000)","Unfall 10849 (2016) Kat:3, Licht: 0","10849","3","6","2","02","13","6","","0","0","1","0","0"
"POINT (8.603242515000000 50.108305868000002)","Unfall 10855 (2016) Kat:3, Licht: 0","10855","3","6","2","02","09","3","","0","0","1","0","0"
"POINT (8.509360595000000 50.074919932999997)","Unfall 10857 (2016) Kat:2, Licht: 2","10857","2","1","9","02","20","2","","2","0","0","0","0"
"POINT (8.595744472000000 50.100084135000003)","Unfall 10862 (2016) Kat:3, Licht: 0","10862","3","5","1","02","14","6","","0","0","1","0","0"
"POINT (8.592462447999999 50.100070737999999)","Unfall 10866 (2016) Kat:2, Licht: 0","10866","2","4","6","02","10","5","","0","0","1","1","0"
"POINT (8.718576794000001 50.099879952999999)","Unfall 10871 (2016) Kat:3, Licht: 0","10871","3","5","1","02","13","6","","0","0","1","0","0"
"POINT (8.644602663000001 50.102992942000000)","Unfall 10872 (2016) Kat:3, Licht: 2","10872","3","6","2","02","18","5","","2","1","1","0","0"
"POINT (8.732410714000000 50.117444982999999)","Unfall 10874 (2016) Kat:3, Licht: 0","10874","3","6","3","02","08","3","","0","0","1","0","0"
"POINT (8.614174336000000 50.177336404999998)","Unfall 10885 (2016) Kat:2, Licht: 2","10885","2","6","2","02","17","5","","2","0","1","0","0"
"POINT (8.666109766000000 50.147945546000003)","Unfall 10888 (2016) Kat:3, Licht: 1","10888","3","4","0","02","17","2","","1","0","0","1","0"
"POINT (8.703962559000001 50.158480973000003)","Unfall 10899 (2016) Kat:3, Licht: 0","10899","3","1","9","02","13","5","","0","0","1","0","0"
"POINT (8.609615781000001 50.115486462000000)","Unfall 10907 (2016) Kat:3, Licht: 2","10907","3","6","2","02","17","3","","2","0","1","0","0"
"POINT (8.620324442999999 50.052132405000002)","Unfall 10914 (2016) Kat:3, Licht: 0","10914","3","6","2","02","16","4","","0","0","1","0","0"
"POINT (8.541051379000001 50.118119669999999)","Unfall 10915 (2016) Kat:3, Licht: 2","10915","3","6","3","02","17","6","","2","0","1","0","0"
"POINT (8.540099633000001 50.109290528000002)","Unfall 10943 (2016) Kat:3, Licht: 0","10943","3","6","2","02","15","3","","0","0","1","0","0"
"POINT (8.686929357000000 50.107285582000003)","Unfall 10945 (2016) Kat:2, Licht: 2","10945","2","7","3","02","17","2","","2","0","1","0","1"
"POINT (8.728612338000000 50.145711941000002)","Unfall 10948 (2016) Kat:3, Licht: 2","10948","3","6","4","02","18","2","","2","0","1","0","0"
"POINT (8.616371227000000 50.093259871000001)","Unfall 10953 (2016) Kat:3, Licht: 2","10953","3","1","2","02","00","3","","2","0","1","0","0"
"POINT (8.647235880000000 50.056811824999997)","Unfall 10963 (2016) Kat:3, Licht: 2","10963","3","6","2","03","19","3","","2","0","1","0","0"
"POINT (8.685342490000000 50.097540113999997)","Unfall 10970 (2016) Kat:3, Licht: 0","10970","3","5","1","02","14","1","","0","1","1","0","0"
"POINT (8.699220938000000 50.084205265000001)","Unfall 10972 (2016) Kat:2, Licht: 0","10972","2","1","8","02","14","2","","0","0","1","0","0"
"POINT (8.688906584000000 50.158479460999999)","Unfall 10978 (2016) Kat:3, Licht: 2","10978","3","4","6","03","19","3","","2","0","1","1","0"
"POINT (8.694711995000001 50.131330859000002)","Unfall 10980 (2016) Kat:3, Licht: 1","10980","3","6","2","02","17","7","","1","0","1","0","0"
"POINT (8.593198307000000 50.122821367000000)","Unfall 10986 (2016) Kat:3, Licht: 0","10986","3","2","5","02","16","3","","0","1","1","0","0"
"POINT (8.677864104999999 50.105427652000003)","Unfall 10992 (2016) Kat:3, Licht: 2","10992","3","6","4","02","19","3","","2","0","1","0","0"
"POINT (8.507841126000001 50.079409538000000)","Unfall 10995 (2016) Kat:3, Licht: 2","10995","3","6","2","02","23","6","","2","0","1","0","0"
"POINT (8.688627423000000 50.062150242999998)","Unfall 11004 (2016) Kat:3, Licht: 2","11004","3","2","5","03","19","5","","2","0","1","0","0"
"POINT (8.718499258000000 50.113713085999997)","Unfall 11006 (2016) Kat:3, Licht: 0","11006","3","4","6","02","16","4","","0","0","1","1","0"
"POINT (8.640519329000000 50.102685315999999)","Unfall 11029 (2016) Kat:3, Licht: 0","11029","3","6","2","02","08","5","","0","0","1","0","1"
"POINT (8.668596344999999 50.099240711000000)","Unfall 11031 (2016) Kat:3, Licht: 0","11031","3","3","5","03","11","4","","0","0","1","0","0"
"POINT (8.656277267000000 50.135425400000003)","Unfall 11061 (2016) Kat:3, Licht: 2","11061","3","6","2","02","01","7","","2","0","1","0","0"
"POINT (8.674446895999999 50.131899267999998)","Unfall 11075 (2016) Kat:3, Licht: 0","11075","3","2","3","02","07","4","","0","1","1","0","0"
"POINT (8.592134887000000 50.100203692999997)","Unfall 11084 (2016) Kat:3, Licht: 0","11084","3","2","5","02","13","2","","0","0","1","0","0"
"POINT (8.754357693999999 50.143441723999999)","Unfall 11088 (2016) Kat:3, Licht: 0","11088","3","7","5","02","14","7","","0","0","1","0","0"
"POINT (8.692993739000000 50.113172079000002)","Unfall 11110 (2016) Kat:3, Licht: 0","11110","3","2","3","02","10","2","","0","0","0","0","0"
"POINT (8.606926266000000 50.054030711999999)","Unfall 11120 (2016) Kat:3, Licht: 0","11120","3","6","2","02","08","3","","0","0","1","0","0"
"POINT (8.751096687000000 50.145015626999999)","Unfall 11127 (2016) Kat:3, Licht: 0","11127","3","6","2","02","09","7","","0","0","1","0","0"
"POINT (8.560710074999999 50.101606957999998)","Unfall 11136 (2016) Kat:2, Licht: 0","11136","2","5","1","02","08","6","","0","1","1","0","0"
"POINT (8.609124911000000 50.126703165999999)","Unfall 11137 (2016) Kat:2, Licht: 0","11137","2","3","5","02","07","2","","0","1","0","0","0"
"POINT (8.638540710999999 50.094242479000002)","Unfall 11147 (2016) Kat:3, Licht: 0","11147","3","3","5","03","11","5","","0","1","0","0","0"
"POINT (8.528686452000001 50.107749941999998)","Unfall 11157 (2016) Kat:2, Licht: 0","11157","2","3","5","02","10","7","","0","1","1","0","0"
"POINT (8.665043799999999 50.165904308999998)","Unfall 11159 (2016) Kat:3, Licht: 2","11159","3","7","7","02","19","2","","2","0","1","0","0"
"POINT (8.603911769000000 50.052168876000003)","Unfall 11170 (2016) Kat:3, Licht: 0","11170","3","6","2","02","11","4","","0","0","1","0","0"
"POINT (8.674966238000000 50.101416141000001)","Unfall 11173 (2016) Kat:3, Licht: 2","11173","3","4","6","02","19","7","","2","0","1","1","0"
"POINT (8.705552153999999 50.176370384000002)","Unfall 11179 (2016) Kat:1, Licht: 2","11179","1","1","8","02","18","6","","2","0","1","0","0"
"POINT (8.559707679000001 50.081154142999999)","Unfall 11185 (2016) Kat:3, Licht: 2","11185","3","3","5","03","22","3","","2","0","1","0","0"
"POINT (8.686269404000001 50.155162965000002)","Unfall 11194 (2016) Kat:2, Licht: 2","11194","2","6","6","02","00","2","","2","0","0","1","0"
"POINT (8.652641314000000 50.117531788000001)","Unfall 11197 (2016) Kat:3, Licht: 0","11197","3","6","2","02","10","6","","0","0","1","0","0"
"POINT (8.512171978000000 50.087527168000001)","Unfall 11199 (2016) Kat:3, Licht: 0","11199","3","4","6","03","15","3","","0","0","1","1","0"