WKT,Name,OBJECTID,UKATEGORIE,UTYP1,UART,UMONAT,USTUNDE,UWOCHENTAG,STRZUSTAND,ULICHTVERH,ISTRAD,ISTPKW,ISTFUSS,ISTKRAD
"POINT (8.652059318999999 50.106041476000001)","Unfall 12752 (2016) Kat:3, Licht: 0","12752","3","2","3","04","17","3","","0","0","1","0","0"
"POINT (8.586128194000001 50.054368033999999)","Unfall 12761 (2016) Kat:3, Licht: 0","12761","3","6","3","03","13","1","","0","0","1","0","0"
"POINT (8.604280798000000 50.106381591999998)","Unfall 12765 (2016) Kat:3, Licht: 0","12765","3","6","3","04","16","3","","0","0","1","0","0"
"POINT (8.735739245000000 50.120681537999999)","Unfall 12777 (2016) Kat:3, Licht: 0","12777","3","5","1","04","17","6","","0","0","1","0","0"
"POINT (8.551997858000000 50.103041582000003)","Unfall 12786 (2016) Kat:3, Licht: 0","12786","3","7","0","04","14","3","","0","1","1","0","0"
"POINT (8.579136749000000 50.053149001000001)","Unfall 12793 (2016) Kat:3, Licht: 0","12793","3","7","8","04","12","1","","0","0","1","0","0"
"POINT (8.748448525000001 50.154998708999997)","Unfall 12819 (2016) Kat:3, Licht: 0","12819","3","6","4","04","10","6","","0","0","1","0","0"
"POINT (8.502946179000000 50.091937952999999)","Unfall 12822 (2016) Kat:3, Licht: 0","12822","3","7","6","04","16","6","","0","0","1","1","0"
"POINT (8.646765457000001 50.199358939000000)","Unfall 12831 (2016) Kat:3, Licht: 0","12831","3","1","9","04","06","6","","0","0","1","0","0"
"POINT (8.541840183000000 50.118593871000002)","Unfall 12833 (2016) Kat:3, Licht: 0","12833","3","6","2","04","17","6","","0","0","1","0","0"
"POINT (8.724743942000000 50.126217617999998)","Unfall 12836 (2016) Kat:3, Licht: 0","12836","3","6","2","04","15","5","","0","0","1","0","0"
"POINT (8.688660737999999 50.150808798000000)","Unfall 12838 (2016) Kat:3, Licht: 0","12838","3","3","5","04","18","3","","0","1","1","0","0"
"POINT (8.666156046999999 50.148224949999999)","Unfall 12850 (2016) Kat:3, Licht: 0","12850","3","6","3","04","10","4","","0","1","1","0","0"
"POINT (8.640030624000000 50.198099479000000)","Unfall 12855 (2016) Kat:3, Licht: 1","12855","3","6","3","04","06","1","","1","0","1","0","0"
"POINT (8.590025590000000 50.132184702000004)","Unfall 12856 (2016) Kat:3, Licht: 0","12856","3","3","5","04","12","5","","0","0","1","0","0"
"POINT (8.705750327000001 50.112919949999998)","Unfall 12862 (2016) Kat:3, Licht: 0","12862","3","2","5","05","18","2","","0","1","1","0","0"
"POINT (8.692542294000001 50.143240194000001)","Unfall 12863 (2016) Kat:3, Licht: 0","12863","3","6","3","05","16","3","","0","0","1","0","1"
"POINT (8.731254525000001 50.119143360999999)","Unfall 12864 (2016) Kat:2, Licht: 0","12864","2","6","2","05","09","4","","0","0","1","0","1"
"POINT (8.661915905000001 50.108920005000002)","Unfall 12870 (2016) Kat:3, Licht: 0","12870","3","4","6","04","06","3","","0","1","0","1","0"
"POINT (8.658251632000001 50.131976950000002)","Unfall 12879 (2016) Kat:2, Licht: 0","12879","2","1","8","04","10","2","","0","0","0","0","0"
"POINT (8.622809840000000 50.151105121000001)","Unfall 12885 (2016) Kat:3, Licht: 0","12885","3","3","5","04","16","6","","0","1","1","0","0"
"POINT (8.688704262000000 50.150723765000002)","Unfall 12889 (2016) Kat:3, Licht: 0","12889","3","2","2","04","09","5","","0","0","1","0","0"
"POINT (8.607800655000000 50.056976394000003)","Unfall 12904 (2016) Kat:3, Licht: 0","12904","3","6","3","05","09","2","","0","0","1","0","0"
"POINT (8.714543547000000 50.153041643999998)","Unfall 12919 (2016) Kat:3, Licht: 0","12919","3","6","2","05","11","6","","0","0","1","0","0"
"POINT (8.617841841000001 50.088749415000002)","Unfall 12923 (2016) Kat:3, Licht: 0","12923","3","6","2","05","17","4","","0","0","1","0","0"
"POINT (8.694426060000000 50.131108718000000)","Unfall 12932 (2016) Kat:3, Licht: 2","12932","3","4","6","05","01","1","","2","0","1","1","0"
"POINT (8.724383332000000 50.129436294000001)","Unfall 12937 (2016) Kat:3, Licht: 0","12937","3","1","9","04","18","5","","0","0","1","0","0"
"POINT (8.716911018999999 50.139023813000001)","Unfall 12946 (2016) Kat:3, Licht: 0","12946","3","2","5","05","15","1","","0","0","1","0","1"
"POINT (8.691244549000000 50.099634492000000)","Unfall 12955 (2016) Kat:3, Licht: 0","12955","3","6","2","04","14","1","","0","0","1","0","0"
"POINT (8.664905774999999 50.149340606000003)","Unfall 12956 (2016) Kat:3, Licht: 0","12956","3","2","3","05","18","7","","0","0","1","0","1"
"POINT (8.698540822000000 50.140364802999997)","Unfall 12958 (2016) Kat:3, Licht: 0","12958","3","4","6","04","16","5","","0","0","1","1","0"
"POINT (8.588228890000000 50.123327289999999)","Unfall 12961 (2016) Kat:3, Licht: 0","12961","3","3","5","04","08","4","","0","0","1","0","0"
"POINT (8.742220668000000 50.123191276999997)","Unfall 12967 (2016) Kat:3, Licht: 2","12967","3","2","5","05","05","2","","2","1","1","0","0"
"POINT (8.656640977000000 50.082277353999999)","Unfall 12979 (2016) Kat:3, Licht: 0","12979","3","6","2","04","09","3","","0","0","1","0","0"
"POINT (8.657077154000000 50.111408562000001)","Unfall 12992 (2016) Kat:3, Licht: 0","12992","3","6","3","05","20","2","","0","0","1","0","0"
"POINT (8.604825786999999 50.100142871000003)","Unfall 12993 (2016) Kat:3, Licht: 0","12993","3","3","6","05","19","3","","0","0","1","1","0"
"POINT (8.667131518000000 50.147065214999998)","Unfall 12996 (2016) Kat:3, Licht: 0","12996","3","4","6","05","18","4","","0","0","1","1","0"
"POINT (8.607291470000000 50.128016512999999)","Unfall 13013 (2016) Kat:3, Licht: 2","13013","3","2","5","04","21","7","","2","1","1","0","0"
"POINT (8.700206948000000 50.112911079000000)","Unfall 13022 (2016) Kat:3, Licht: 0","13022","3","4","6","04","10","4","","0","0","1","1","0"
"POINT (8.502850486000000 50.104155679000002)","Unfall 13028 (2016) Kat:3, Licht: 0","13028","3","6","2","04","07","5","","0","0","1","0","0"
"POINT (8.725653978000000 50.122954909999997)","Unfall 13034 (2016) Kat:3, Licht: 0","13034","3","3","5","05","15","2","","0","1","1","0","0"
"POINT (8.722872197999999 50.115199842000003)","Unfall 13035 (2016) Kat:3, Licht: 0","13035","3","6","2","05","12","3","","0","0","1","0","1"
"POINT (8.607487556000001 50.094734879999997)","Unfall 13057 (2016) Kat:3, Licht: 0","13057","3","7","6","04","17","5","","0","0","1","1","0"
"POINT (8.743781436000001 50.123826285000000)","Unfall 13063 (2016) Kat:3, Licht: 0","13063","3","7","3","04","14","7","","0","0","1","0","0"
"POINT (8.650584378000000 50.120437486999997)","Unfall 13080 (2016) Kat:3, Licht: 0","13080","3","1","0","05","17","1","","0","0","0","0","1"
"POINT (8.586156977000000 50.123538201000002)","Unfall 13082 (2016) Kat:3, Licht: 0","13082","3","3","5","04","08","2","","0","1","1","0","0"
"POINT (8.606067502000000 50.056482578999997)","Unfall 13091 (2016) Kat:3, Licht: 0","13091","3","3","3","04","14","7","","0","0","1","0","0"
"POINT (8.720388862000000 50.064727824999999)","Unfall 13096 (2016) Kat:2, Licht: 0","13096","2","6","3","05","08","4","","0","0","1","0","0"
"POINT (8.653805263000001 50.121321995999999)","Unfall 13099 (2016) Kat:3, Licht: 0","13099","3","3","0","05","19","2","","0","0","1","0","1"
"POINT (8.603739399000000 50.100364210999999)","Unfall 13108 (2016) Kat:3, Licht: 0","13108","3","6","2","05","10","6","","0","0","1","0","0"
"POINT (8.695683158000000 50.133626190000001)","Unfall 13110 (2016) Kat:3, Licht: 0","13110","3","2","0","04","14","6","","0","1","1","0","0"
"POINT (8.711216021000000 50.105205458000000)","Unfall 13114 (2016) Kat:3, Licht: 0","13114","3","2","5","04","18","5","","0","1","1","0","0"
"POINT (8.665068135000000 50.107535122999998)","Unfall 13120 (2016) Kat:3, Licht: 0","13120","3","4","6","04","17","2","","0","0","1","1","0"
"POINT (8.649838865000000 50.120182546999999)","Unfall 13132 (2016) Kat:3, Licht: 0","13132","3","6","2","04","16","2","","0","0","1","0","0"
"POINT (8.731996766000000 50.118687027999997)","Unfall 13134 (2016) Kat:3, Licht: 0","13134","3","6","2","05","18","7","","0","0","1","0","0"
"POINT (8.674896805000000 50.131958355000002)","Unfall 13135 (2016) Kat:3, Licht: 0","13135","3","2","5","04","09","5","","0","0","1","0","1"
"POINT (8.692737308000000 50.129008329000001)","Unfall 13138 (2016) Kat:3, Licht: 0","13138","3","3","5","04","16","4","","0","1","1","0","0"
"POINT (8.643563479000001 50.096455521000003)","Unfall 13144 (2016) Kat:3, Licht: 0","13144","3","2","3","05","14","2","","0","1","0","0","0"
"POINT (8.699254287000001 50.189881366000002)","Unfall 13147 (2016) Kat:3, Licht: 0","13147","3","6","2","04","15","6","","0","0","1","0","0"
"POINT (8.710460254999999 50.063278795999999)","Unfall 13180 (2016) Kat:3, Licht: 0","13180","3","6","3","04","07","4","","0","0","1","0","0"
"POINT (8.605951773999999 50.100165029999999)","Unfall 13184 (2016) Kat:3, Licht: 0","13184","3","3","5","05","13","5","","0","1","1","0","0"
"POINT (8.521475209000000 50.097359531000002)","Unfall 13209 (2016) Kat:3, Licht: 0","13209","3","3","5","04","11","7","","0","0","1","0","0"
"POINT (8.592645938000000 50.138295704999997)","Unfall 13211 (2016) Kat:3, Licht: 0","13211","3","6","2","04","09","6","","0","0","1","0","0"
"POINT (8.707729615000000 50.126510207000003)","Unfall 13217 (2016) Kat:3, Licht: 0","13217","3","7","6","05","07","2","","0","0","0","1","0"
"POINT (8.621501966000000 50.150072244000000)","Unfall 13218 (2016) Kat:3, Licht: 0","13218","3","6","2","05","08","3","","0","1","1","0","0"
"POINT (8.607787091000001 50.127658363999998)","Unfall 13219 (2016) Kat:3, Licht: 0","13219","3","2","6","05","07","4","","0","0","1","1","0"
"POINT (8.669533440000000 50.198177450999999)","Unfall 13225 (2016) Kat:3, Licht: 0","13225","3","4","6","04","13","3","","0","0","1","1","0"
"POINT (8.641215106000001 50.102749785000000)","Unfall 13240 (2016) Kat:3, Licht: 2","13240","3","2","2","04","23","7","","2","0","1","0","0"
"POINT (8.493168028000000 50.097125607999999)","Unfall 13241 (2016) Kat:3, Licht: 0","13241","3","3","5","04","08","6","","0","0","1","0","0"
"POINT (8.665981025000001 50.148068199000001)","Unfall 13245 (2016) Kat:3, Licht: 0","13245","3","2","3","04","11","5","","0","1","0","0","0"
"POINT (8.576191999000001 50.089469137999998)","Unfall 13256 (2016) Kat:3, Licht: 0","13256","3","6","2","05","19","1","","0","0","1","0","0"
"POINT (8.647218958000000 50.056796650000003)","Unfall 13265 (2016) Kat:3, Licht: 0","13265","3","6","2","05","18","2","","0","0","1","0","0"
"POINT (8.632956720999999 50.078194339000000)","Unfall 13279 (2016) Kat:3, Licht: 0","13279","3","2","3","05","18","6","","0","0","1","0","0"
"POINT (8.591807878999999 50.136785572999997)","Unfall 13282 (2016) Kat:3, Licht: 0","13282","3","6","2","05","17","4","","0","0","1","0","0"
"POINT (8.677488165000000 50.061149438000001)","Unfall 13286 (2016) Kat:3, Licht: 0","13286","3","6","3","05","17","6","","0","0","1","0","0"
"POINT (8.613086211000001 50.138602966000001)","Unfall 13291 (2016) Kat:2, Licht: 0","13291","2","6","2","05","11","1","","0","0","1","0","1"
"POINT (8.597873031000001 50.147269424999998)","Unfall 13296 (2016) Kat:3, Licht: 0","13296","3","6","3","04","17","4","","0","0","1","0","0"
"POINT (8.662982425999999 50.091085755999998)","Unfall 13312 (2016) Kat:1, Licht: 2","13312","1","4","6","04","02","1","","2","0","1","1","0"
"POINT (8.567123912000000 50.098266078999998)","Unfall 13313 (2016) Kat:2, Licht: 0","13313","2","1","0","05","13","7","","0","1","0","0","0"
"POINT (8.693004249000000 50.106825927999999)","Unfall 13315 (2016) Kat:3, Licht: 0","13315","3","6","3","04","15","5","","0","0","1","0","1"
"POINT (8.615518543000000 50.075401628999998)","Unfall 13320 (2016) Kat:2, Licht: 0","13320","2","1","9","05","08","4","","0","0","1","0","0"
"POINT (8.635699502000000 50.088744380000001)","Unfall 13324 (2016) Kat:3, Licht: 0","13324","3","6","2","05","17","2","","0","0","1","0","0"
"POINT (8.595796024000000 50.122848748999999)","Unfall 13336 (2016) Kat:3, Licht: 0","13336","3","6","2","04","16","3","","0","0","1","0","0"
"POINT (8.507398258000000 50.105963903000003)","Unfall 13351 (2016) Kat:3, Licht: 0","13351","3","6","2","04","18","4","","0","0","1","0","0"
"POINT (8.759736757000001 50.161792318000003)","Unfall 13363 (2016) Kat:3, Licht: 0","13363","3","6","2","05","12","4","","0","0","1","0","0"
"POINT (8.545812102999999 50.078228899999999)","Unfall 13379 (2016) Kat:3, Licht: 0","13379","3","6","2","04","17","4","","0","0","1","0","0"
"POINT (8.666127120000001 50.061225632000003)","Unfall 13385 (2016) Kat:3, Licht: 0","13385","3","6","2","04","16","5","","0","0","1","0","0"
"POINT (8.696447416000000 50.113302973000003)","Unfall 13391 (2016) Kat:3, Licht: 0","13391","3","4","6","05","16","2","","0","0","1","1","0"
"POINT (8.704449843000001 50.111208245000000)","Unfall 13392 (2016) Kat:3, Licht: 0","13392","3","6","2","05","19","3","","0","0","1","0","0"
"POINT (8.644855179000000 50.103124274999999)","Unfall 13393 (2016) Kat:3, Licht: 0","13393","3","6","2","05","14","4","","0","0","1","0","0"
"POINT (8.693133053000000 50.129168516999997)","Unfall 13399 (2016) Kat:3, Licht: 0","13399","3","3","5","04","17","3","","0","1","1","0","0"
"POINT (8.616872244000000 50.087882078000000)","Unfall 13414 (2016) Kat:3, Licht: 0","13414","3","6","1","04","14","6","","0","0","1","0","0"
"POINT (8.567549064000000 50.120448994999997)","Unfall 13418 (2016) Kat:3, Licht: 0","13418","3","3","5","04","19","5","","0","0","1","0","0"
"POINT (8.666216614000000 50.187917118999998)","Unfall 13439 (2016) Kat:2, Licht: 0","13439","2","3","5","05","17","1","","0","1","1","0","0"
"POINT (8.551379362000001 50.100915016999998)","Unfall 13441 (2016) Kat:3, Licht: 0","13441","3","6","3","04","15","2","","0","0","1","0","1"
"POINT (8.710163101999999 50.111401080000000)","Unfall 13450 (2016) Kat:3, Licht: 0","13450","3","6","2","05","10","6","","0","0","1","0","0"
"POINT (8.652801827999999 50.171163620000002)","Unfall 13454 (2016) Kat:3, Licht: 0","13454","3","3","5","05","11","4","","0","0","0","0","0"
"POINT (8.677811401000000 50.105406166999998)","Unfall 13467 (2016) Kat:3, Licht: 0","13467","3","2","5","04","19","5","","0","1","1","0","0"
"POINT (8.723538312000001 50.140936549000003)","Unfall 13488 (2016) Kat:3, Licht: 0","13488","3","6","2","05","11","7","","0","0","1","0","1"
"POINT (8.633088848000000 50.101989797000002)","Unfall 13490 (2016) Kat:3, Licht: 0","13490","3","7","8","04","17","5","","0","0","1","0","0"
"POINT (8.603651721000000 50.100171121999999)","Unfall 13493 (2016) Kat:2, Licht: 0","13493","2","4","6","04","18","4","","0","0","1","1","0"
"POINT (8.637795109000001 50.102432843999999)","Unfall 13499 (2016) Kat:3, Licht: 0","13499","3","2","2","05","16","2","","0","0","1","0","1"
"POINT (8.506890199000001 50.076727147000000)","Unfall 13502 (2016) Kat:3, Licht: 0","13502","3","6","2","04","19","6","","0","0","1","0","0"
"POINT (8.714541858000001 50.064042784999998)","Unfall 13507 (2016) Kat:3, Licht: 0","13507","3","6","3","04","07","2","","0","0","1","0","0"
"POINT (8.537504414000001 50.117010176999997)","Unfall 13521 (2016) Kat:3, Licht: 0","13521","3","6","2","04","17","5","","0","0","1","0","0"
"POINT (8.584789554000000 50.052985456000002)","Unfall 13534 (2016) Kat:3, Licht: 0","13534","3","6","2","05","14","3","","0","0","1","0","0"
"POINT (8.638127589000000 50.133808973999997)","Unfall 13535 (2016) Kat:3, Licht: 0","13535","3","6","2","04","08","4","","0","0","1","0","0"
"POINT (8.723267463999999 50.123031365000003)","Unfall 13540 (2016) Kat:3, Licht: 0","13540","3","6","2","04","14","7","","0","0","1","0","0"
"POINT (8.630324720000001 50.055259837000001)","Unfall 13553 (2016) Kat:2, Licht: 0","13553","2","1","8","05","16","1","","0","0","1","0","0"
"POINT (8.672083283999999 50.131875223000002)","Unfall 13563 (2016) Kat:3, Licht: 0","13563","3","6","2","05","11","3","","0","0","1","0","0"
"POINT (8.630980375000000 50.192651611000002)","Unfall 13565 (2016) Kat:2, Licht: 0","13565","2","6","2","05","18","2","","0","0","1","0","0"
"POINT (8.662815544000001 50.151471354999998)","Unfall 13573 (2016) Kat:3, Licht: 0","13573","3","6","2","05","17","2","","0","0","1","0","0"
"POINT (8.649466276000000 50.186370265000001)","Unfall 13574 (2016) Kat:3, Licht: 0","13574","3","6","2","05","13","3","","0","0","1","0","0"
"POINT (8.628268300000000 50.132935164999999)","Unfall 13576 (2016) Kat:3, Licht: 0","13576","3","3","5","05","08","4","","0","1","1","0","0"
"POINT (8.648520919999999 50.178766881000001)","Unfall 13586 (2016) Kat:3, Licht: 0","13586","3","6","2","05","16","2","","0","0","1","0","1"
"POINT (8.728886950000000 50.117303374000002)","Unfall 13587 (2016) Kat:3, Licht: 0","13587","3","3","5","04","14","5","","0","1","1","0","0"
"POINT (8.691915667000000 50.144505938000002)","Unfall 13611 (2016) Kat:3, Licht: 2","13611","3","7","8","05","23","1","","2","0","1","0","1"
"POINT (8.680057637000001 50.166219462000001)","Unfall 13613 (2016) Kat:3, Licht: 0","13613","3","6","2","04","16","2","","0","0","1","0","0"
"POINT (8.559840592000001 50.101678432000000)","Unfall 13620 (2016) Kat:3, Licht: 0","13620","3","6","2","05","20","7","","0","0","1","0","0"
"POINT (8.683431226000000 50.142314321000001)","Unfall 13635 (2016) Kat:3, Licht: 0","13635","3","6","2","05","12","6","","0","0","1","0","0"
"POINT (8.683795820000000 50.131692958000002)","Unfall 13637 (2016) Kat:3, Licht: 0","13637","3","2","3","04","12","6","","0","1","1","0","0"
"POINT (8.647351455000001 50.104180118000002)","Unfall 13658 (2016) Kat:3, Licht: 0","13658","3","2","5","05","19","7","","0","0","1","0","1"
"POINT (8.685920195000000 50.112389174000000)","Unfall 13669 (2016) Kat:3, Licht: 0","13669","3","2","5","05","12","2","","0","1","1","0","0"
"POINT (8.706050962999999 50.111382452000001)","Unfall 13672 (2016) Kat:3, Licht: 0","13672","3","6","2","04","07","6","","0","0","1","0","0"
"POINT (8.649449068999999 50.197524950000002)","Unfall 13676 (2016) Kat:3, Licht: 0","13676","3","6","2","05","19","4","","0","0","1","0","0"
"POINT (8.666175015000000 50.147883155000002)","Unfall 13679 (2016) Kat:3, Licht: 0","13679","3","2","3","05","10","2","","0","0","1","0","1"
"POINT (8.596751821000000 50.145718318999997)","Unfall 13705 (2016) Kat:2, Licht: 0","13705","2","6","2","04","08","4","","0","0","1","0","1"
"POINT (8.668064296000001 50.105528720999999)","Unfall 13737 (2016) Kat:2, Licht: 0","13737","2","7","6","06","07","5","","0","0","0","1","0"
"POINT (8.501462493000000 50.075448096999999)","Unfall 13738 (2016) Kat:3, Licht: 0","13738","3","3","5","05","17","2","","0","1","1","0","0"
"POINT (8.653781354000000 50.119953899999999)","Unfall 13747 (2016) Kat:3, Licht: 0","13747","3","3","5","05","17","3","","0","1","1","0","0"
"POINT (8.688561529999999 50.158787527999998)","Unfall 13753 (2016) Kat:3, Licht: 0","13753","3","4","6","05","14","6","","0","0","1","1","0"
"POINT (8.723509987000000 50.105304074000003)","Unfall 13770 (2016) Kat:3, Licht: 0","13770","3","6","3","05","11","5","","0","0","1","0","1"
"POINT (8.636725187000000 50.134161691999999)","Unfall 13785 (2016) Kat:3, Licht: 0","13785","3","7","8","05","07","2","","0","0","1","0","0"
"POINT (8.560041808999999 50.101561031999999)","Unfall 13787 (2016) Kat:2, Licht: 0","13787","2","4","6","05","11","2","","0","0","1","1","0"
"POINT (8.628480937999999 50.133099322000000)","Unfall 13794 (2016) Kat:3, Licht: 0","13794","3","2","5","05","16","5","","0","1","1","0","0"
"POINT (8.665882291000001 50.104433731999997)","Unfall 13799 (2016) Kat:3, Licht: 0","13799","3","7","6","05","19","4","","0","0","1","1","0"
"POINT (8.647347448000000 50.058578240999999)","Unfall 13808 (2016) Kat:3, Licht: 0","13808","3","6","3","05","16","2","","0","0","1","0","0"
"POINT (8.490436229000000 50.096465291999998)","Unfall 13826 (2016) Kat:3, Licht: 0","13826","3","4","6","05","18","7","","0","0","1","1","0"
"POINT (8.697036750000001 50.113228249000002)","Unfall 13858 (2016) Kat:3, Licht: 0","13858","3","7","6","05","17","4","","0","1","0","1","0"
"POINT (8.560228873000000 50.101740655999997)","Unfall 13861 (2016) Kat:3, Licht: 0","13861","3","3","5","06","12","5","","0","1","1","0","0"
"POINT (8.655795445000001 50.088257319999997)","Unfall 13901 (2016) Kat:3, Licht: 0","13901","3","6","2","05","18","5","","0","0","1","0","0"
"POINT (8.753910197000000 50.127710590000000)","Unfall 13910 (2016) Kat:3, Licht: 0","13910","3","6","2","05","10","3","","0","0","1","0","0"
"POINT (8.742564949000000 50.149097769999997)","Unfall 13915 (2016) Kat:3, Licht: 0","13915","3","6","2","05","19","3","","0","0","1","0","0"
"POINT (8.647101777000000 50.104079185000003)","Unfall 13921 (2016) Kat:3, Licht: 0","13921","3","6","3","05","08","6","","0","0","0","0","1"
"POINT (8.668117056000000 50.163653494000002)","Unfall 13924 (2016) Kat:3, Licht: 0","13924","3","6","2","06","08","6","","0","0","1","0","0"
"POINT (8.483375441000000 50.096252882000002)","Unfall 13926 (2016) Kat:3, Licht: 0","13926","3","1","8","05","11","5","","0","0","1","0","0"
"POINT (8.651407002999999 50.088184103000003)","Unfall 13957 (2016) Kat:3, Licht: 0","13957","3","6","2","05","08","2","","0","0","1","0","0"
"POINT (8.586820627000000 50.054943371999997)","Unfall 13964 (2016) Kat:3, Licht: 0","13964","3","2","3","05","17","4","","0","0","1","0","0"
"POINT (8.640506823999999 50.121057862000001)","Unfall 13965 (2016) Kat:3, Licht: 0","13965","3","6","2","05","09","7","","0","0","1","0","0"
"POINT (8.740198004000000 50.122601119000002)","Unfall 13985 (2016) Kat:3, Licht: 2","13985","3","6","2","05","22","4","","2","0","1","0","0"
"POINT (8.696651680000000 50.135682504999998)","Unfall 14000 (2016) Kat:3, Licht: 2","14000","3","3","5","05","23","7","","2","0","1","0","0"
"POINT (8.624243978999999 50.135174532000001)","Unfall 14002 (2016) Kat:3, Licht: 0","14002","3","7","8","05","15","6","","0","0","1","0","0"
"POINT (8.705468515000000 50.145834927000003)","Unfall 14006 (2016) Kat:3, Licht: 0","14006","3","6","2","05","14","5","","0","0","1","0","0"
"POINT (8.717178548000000 50.113143104000002)","Unfall 14010 (2016) Kat:3, Licht: 2","14010","3","5","1","05","23","1","","2","1","1","0","0"
"POINT (8.611999730999999 50.172961720000004)","Unfall 14013 (2016) Kat:3, Licht: 0","14013","3","7","9","05","09","1","","0","0","1","0","0"
"POINT (8.536658753999999 50.116701257999999)","Unfall 14043 (2016) Kat:3, Licht: 0","14043","3","6","2","05","13","3","","0","0","1","0","0"
"POINT (8.624429599999999 50.138603946000003)","Unfall 14045 (2016) Kat:3, Licht: 0","14045","3","7","1","05","19","3","","0","0","1","0","1"
"POINT (8.646589584000001 50.103871284000000)","Unfall 14064 (2016) Kat:3, Licht: 0","14064","3","3","5","05","18","3","","0","1","1","0","0"
"POINT (8.651147250999999 50.098800257000001)","Unfall 14071 (2016) Kat:1, Licht: 0","14071","1","3","5","05","07","5","","0","0","0","0","1"
"POINT (8.740081839000000 50.122322230999998)","Unfall 14074 (2016) Kat:3, Licht: 1","14074","3","2","3","05","05","5","","1","1","0","0","0"
"POINT (8.629948249000000 50.134905117000002)","Unfall 14082 (2016) Kat:2, Licht: 0","14082","2","6","2","05","07","4","","0","0","1","0","0"
"POINT (8.680578154000001 50.106538937000003)","Unfall 14083 (2016) Kat:2, Licht: 0","14083","2","2","2","06","13","5","","0","0","1","0","1"
"POINT (8.604771372000000 50.160282623999997)","Unfall 14089 (2016) Kat:3, Licht: 0","14089","3","6","2","05","07","4","","0","0","1","0","0"
"POINT (8.562964365999999 50.099143460000001)","Unfall 14094 (2016) Kat:3, Licht: 0","14094","3","6","2","05","11","3","","0","0","1","0","0"
"POINT (8.620238571000000 50.052262083999999)","Unfall 14096 (2016) Kat:3, Licht: 0","14096","3","6","0","05","07","4","","0","0","0","0","1"
"POINT (8.605460068999999 50.180898114999998)","Unfall 14100 (2016) Kat:3, Licht: 0","14100","3","2","5","05","17","6","","0","0","1","0","0"
"POINT (8.692694040999999 50.109113153999999)","Unfall 14115 (2016) Kat:2, Licht: 0","14115","2","1","8","05","06","5","","0","0","1","0","0"
"POINT (8.705241467000001 50.150241250999997)","Unfall 14136 (2016) Kat:3, Licht: 0","14136","3","1","9","05","15","3","","0","0","0","0","1"
"POINT (8.557816878000001 50.102338604000003)","Unfall 14139 (2016) Kat:3, Licht: 0","14139","3","3","5","05","12","2","","0","1","1","0","0"
"POINT (8.653788001000001 50.121444586999999)","Unfall 14145 (2016) Kat:3, Licht: 0","14145","3","3","5","05","17","5","","0","0","1","0","0"
"POINT (8.725847074000001 50.100302784999997)","Unfall 14149 (2016) Kat:3, Licht: 2","14149","3","6","3","05","23","6","","2","1","1","0","0"
"POINT (8.562349445000001 50.099451899999998)","Unfall 14162 (2016) Kat:3, Licht: 0","14162","3","2","5","05","18","1","","0","0","1","0","0"
"POINT (8.670284574000000 50.131579279000000)","Unfall 14179 (2016) Kat:3, Licht: 0","14179","3","3","5","05","10","7","","0","0","1","0","0"
"POINT (8.715757611000001 50.099522464000003)","Unfall 14191 (2016) Kat:3, Licht: 2","14191","3","1","8","05","00","2","","2","0","1","0","0"
"POINT (8.636429561000000 50.088290841999999)","Unfall 14204 (2016) Kat:3, Licht: 0","14204","3","2","3","05","07","4","","0","0","1","0","1"
"POINT (8.539700092000000 50.100568928000001)","Unfall 14207 (2016) Kat:3, Licht: 0","14207","3","3","5","06","13","5","","0","1","1","0","0"
"POINT (8.707956937000001 50.062584643000001)","Unfall 14239 (2016) Kat:3, Licht: 0","14239","3","6","2","05","08","3","","0","0","1","0","0"
"POINT (8.620432508000000 50.162864102000000)","Unfall 14249 (2016) Kat:2, Licht: 0","14249","2","4","6","05","14","5","","0","0","1","1","0"
"POINT (8.677872352000000 50.168149299000000)","Unfall 14259 (2016) Kat:3, Licht: 2","14259","3","3","5","05","22","3","","2","0","1","0","0"
"POINT (8.624637540000000 50.078046856000000)","Unfall 14263 (2016) Kat:3, Licht: 0","14263","3","2","5","05","07","3","","0","0","1","0","0"
"POINT (8.624419353000000 50.141872573000001)","Unfall 14265 (2016) Kat:3, Licht: 0","14265","3","3","5","05","08","3","","0","0","1","0","1"
"POINT (8.741235590000001 50.133840542999998)","Unfall 14266 (2016) Kat:3, Licht: 0","14266","3","4","6","05","07","5","","0","0","1","1","0"
"POINT (8.671522504000000 50.089907506999999)","Unfall 14269 (2016) Kat:3, Licht: 0","14269","3","6","2","05","18","6","","0","0","1","0","0"
"POINT (8.648510883000000 50.178753155999999)","Unfall 14272 (2016) Kat:3, Licht: 2","14272","3","6","2","06","22","6","","2","0","1","0","0"
"POINT (8.741356818000000 50.134007783999998)","Unfall 14278 (2016) Kat:3, Licht: 0","14278","3","4","6","05","09","4","","0","0","1","1","0"
"POINT (8.623578743000000 50.152564804000001)","Unfall 14281 (2016) Kat:2, Licht: 0","14281","2","3","5","05","13","3","","0","1","1","0","0"
"POINT (8.607146266999999 50.100186436999998)","Unfall 14282 (2016) Kat:2, Licht: 0","14282","2","3","5","05","18","4","","0","0","1","0","1"
"POINT (8.655922077000000 50.077872356999997)","Unfall 14291 (2016) Kat:3, Licht: 0","14291","3","6","2","05","12","3","","0","0","1","0","1"