WKT,Name,OBJECTID,UKATEGORIE,UTYP1,UART,UMONAT,USTUNDE,UWOCHENTAG,STRZUSTAND,ULICHTVERH,ISTRAD,ISTPKW,ISTFUSS,ISTKRAD
"POINT (8.666947197000001 50.104855659999998)","Unfall 14296 (2016) Kat:3, Licht: 0","14296","3","3","5","05","11","3","","0","1","1","0","0"
"POINT (8.540216526000000 50.099571298000001)","Unfall 14303 (2016) Kat:3, Licht: 0","14303","3","6","2","05","08","2","","0","0","1","0","0"
"POINT (8.640970684999999 50.120582222000003)","Unfall 14310 (2016) Kat:2, Licht: 0","14310","2","2","3","05","14","7","","0","0","1","0","0"
"POINT (8.683934153999999 50.131713752000003)","Unfall 14315 (2016) Kat:3, Licht: 0","14315","3","3","5","05","16","3","","0","0","1","0","0"
"POINT (8.656759075000000 50.081442776000003)","Unfall 14344 (2016) Kat:3, Licht: 0","14344","3","6","0","05","09","7","","0","0","1","0","0"
"POINT (8.609669216000000 50.131690245000001)","Unfall 14347 (2016) Kat:3, Licht: 0","14347","3","6","2","05","15","6","","0","0","1","0","0"
"POINT (8.527285535000001 50.113080986000000)","Unfall 14351 (2016) Kat:3, Licht: 0","14351","3","6","2","05","17","5","","0","0","1","0","0"
"POINT (8.670782515999999 50.097744136000003)","Unfall 14355 (2016) Kat:3, Licht: 0","14355","3","3","5","05","12","1","","0","0","1","0","0"
"POINT (8.512238801000001 50.073842407999997)","Unfall 14358 (2016) Kat:3, Licht: 2","14358","3","6","2","05","22","1","","2","0","1","0","0"
"POINT (8.690095136000000 50.113314260999999)","Unfall 14374 (2016) Kat:3, Licht: 0","14374","3","5","1","05","19","4","","0","1","1","0","0"
"POINT (8.620799753000000 50.151139587999999)","Unfall 14377 (2016) Kat:3, Licht: 0","14377","3","6","3","06","16","5","","0","1","1","0","0"
"POINT (8.612499370000000 50.069357037000003)","Unfall 14389 (2016) Kat:3, Licht: 0","14389","3","1","9","05","17","3","","0","0","1","0","0"
"POINT (8.534132734000000 50.114585061000000)","Unfall 14391 (2016) Kat:3, Licht: 0","14391","3","6","2","05","15","3","","0","0","1","0","0"
"POINT (8.653730750999999 50.106702194000000)","Unfall 14415 (2016) Kat:3, Licht: 0","14415","3","6","2","05","16","5","","0","0","1","0","0"
"POINT (8.710194473000000 50.149623900000002)","Unfall 14418 (2016) Kat:3, Licht: 0","14418","3","3","5","05","18","5","","0","1","1","0","0"
"POINT (8.706701168000000 50.127582697999998)","Unfall 14429 (2016) Kat:3, Licht: 0","14429","3","3","0","05","07","3","","0","1","1","0","0"
"POINT (8.536678068000001 50.112334204000000)","Unfall 14433 (2016) Kat:3, Licht: 0","14433","3","3","5","05","13","2","","0","1","1","0","0"
"POINT (8.613510119000001 50.097696700999997)","Unfall 14449 (2016) Kat:3, Licht: 2","14449","3","1","8","05","00","1","","2","0","1","0","0"
"POINT (8.655752756000000 50.100210029000003)","Unfall 14479 (2016) Kat:3, Licht: 0","14479","3","5","1","05","13","7","","0","1","1","0","0"
"POINT (8.689599757000000 50.112619553999998)","Unfall 14486 (2016) Kat:3, Licht: 0","14486","3","4","6","05","08","6","","0","0","0","1","0"
"POINT (8.600643111000000 50.114414504999999)","Unfall 14489 (2016) Kat:3, Licht: 0","14489","3","1","9","06","18","6","","0","0","0","0","1"
"POINT (8.603469658000000 50.143435775999997)","Unfall 14491 (2016) Kat:3, Licht: 0","14491","3","3","5","05","15","5","","0","1","1","0","0"
"POINT (8.628704844000000 50.191334316000003)","Unfall 14494 (2016) Kat:3, Licht: 2","14494","3","1","8","05","22","4","","2","0","1","0","0"
"POINT (8.604126107000001 50.080875126000002)","Unfall 14495 (2016) Kat:3, Licht: 0","14495","3","3","5","05","11","6","","0","0","1","0","0"
"POINT (8.640213416000000 50.198206425000002)","Unfall 14508 (2016) Kat:3, Licht: 0","14508","3","6","2","05","12","6","","0","0","1","0","0"
"POINT (8.605710223000001 50.129220332000003)","Unfall 14524 (2016) Kat:3, Licht: 0","14524","3","6","2","06","19","4","","0","0","1","0","0"
"POINT (8.602654576999999 50.155952646000003)","Unfall 14531 (2016) Kat:3, Licht: 2","14531","3","1","9","05","04","2","","2","0","1","0","0"
"POINT (8.626584415000000 50.169951533000003)","Unfall 14549 (2016) Kat:3, Licht: 0","14549","3","6","2","05","07","4","","0","0","1","0","0"
"POINT (8.554488786000000 50.113126178000002)","Unfall 14552 (2016) Kat:3, Licht: 0","14552","3","3","5","06","18","5","","0","1","1","0","0"
"POINT (8.691143536000000 50.098425997000000)","Unfall 14554 (2016) Kat:3, Licht: 0","14554","3","3","5","05","12","3","","0","0","1","0","0"
"POINT (8.720837308000000 50.064487907000000)","Unfall 14569 (2016) Kat:3, Licht: 0","14569","3","6","2","05","17","5","","0","0","1","0","0"
"POINT (8.678335993999999 50.132178469999999)","Unfall 14575 (2016) Kat:3, Licht: 0","14575","3","2","5","05","18","3","","0","1","1","0","0"
"POINT (8.617307885000001 50.079722187999998)","Unfall 14598 (2016) Kat:3, Licht: 0","14598","3","6","2","06","17","6","","0","0","1","0","0"
"POINT (8.675535929000001 50.101874723999998)","Unfall 14621 (2016) Kat:3, Licht: 0","14621","3","4","6","06","11","3","","0","0","0","1","0"
"POINT (8.750413821000000 50.121851653000000)","Unfall 14641 (2016) Kat:3, Licht: 0","14641","3","6","2","06","14","4","","0","0","1","0","0"
"POINT (8.576400592000001 50.089693162000003)","Unfall 14668 (2016) Kat:3, Licht: 2","14668","3","3","5","06","00","2","","2","0","1","0","0"
"POINT (8.729972318000000 50.119813594999997)","Unfall 14670 (2016) Kat:3, Licht: 0","14670","3","6","2","06","13","3","","0","0","1","0","0"
"POINT (8.735848344000001 50.120726720999997)","Unfall 14673 (2016) Kat:3, Licht: 0","14673","3","3","5","06","15","3","","0","0","1","0","0"
"POINT (8.691167222000001 50.098709173000003)","Unfall 14680 (2016) Kat:3, Licht: 0","14680","3","2","3","06","18","5","","0","1","1","0","0"
"POINT (8.742345148000000 50.100816686000002)","Unfall 14683 (2016) Kat:3, Licht: 0","14683","3","1","4","06","18","4","","0","0","1","0","0"
"POINT (8.653819957000000 50.192385362000003)","Unfall 14690 (2016) Kat:3, Licht: 0","14690","3","1","9","06","19","1","","0","0","1","0","0"
"POINT (8.671944747000000 50.098552165000001)","Unfall 14700 (2016) Kat:3, Licht: 1","14700","3","6","3","06","20","7","","1","0","1","0","0"
"POINT (8.698980920000000 50.084297546000002)","Unfall 14705 (2016) Kat:2, Licht: 1","14705","2","1","8","06","04","7","","1","0","1","0","0"
"POINT (8.647886774000000 50.199261511000003)","Unfall 14711 (2016) Kat:3, Licht: 0","14711","3","6","2","06","18","1","","0","0","1","0","0"
"POINT (8.751219921000001 50.144949959000002)","Unfall 14747 (2016) Kat:2, Licht: 0","14747","2","7","0","06","15","4","","0","0","0","0","0"
"POINT (8.555168651000001 50.123598211000001)","Unfall 14767 (2016) Kat:3, Licht: 0","14767","3","6","2","06","17","3","","0","0","1","0","0"
"POINT (8.603795591000001 50.143555825999997)","Unfall 14772 (2016) Kat:3, Licht: 0","14772","3","4","6","06","15","4","","0","0","1","1","0"
"POINT (8.635027681000000 50.195172149000001)","Unfall 14783 (2016) Kat:3, Licht: 0","14783","3","6","2","06","09","6","","0","0","1","0","0"
"POINT (8.496456230000000 50.093808373999998)","Unfall 14788 (2016) Kat:3, Licht: 0","14788","3","3","5","06","08","5","","0","0","1","0","0"
"POINT (8.604361865000000 50.106274835000001)","Unfall 14803 (2016) Kat:3, Licht: 0","14803","3","6","3","06","16","4","","0","0","1","0","0"
"POINT (8.590058101000000 50.132443483000003)","Unfall 14819 (2016) Kat:3, Licht: 0","14819","3","3","5","06","09","5","","0","0","1","0","0"
"POINT (8.716001384000000 50.138602872000000)","Unfall 14836 (2016) Kat:3, Licht: 0","14836","3","3","5","06","18","3","","0","1","1","0","0"
"POINT (8.740777450000000 50.097947587999997)","Unfall 14838 (2016) Kat:3, Licht: 0","14838","3","1","8","06","19","2","","0","0","1","0","0"
"POINT (8.644264771000000 50.200639551999998)","Unfall 14866 (2016) Kat:3, Licht: 0","14866","3","6","2","06","09","2","","0","0","1","0","0"
"POINT (8.629140464000001 50.116234138999999)","Unfall 14881 (2016) Kat:3, Licht: 1","14881","3","3","5","06","16","3","","1","1","1","0","0"
"POINT (8.578987209999999 50.053262474999997)","Unfall 14884 (2016) Kat:3, Licht: 0","14884","3","7","5","06","15","1","","0","0","1","0","0"
"POINT (8.737180945000000 50.121166285000001)","Unfall 14886 (2016) Kat:3, Licht: 0","14886","3","2","5","06","06","2","","0","1","1","0","0"
"POINT (8.667214784000000 50.131619075000003)","Unfall 14902 (2016) Kat:3, Licht: 0","14902","3","3","5","06","15","4","","0","1","1","0","0"
"POINT (8.695131472000000 50.132743470999998)","Unfall 14922 (2016) Kat:2, Licht: 0","14922","2","2","5","06","12","2","","0","1","0","0","0"
"POINT (8.695820398000000 50.133918154000000)","Unfall 14923 (2016) Kat:3, Licht: 0","14923","3","3","6","06","19","5","","0","0","1","1","0"
"POINT (8.657282522999999 50.111278962000000)","Unfall 14932 (2016) Kat:3, Licht: 0","14932","3","2","3","06","13","3","","0","1","0","0","0"
"POINT (8.660282360000000 50.146771250000000)","Unfall 14935 (2016) Kat:3, Licht: 0","14935","3","3","5","06","10","2","","0","1","1","0","0"
"POINT (8.546382927000000 50.103683390000000)","Unfall 14937 (2016) Kat:3, Licht: 0","14937","3","2","5","06","14","2","","0","1","1","0","0"
"POINT (8.555556037000001 50.102305827000002)","Unfall 14939 (2016) Kat:2, Licht: 0","14939","2","3","5","06","12","7","","0","1","1","0","0"
"POINT (8.622034848000000 50.129734087000003)","Unfall 14941 (2016) Kat:3, Licht: 0","14941","3","2","5","06","07","6","","0","1","1","0","0"
"POINT (8.596974477000000 50.058042610999998)","Unfall 14943 (2016) Kat:3, Licht: 0","14943","3","6","3","06","14","7","","0","0","1","0","0"
"POINT (8.769741629000000 50.134474480000002)","Unfall 14948 (2016) Kat:3, Licht: 0","14948","3","6","2","06","15","6","","0","0","1","0","0"
"POINT (8.592293420000001 50.087215565000001)","Unfall 14958 (2016) Kat:2, Licht: 2","14958","2","6","2","06","02","7","","2","0","1","0","0"
"POINT (8.648704245999999 50.177708545000002)","Unfall 14959 (2016) Kat:3, Licht: 0","14959","3","6","2","06","17","3","","0","0","1","0","0"
"POINT (8.646891995000001 50.055701972000001)","Unfall 14979 (2016) Kat:3, Licht: 2","14979","3","6","3","06","22","1","","2","0","1","0","0"
"POINT (8.694860417999999 50.109256500000001)","Unfall 14984 (2016) Kat:3, Licht: 0","14984","3","3","5","06","19","7","","0","1","1","0","0"
"POINT (8.606126957000001 50.052198738000001)","Unfall 14986 (2016) Kat:3, Licht: 0","14986","3","1","9","06","17","7","","0","0","1","0","0"
"POINT (8.723581511000001 50.159184746999998)","Unfall 14988 (2016) Kat:3, Licht: 1","14988","3","6","2","06","20","1","","1","0","1","0","0"
"POINT (8.616574320000000 50.181683061000001)","Unfall 14994 (2016) Kat:3, Licht: 2","14994","3","1","3","06","02","7","","2","0","1","0","0"
"POINT (8.711680113000000 50.111334888000002)","Unfall 15004 (2016) Kat:3, Licht: 0","15004","3","2","5","06","09","5","","0","0","1","0","1"
"POINT (8.566493161000000 50.119602426000000)","Unfall 15025 (2016) Kat:3, Licht: 0","15025","3","6","2","06","16","6","","0","1","1","0","0"
"POINT (8.552912449000001 50.122620197000003)","Unfall 15026 (2016) Kat:3, Licht: 0","15026","3","6","2","06","07","2","","0","0","1","0","0"
"POINT (8.609855883000000 50.101259661000000)","Unfall 15057 (2016) Kat:2, Licht: 2","15057","2","6","3","06","22","4","","2","0","1","0","0"
"POINT (8.624637440000001 50.077864968999997)","Unfall 15064 (2016) Kat:2, Licht: 0","15064","2","1","9","06","21","3","","0","0","1","0","0"
"POINT (8.641473954000000 50.198714735000003)","Unfall 15068 (2016) Kat:2, Licht: 0","15068","2","6","2","06","15","3","","0","0","1","0","0"
"POINT (8.694800505000000 50.127999039000002)","Unfall 15100 (2016) Kat:2, Licht: 0","15100","2","3","5","06","07","2","","0","1","1","0","0"
"POINT (8.567697544000000 50.128749695000003)","Unfall 15113 (2016) Kat:3, Licht: 2","15113","3","1","8","06","22","2","","2","0","1","0","0"
"POINT (8.695197557000000 50.132930406000000)","Unfall 15118 (2016) Kat:2, Licht: 0","15118","2","2","3","06","14","3","","0","1","1","0","0"
"POINT (8.583151014000000 50.055255187999997)","Unfall 15120 (2016) Kat:3, Licht: 0","15120","3","1","9","06","13","2","","0","0","1","0","0"
"POINT (8.670399783000001 50.139276228999996)","Unfall 15121 (2016) Kat:3, Licht: 0","15121","3","5","1","06","13","3","","0","1","1","0","0"
"POINT (8.695735840999999 50.134207521000000)","Unfall 15128 (2016) Kat:3, Licht: 0","15128","3","6","4","06","17","5","","0","1","0","0","0"
"POINT (8.741632965999999 50.158790146000001)","Unfall 15130 (2016) Kat:3, Licht: 0","15130","3","6","2","06","18","6","","0","0","1","0","0"
"POINT (8.667481145000000 50.131475436999999)","Unfall 15148 (2016) Kat:3, Licht: 0","15148","3","6","2","06","15","2","","0","0","1","0","0"
"POINT (8.666466898000000 50.147935347999997)","Unfall 15151 (2016) Kat:3, Licht: 2","15151","3","2","5","06","23","7","","2","0","1","0","0"
"POINT (8.605741820000000 50.100358041000000)","Unfall 15152 (2016) Kat:3, Licht: 2","15152","3","2","2","06","23","7","","2","1","0","0","0"
"POINT (8.596579576000000 50.118546549000001)","Unfall 15161 (2016) Kat:2, Licht: 0","15161","2","6","2","06","14","6","","0","0","1","0","0"
"POINT (8.652241257000000 50.113055686000003)","Unfall 15166 (2016) Kat:3, Licht: 0","15166","3","6","3","06","12","1","","0","0","1","0","1"
"POINT (8.650867816000000 50.105570464000003)","Unfall 15216 (2016) Kat:2, Licht: 0","15216","2","2","5","06","07","4","","0","0","1","0","1"
"POINT (8.597110686000001 50.117284685999998)","Unfall 15247 (2016) Kat:3, Licht: 0","15247","3","6","2","06","16","4","","0","0","1","0","0"
"POINT (8.715442133000000 50.112675887999998)","Unfall 15260 (2016) Kat:3, Licht: 1","15260","3","3","5","06","21","6","","1","0","1","0","0"
"POINT (8.623038085999999 50.101005303999997)","Unfall 15277 (2016) Kat:3, Licht: 0","15277","3","6","2","06","18","1","","0","0","1","0","0"
"POINT (8.761670231000000 50.116074230999999)","Unfall 15280 (2016) Kat:3, Licht: 0","15280","3","3","5","06","18","3","","0","0","1","0","0"
"POINT (8.592028597000001 50.125097889999999)","Unfall 15284 (2016) Kat:3, Licht: 0","15284","3","6","3","06","05","1","","0","0","1","0","0"
"POINT (8.701691221999999 50.122976715000000)","Unfall 15285 (2016) Kat:3, Licht: 0","15285","3","6","2","06","20","6","","0","0","1","0","0"
"POINT (8.645930562000000 50.058433850999997)","Unfall 15290 (2016) Kat:3, Licht: 2","15290","3","1","8","06","02","7","","2","0","1","0","0"
"POINT (8.640196095000000 50.121059623999997)","Unfall 15298 (2016) Kat:3, Licht: 2","15298","3","3","5","06","22","6","","2","0","1","0","0"
"POINT (8.584442196000000 50.133719159999998)","Unfall 15306 (2016) Kat:3, Licht: 0","15306","3","6","3","06","09","2","","0","0","1","0","0"
"POINT (8.597276368999999 50.100298711999997)","Unfall 15320 (2016) Kat:2, Licht: 2","15320","2","1","8","06","02","3","","2","0","1","0","0"
"POINT (8.684332473000000 50.136684088000003)","Unfall 15323 (2016) Kat:3, Licht: 0","15323","3","4","6","06","10","1","","0","0","1","1","0"
"POINT (8.725983448999999 50.116258082999998)","Unfall 15325 (2016) Kat:3, Licht: 0","15325","3","2","3","06","17","2","","0","0","1","0","0"
"POINT (8.648469540000001 50.056495470000002)","Unfall 15329 (2016) Kat:3, Licht: 0","15329","3","6","2","06","08","2","","0","0","1","0","0"
"POINT (8.637795109000001 50.102432843999999)","Unfall 15331 (2016) Kat:3, Licht: 0","15331","3","2","3","06","20","3","","0","1","1","0","0"
"POINT (8.705298966000001 50.120119842999998)","Unfall 15337 (2016) Kat:2, Licht: 0","15337","2","2","3","06","15","5","","0","0","1","0","0"
"POINT (8.654855349000000 50.107146692999997)","Unfall 15340 (2016) Kat:3, Licht: 0","15340","3","2","3","06","08","4","","0","1","1","0","0"
"POINT (8.695188442999999 50.102914128000002)","Unfall 15357 (2016) Kat:3, Licht: 1","15357","3","1","0","06","20","7","","1","0","0","0","1"
"POINT (8.583268541000001 50.054980002000001)","Unfall 15359 (2016) Kat:3, Licht: 0","15359","3","1","8","06","08","7","","0","0","1","0","0"
"POINT (8.551943619999999 50.103967245000000)","Unfall 15364 (2016) Kat:3, Licht: 0","15364","3","6","6","06","14","2","","0","0","0","1","1"
"POINT (8.576214618000000 50.093727254000001)","Unfall 15365 (2016) Kat:3, Licht: 0","15365","3","6","3","06","10","5","","0","0","1","0","0"
"POINT (8.654816496000001 50.112752751000002)","Unfall 15373 (2016) Kat:3, Licht: 0","15373","3","2","2","06","20","3","","0","0","1","0","0"
"POINT (8.552125931000001 50.104278231999999)","Unfall 15379 (2016) Kat:3, Licht: 0","15379","3","4","6","06","12","2","","0","0","1","1","0"
"POINT (8.731892229000000 50.118244689000001)","Unfall 15438 (2016) Kat:3, Licht: 0","15438","3","6","2","06","07","6","","0","0","1","0","1"
"POINT (8.767142531999999 50.132876162999999)","Unfall 15443 (2016) Kat:3, Licht: 0","15443","3","2","2","06","09","5","","0","0","1","0","0"
"POINT (8.549255189000000 50.121031670999997)","Unfall 15459 (2016) Kat:3, Licht: 0","15459","3","6","2","06","18","4","","0","0","1","0","0"
"POINT (8.601411409000001 50.110605417999999)","Unfall 15465 (2016) Kat:3, Licht: 0","15465","3","6","3","06","08","2","","0","0","1","0","0"
"POINT (8.591521151000000 50.136268885000000)","Unfall 15484 (2016) Kat:3, Licht: 0","15484","3","6","2","06","16","4","","0","0","1","0","0"
"POINT (8.619921692000000 50.185524827000002)","Unfall 15486 (2016) Kat:3, Licht: 0","15486","3","6","3","06","13","2","","0","0","0","0","0"
"POINT (8.647235728000000 50.056811689000000)","Unfall 15500 (2016) Kat:3, Licht: 0","15500","3","6","2","06","17","4","","0","0","1","0","0"
"POINT (8.633541188000001 50.125700702000003)","Unfall 15507 (2016) Kat:2, Licht: 0","15507","2","6","2","06","18","3","","0","0","1","0","1"
"POINT (8.590040016000000 50.132585126000002)","Unfall 15523 (2016) Kat:3, Licht: 0","15523","3","6","2","06","08","2","","0","0","1","0","0"
"POINT (8.727456545000001 50.122486043000002)","Unfall 15538 (2016) Kat:3, Licht: 0","15538","3","6","2","06","18","3","","0","0","1","0","0"
"POINT (8.650247758000001 50.105325270999998)","Unfall 15543 (2016) Kat:3, Licht: 0","15543","3","6","2","06","19","2","","0","0","1","0","1"
"POINT (8.545377344000000 50.106333067999998)","Unfall 15551 (2016) Kat:3, Licht: 0","15551","3","3","5","06","08","1","","0","0","1","0","0"
"POINT (8.696001969999999 50.134304153000002)","Unfall 15558 (2016) Kat:3, Licht: 0","15558","3","3","5","06","17","3","","0","1","1","0","0"
"POINT (8.602599532999999 50.109283640999998)","Unfall 15560 (2016) Kat:3, Licht: 0","15560","3","6","2","06","18","2","","0","0","1","0","0"
"POINT (8.683978665000000 50.132048668000003)","Unfall 15561 (2016) Kat:3, Licht: 0","15561","3","6","2","06","16","3","","0","0","1","0","0"
"POINT (8.524219366000001 50.096440536000003)","Unfall 15569 (2016) Kat:3, Licht: 0","15569","3","6","0","06","16","5","","0","0","0","0","1"
"POINT (8.620305127000000 50.052132260000000)","Unfall 15573 (2016) Kat:3, Licht: 0","15573","3","6","2","06","19","6","","0","0","1","0","0"
"POINT (8.693801258000001 50.129797148999998)","Unfall 15575 (2016) Kat:3, Licht: 0","15575","3","1","0","06","18","2","","0","1","0","0","0"
"POINT (8.697980576000001 50.139000473999999)","Unfall 15576 (2016) Kat:3, Licht: 0","15576","3","3","6","06","18","5","","0","0","1","1","0"
"POINT (8.687820983000000 50.107193371999998)","Unfall 15584 (2016) Kat:3, Licht: 0","15584","3","2","5","06","18","3","","0","0","1","0","0"
"POINT (8.660592115000000 50.109461117999999)","Unfall 15587 (2016) Kat:3, Licht: 0","15587","3","1","0","06","20","2","","0","0","0","0","1"
"POINT (8.696544032000000 50.135862250999999)","Unfall 15589 (2016) Kat:3, Licht: 0","15589","3","7","3","06","13","2","","0","0","1","0","0"
"POINT (8.557380559000000 50.115601968999997)","Unfall 15591 (2016) Kat:3, Licht: 2","15591","3","6","2","06","00","7","","2","0","1","0","0"
"POINT (8.754435536000001 50.120037242000002)","Unfall 15593 (2016) Kat:3, Licht: 2","15593","3","3","5","06","03","6","","2","0","1","0","0"
"POINT (8.739855758999999 50.122237910000003)","Unfall 15598 (2016) Kat:3, Licht: 0","15598","3","4","6","06","08","6","","0","0","1","1","0"
"POINT (8.610647338000000 50.170502937000002)","Unfall 15599 (2016) Kat:3, Licht: 0","15599","3","6","2","06","16","6","","0","0","1","0","0"
"POINT (8.495559066000000 50.101484368999998)","Unfall 15611 (2016) Kat:3, Licht: 0","15611","3","6","0","06","17","3","","0","0","1","0","0"
"POINT (8.724416411000000 50.127024319999997)","Unfall 15624 (2016) Kat:3, Licht: 0","15624","3","2","5","06","09","3","","0","0","0","0","1"
"POINT (8.629113366000000 50.129585104999997)","Unfall 15657 (2016) Kat:3, Licht: 0","15657","3","3","5","06","10","4","","0","1","1","0","0"
"POINT (8.557523046000000 50.102417666000001)","Unfall 15675 (2016) Kat:3, Licht: 0","15675","3","2","5","06","15","6","","0","1","1","0","0"
"POINT (8.647269314000001 50.056841806999998)","Unfall 15685 (2016) Kat:3, Licht: 0","15685","3","6","2","07","17","5","","0","0","1","0","0"
"POINT (8.630044300000000 50.101698935999998)","Unfall 15686 (2016) Kat:3, Licht: 0","15686","3","7","3","07","17","7","","0","0","1","0","0"
"POINT (8.682454524000001 50.107046347000001)","Unfall 15704 (2016) Kat:3, Licht: 2","15704","3","7","0","07","22","3","","2","1","0","1","0"
"POINT (8.660445888000000 50.109435452000000)","Unfall 15711 (2016) Kat:3, Licht: 0","15711","3","3","5","07","07","4","","0","0","1","0","0"
"POINT (8.655808458999999 50.111481286000000)","Unfall 15723 (2016) Kat:3, Licht: 0","15723","3","6","3","07","14","6","","0","0","1","0","0"
"POINT (8.530868173000000 50.114581938999997)","Unfall 15734 (2016) Kat:3, Licht: 0","15734","3","6","2","07","15","2","","0","0","1","0","0"
"POINT (8.599627712000000 50.044197791000002)","Unfall 15756 (2016) Kat:3, Licht: 0","15756","3","6","2","06","16","5","","0","0","1","0","0"
"POINT (8.683874897999999 50.131676523000003)","Unfall 15782 (2016) Kat:3, Licht: 2","15782","3","3","5","07","22","2","","2","0","1","0","0"
"POINT (8.540188242999999 50.109211455000001)","Unfall 15783 (2016) Kat:3, Licht: 0","15783","3","2","5","07","17","4","","0","0","1","0","1"
"POINT (8.564174178000000 50.127542642000002)","Unfall 15792 (2016) Kat:3, Licht: 0","15792","3","6","2","06","18","5","","0","0","1","0","0"
"POINT (8.670745563000001 50.089260707999998)","Unfall 15805 (2016) Kat:3, Licht: 0","15805","3","3","5","07","13","1","","0","1","0","0","1"
"POINT (8.611678507000001 50.124627437999997)","Unfall 15816 (2016) Kat:3, Licht: 0","15816","3","3","5","07","09","3","","0","0","1","0","1"
"POINT (8.649157133999999 50.179504934999997)","Unfall 15823 (2016) Kat:3, Licht: 0","15823","3","3","5","07","14","6","","0","0","1","0","0"
"POINT (8.596049958000000 50.118916081000002)","Unfall 15824 (2016) Kat:3, Licht: 0","15824","3","6","2","07","20","6","","0","0","1","0","0"
"POINT (8.652911812999999 50.139819592000002)","Unfall 15836 (2016) Kat:2, Licht: 0","15836","2","3","5","07","10","4","","0","1","1","0","0"
"POINT (8.598265760000000 50.115508065999997)","Unfall 15845 (2016) Kat:3, Licht: 0","15845","3","6","2","07","16","2","","0","0","1","0","0"
"POINT (8.684185571000000 50.131633581999999)","Unfall 15876 (2016) Kat:3, Licht: 0","15876","3","2","5","07","07","4","","0","1","1","0","0"
"POINT (8.622331496999999 50.129831568999997)","Unfall 15880 (2016) Kat:3, Licht: 0","15880","3","6","3","07","09","2","","0","0","0","0","1"
"POINT (8.677005823000000 50.105080326000000)","Unfall 15881 (2016) Kat:3, Licht: 0","15881","3","2","2","06","15","5","","0","0","1","0","0"
"POINT (8.767336352999999 50.132988419999997)","Unfall 15883 (2016) Kat:3, Licht: 1","15883","3","4","6","07","22","3","","1","0","1","1","0"
"POINT (8.612033286999999 50.068423764000002)","Unfall 15919 (2016) Kat:3, Licht: 0","15919","3","6","3","07","10","4","","0","0","1","0","0"
"POINT (8.506914091000001 50.090466773000003)","Unfall 15929 (2016) Kat:2, Licht: 0","15929","2","3","5","07","17","3","","0","1","1","0","0"
"POINT (8.714626653000000 50.063861863000000)","Unfall 15935 (2016) Kat:3, Licht: 0","15935","3","6","2","07","16","3","","0","0","1","0","1"
"POINT (8.646450480000000 50.058017554999999)","Unfall 15939 (2016) Kat:3, Licht: 0","15939","3","6","2","07","08","1","","0","0","1","0","0"
"POINT (8.622918207000000 50.100993711999998)","Unfall 15950 (2016) Kat:3, Licht: 0","15950","3","6","2","07","18","4","","0","0","1","0","0"
"POINT (8.706151203999999 50.145596114000000)","Unfall 15962 (2016) Kat:3, Licht: 0","15962","3","7","8","07","20","4","","0","0","1","0","0"
"POINT (8.699316996000000 50.125003157000002)","Unfall 15970 (2016) Kat:3, Licht: 0","15970","3","3","5","07","12","1","","0","1","0","0","1"
"POINT (8.714507747000001 50.064037427000002)","Unfall 15976 (2016) Kat:3, Licht: 0","15976","3","6","3","07","17","3","","0","0","1","0","0"
"POINT (8.691870960999999 50.129363929999997)","Unfall 15983 (2016) Kat:3, Licht: 0","15983","3","2","3","07","20","2","","0","1","1","0","0"
"POINT (8.717268381000000 50.113295499000003)","Unfall 16007 (2016) Kat:3, Licht: 0","16007","3","2","3","07","11","3","","0","0","1","0","1"
"POINT (8.502030391000000 50.092268896999997)","Unfall 16010 (2016) Kat:3, Licht: 0","16010","3","2","5","07","17","2","","0","1","1","0","0"
"POINT (8.672074135000001 50.131888457999999)","Unfall 16016 (2016) Kat:3, Licht: 0","16016","3","6","2","07","08","5","","0","0","1","0","0"
"POINT (8.683403586000001 50.112057059000001)","Unfall 16018 (2016) Kat:3, Licht: 0","16018","3","4","6","07","10","5","","0","0","1","1","0"
"POINT (8.609234469000000 50.052589763999997)","Unfall 16046 (2016) Kat:2, Licht: 0","16046","2","6","2","07","18","3","","0","0","1","0","0"
"POINT (8.593073120000000 50.087153270000002)","Unfall 16059 (2016) Kat:3, Licht: 0","16059","3","6","2","07","16","5","","0","0","1","0","1"
"POINT (8.590039129000001 50.132560497999997)","Unfall 16062 (2016) Kat:3, Licht: 0","16062","3","6","2","07","17","2","","0","0","1","0","0"
"POINT (8.632917945999999 50.078255560999999)","Unfall 16071 (2016) Kat:3, Licht: 0","16071","3","2","5","07","15","3","","0","0","1","0","0"
"POINT (8.592555843000000 50.053513915000003)","Unfall 16080 (2016) Kat:1, Licht: 0","16080","1","6","2","07","05","1","","0","0","1","0","0"
"POINT (8.666055182999999 50.147997564000001)","Unfall 16085 (2016) Kat:3, Licht: 0","16085","3","2","5","07","14","2","","0","0","1","0","0"
"POINT (8.540067970999999 50.109318782999999)","Unfall 16086 (2016) Kat:3, Licht: 0","16086","3","2","5","07","15","4","","0","1","1","0","0"
"POINT (8.694226994999999 50.106713853999999)","Unfall 16093 (2016) Kat:3, Licht: 0","16093","3","6","3","07","06","5","","0","0","1","0","1"
"POINT (8.539229561999999 50.101287530999997)","Unfall 16097 (2016) Kat:3, Licht: 0","16097","3","2","5","07","19","7","","0","1","0","0","0"
"POINT (8.618286294000001 50.121525136000002)","Unfall 16099 (2016) Kat:3, Licht: 0","16099","3","3","5","07","07","6","","0","1","1","0","0"