WKT,Name,OBJECTID,UKATEGORIE,UTYP1,UART,UMONAT,USTUNDE,UWOCHENTAG,STRZUSTAND,ULICHTVERH,ISTRAD,ISTPKW,ISTFUSS,ISTKRAD
"POINT (8.615923185000000 50.076211630000003)","Unfall 16101 (2016) Kat:3, Licht: 0","16101","3","6","2","07","17","5","","0","0","1","0","0"
"POINT (8.695195566000001 50.132924772999999)","Unfall 16110 (2016) Kat:3, Licht: 0","16110","3","2","3","07","08","5","","0","1","0","0","0"
"POINT (8.733946722000001 50.119917737999998)","Unfall 16114 (2016) Kat:2, Licht: 0","16114","2","2","5","07","11","5","","0","0","0","0","1"
"POINT (8.621280375000000 50.121268360000002)","Unfall 16115 (2016) Kat:3, Licht: 0","16115","3","2","5","07","08","5","","0","1","0","0","0"
"POINT (8.716138221000000 50.123873064000001)","Unfall 16119 (2016) Kat:3, Licht: 0","16119","3","3","5","07","14","1","","0","0","1","0","0"
"POINT (8.609478586000000 50.168840717000002)","Unfall 16141 (2016) Kat:3, Licht: 0","16141","3","6","2","07","07","3","","0","0","1","0","0"
"POINT (8.552704260000001 50.122537356000002)","Unfall 16143 (2016) Kat:3, Licht: 0","16143","3","6","2","07","16","4","","0","0","1","0","0"
"POINT (8.650515331999999 50.105431060000001)","Unfall 16149 (2016) Kat:3, Licht: 0","16149","3","2","4","07","18","5","","0","0","1","0","1"
"POINT (8.687833488000001 50.107131836999997)","Unfall 16154 (2016) Kat:3, Licht: 0","16154","3","3","5","07","09","3","","0","0","1","0","0"
"POINT (8.602634462999999 50.143128189000002)","Unfall 16163 (2016) Kat:3, Licht: 0","16163","3","6","2","07","18","5","","0","0","1","0","0"
"POINT (8.691164368999999 50.098675063000002)","Unfall 16165 (2016) Kat:2, Licht: 0","16165","2","2","5","07","09","5","","0","0","1","0","0"
"POINT (8.682840499999999 50.111944934000000)","Unfall 16168 (2016) Kat:3, Licht: 0","16168","3","7","5","07","14","7","","0","0","1","0","0"
"POINT (8.673662788000000 50.091087227999999)","Unfall 16170 (2016) Kat:2, Licht: 2","16170","2","4","6","07","00","6","","2","0","1","1","0"
"POINT (8.701297579000000 50.110644805000000)","Unfall 16184 (2016) Kat:3, Licht: 0","16184","3","6","2","07","14","4","","0","0","1","0","0"
"POINT (8.598161137000000 50.116111666000002)","Unfall 16198 (2016) Kat:3, Licht: 0","16198","3","6","2","07","17","3","","0","0","1","0","0"
"POINT (8.724743872000000 50.128589972999997)","Unfall 16230 (2016) Kat:3, Licht: 0","16230","3","7","0","07","06","1","","0","0","1","0","0"
"POINT (8.751499655000000 50.144747234999997)","Unfall 16233 (2016) Kat:3, Licht: 0","16233","3","3","5","07","13","1","","0","0","1","0","0"
"POINT (8.690915862000001 50.156073857000003)","Unfall 16235 (2016) Kat:3, Licht: 0","16235","3","5","1","07","17","2","","0","1","0","0","0"
"POINT (8.659875245000000 50.146640478999998)","Unfall 16241 (2016) Kat:3, Licht: 0","16241","3","2","5","07","07","5","","0","1","0","0","0"
"POINT (8.749075608000000 50.161008009000000)","Unfall 16248 (2016) Kat:2, Licht: 0","16248","2","2","2","07","14","7","","0","0","1","0","1"
"POINT (8.650538775999999 50.113356074000002)","Unfall 16249 (2016) Kat:3, Licht: 0","16249","3","3","6","07","07","6","","0","1","0","1","0"
"POINT (8.678378304000001 50.105637250999997)","Unfall 16268 (2016) Kat:3, Licht: 0","16268","3","6","3","07","15","1","","0","0","1","0","0"
"POINT (8.714674401000000 50.063869361999998)","Unfall 16292 (2016) Kat:3, Licht: 0","16292","3","6","2","07","14","3","","0","0","1","0","0"
"POINT (8.691064738000000 50.097483371000003)","Unfall 16309 (2016) Kat:3, Licht: 0","16309","3","2","3","07","12","2","","0","1","1","0","0"
"POINT (8.548816481999999 50.079479098000000)","Unfall 16310 (2016) Kat:3, Licht: 0","16310","3","1","7","07","15","3","","0","0","0","0","1"
"POINT (8.527676155000000 50.108656033999999)","Unfall 16317 (2016) Kat:3, Licht: 0","16317","3","2","3","07","11","5","","0","1","1","0","0"
"POINT (8.654170280000001 50.078399793999999)","Unfall 16319 (2016) Kat:3, Licht: 0","16319","3","6","2","07","18","5","","0","0","1","0","0"
"POINT (8.692146022999999 50.105654327000003)","Unfall 16321 (2016) Kat:3, Licht: 0","16321","3","6","2","07","16","7","","0","1","1","0","0"
"POINT (8.619842830000000 50.088077826000003)","Unfall 16323 (2016) Kat:3, Licht: 0","16323","3","6","2","07","11","6","","0","0","1","0","0"
"POINT (8.723411192000000 50.159103534000003)","Unfall 16335 (2016) Kat:3, Licht: 0","16335","3","6","3","07","18","7","","0","0","1","0","0"
"POINT (8.656952969000001 50.189877523000000)","Unfall 16351 (2016) Kat:3, Licht: 2","16351","3","1","9","07","20","6","","2","0","1","0","0"
"POINT (8.717969518000000 50.064336969000003)","Unfall 16354 (2016) Kat:3, Licht: 0","16354","3","6","2","07","16","5","","0","0","1","0","0"
"POINT (8.721748498000000 50.114817600999999)","Unfall 16356 (2016) Kat:3, Licht: 0","16356","3","2","6","07","17","5","","0","0","1","1","0"
"POINT (8.602554548000001 50.108898029999999)","Unfall 16358 (2016) Kat:3, Licht: 2","16358","3","6","2","07","00","2","","2","0","1","0","0"
"POINT (8.709756520999999 50.131394747000002)","Unfall 16362 (2016) Kat:3, Licht: 0","16362","3","6","2","07","17","2","","0","0","1","0","1"
"POINT (8.662625460999999 50.090790834000003)","Unfall 16377 (2016) Kat:3, Licht: 0","16377","3","6","2","07","17","1","","0","0","1","0","0"
"POINT (8.616984859000000 50.087883441000002)","Unfall 16381 (2016) Kat:3, Licht: 0","16381","3","3","5","07","10","3","","0","0","1","0","0"
"POINT (8.684015842999999 50.132747490000000)","Unfall 16386 (2016) Kat:3, Licht: 0","16386","3","2","3","07","19","6","","0","1","1","0","0"
"POINT (8.697110338000000 50.084986155999999)","Unfall 16390 (2016) Kat:2, Licht: 2","16390","2","1","8","07","02","4","","2","0","1","0","0"
"POINT (8.662208143999999 50.131574501000003)","Unfall 16391 (2016) Kat:2, Licht: 2","16391","2","6","3","07","22","7","","2","0","1","0","0"
"POINT (8.649706982000000 50.172765831000000)","Unfall 16402 (2016) Kat:3, Licht: 0","16402","3","6","2","07","19","3","","0","0","1","0","0"
"POINT (8.683938630000000 50.131747437000001)","Unfall 16403 (2016) Kat:3, Licht: 0","16403","3","2","3","07","09","2","","0","1","1","0","0"
"POINT (8.688200829000000 50.112557385999999)","Unfall 16421 (2016) Kat:3, Licht: 0","16421","3","4","6","07","10","2","","0","0","1","1","0"
"POINT (8.611212090000000 50.125320719999998)","Unfall 16436 (2016) Kat:2, Licht: 0","16436","2","2","6","07","10","6","","0","0","0","1","0"
"POINT (8.653921272000000 50.120125432999998)","Unfall 16440 (2016) Kat:3, Licht: 0","16440","3","3","5","07","13","5","","0","1","1","0","0"
"POINT (8.638357415000000 50.153163030999998)","Unfall 16449 (2016) Kat:3, Licht: 0","16449","3","6","2","07","18","3","","0","0","1","0","0"
"POINT (8.635007570000001 50.088652584999998)","Unfall 16450 (2016) Kat:3, Licht: 0","16450","3","6","2","07","15","6","","0","0","1","0","0"
"POINT (8.741939908000001 50.158623194000000)","Unfall 16456 (2016) Kat:3, Licht: 0","16456","3","1","0","07","09","7","","0","0","0","0","1"
"POINT (8.741575694000000 50.123154520000000)","Unfall 16459 (2016) Kat:3, Licht: 0","16459","3","3","6","07","17","3","","0","0","1","1","0"
"POINT (8.621426668000000 50.121337613000001)","Unfall 16466 (2016) Kat:3, Licht: 2","16466","3","3","5","07","03","7","","2","1","1","0","0"
"POINT (8.627256148000001 50.116412435999997)","Unfall 16468 (2016) Kat:3, Licht: 0","16468","3","3","5","07","18","5","","0","0","1","0","0"
"POINT (8.579188118999999 50.055045868000001)","Unfall 16473 (2016) Kat:3, Licht: 0","16473","3","1","8","07","06","7","","0","0","1","0","0"
"POINT (8.779471509000000 50.138119283999998)","Unfall 16483 (2016) Kat:3, Licht: 0","16483","3","6","3","07","17","2","","0","0","1","0","0"
"POINT (8.761052308000000 50.130340611000001)","Unfall 16489 (2016) Kat:3, Licht: 0","16489","3","2","5","07","08","6","","0","1","1","0","0"
"POINT (8.714685136000000 50.112419039999999)","Unfall 16493 (2016) Kat:3, Licht: 1","16493","3","6","4","07","20","6","","1","0","1","0","0"
"POINT (8.682924294999999 50.061144986999999)","Unfall 16504 (2016) Kat:2, Licht: 0","16504","2","1","9","07","19","2","","0","0","0","0","1"
"POINT (8.638147355999999 50.102465506999998)","Unfall 16510 (2016) Kat:3, Licht: 0","16510","3","6","0","07","17","6","","0","0","1","0","0"
"POINT (8.679078411000001 50.105922624000002)","Unfall 16513 (2016) Kat:3, Licht: 0","16513","3","6","2","07","16","5","","0","0","1","0","0"
"POINT (8.532601281000000 50.099903646999998)","Unfall 16515 (2016) Kat:2, Licht: 0","16515","2","1","0","07","12","1","","0","0","0","0","1"
"POINT (8.647017995000001 50.139762198000000)","Unfall 16518 (2016) Kat:3, Licht: 2","16518","3","2","3","07","00","2","","2","0","1","0","1"
"POINT (8.668545083000000 50.142523314999998)","Unfall 16536 (2016) Kat:3, Licht: 0","16536","3","4","6","07","08","3","","0","1","0","1","0"
"POINT (8.660080083000000 50.131742465999999)","Unfall 16539 (2016) Kat:3, Licht: 0","16539","3","6","2","07","19","3","","0","0","1","0","0"
"POINT (8.692973978000000 50.142181073000003)","Unfall 16541 (2016) Kat:3, Licht: 0","16541","3","3","5","07","12","6","","0","1","1","0","0"
"POINT (8.660926409000000 50.152989617999999)","Unfall 16545 (2016) Kat:3, Licht: 0","16545","3","3","5","07","09","4","","0","1","1","0","0"
"POINT (8.666202857000000 50.131605194999999)","Unfall 16558 (2016) Kat:2, Licht: 0","16558","2","3","5","07","18","2","","0","1","1","0","0"
"POINT (8.536654918000000 50.116699857000000)","Unfall 16563 (2016) Kat:3, Licht: 0","16563","3","6","2","07","10","3","","0","0","1","0","0"
"POINT (8.668560167000001 50.131632037000003)","Unfall 16564 (2016) Kat:3, Licht: 0","16564","3","2","3","07","07","2","","0","1","0","0","1"
"POINT (8.693426818000001 50.129075305999997)","Unfall 16582 (2016) Kat:3, Licht: 0","16582","3","2","2","07","13","2","","0","0","1","0","0"
"POINT (8.674100019000001 50.131853671999998)","Unfall 16600 (2016) Kat:3, Licht: 0","16600","3","6","2","07","14","7","","0","0","1","0","0"
"POINT (8.648403203999999 50.056518482000001)","Unfall 16610 (2016) Kat:3, Licht: 0","16610","3","6","2","07","08","5","","0","0","1","0","0"
"POINT (8.658520391000000 50.108607601999999)","Unfall 16612 (2016) Kat:3, Licht: 0","16612","3","7","3","07","14","5","","0","0","1","0","0"
"POINT (8.695588958000000 50.101998180000002)","Unfall 16617 (2016) Kat:3, Licht: 2","16617","3","1","8","07","01","3","","2","1","1","0","0"
"POINT (8.615629740999999 50.121791887999997)","Unfall 16623 (2016) Kat:3, Licht: 2","16623","3","5","1","07","01","6","","2","1","0","0","0"
"POINT (8.694162647000001 50.130556548000001)","Unfall 16627 (2016) Kat:3, Licht: 0","16627","3","3","5","07","09","4","","0","1","1","0","0"
"POINT (8.647232396000000 50.056808699999998)","Unfall 16635 (2016) Kat:3, Licht: 0","16635","3","6","2","07","08","3","","0","0","1","0","0"
"POINT (8.718037083000001 50.064345560000000)","Unfall 16647 (2016) Kat:3, Licht: 0","16647","3","6","2","07","08","2","","0","0","1","0","0"
"POINT (8.542937988000000 50.106757821000002)","Unfall 16651 (2016) Kat:3, Licht: 0","16651","3","2","5","07","18","2","","0","1","1","0","0"
"POINT (8.668552607000001 50.148474151999999)","Unfall 16673 (2016) Kat:3, Licht: 0","16673","3","3","5","07","11","5","","0","0","1","0","0"
"POINT (8.715755990000000 50.112782375999998)","Unfall 16696 (2016) Kat:3, Licht: 0","16696","3","6","2","07","17","2","","0","0","1","0","0"
"POINT (8.683987650000001 50.132116271000001)","Unfall 16701 (2016) Kat:3, Licht: 0","16701","3","3","5","07","20","3","","0","1","1","0","0"
"POINT (8.579355263000000 50.123574398999999)","Unfall 16707 (2016) Kat:3, Licht: 0","16707","3","2","5","07","09","4","","0","0","1","0","0"
"POINT (8.627015671000001 50.135157700000001)","Unfall 16708 (2016) Kat:2, Licht: 1","16708","2","6","3","07","20","7","","1","0","1","0","0"
"POINT (8.731236472000001 50.118241560999998)","Unfall 16719 (2016) Kat:3, Licht: 0","16719","3","3","5","07","17","2","","0","0","1","0","0"
"POINT (8.655520371000000 50.156844829000001)","Unfall 16730 (2016) Kat:3, Licht: 0","16730","3","6","2","07","18","3","","0","0","1","0","0"
"POINT (8.695195191000000 50.132923714999997)","Unfall 16749 (2016) Kat:3, Licht: 0","16749","3","2","0","08","09","2","","0","1","1","0","0"
"POINT (8.702470477000000 50.061632088000003)","Unfall 16766 (2016) Kat:3, Licht: 0","16766","3","6","2","08","19","2","","0","0","1","0","0"
"POINT (8.671929048000001 50.134295727000001)","Unfall 16770 (2016) Kat:3, Licht: 0","16770","3","5","1","07","17","4","","0","1","1","0","0"
"POINT (8.683453189000000 50.142239912000001)","Unfall 16772 (2016) Kat:3, Licht: 0","16772","3","6","2","07","15","3","","0","0","1","0","0"
"POINT (8.595883352000000 50.139029667999999)","Unfall 16786 (2016) Kat:3, Licht: 0","16786","3","2","5","08","18","4","","0","0","1","0","0"
"POINT (8.703454626999999 50.143025973999997)","Unfall 16789 (2016) Kat:3, Licht: 0","16789","3","6","2","07","11","3","","0","0","1","0","0"
"POINT (8.742747522000000 50.149101858000002)","Unfall 16792 (2016) Kat:3, Licht: 0","16792","3","6","2","08","15","7","","0","0","1","0","1"
"POINT (8.627633943999999 50.101468537999999)","Unfall 16799 (2016) Kat:3, Licht: 0","16799","3","6","2","07","12","7","","0","0","1","0","0"
"POINT (8.627043298000000 50.101412105000001)","Unfall 16811 (2016) Kat:2, Licht: 2","16811","2","3","5","07","22","3","","2","1","1","0","0"
"POINT (8.601210013999999 50.052945987999998)","Unfall 16827 (2016) Kat:3, Licht: 0","16827","3","6","2","07","18","4","","0","0","1","0","0"
"POINT (8.694982297999999 50.131956910000000)","Unfall 16842 (2016) Kat:3, Licht: 0","16842","3","6","2","08","11","5","","0","0","1","0","0"
"POINT (8.706082298000000 50.145831045000001)","Unfall 16876 (2016) Kat:3, Licht: 0","16876","3","6","2","07","16","4","","0","0","1","0","0"
"POINT (8.683941277000001 50.131767347999997)","Unfall 16884 (2016) Kat:3, Licht: 0","16884","3","6","2","07","12","6","","0","0","1","0","0"
"POINT (8.656646940000000 50.082148535999998)","Unfall 16892 (2016) Kat:3, Licht: 0","16892","3","1","9","08","18","3","","0","0","1","0","0"
"POINT (8.744970364000000 50.138450622000001)","Unfall 16896 (2016) Kat:3, Licht: 0","16896","3","6","3","07","16","3","","0","0","1","0","0"
"POINT (8.665714993000000 50.104368579000003)","Unfall 16912 (2016) Kat:3, Licht: 0","16912","3","6","3","07","10","5","","0","1","1","0","0"
"POINT (8.694891938000000 50.109254337000003)","Unfall 16935 (2016) Kat:3, Licht: 0","16935","3","5","1","08","19","7","","0","1","1","0","0"
"POINT (8.717872673000001 50.064324655000000)","Unfall 16938 (2016) Kat:3, Licht: 0","16938","3","6","2","08","17","2","","0","0","1","0","0"
"POINT (8.647727629000000 50.113855546000003)","Unfall 16942 (2016) Kat:3, Licht: 0","16942","3","3","5","07","19","4","","0","1","1","0","0"
"POINT (8.664954663000000 50.102944921999999)","Unfall 16950 (2016) Kat:3, Licht: 2","16950","3","6","2","07","04","1","","2","0","1","0","0"
"POINT (8.666092356000000 50.148041395000000)","Unfall 16977 (2016) Kat:3, Licht: 2","16977","3","3","5","07","22","7","","2","0","1","0","0"
"POINT (8.703325687000000 50.143773570999997)","Unfall 16990 (2016) Kat:3, Licht: 1","16990","3","6","2","07","21","1","","1","0","1","0","0"
"POINT (8.694980960000001 50.132317706999999)","Unfall 16997 (2016) Kat:3, Licht: 0","16997","3","2","3","07","08","4","","0","1","0","0","0"
"POINT (8.580156446000000 50.123886724000002)","Unfall 17005 (2016) Kat:3, Licht: 0","17005","3","6","3","08","11","3","","0","0","1","0","0"
"POINT (8.690768959000000 50.156632508999998)","Unfall 17014 (2016) Kat:3, Licht: 0","17014","3","3","5","08","07","5","","0","1","1","0","0"
"POINT (8.687801343000000 50.107193209000002)","Unfall 17028 (2016) Kat:3, Licht: 2","17028","3","3","5","07","22","4","","2","0","1","0","0"
"POINT (8.694497712000000 50.128497748999997)","Unfall 17032 (2016) Kat:3, Licht: 0","17032","3","7","6","08","17","2","","0","1","0","1","0"
"POINT (8.599043926000000 50.100289840000002)","Unfall 17058 (2016) Kat:3, Licht: 0","17058","3","6","2","07","16","6","","0","0","1","0","0"
"POINT (8.672012675000000 50.131640877000002)","Unfall 17071 (2016) Kat:3, Licht: 0","17071","3","6","2","08","19","6","","0","0","1","0","0"
"POINT (8.738087714000001 50.131358747999997)","Unfall 17083 (2016) Kat:3, Licht: 0","17083","3","6","1","07","19","7","","0","0","1","0","1"
"POINT (8.616403713000000 50.077784102000003)","Unfall 17087 (2016) Kat:3, Licht: 0","17087","3","1","8","08","11","6","","0","0","0","0","0"
"POINT (8.665092238000000 50.103148091000001)","Unfall 17107 (2016) Kat:3, Licht: 0","17107","3","6","3","07","15","1","","0","0","1","0","0"
"POINT (8.604901947000000 50.105602062999999)","Unfall 17114 (2016) Kat:2, Licht: 0","17114","2","6","3","08","16","2","","0","0","1","0","0"
"POINT (8.639239405000000 50.102566762999999)","Unfall 17128 (2016) Kat:2, Licht: 0","17128","2","3","5","07","18","1","","0","0","0","0","1"
"POINT (8.731726782999999 50.118625518999998)","Unfall 17136 (2016) Kat:3, Licht: 0","17136","3","6","3","07","15","4","","0","0","1","0","0"
"POINT (8.664124797000000 50.107848199999999)","Unfall 17146 (2016) Kat:3, Licht: 1","17146","3","4","6","07","05","6","","1","0","1","1","0"
"POINT (8.728569301000000 50.121794033999997)","Unfall 17154 (2016) Kat:2, Licht: 0","17154","2","2","5","08","18","3","","0","0","1","0","0"
"POINT (8.547680875999999 50.102451516000002)","Unfall 17191 (2016) Kat:3, Licht: 0","17191","3","6","3","08","15","5","","0","1","1","0","0"
"POINT (8.569985614000000 50.089247968999999)","Unfall 17192 (2016) Kat:2, Licht: 0","17192","2","1","9","08","19","1","","0","0","0","0","1"
"POINT (8.695085417000000 50.059052858000001)","Unfall 17199 (2016) Kat:3, Licht: 2","17199","3","7","8","08","05","4","","2","0","1","0","0"
"POINT (8.647930750000000 50.062223635000002)","Unfall 17209 (2016) Kat:3, Licht: 0","17209","3","6","2","08","17","3","","0","1","1","0","0"
"POINT (8.650728611000000 50.196532857000001)","Unfall 17213 (2016) Kat:3, Licht: 2","17213","3","6","2","08","01","7","","2","0","1","0","0"
"POINT (8.635711855000000 50.093080256000000)","Unfall 17214 (2016) Kat:2, Licht: 0","17214","2","3","5","08","07","5","","0","1","1","0","0"
"POINT (8.648336370999999 50.161421558000001)","Unfall 17226 (2016) Kat:3, Licht: 0","17226","3","2","3","08","17","2","","0","1","1","0","0"
"POINT (8.534678164000001 50.114102600999999)","Unfall 17227 (2016) Kat:3, Licht: 0","17227","3","3","5","08","17","2","","0","0","1","0","0"
"POINT (8.633358351000000 50.102015541000000)","Unfall 17230 (2016) Kat:3, Licht: 0","17230","3","3","5","08","17","3","","0","0","1","0","1"
"POINT (8.696869295999999 50.104754749000001)","Unfall 17237 (2016) Kat:2, Licht: 0","17237","2","6","2","08","08","5","","0","0","1","0","1"
"POINT (8.592000403000000 50.087134982999999)","Unfall 17265 (2016) Kat:3, Licht: 0","17265","3","6","1","08","08","3","","0","0","1","0","0"
"POINT (8.657298321000001 50.111268991999999)","Unfall 17273 (2016) Kat:3, Licht: 0","17273","3","3","5","08","13","1","","0","0","1","0","0"
"POINT (8.654629373000001 50.099866173000002)","Unfall 17300 (2016) Kat:3, Licht: 0","17300","3","6","2","08","12","4","","0","0","1","0","0"
"POINT (8.610885001000000 50.170938667999998)","Unfall 17302 (2016) Kat:2, Licht: 0","17302","2","6","2","08","14","4","","0","0","1","0","0"
"POINT (8.627835588000000 50.115962975000002)","Unfall 17327 (2016) Kat:3, Licht: 0","17327","3","5","1","08","15","1","","0","1","1","0","0"
"POINT (8.595479070000000 50.142920640000000)","Unfall 17330 (2016) Kat:3, Licht: 0","17330","3","6","2","08","15","3","","0","0","1","0","0"
"POINT (8.653977574000001 50.075944376000002)","Unfall 17332 (2016) Kat:3, Licht: 0","17332","3","6","2","08","16","7","","0","0","1","0","0"
"POINT (8.662122252000000 50.108689605000002)","Unfall 17335 (2016) Kat:3, Licht: 2","17335","3","4","6","08","22","5","","2","0","1","1","0"
"POINT (8.762103861000000 50.130769962999999)","Unfall 17343 (2016) Kat:3, Licht: 0","17343","3","3","5","08","16","2","","0","1","1","0","0"
"POINT (8.695539175000000 50.133319872000001)","Unfall 17376 (2016) Kat:3, Licht: 0","17376","3","3","5","08","12","2","","0","1","1","0","0"
"POINT (8.679400926000000 50.158792619000003)","Unfall 17387 (2016) Kat:3, Licht: 0","17387","3","2","5","08","17","4","","0","0","1","0","0"
"POINT (8.698341560999999 50.104453171999999)","Unfall 17393 (2016) Kat:3, Licht: 0","17393","3","6","2","08","17","6","","0","0","1","0","1"
"POINT (8.628436453999999 50.087932113999997)","Unfall 17408 (2016) Kat:3, Licht: 0","17408","3","6","4","08","17","7","","0","1","0","0","0"
"POINT (8.586150339000000 50.054400741999999)","Unfall 17416 (2016) Kat:3, Licht: 0","17416","3","6","2","08","05","3","","0","0","1","0","0"
"POINT (8.648974965000001 50.198285273000003)","Unfall 17423 (2016) Kat:3, Licht: 2","17423","3","6","3","08","02","1","","2","0","1","0","0"
"POINT (8.624489116000000 50.189086261999996)","Unfall 17444 (2016) Kat:3, Licht: 2","17444","3","6","2","08","21","3","","2","0","1","0","0"
"POINT (8.628700673999999 50.101570559999999)","Unfall 17449 (2016) Kat:3, Licht: 0","17449","3","2","2","08","16","5","","0","0","1","0","1"
"POINT (8.644381609000000 50.199535701999999)","Unfall 17454 (2016) Kat:3, Licht: 0","17454","3","1","9","08","19","7","","0","0","1","0","0"
"POINT (8.638314860000000 50.154226113000000)","Unfall 17460 (2016) Kat:2, Licht: 0","17460","2","7","6","08","18","2","","0","0","0","1","0"
"POINT (8.741522046000000 50.122907026999997)","Unfall 17464 (2016) Kat:3, Licht: 0","17464","3","2","5","08","08","3","","0","1","1","0","0"
"POINT (8.682462481000000 50.107047811999998)","Unfall 17471 (2016) Kat:3, Licht: 2","17471","3","6","2","08","22","5","","2","0","1","0","0"
"POINT (8.759389562999999 50.139586162999997)","Unfall 17498 (2016) Kat:3, Licht: 0","17498","3","7","0","08","19","4","","0","0","0","0","1"
"POINT (8.719692635000000 50.157144172000002)","Unfall 17507 (2016) Kat:3, Licht: 0","17507","3","3","5","08","16","2","","0","1","0","0","0"
"POINT (8.565067775999999 50.128569769000002)","Unfall 17513 (2016) Kat:3, Licht: 0","17513","3","3","5","08","19","1","","0","0","1","0","1"
"POINT (8.682932091000000 50.061333759999997)","Unfall 17563 (2016) Kat:3, Licht: 0","17563","3","6","3","08","11","3","","0","0","1","0","0"
"POINT (8.547450339999999 50.102342600999997)","Unfall 17564 (2016) Kat:3, Licht: 0","17564","3","6","2","08","13","1","","0","0","1","0","0"
"POINT (8.590039044999999 50.132558173000000)","Unfall 17569 (2016) Kat:3, Licht: 0","17569","3","6","2","08","08","5","","0","0","1","0","0"
"POINT (8.700257409000001 50.110326780000001)","Unfall 17574 (2016) Kat:3, Licht: 0","17574","3","5","2","08","07","5","","0","0","1","0","0"
"POINT (8.637496275000000 50.124910733000000)","Unfall 17612 (2016) Kat:3, Licht: 0","17612","3","6","2","08","17","2","","0","0","1","0","0"
"POINT (8.579932712000000 50.123866153000002)","Unfall 17616 (2016) Kat:3, Licht: 2","17616","3","1","0","08","22","5","","2","0","0","0","1"
"POINT (8.714325908999999 50.124416768000003)","Unfall 17618 (2016) Kat:3, Licht: 0","17618","3","4","6","08","17","3","","0","0","1","1","0"
"POINT (8.666605060000000 50.191904684999997)","Unfall 17622 (2016) Kat:3, Licht: 0","17622","3","2","3","08","15","4","","0","1","1","0","0"
"POINT (8.652768409000000 50.072621390999998)","Unfall 17627 (2016) Kat:3, Licht: 0","17627","3","3","1","08","15","1","","0","0","1","0","1"
"POINT (8.719946051000001 50.064506350000002)","Unfall 17660 (2016) Kat:3, Licht: 0","17660","3","6","2","08","17","2","","0","0","1","0","0"
"POINT (8.540879148000000 50.108594957999998)","Unfall 17672 (2016) Kat:3, Licht: 0","17672","3","7","0","08","17","3","","0","0","0","0","0"
"POINT (8.692709486000000 50.061150460000000)","Unfall 17685 (2016) Kat:3, Licht: 0","17685","3","6","2","08","07","3","","0","0","1","0","0"
"POINT (8.655255344000000 50.107304786999997)","Unfall 17690 (2016) Kat:3, Licht: 0","17690","3","6","2","08","18","5","","0","0","1","0","0"
"POINT (8.550161991000000 50.078055296999999)","Unfall 17696 (2016) Kat:3, Licht: 0","17696","3","1","8","08","16","7","","0","0","1","0","0"
"POINT (8.510431754000001 50.097008027999998)","Unfall 17712 (2016) Kat:3, Licht: 0","17712","3","3","5","08","09","5","","0","0","1","0","1"
"POINT (8.739015808000000 50.122062686000000)","Unfall 17724 (2016) Kat:3, Licht: 0","17724","3","3","5","08","16","6","","0","1","1","0","0"
"POINT (8.642174193000001 50.102838658000003)","Unfall 17726 (2016) Kat:3, Licht: 0","17726","3","6","2","08","16","2","","0","0","1","0","0"
"POINT (8.699963297000000 50.104475366999999)","Unfall 17737 (2016) Kat:3, Licht: 0","17737","3","6","2","08","17","4","","0","0","1","0","0"
"POINT (8.731826344000000 50.118515426999998)","Unfall 17743 (2016) Kat:3, Licht: 0","17743","3","3","5","08","15","6","","0","0","1","0","0"
"POINT (8.751480546000000 50.139382632999997)","Unfall 17746 (2016) Kat:1, Licht: 0","17746","1","6","3","08","07","2","","0","0","1","0","1"
"POINT (8.623095397000000 50.101010846999998)","Unfall 17753 (2016) Kat:3, Licht: 0","17753","3","3","5","09","09","5","","0","1","1","0","0"
"POINT (8.510756933000000 50.107007603000000)","Unfall 17758 (2016) Kat:2, Licht: 0","17758","2","6","2","08","17","2","","0","0","1","0","0"
"POINT (8.780435550000000 50.159737456999999)","Unfall 17761 (2016) Kat:3, Licht: 0","17761","3","6","2","09","13","6","","0","0","1","0","0"
"POINT (8.598994920999999 50.114829170000000)","Unfall 17767 (2016) Kat:3, Licht: 0","17767","3","6","2","08","13","6","","0","0","1","0","0"
"POINT (8.664592073000000 50.104061406000000)","Unfall 17800 (2016) Kat:2, Licht: 0","17800","2","6","3","08","19","5","","0","1","0","0","0"
"POINT (8.654072287000000 50.113156586999999)","Unfall 17810 (2016) Kat:3, Licht: 0","17810","3","5","1","09","15","4","","0","0","1","0","0"
"POINT (8.614097470000001 50.122075133000003)","Unfall 17815 (2016) Kat:3, Licht: 0","17815","3","7","9","09","08","3","","0","0","1","0","0"
"POINT (8.630782533000000 50.134810596999998)","Unfall 17825 (2016) Kat:3, Licht: 0","17825","3","6","2","08","18","4","","0","0","1","0","0"
"POINT (8.523653344000000 50.111920177999998)","Unfall 17836 (2016) Kat:2, Licht: 0","17836","2","1","9","09","12","7","","0","0","1","0","0"
"POINT (8.616467299000000 50.056158482000001)","Unfall 17849 (2016) Kat:3, Licht: 0","17849","3","6","2","08","08","5","","0","0","1","0","0"
"POINT (8.739523177000001 50.122312804000003)","Unfall 17855 (2016) Kat:3, Licht: 1","17855","3","1","9","08","20","4","","1","0","1","0","0"
"POINT (8.620788568000000 50.172726396999998)","Unfall 17861 (2016) Kat:3, Licht: 0","17861","3","6","3","09","10","6","","0","0","1","0","0"
"POINT (8.663365118000000 50.150503407999999)","Unfall 17892 (2016) Kat:3, Licht: 0","17892","3","6","2","08","14","3","","0","0","1","0","0"