WKT,Name,OBJECTID,UKATEGORIE,UTYP1,UART,UMONAT,USTUNDE,UWOCHENTAG,STRZUSTAND,ULICHTVERH,ISTRAD,ISTPKW,ISTFUSS,ISTKRAD
"POINT (8.648378332000000 50.056527109000001)","Unfall 17895 (2016) Kat:3, Licht: 0","17895","3","6","2","08","08","2","","0","0","1","0","0"
"POINT (8.526805947000000 50.100371518999999)","Unfall 17897 (2016) Kat:3, Licht: 0","17897","3","2","3","08","11","6","","0","1","1","0","0"
"POINT (8.643420670999999 50.201788125000000)","Unfall 17904 (2016) Kat:3, Licht: 2","17904","3","1","8","08","03","6","","2","0","1","0","0"
"POINT (8.735551631000000 50.148577916000001)","Unfall 17906 (2016) Kat:3, Licht: 0","17906","3","6","0","08","16","4","","0","0","1","0","1"
"POINT (8.570666641000001 50.098831206000000)","Unfall 17914 (2016) Kat:3, Licht: 0","17914","3","4","0","08","12","3","","0","0","0","1","0"
"POINT (8.637764843999999 50.102430040000002)","Unfall 17915 (2016) Kat:3, Licht: 0","17915","3","2","3","08","18","4","","0","1","1","0","0"
"POINT (8.617935445000001 50.133179263999999)","Unfall 17933 (2016) Kat:3, Licht: 0","17933","3","6","2","09","17","4","","0","0","1","0","0"
"POINT (8.702119805000001 50.122608143000001)","Unfall 17941 (2016) Kat:3, Licht: 0","17941","3","6","3","08","13","4","","0","0","1","0","1"
"POINT (8.664416896000001 50.147600099999998)","Unfall 17951 (2016) Kat:3, Licht: 0","17951","3","6","2","09","16","4","","0","0","1","0","1"
"POINT (8.685811818000000 50.105645082000002)","Unfall 17952 (2016) Kat:3, Licht: 0","17952","3","2","6","08","12","2","","0","0","1","1","0"
"POINT (8.511881707000001 50.087795407000002)","Unfall 17969 (2016) Kat:3, Licht: 0","17969","3","6","2","08","10","7","","0","0","1","0","0"
"POINT (8.731686559000000 50.118765181000001)","Unfall 17971 (2016) Kat:3, Licht: 0","17971","3","6","2","09","12","6","","0","0","1","0","0"
"POINT (8.648180113000000 50.178582968000001)","Unfall 17978 (2016) Kat:3, Licht: 0","17978","3","6","2","09","08","5","","0","0","1","0","0"
"POINT (8.659702279999999 50.088087569000002)","Unfall 17983 (2016) Kat:3, Licht: 0","17983","3","1","5","09","14","5","","0","0","1","0","0"
"POINT (8.607161547000001 50.093194273999998)","Unfall 17995 (2016) Kat:3, Licht: 0","17995","3","3","5","09","09","5","","0","1","1","0","0"
"POINT (8.684553197000000 50.137379697000000)","Unfall 18028 (2016) Kat:3, Licht: 0","18028","3","3","5","09","14","1","","0","0","1","0","0"
"POINT (8.668322812000000 50.131496015000003)","Unfall 18037 (2016) Kat:3, Licht: 0","18037","3","2","5","08","08","3","","0","1","1","0","0"
"POINT (8.691524097000000 50.100653762999997)","Unfall 18048 (2016) Kat:2, Licht: 0","18048","2","3","5","09","12","6","","0","1","1","0","0"
"POINT (8.605627682000000 50.104818440999999)","Unfall 18055 (2016) Kat:3, Licht: 2","18055","3","6","2","08","23","1","","2","0","1","0","0"
"POINT (8.687080796000000 50.061141413000001)","Unfall 18057 (2016) Kat:3, Licht: 0","18057","3","6","2","08","13","6","","0","0","1","0","0"
"POINT (8.759367749999999 50.113075707000000)","Unfall 18089 (2016) Kat:3, Licht: 0","18089","3","6","4","08","14","5","","0","1","1","0","0"
"POINT (8.601826604999999 50.142830705000002)","Unfall 18099 (2016) Kat:3, Licht: 0","18099","3","6","2","09","18","4","","0","0","1","0","0"
"POINT (8.653263086000001 50.074183257999998)","Unfall 18102 (2016) Kat:3, Licht: 0","18102","3","4","6","08","10","6","","0","0","1","1","0"
"POINT (8.646613195000001 50.056069397999998)","Unfall 18118 (2016) Kat:3, Licht: 0","18118","3","6","2","09","07","5","","0","0","1","0","0"
"POINT (8.638277534000000 50.102477577999998)","Unfall 18129 (2016) Kat:3, Licht: 0","18129","3","7","3","08","07","2","","0","0","1","0","0"
"POINT (8.519573559000000 50.097324073999999)","Unfall 18143 (2016) Kat:3, Licht: 0","18143","3","4","6","08","06","4","","0","0","1","1","0"
"POINT (8.601650589000000 50.052696290999997)","Unfall 18145 (2016) Kat:2, Licht: 2","18145","2","1","9","09","22","5","","2","0","0","0","1"
"POINT (8.682024139999999 50.095489581999999)","Unfall 18169 (2016) Kat:3, Licht: 0","18169","3","4","6","09","17","5","","0","0","0","1","0"
"POINT (8.575729697000000 50.099573217000000)","Unfall 18182 (2016) Kat:3, Licht: 0","18182","3","4","6","09","19","5","","0","1","0","1","0"
"POINT (8.564178000000000 50.083328465000001)","Unfall 18187 (2016) Kat:2, Licht: 0","18187","2","1","9","08","13","2","","0","0","0","0","0"
"POINT (8.747275544000001 50.139500347000002)","Unfall 18190 (2016) Kat:3, Licht: 0","18190","3","3","5","09","15","6","","0","0","1","0","0"
"POINT (8.719447592000000 50.064486146000000)","Unfall 18196 (2016) Kat:3, Licht: 0","18196","3","6","2","08","14","6","","0","0","1","0","0"
"POINT (8.536676458000001 50.116707726000001)","Unfall 18222 (2016) Kat:3, Licht: 0","18222","3","6","2","08","16","4","","0","0","1","0","0"
"POINT (8.669097283999999 50.106151179999998)","Unfall 18231 (2016) Kat:3, Licht: 0","18231","3","2","5","08","08","5","","0","1","1","0","0"
"POINT (8.645622296000001 50.137015810999998)","Unfall 18242 (2016) Kat:3, Licht: 0","18242","3","3","5","09","14","4","","0","0","1","0","0"
"POINT (8.522083502999999 50.111887412999998)","Unfall 18243 (2016) Kat:3, Licht: 0","18243","3","3","5","08","06","2","","0","0","1","0","0"
"POINT (8.546599346000001 50.103474499999997)","Unfall 18259 (2016) Kat:3, Licht: 0","18259","3","6","2","08","13","7","","0","0","1","0","0"
"POINT (8.519100895999999 50.110062571999997)","Unfall 18266 (2016) Kat:3, Licht: 0","18266","3","6","2","09","13","7","","0","0","1","0","0"
"POINT (8.601746761999999 50.110857866000003)","Unfall 18291 (2016) Kat:3, Licht: 0","18291","3","6","2","08","08","4","","0","0","1","0","0"
"POINT (8.600624364000000 50.130885962000001)","Unfall 18292 (2016) Kat:3, Licht: 2","18292","3","6","2","09","23","6","","2","0","1","0","0"
"POINT (8.606696489000001 50.090797401000003)","Unfall 18317 (2016) Kat:3, Licht: 2","18317","3","1","0","09","04","1","","2","1","0","0","0"
"POINT (8.657998908000000 50.100928568999997)","Unfall 18325 (2016) Kat:3, Licht: 0","18325","3","2","5","08","15","3","","0","1","1","0","0"
"POINT (8.657362242000000 50.111228654000001)","Unfall 18338 (2016) Kat:3, Licht: 1","18338","3","6","2","08","20","5","","1","1","1","0","0"
"POINT (8.508593226000000 50.115401069000001)","Unfall 18363 (2016) Kat:2, Licht: 2","18363","2","1","9","08","22","1","","2","0","1","0","0"
"POINT (8.706242432000000 50.153065007999999)","Unfall 18365 (2016) Kat:3, Licht: 2","18365","3","6","3","09","21","6","","2","0","1","0","0"
"POINT (8.620359345000001 50.115363655000003)","Unfall 18366 (2016) Kat:3, Licht: 0","18366","3","6","2","09","17","4","","0","0","1","0","0"
"POINT (8.698842464000000 50.140954735999998)","Unfall 18384 (2016) Kat:3, Licht: 2","18384","3","3","5","08","01","2","","2","0","1","0","0"
"POINT (8.684344165000001 50.061332561000000)","Unfall 18388 (2016) Kat:2, Licht: 0","18388","2","1","9","09","10","1","","0","0","1","0","0"
"POINT (8.641394137000001 50.102766375000002)","Unfall 18403 (2016) Kat:3, Licht: 0","18403","3","2","3","08","12","7","","0","0","1","0","0"
"POINT (8.661412091000001 50.109005486000001)","Unfall 18405 (2016) Kat:3, Licht: 0","18405","3","6","3","09","15","6","","0","0","1","0","1"
"POINT (8.648295996000000 50.178765900000002)","Unfall 18412 (2016) Kat:3, Licht: 0","18412","3","6","2","09","07","5","","0","0","1","0","1"
"POINT (8.667951701000000 50.095246555000003)","Unfall 18416 (2016) Kat:3, Licht: 0","18416","3","5","1","09","11","5","","0","1","1","0","0"
"POINT (8.586899351000000 50.056467507999997)","Unfall 18419 (2016) Kat:3, Licht: 0","18419","3","3","5","08","11","5","","0","0","1","0","0"
"POINT (8.616973627000000 50.087883304999998)","Unfall 18442 (2016) Kat:3, Licht: 2","18442","3","3","5","09","02","7","","2","0","1","0","0"
"POINT (8.639412818000000 50.102582826000003)","Unfall 18458 (2016) Kat:3, Licht: 2","18458","3","6","3","09","21","1","","2","0","1","0","0"
"POINT (8.685390532000000 50.112339038000002)","Unfall 18467 (2016) Kat:3, Licht: 0","18467","3","6","2","08","09","3","","0","0","1","0","0"
"POINT (8.656139860000000 50.107654369999999)","Unfall 18476 (2016) Kat:3, Licht: 0","18476","3","6","3","09","13","3","","0","1","1","0","0"
"POINT (8.687674359000001 50.107197319000001)","Unfall 18478 (2016) Kat:3, Licht: 2","18478","3","3","5","09","22","6","","2","1","0","0","0"
"POINT (8.741319734999999 50.123051707000002)","Unfall 18521 (2016) Kat:3, Licht: 0","18521","3","3","0","09","17","7","","0","1","1","0","0"
"POINT (8.747180013000000 50.139452259000002)","Unfall 18539 (2016) Kat:3, Licht: 2","18539","3","6","2","09","21","7","","2","0","1","0","0"
"POINT (8.668589248000000 50.104865453000002)","Unfall 18577 (2016) Kat:3, Licht: 0","18577","3","6","0","09","09","5","","0","1","1","0","0"
"POINT (8.757501466000001 50.124583164999997)","Unfall 18580 (2016) Kat:3, Licht: 1","18580","3","3","5","09","06","2","","1","0","1","0","0"
"POINT (8.636759323000000 50.133991848000001)","Unfall 18581 (2016) Kat:3, Licht: 0","18581","3","6","2","09","17","3","","0","0","1","0","0"
"POINT (8.698149528000000 50.109791291000001)","Unfall 18586 (2016) Kat:3, Licht: 0","18586","3","2","3","09","16","5","","0","1","1","0","0"
"POINT (8.585677737999999 50.087360969999999)","Unfall 18587 (2016) Kat:2, Licht: 0","18587","2","5","1","09","13","7","","0","0","1","0","0"
"POINT (8.647757728000000 50.061421258999999)","Unfall 18588 (2016) Kat:3, Licht: 0","18588","3","6","2","09","11","3","","0","0","1","0","0"
"POINT (8.547787880000000 50.102462461000002)","Unfall 18615 (2016) Kat:3, Licht: 0","18615","3","3","5","09","19","3","","0","1","1","0","0"
"POINT (8.551646764999999 50.122128713000002)","Unfall 18626 (2016) Kat:3, Licht: 0","18626","3","6","2","09","15","7","","0","0","1","0","0"
"POINT (8.604945745000000 50.160114114000002)","Unfall 18633 (2016) Kat:2, Licht: 0","18633","2","1","3","09","13","5","","0","0","1","0","1"
"POINT (8.650755146000000 50.194961300000003)","Unfall 18636 (2016) Kat:3, Licht: 0","18636","3","1","8","09","09","1","","0","0","1","0","0"
"POINT (8.508601839000001 50.089673890999997)","Unfall 18640 (2016) Kat:2, Licht: 0","18640","2","2","2","09","13","1","","0","0","1","0","0"
"POINT (8.583607501000000 50.120461634999998)","Unfall 18643 (2016) Kat:3, Licht: 0","18643","3","6","2","09","16","4","","0","0","1","0","0"
"POINT (8.609892499000001 50.101229095999997)","Unfall 18645 (2016) Kat:3, Licht: 0","18645","3","6","2","09","16","3","","0","0","1","0","0"
"POINT (8.532041832999999 50.114576042000003)","Unfall 18668 (2016) Kat:2, Licht: 0","18668","2","1","8","09","16","1","","0","0","0","0","1"
"POINT (8.597843831000001 50.116003139999997)","Unfall 18680 (2016) Kat:3, Licht: 0","18680","3","6","2","09","18","6","","0","0","1","0","0"
"POINT (8.550918305000000 50.046830524999997)","Unfall 18682 (2016) Kat:3, Licht: 0","18682","3","6","2","09","13","3","","0","0","1","0","0"
"POINT (8.730579461000000 50.119274439999998)","Unfall 18686 (2016) Kat:3, Licht: 0","18686","3","6","3","09","13","4","","0","0","0","0","0"
"POINT (8.623005793999999 50.185315561000003)","Unfall 18699 (2016) Kat:3, Licht: 0","18699","3","6","2","09","09","4","","0","0","1","0","0"
"POINT (8.665837599000000 50.147822869000002)","Unfall 18706 (2016) Kat:3, Licht: 0","18706","3","6","1","09","13","5","","0","1","0","0","0"
"POINT (8.565973692000000 50.119069029000002)","Unfall 18721 (2016) Kat:3, Licht: 0","18721","3","2","2","09","15","4","","0","0","1","0","0"
"POINT (8.590030090999999 50.132309650000003)","Unfall 18752 (2016) Kat:3, Licht: 1","18752","3","3","5","09","18","3","","1","0","1","0","0"
"POINT (8.707906711000000 50.130105368999999)","Unfall 18757 (2016) Kat:3, Licht: 0","18757","3","2","5","09","07","3","","0","1","1","0","0"
"POINT (8.673315271000000 50.149434966000001)","Unfall 18758 (2016) Kat:3, Licht: 2","18758","3","7","3","09","21","7","","2","0","1","0","1"
"POINT (8.559618222999999 50.101823207999999)","Unfall 18766 (2016) Kat:3, Licht: 0","18766","3","2","5","09","18","7","","0","0","1","0","0"
"POINT (8.751248241000001 50.144926996000002)","Unfall 18785 (2016) Kat:3, Licht: 0","18785","3","3","5","09","13","5","","0","1","1","0","0"
"POINT (8.671780182999999 50.134993729000001)","Unfall 18793 (2016) Kat:2, Licht: 0","18793","2","5","1","09","13","1","","0","1","1","0","0"
"POINT (8.609456771000000 50.168800585000000)","Unfall 18799 (2016) Kat:3, Licht: 0","18799","3","6","3","09","13","5","","0","0","1","0","0"
"POINT (8.676302783000001 50.170704671000003)","Unfall 18812 (2016) Kat:3, Licht: 0","18812","3","6","4","09","13","7","","0","0","1","0","0"
"POINT (8.561660012999999 50.126245695000001)","Unfall 18827 (2016) Kat:2, Licht: 0","18827","2","6","2","09","15","5","","0","0","1","0","1"
"POINT (8.731623168000001 50.118807572000001)","Unfall 18906 (2016) Kat:3, Licht: 0","18906","3","6","2","09","12","4","","0","0","1","0","0"
"POINT (8.536089659000000 50.116493362000000)","Unfall 18911 (2016) Kat:3, Licht: 0","18911","3","6","2","09","18","7","","0","0","1","0","0"
"POINT (8.714548910000000 50.112372819000001)","Unfall 18914 (2016) Kat:3, Licht: 0","18914","3","4","6","09","09","5","","0","0","0","1","1"
"POINT (8.624449561000001 50.140850370000003)","Unfall 18916 (2016) Kat:2, Licht: 0","18916","2","3","5","09","11","2","","0","0","1","0","1"
"POINT (8.602907346000000 50.132488387000002)","Unfall 18917 (2016) Kat:3, Licht: 0","18917","3","6","2","09","08","3","","0","0","1","0","0"
"POINT (8.697527984000001 50.137877647000003)","Unfall 18922 (2016) Kat:3, Licht: 1","18922","3","6","2","09","18","5","","1","0","1","0","0"
"POINT (8.603545987000000 50.086914649000001)","Unfall 18923 (2016) Kat:2, Licht: 0","18923","2","6","2","09","15","7","","0","0","1","0","0"
"POINT (8.678975265000000 50.132175985000003)","Unfall 18937 (2016) Kat:3, Licht: 0","18937","3","6","2","09","09","3","","0","0","1","0","0"
"POINT (8.660630922999999 50.109476886000003)","Unfall 18953 (2016) Kat:3, Licht: 0","18953","3","3","5","09","08","1","","0","0","1","0","0"
"POINT (8.739845023999999 50.096497706999997)","Unfall 18964 (2016) Kat:3, Licht: 0","18964","3","1","4","09","17","7","","0","0","1","0","0"
"POINT (8.732329130000000 50.119281862999998)","Unfall 18977 (2016) Kat:3, Licht: 0","18977","3","6","2","09","07","6","","0","0","1","0","0"
"POINT (8.629900795999999 50.134909991999997)","Unfall 18981 (2016) Kat:2, Licht: 2","18981","2","6","2","09","21","4","","2","0","1","0","0"
"POINT (8.590055015000001 50.132417357999998)","Unfall 19016 (2016) Kat:3, Licht: 0","19016","3","3","3","09","12","6","","0","0","1","0","0"
"POINT (8.508081142000000 50.079620069999997)","Unfall 19017 (2016) Kat:3, Licht: 2","19017","3","1","8","09","01","6","","2","0","1","0","1"
"POINT (8.524976658000000 50.112417368999999)","Unfall 19033 (2016) Kat:3, Licht: 0","19033","3","6","2","09","16","4","","0","0","1","0","0"
"POINT (8.696978774000000 50.136361696999998)","Unfall 19087 (2016) Kat:3, Licht: 0","19087","3","6","2","09","11","7","","0","0","1","0","1"
"POINT (8.509559727999999 50.074233409999998)","Unfall 19088 (2016) Kat:2, Licht: 0","19088","2","1","9","09","11","3","","0","0","0","0","1"
"POINT (8.653446017000000 50.144403105999999)","Unfall 19093 (2016) Kat:3, Licht: 1","19093","3","6","2","09","06","3","","1","0","1","0","0"
"POINT (8.564356141999999 50.098445409999997)","Unfall 19098 (2016) Kat:3, Licht: 0","19098","3","2","5","09","07","6","","0","0","1","0","0"
"POINT (8.647093764999999 50.199685737000003)","Unfall 19126 (2016) Kat:3, Licht: 2","19126","3","1","8","09","03","7","","2","0","1","0","0"
"POINT (8.529967758000000 50.114308760999997)","Unfall 19134 (2016) Kat:3, Licht: 2","19134","3","1","9","09","00","5","","2","0","1","0","0"
"POINT (8.711157985000000 50.125335384000003)","Unfall 19137 (2016) Kat:3, Licht: 0","19137","3","3","5","09","17","1","","0","1","1","0","0"
"POINT (8.732019201000000 50.118709617999997)","Unfall 19143 (2016) Kat:3, Licht: 0","19143","3","6","2","09","13","6","","0","0","1","0","0"
"POINT (8.548738520000001 50.120851334000001)","Unfall 19145 (2016) Kat:3, Licht: 0","19145","3","6","2","09","17","3","","0","0","1","0","0"
"POINT (8.768179477000000 50.158495684000002)","Unfall 19158 (2016) Kat:2, Licht: 2","19158","2","4","6","09","21","3","","2","0","1","1","0"
"POINT (8.634516862000000 50.102126237999997)","Unfall 19159 (2016) Kat:3, Licht: 0","19159","3","6","3","09","15","6","","0","1","0","0","0"
"POINT (8.527876770000001 50.113297973000002)","Unfall 19161 (2016) Kat:3, Licht: 0","19161","3","6","2","09","18","5","","0","0","1","0","0"
"POINT (8.709144214000000 50.121841224999997)","Unfall 19164 (2016) Kat:3, Licht: 0","19164","3","6","1","09","10","2","","0","0","1","0","0"
"POINT (8.754512155000001 50.143369266999997)","Unfall 19194 (2016) Kat:3, Licht: 0","19194","3","6","2","09","09","7","","0","0","1","0","0"
"POINT (8.608216060000000 50.057062997999999)","Unfall 19198 (2016) Kat:1, Licht: 2","19198","1","1","8","09","03","1","","2","0","1","0","0"
"POINT (8.659494156999999 50.109862997999997)","Unfall 19199 (2016) Kat:3, Licht: 0","19199","3","6","3","09","18","4","","0","0","1","0","0"
"POINT (8.656303833000001 50.135391118999998)","Unfall 19207 (2016) Kat:3, Licht: 2","19207","3","6","2","09","21","5","","2","0","1","0","0"
"POINT (8.710216683000001 50.149603691000003)","Unfall 19225 (2016) Kat:2, Licht: 0","19225","2","3","5","09","15","4","","0","1","1","0","0"
"POINT (8.560969259000000 50.125943186000001)","Unfall 19229 (2016) Kat:3, Licht: 0","19229","3","6","2","09","08","2","","0","0","1","0","0"
"POINT (8.579997258000001 50.099972315000002)","Unfall 19257 (2016) Kat:3, Licht: 0","19257","3","6","2","09","17","2","","0","0","1","0","0"
"POINT (8.718642988999999 50.064409130999998)","Unfall 19258 (2016) Kat:3, Licht: 0","19258","3","6","2","09","17","3","","0","0","1","0","0"
"POINT (8.671629585000000 50.134363858999997)","Unfall 19263 (2016) Kat:3, Licht: 0","19263","3","3","5","09","14","5","","0","1","1","0","0"
"POINT (8.556806615999999 50.102618405999998)","Unfall 19264 (2016) Kat:3, Licht: 0","19264","3","6","2","09","11","7","","0","0","0","0","1"
"POINT (8.742329529999999 50.135126264999997)","Unfall 19273 (2016) Kat:3, Licht: 0","19273","3","6","2","09","14","6","","0","0","1","0","0"
"POINT (8.716507378999999 50.123573018999998)","Unfall 19277 (2016) Kat:3, Licht: 0","19277","3","6","2","09","18","3","","0","1","0","0","0"
"POINT (8.607362827999999 50.164480275999999)","Unfall 19289 (2016) Kat:2, Licht: 0","19289","2","6","2","09","15","7","","0","0","1","0","0"
"POINT (8.711732131000000 50.123082941000000)","Unfall 19292 (2016) Kat:3, Licht: 0","19292","3","6","2","09","17","1","","0","0","1","0","0"
"POINT (8.595882087000000 50.131292436999999)","Unfall 19311 (2016) Kat:2, Licht: 0","19311","2","2","3","10","10","3","","0","0","1","0","1"
"POINT (8.747291233000000 50.139508261000003)","Unfall 19315 (2016) Kat:3, Licht: 0","19315","3","3","5","10","11","7","","0","0","1","0","1"
"POINT (8.691168096000000 50.098719621000001)","Unfall 19321 (2016) Kat:3, Licht: 0","19321","3","2","3","10","17","3","","0","1","0","0","0"
"POINT (8.646241764999999 50.200096228000000)","Unfall 19363 (2016) Kat:3, Licht: 0","19363","3","1","8","10","19","6","","0","0","1","0","0"
"POINT (8.665248814000000 50.103217909000001)","Unfall 19400 (2016) Kat:3, Licht: 0","19400","3","6","3","10","11","4","","0","1","0","0","0"
"POINT (8.603590358000000 50.114275982000002)","Unfall 19420 (2016) Kat:3, Licht: 0","19420","3","6","3","10","11","3","","0","0","1","0","0"
"POINT (8.530797311000001 50.115540221000003)","Unfall 19439 (2016) Kat:3, Licht: 1","19439","3","7","0","10","06","4","","1","0","1","0","0"
"POINT (8.600051161000000 50.151710727999998)","Unfall 19441 (2016) Kat:2, Licht: 0","19441","2","7","0","10","16","1","","0","0","0","0","1"
"POINT (8.763915009000000 50.135803518000003)","Unfall 19444 (2016) Kat:3, Licht: 0","19444","3","1","4","10","10","7","","0","0","1","0","0"
"POINT (8.522048689000000 50.111928239000001)","Unfall 19457 (2016) Kat:3, Licht: 0","19457","3","6","2","10","08","2","","0","0","1","0","0"
"POINT (8.601265120000001 50.111776319999997)","Unfall 19467 (2016) Kat:3, Licht: 0","19467","3","6","2","10","09","2","","0","0","1","0","0"
"POINT (8.531873317000001 50.116413301999998)","Unfall 19483 (2016) Kat:3, Licht: 2","19483","3","6","2","10","18","5","","2","0","1","0","0"
"POINT (8.704331711000000 50.120439228000002)","Unfall 19493 (2016) Kat:3, Licht: 2","19493","3","2","5","10","18","6","","2","1","1","0","0"
"POINT (8.604900420000000 50.052914680000001)","Unfall 19512 (2016) Kat:3, Licht: 0","19512","3","6","2","09","17","6","","0","0","1","0","0"
"POINT (8.727897574000000 50.106908140999998)","Unfall 19530 (2016) Kat:3, Licht: 0","19530","3","6","3","09","13","6","","0","0","1","0","0"
"POINT (8.600489585000000 50.045923690000002)","Unfall 19542 (2016) Kat:3, Licht: 2","19542","3","6","9","10","00","7","","2","0","1","0","0"
"POINT (8.607015595000000 50.144722936000001)","Unfall 19553 (2016) Kat:3, Licht: 0","19553","3","6","3","09","18","5","","0","0","1","0","1"
"POINT (8.590038156000000 50.132533477000003)","Unfall 19606 (2016) Kat:3, Licht: 0","19606","3","6","2","10","08","6","","0","0","1","0","0"
"POINT (8.670975043000000 50.136925863999998)","Unfall 19618 (2016) Kat:2, Licht: 0","19618","2","1","4","10","14","5","","0","1","1","0","0"
"POINT (8.613784758000000 50.071930666999997)","Unfall 19620 (2016) Kat:3, Licht: 0","19620","3","6","2","10","17","3","","0","0","1","0","0"
"POINT (8.658968138000001 50.183624717999997)","Unfall 19644 (2016) Kat:1, Licht: 0","19644","1","6","3","10","16","3","","0","1","0","0","0"
"POINT (8.624837749999999 50.189071615000003)","Unfall 19649 (2016) Kat:3, Licht: 1","19649","3","6","2","10","16","2","","1","0","1","0","0"
"POINT (8.650755053999999 50.194962101000002)","Unfall 19657 (2016) Kat:3, Licht: 0","19657","3","1","9","10","07","4","","0","0","1","0","0"
"POINT (8.645819918000001 50.103625389000001)","Unfall 19659 (2016) Kat:3, Licht: 2","19659","3","6","2","10","19","1","","2","0","1","0","0"
"POINT (8.690294510999999 50.061138561999996)","Unfall 19668 (2016) Kat:3, Licht: 0","19668","3","1","9","09","07","6","","0","0","1","0","0"
"POINT (8.672061335000000 50.131646562000000)","Unfall 19669 (2016) Kat:3, Licht: 0","19669","3","2","3","10","10","6","","0","1","0","0","0"
"POINT (8.629863020000000 50.192224353000000)","Unfall 19675 (2016) Kat:3, Licht: 2","19675","3","6","2","10","19","5","","2","0","1","0","0"
"POINT (8.684630004000001 50.139198008000001)","Unfall 19690 (2016) Kat:3, Licht: 0","19690","3","7","0","10","14","2","","0","0","0","0","0"
"POINT (8.610875948000000 50.115553071999997)","Unfall 19696 (2016) Kat:3, Licht: 0","19696","3","1","0","10","16","2","","0","0","0","0","1"
"POINT (8.676396690000001 50.102202853999998)","Unfall 19700 (2016) Kat:2, Licht: 0","19700","2","2","5","09","13","5","","0","1","0","0","0"
"POINT (8.509701590000001 50.032863057999997)","Unfall 19707 (2016) Kat:3, Licht: 0","19707","3","6","2","09","16","6","","0","0","1","0","0"
"POINT (8.649526585000000 50.056609977000001)","Unfall 19738 (2016) Kat:3, Licht: 0","19738","3","1","4","10","16","7","","0","0","1","0","0"
"POINT (8.735739245000000 50.120681537999999)","Unfall 19748 (2016) Kat:3, Licht: 0","19748","3","3","5","09","14","5","","0","1","1","0","0"
"POINT (8.547778859999999 50.120700437000004)","Unfall 19750 (2016) Kat:3, Licht: 2","19750","3","6","2","10","19","5","","2","0","1","0","0"
"POINT (8.616346569999999 50.093395676999997)","Unfall 19783 (2016) Kat:3, Licht: 0","19783","3","1","3","10","09","7","","0","0","1","0","0"
"POINT (8.736884572999999 50.148939292000001)","Unfall 19794 (2016) Kat:3, Licht: 0","19794","3","6","4","10","09","4","","0","0","1","0","0"
"POINT (8.688776041000001 50.158596011999997)","Unfall 19798 (2016) Kat:3, Licht: 0","19798","3","4","6","10","09","2","","0","0","1","0","0"
"POINT (8.743851517000000 50.137203659999997)","Unfall 19807 (2016) Kat:1, Licht: 0","19807","1","4","6","10","15","2","","0","0","0","1","0"
"POINT (8.642603837999999 50.199257433000000)","Unfall 19813 (2016) Kat:3, Licht: 0","19813","3","6","2","10","16","3","","0","0","1","0","0"
"POINT (8.607440705000000 50.103409734000003)","Unfall 19819 (2016) Kat:3, Licht: 1","19819","3","6","2","10","18","5","","1","0","1","0","0"
"POINT (8.642546848000000 50.199817496999998)","Unfall 19841 (2016) Kat:3, Licht: 0","19841","3","1","8","10","13","2","","0","0","1","0","0"
"POINT (8.525204347000001 50.112315565000003)","Unfall 19862 (2016) Kat:2, Licht: 0","19862","2","6","8","10","15","2","","0","0","1","0","1"
"POINT (8.642975701999999 50.202361570000001)","Unfall 19879 (2016) Kat:3, Licht: 2","19879","3","1","9","10","20","7","","2","0","1","0","0"
"POINT (8.715419799999999 50.112546344999998)","Unfall 19881 (2016) Kat:3, Licht: 2","19881","3","2","5","10","20","2","","2","0","1","0","1"
"POINT (8.661529326000000 50.152760563000001)","Unfall 19891 (2016) Kat:3, Licht: 0","19891","3","5","1","10","08","6","","0","1","1","0","0"
"POINT (8.640705906999999 50.102702598999997)","Unfall 19899 (2016) Kat:3, Licht: 0","19899","3","2","5","10","16","3","","0","0","1","0","1"
"POINT (8.597398130000000 50.100109154999998)","Unfall 19928 (2016) Kat:3, Licht: 0","19928","3","2","2","09","09","6","","0","0","1","0","0"
"POINT (8.745051918000000 50.138508405000003)","Unfall 19931 (2016) Kat:3, Licht: 2","19931","3","3","5","10","20","7","","2","0","1","0","0"
"POINT (8.670505737999999 50.138720558999999)","Unfall 19947 (2016) Kat:2, Licht: 0","19947","2","3","5","10","09","2","","0","0","1","0","1"
"POINT (8.681549200999999 50.061146137000001)","Unfall 20017 (2016) Kat:3, Licht: 1","20017","3","7","8","10","07","3","","1","0","0","0","0"
"POINT (8.705841386000000 50.111597957999997)","Unfall 20031 (2016) Kat:3, Licht: 2","20031","3","3","0","10","19","7","","2","1","1","0","0"
"POINT (8.660165899000001 50.153671691000000)","Unfall 20064 (2016) Kat:3, Licht: 2","20064","3","6","3","10","21","4","","2","0","1","0","1"
"POINT (8.648764841000000 50.055968462999999)","Unfall 20067 (2016) Kat:2, Licht: 0","20067","2","7","8","10","09","3","","0","0","1","0","0"
"POINT (8.701879197000000 50.122511694000004)","Unfall 20077 (2016) Kat:3, Licht: 0","20077","3","1","0","10","18","3","","0","0","0","0","1"
"POINT (8.669862499000001 50.105556608999997)","Unfall 20082 (2016) Kat:3, Licht: 0","20082","3","2","3","10","16","6","","0","1","1","0","0"
"POINT (8.674144803000001 50.149557025999997)","Unfall 20086 (2016) Kat:3, Licht: 2","20086","3","6","2","10","19","2","","2","0","1","0","0"
"POINT (8.596740961000000 50.053142051000002)","Unfall 20097 (2016) Kat:3, Licht: 0","20097","3","6","2","10","14","6","","0","0","1","0","0"