WKT,Name,OBJECTID,UKATEGORIE,UTYP1,UART,UMONAT,USTUNDE,UWOCHENTAG,STRZUSTAND,ULICHTVERH,ISTRAD,ISTPKW,ISTFUSS,ISTKRAD
"POINT (8.731801051000000 50.118489959000001)","Unfall 20119 (2016) Kat:3, Licht: 0","20119","3","6","2","10","11","5","","0","0","1","0","0"
"POINT (8.695301262999999 50.109232440000000)","Unfall 20131 (2016) Kat:3, Licht: 2","20131","3","2","5","10","23","2","","2","1","1","0","0"
"POINT (8.733092751999999 50.131092002999999)","Unfall 20133 (2016) Kat:3, Licht: 1","20133","3","6","2","10","07","5","","1","0","1","0","0"
"POINT (8.590632984999999 50.134456112000002)","Unfall 20134 (2016) Kat:3, Licht: 2","20134","3","1","9","10","03","7","","2","0","1","0","0"
"POINT (8.666106935000000 50.147948251999999)","Unfall 20172 (2016) Kat:3, Licht: 0","20172","3","2","5","10","12","1","","0","0","1","0","0"
"POINT (8.665399760000000 50.106752083000003)","Unfall 20181 (2016) Kat:3, Licht: 2","20181","3","3","5","09","02","6","","2","1","1","0","0"
"POINT (8.659590403999999 50.146701974000003)","Unfall 20212 (2016) Kat:3, Licht: 0","20212","3","6","2","10","08","5","","0","0","1","0","0"
"POINT (8.654533035000000 50.192120680000002)","Unfall 20241 (2016) Kat:3, Licht: 0","20241","3","1","9","10","12","2","","0","0","1","0","0"
"POINT (8.679075607000000 50.132175595000000)","Unfall 20242 (2016) Kat:3, Licht: 0","20242","3","6","2","10","13","5","","0","0","1","0","0"
"POINT (8.670053512999999 50.139443292999999)","Unfall 20244 (2016) Kat:3, Licht: 1","20244","3","7","1","10","06","4","","1","0","1","0","1"
"POINT (8.681530687000000 50.111678054000002)","Unfall 20257 (2016) Kat:3, Licht: 0","20257","3","6","2","10","11","6","","0","0","1","0","0"
"POINT (8.614064193000001 50.072490117999997)","Unfall 20261 (2016) Kat:2, Licht: 0","20261","2","6","3","10","16","2","","0","0","1","0","0"
"POINT (8.712178443000001 50.135763423999997)","Unfall 20278 (2016) Kat:3, Licht: 0","20278","3","2","5","10","07","2","","0","0","1","0","1"
"POINT (8.541678575000001 50.118534846000003)","Unfall 20284 (2016) Kat:3, Licht: 2","20284","3","6","2","10","07","2","","2","0","1","0","0"
"POINT (8.529581364000000 50.114148239999999)","Unfall 20310 (2016) Kat:3, Licht: 2","20310","3","3","5","11","16","4","","2","0","1","0","0"
"POINT (8.556889213000000 50.051536751000000)","Unfall 20352 (2016) Kat:3, Licht: 0","20352","3","6","2","10","17","6","","0","0","1","0","0"
"POINT (8.635754738999999 50.093101601000001)","Unfall 20357 (2016) Kat:3, Licht: 2","20357","3","3","5","11","19","3","","2","0","1","0","1"
"POINT (8.607100553000000 50.057051921000003)","Unfall 20366 (2016) Kat:3, Licht: 2","20366","3","6","3","11","22","1","","2","0","1","0","0"
"POINT (8.636244837000000 50.088816754000000)","Unfall 20372 (2016) Kat:3, Licht: 2","20372","3","6","3","11","18","3","","2","0","1","0","0"
"POINT (8.618610356000000 50.149335892000003)","Unfall 20381 (2016) Kat:2, Licht: 1","20381","2","4","6","11","08","4","","1","0","1","1","0"
"POINT (8.607010331000000 50.163864467000003)","Unfall 20392 (2016) Kat:3, Licht: 2","20392","3","6","3","11","04","1","","2","0","1","0","0"
"POINT (8.719783784000001 50.064509706999999)","Unfall 20396 (2016) Kat:3, Licht: 0","20396","3","6","2","11","15","5","","0","0","1","0","0"
"POINT (8.653826167000000 50.192443126999997)","Unfall 20412 (2016) Kat:3, Licht: 0","20412","3","1","9","11","12","7","","0","0","1","0","0"
"POINT (8.707026729000001 50.128497007999997)","Unfall 20418 (2016) Kat:3, Licht: 0","20418","3","4","6","11","08","5","","0","0","1","1","0"
"POINT (8.730597116000000 50.118637354999997)","Unfall 20420 (2016) Kat:3, Licht: 2","20420","3","3","5","11","20","4","","2","0","1","0","0"
"POINT (8.670262248000000 50.138670838000003)","Unfall 20431 (2016) Kat:3, Licht: 2","20431","3","3","5","11","21","7","","2","0","1","0","0"
"POINT (8.603125235000000 50.156807569999998)","Unfall 20443 (2016) Kat:3, Licht: 0","20443","3","6","3","11","10","6","","0","0","1","0","0"
"POINT (8.636139864000000 50.123982466000001)","Unfall 20455 (2016) Kat:3, Licht: 2","20455","3","6","3","11","17","4","","2","0","1","0","1"
"POINT (8.766640300000001 50.132604250000000)","Unfall 20456 (2016) Kat:3, Licht: 0","20456","3","6","2","10","10","2","","0","0","1","0","0"
"POINT (8.615876230000000 50.100410752000002)","Unfall 20471 (2016) Kat:3, Licht: 2","20471","3","6","2","11","00","1","","2","0","1","0","0"
"POINT (8.686276077000001 50.112425924000000)","Unfall 20491 (2016) Kat:3, Licht: 2","20491","3","6","2","11","21","4","","2","0","1","0","0"
"POINT (8.617910697999999 50.087018381999997)","Unfall 20545 (2016) Kat:2, Licht: 2","20545","2","1","9","11","22","1","","2","0","1","0","0"
"POINT (8.566209600000001 50.122564548000000)","Unfall 20552 (2016) Kat:3, Licht: 2","20552","3","3","5","11","05","3","","2","0","1","0","0"
"POINT (8.580332150000000 50.100174180000003)","Unfall 20553 (2016) Kat:3, Licht: 0","20553","3","3","5","11","15","6","","0","0","1","0","0"
"POINT (8.601398330000000 50.154156845999999)","Unfall 20584 (2016) Kat:3, Licht: 2","20584","3","6","2","10","22","5","","2","0","1","0","0"
"POINT (8.542690292000000 50.118904352000001)","Unfall 20599 (2016) Kat:3, Licht: 2","20599","3","6","2","10","18","5","","2","0","1","0","0"
"POINT (8.604378465000000 50.100153636000002)","Unfall 20603 (2016) Kat:3, Licht: 0","20603","3","6","3","11","08","3","","0","0","1","0","0"
"POINT (8.732343793000000 50.118983370000002)","Unfall 20616 (2016) Kat:3, Licht: 0","20616","3","6","2","11","09","4","","0","0","1","0","0"
"POINT (8.542227924000001 50.118735485000002)","Unfall 20626 (2016) Kat:3, Licht: 1","20626","3","6","2","11","16","2","","1","0","1","0","0"
"POINT (8.718452687999999 50.064390965999998)","Unfall 20631 (2016) Kat:3, Licht: 2","20631","3","6","2","11","18","4","","2","0","1","0","0"
"POINT (8.591771868000000 50.136720683000000)","Unfall 20632 (2016) Kat:3, Licht: 2","20632","3","6","2","11","17","5","","2","0","1","0","0"
"POINT (8.606384531000000 50.097696100999997)","Unfall 20636 (2016) Kat:2, Licht: 0","20636","2","4","6","11","13","4","","0","0","1","1","0"
"POINT (8.733948764999999 50.131144307000000)","Unfall 20643 (2016) Kat:2, Licht: 2","20643","2","6","1","11","18","4","","2","0","1","0","0"
"POINT (8.655484526000000 50.112350593000002)","Unfall 20646 (2016) Kat:3, Licht: 2","20646","3","7","6","11","23","3","","2","0","1","1","0"
"POINT (8.666075300999999 50.147978424999998)","Unfall 20650 (2016) Kat:3, Licht: 2","20650","3","2","5","11","21","5","","2","0","1","0","0"
"POINT (8.617077796000000 50.091009352000000)","Unfall 20657 (2016) Kat:3, Licht: 2","20657","3","1","8","11","20","2","","2","0","1","0","0"
"POINT (8.645812546000000 50.162088146999999)","Unfall 20663 (2016) Kat:2, Licht: 0","20663","2","2","6","11","09","2","","0","0","1","1","0"
"POINT (8.615518937999999 50.075402420000003)","Unfall 20678 (2016) Kat:3, Licht: 0","20678","3","6","2","11","08","3","","0","0","1","0","0"
"POINT (8.593181400000001 50.087144608999999)","Unfall 20685 (2016) Kat:3, Licht: 2","20685","3","1","2","10","21","4","","2","0","1","0","0"
"POINT (8.597938462000000 50.131094418000004)","Unfall 20686 (2016) Kat:3, Licht: 2","20686","3","7","1","11","19","4","","2","0","1","0","0"
"POINT (8.663210490000001 50.108341629999998)","Unfall 20687 (2016) Kat:3, Licht: 0","20687","3","7","0","10","10","2","","0","0","1","0","0"
"POINT (8.701442851000000 50.100878993000002)","Unfall 20701 (2016) Kat:3, Licht: 0","20701","3","6","4","10","08","4","","0","0","0","0","0"
"POINT (8.483527136999999 50.093291823999998)","Unfall 20713 (2016) Kat:2, Licht: 2","20713","2","6","3","11","16","4","","2","0","1","0","0"
"POINT (8.607888540999999 50.100318598999998)","Unfall 20716 (2016) Kat:1, Licht: 2","20716","1","4","6","11","01","1","","2","0","0","1","0"
"POINT (8.739271262999999 50.095559385999998)","Unfall 20718 (2016) Kat:3, Licht: 2","20718","3","1","9","10","00","7","","2","0","1","0","0"
"POINT (8.695118967000001 50.106443523999999)","Unfall 20721 (2016) Kat:3, Licht: 0","20721","3","6","2","11","11","2","","0","0","1","0","0"
"POINT (8.683863964000000 50.131678796000003)","Unfall 20725 (2016) Kat:3, Licht: 0","20725","3","3","5","11","09","5","","0","0","1","0","0"
"POINT (8.672186417000001 50.131726018000002)","Unfall 20727 (2016) Kat:3, Licht: 0","20727","3","3","5","11","08","4","","0","0","1","0","1"
"POINT (8.726306800000000 50.100366974000003)","Unfall 20732 (2016) Kat:3, Licht: 0","20732","3","3","5","10","14","4","","0","0","0","0","0"
"POINT (8.763903944000001 50.135812911000002)","Unfall 20738 (2016) Kat:3, Licht: 2","20738","3","2","5","11","16","7","","2","0","1","0","0"
"POINT (8.666253623999999 50.147897186999998)","Unfall 20741 (2016) Kat:3, Licht: 0","20741","3","6","2","11","12","4","","0","0","1","0","0"
"POINT (8.723854273000001 50.159477273000000)","Unfall 20744 (2016) Kat:3, Licht: 0","20744","3","6","2","10","12","4","","0","0","1","0","0"
"POINT (8.684566354999999 50.097047451999998)","Unfall 20748 (2016) Kat:2, Licht: 2","20748","2","3","5","11","20","2","","2","1","1","0","0"
"POINT (8.607087587000001 50.164441592999999)","Unfall 20759 (2016) Kat:3, Licht: 2","20759","3","1","8","11","19","1","","2","0","1","0","0"
"POINT (8.744935763999999 50.156948988000003)","Unfall 20763 (2016) Kat:3, Licht: 0","20763","3","6","2","11","10","7","","0","0","1","0","0"
"POINT (8.725509686000001 50.141856593999997)","Unfall 20764 (2016) Kat:3, Licht: 0","20764","3","6","2","10","17","4","","0","1","1","0","0"
"POINT (8.589958116000000 50.132758355000000)","Unfall 20783 (2016) Kat:3, Licht: 0","20783","3","6","2","11","15","1","","0","0","1","0","0"
"POINT (8.696439140000001 50.135667398000002)","Unfall 20789 (2016) Kat:2, Licht: 0","20789","2","7","6","11","12","3","","0","0","1","1","0"
"POINT (8.747642312000000 50.139685174999997)","Unfall 20815 (2016) Kat:3, Licht: 0","20815","3","6","2","11","07","6","","0","0","1","0","0"
"POINT (8.675218428999999 50.091734854999999)","Unfall 20825 (2016) Kat:3, Licht: 0","20825","3","4","6","11","07","6","","0","0","0","1","0"
"POINT (8.532091804000000 50.115031039000002)","Unfall 20828 (2016) Kat:3, Licht: 1","20828","3","6","2","11","17","5","","1","0","1","0","0"
"POINT (8.656774002000001 50.078342978999999)","Unfall 20838 (2016) Kat:3, Licht: 2","20838","3","1","0","11","19","3","","2","0","0","0","1"
"POINT (8.597347915000000 50.146801099999998)","Unfall 20846 (2016) Kat:3, Licht: 2","20846","3","6","2","11","17","3","","2","0","1","0","0"
"POINT (8.686230052000001 50.155331283999999)","Unfall 20862 (2016) Kat:3, Licht: 0","20862","3","3","5","10","09","5","","0","0","1","0","0"
"POINT (8.632180883000000 50.134617491000000)","Unfall 20875 (2016) Kat:3, Licht: 2","20875","3","6","2","11","19","6","","2","0","1","0","0"
"POINT (8.530984885000001 50.114624759999998)","Unfall 20878 (2016) Kat:3, Licht: 0","20878","3","6","2","11","10","5","","0","0","1","0","0"
"POINT (8.664919360000001 50.103023034000003)","Unfall 20880 (2016) Kat:3, Licht: 0","20880","3","4","6","11","07","3","","0","1","0","1","0"
"POINT (8.731686905000000 50.118420751999999)","Unfall 20896 (2016) Kat:3, Licht: 0","20896","3","6","3","11","13","2","","0","0","1","0","0"
"POINT (8.702764587000001 50.100229767000002)","Unfall 20899 (2016) Kat:3, Licht: 2","20899","3","6","3","11","19","5","","2","0","1","0","0"
"POINT (8.670085125000000 50.098403881999999)","Unfall 20901 (2016) Kat:3, Licht: 0","20901","3","6","3","11","15","4","","0","0","1","0","0"
"POINT (8.621572382000000 50.151720417000000)","Unfall 20938 (2016) Kat:3, Licht: 0","20938","3","3","5","11","12","4","","0","1","1","0","0"
"POINT (8.598720970000001 50.136590818999998)","Unfall 20939 (2016) Kat:3, Licht: 0","20939","3","2","5","10","13","2","","0","1","1","0","0"
"POINT (8.616466183000000 50.093103057999997)","Unfall 20954 (2016) Kat:2, Licht: 0","20954","2","1","3","11","08","7","","0","0","1","0","0"
"POINT (8.578496702000001 50.125194180999998)","Unfall 20968 (2016) Kat:3, Licht: 2","20968","3","6","2","11","18","4","","2","0","1","0","0"
"POINT (8.652554049000001 50.125199944000002)","Unfall 20970 (2016) Kat:3, Licht: 1","20970","3","1","8","11","16","7","","1","0","1","0","0"
"POINT (8.664673314000000 50.107511379000002)","Unfall 20973 (2016) Kat:2, Licht: 0","20973","2","4","6","11","15","4","","0","0","1","1","0"
"POINT (8.688665695999999 50.159207164999998)","Unfall 20985 (2016) Kat:3, Licht: 1","20985","3","6","2","11","16","4","","1","0","1","0","0"
"POINT (8.656746008000001 50.207742961000001)","Unfall 21003 (2016) Kat:2, Licht: 2","21003","2","6","2","10","21","2","","2","0","1","0","0"
"POINT (8.657169451000000 50.110880539999997)","Unfall 21006 (2016) Kat:2, Licht: 0","21006","2","3","5","10","12","7","","0","0","1","0","0"
"POINT (8.611973484000000 50.172914777000003)","Unfall 21028 (2016) Kat:3, Licht: 2","21028","3","6","2","11","19","5","","2","0","1","0","0"
"POINT (8.748670125000000 50.146194960000003)","Unfall 21034 (2016) Kat:3, Licht: 0","21034","3","3","5","11","14","3","","0","0","1","0","0"
"POINT (8.724547432000000 50.064619241000003)","Unfall 21041 (2016) Kat:3, Licht: 2","21041","3","6","2","10","17","2","","2","0","1","0","0"
"POINT (8.539094907000001 50.117591155000000)","Unfall 21045 (2016) Kat:3, Licht: 2","21045","3","6","2","10","20","1","","2","0","1","0","0"
"POINT (8.579377424000001 50.123580261999997)","Unfall 21064 (2016) Kat:3, Licht: 2","21064","3","2","5","11","17","3","","2","0","1","0","0"
"POINT (8.528640168000001 50.113764269000001)","Unfall 21065 (2016) Kat:3, Licht: 0","21065","3","6","2","10","20","6","","0","0","1","0","0"
"POINT (8.670035166000000 50.097097067999997)","Unfall 21091 (2016) Kat:2, Licht: 1","21091","2","3","5","11","07","3","","1","1","1","0","0"
"POINT (8.656276810000000 50.081625215999999)","Unfall 21099 (2016) Kat:3, Licht: 2","21099","3","6","2","11","19","4","","2","0","1","0","0"
"POINT (8.587634054000001 50.132557237999997)","Unfall 21104 (2016) Kat:3, Licht: 0","21104","3","7","0","11","10","7","","0","0","1","0","0"
"POINT (8.538176038000000 50.117255514000000)","Unfall 21115 (2016) Kat:3, Licht: 0","21115","3","6","2","11","13","5","","0","0","1","0","0"
"POINT (8.612950034000001 50.070861544000003)","Unfall 21130 (2016) Kat:2, Licht: 0","21130","2","6","3","10","11","7","","0","0","1","0","0"
"POINT (8.666085498999999 50.148287455000002)","Unfall 21133 (2016) Kat:3, Licht: 2","21133","3","5","1","11","18","2","","2","0","1","0","1"
"POINT (8.637385245999999 50.133908153999997)","Unfall 21158 (2016) Kat:3, Licht: 0","21158","3","6","2","11","16","3","","0","0","1","0","0"
"POINT (8.692330439999999 50.143792701999999)","Unfall 21166 (2016) Kat:2, Licht: 1","21166","2","6","2","11","16","4","","1","0","1","0","0"
"POINT (8.695192247000000 50.132915386000001)","Unfall 21167 (2016) Kat:3, Licht: 0","21167","3","2","3","10","07","2","","0","1","1","0","0"
"POINT (8.725041095000000 50.115937571000003)","Unfall 21207 (2016) Kat:3, Licht: 1","21207","3","3","5","11","17","5","","1","0","1","0","0"
"POINT (8.694560501000000 50.109163467999998)","Unfall 21209 (2016) Kat:3, Licht: 0","21209","3","6","4","11","15","4","","0","1","0","0","0"
"POINT (8.663326558000000 50.150553664000000)","Unfall 21220 (2016) Kat:3, Licht: 0","21220","3","6","2","11","16","7","","0","0","1","0","0"
"POINT (8.597423578000001 50.100300245000000)","Unfall 21230 (2016) Kat:3, Licht: 2","21230","3","2","5","11","20","2","","2","0","1","0","0"
"POINT (8.742275627000000 50.123213638000003)","Unfall 21242 (2016) Kat:3, Licht: 0","21242","3","6","2","10","09","6","","0","0","1","0","0"
"POINT (8.700653588000000 50.210020493000002)","Unfall 21260 (2016) Kat:3, Licht: 0","21260","3","2","5","10","13","3","","0","0","1","0","0"
"POINT (8.610793329000000 50.100477118000001)","Unfall 21263 (2016) Kat:3, Licht: 2","21263","3","1","3","11","19","1","","2","0","1","0","0"
"POINT (8.590825049999999 50.131749872000000)","Unfall 21267 (2016) Kat:3, Licht: 0","21267","3","6","2","10","14","3","","0","0","1","0","0"
"POINT (8.570617245999999 50.098825183999999)","Unfall 21269 (2016) Kat:3, Licht: 2","21269","3","2","3","11","19","3","","2","0","1","0","0"
"POINT (8.670376328000000 50.097253320999997)","Unfall 21270 (2016) Kat:3, Licht: 0","21270","3","6","2","11","08","6","","0","0","1","0","0"
"POINT (8.652282854999999 50.116738959999999)","Unfall 21304 (2016) Kat:3, Licht: 0","21304","3","3","5","11","13","6","","0","0","1","0","0"
"POINT (8.611200380000000 50.066756200999997)","Unfall 21307 (2016) Kat:3, Licht: 0","21307","3","6","3","11","10","5","","0","0","1","0","0"
"POINT (8.741272309999999 50.122805413999998)","Unfall 21316 (2016) Kat:3, Licht: 0","21316","3","6","2","11","10","7","","0","0","1","0","0"
"POINT (8.655105337000000 50.112584857000002)","Unfall 21317 (2016) Kat:3, Licht: 2","21317","3","3","5","11","19","3","","2","1","0","0","0"
"POINT (8.596081368000000 50.057931852999999)","Unfall 21325 (2016) Kat:3, Licht: 2","21325","3","6","2","11","17","3","","2","0","1","0","0"
"POINT (8.606119026000000 50.104646330000001)","Unfall 21345 (2016) Kat:3, Licht: 2","21345","3","6","2","11","16","5","","2","0","1","0","0"
"POINT (8.484012175000000 50.091637753999997)","Unfall 21350 (2016) Kat:2, Licht: 0","21350","2","6","2","11","14","6","","0","0","1","0","0"
"POINT (8.610186927999999 50.100983321999998)","Unfall 21360 (2016) Kat:3, Licht: 2","21360","3","6","2","11","19","6","","2","0","1","0","0"
"POINT (8.523258777000001 50.037762166999997)","Unfall 21361 (2016) Kat:3, Licht: 2","21361","3","2","2","11","22","4","","2","0","1","0","0"
"POINT (8.670882557000001 50.089333418999999)","Unfall 21365 (2016) Kat:3, Licht: 2","21365","3","6","2","11","17","3","","2","0","1","0","0"
"POINT (8.647220496999999 50.056798031000000)","Unfall 21366 (2016) Kat:3, Licht: 2","21366","3","6","2","10","05","6","","2","0","1","0","0"
"POINT (8.614940538000001 50.095927908999997)","Unfall 21376 (2016) Kat:3, Licht: 2","21376","3","6","3","11","17","2","","2","0","1","0","0"
"POINT (8.651825263999999 50.115647170000003)","Unfall 21382 (2016) Kat:3, Licht: 0","21382","3","6","3","11","12","2","","0","0","1","0","0"
"POINT (8.647309694000001 50.056878017000003)","Unfall 21392 (2016) Kat:3, Licht: 2","21392","3","6","2","11","17","2","","2","0","1","0","0"
"POINT (8.688694167000000 50.062117950999998)","Unfall 21404 (2016) Kat:3, Licht: 2","21404","3","3","2","11","17","4","","2","0","1","0","0"
"POINT (8.657457434000000 50.208307378000001)","Unfall 21411 (2016) Kat:3, Licht: 0","21411","3","6","2","10","21","2","","0","0","1","0","0"
"POINT (8.663320728000000 50.203230501000000)","Unfall 21419 (2016) Kat:2, Licht: 2","21419","2","4","6","11","19","4","","2","0","1","1","0"
"POINT (8.672093047000001 50.133426941000003)","Unfall 21420 (2016) Kat:3, Licht: 2","21420","3","7","0","10","20","2","","2","0","1","0","0"
"POINT (8.630419420000001 50.101734770000000)","Unfall 21426 (2016) Kat:3, Licht: 2","21426","3","3","5","11","16","1","","2","1","1","0","0"
"POINT (8.666946985999999 50.103970990999997)","Unfall 21431 (2016) Kat:3, Licht: 2","21431","3","6","3","11","20","2","","2","0","1","0","1"
"POINT (8.723238467000000 50.140802680000000)","Unfall 21449 (2016) Kat:3, Licht: 1","21449","3","1","8","11","07","7","","1","0","0","0","0"
"POINT (8.675518405000000 50.068494008000002)","Unfall 21452 (2016) Kat:2, Licht: 0","21452","2","7","9","11","14","4","","0","0","1","0","0"
"POINT (8.587370483000001 50.053598573999999)","Unfall 21464 (2016) Kat:3, Licht: 2","21464","3","6","3","11","20","4","","2","0","1","0","0"
"POINT (8.635064088000000 50.195193453000002)","Unfall 21495 (2016) Kat:3, Licht: 0","21495","3","6","2","11","13","7","","0","0","1","0","0"
"POINT (8.587189965000000 50.055480248000002)","Unfall 21496 (2016) Kat:3, Licht: 2","21496","3","7","5","11","17","2","","2","1","1","0","0"
"POINT (8.645916994000000 50.201162468000000)","Unfall 21514 (2016) Kat:2, Licht: 0","21514","2","6","2","11","08","2","","0","0","1","0","0"
"POINT (8.775293724000001 50.158724092000000)","Unfall 21522 (2016) Kat:3, Licht: 2","21522","3","3","5","11","18","7","","2","0","1","0","0"
"POINT (8.699058683000001 50.084267963999999)","Unfall 21534 (2016) Kat:3, Licht: 0","21534","3","1","9","11","10","2","","0","0","1","0","0"
"POINT (8.684579753000000 50.137463347999997)","Unfall 21539 (2016) Kat:3, Licht: 1","21539","3","2","5","11","07","3","","1","1","1","0","0"
"POINT (8.555342053000000 50.123478300000002)","Unfall 21557 (2016) Kat:3, Licht: 2","21557","3","6","3","11","17","5","","2","0","1","0","0"
"POINT (8.692464128999999 50.106949415999999)","Unfall 21560 (2016) Kat:3, Licht: 0","21560","3","3","5","11","11","6","","0","0","1","0","0"
"POINT (8.667122975000000 50.100626515999998)","Unfall 21562 (2016) Kat:3, Licht: 2","21562","3","6","2","11","20","7","","2","0","1","0","0"
"POINT (8.643018371000000 50.096279088999999)","Unfall 21563 (2016) Kat:3, Licht: 0","21563","3","3","5","11","11","6","","0","1","1","0","0"
"POINT (8.590235009000001 50.134990412999997)","Unfall 21577 (2016) Kat:3, Licht: 2","21577","3","6","2","12","18","5","","2","0","1","0","0"
"POINT (8.749239620999999 50.126124175999998)","Unfall 21593 (2016) Kat:3, Licht: 0","21593","3","6","2","11","11","3","","0","0","1","0","0"
"POINT (8.715483978000000 50.112690086000001)","Unfall 21595 (2016) Kat:3, Licht: 2","21595","3","4","6","11","17","7","","2","0","1","1","0"
"POINT (8.659752767000001 50.060823521000003)","Unfall 21599 (2016) Kat:3, Licht: 2","21599","3","6","2","11","19","5","","2","0","1","0","0"
"POINT (8.647342189000000 50.199242290999997)","Unfall 21626 (2016) Kat:3, Licht: 0","21626","3","1","9","11","09","4","","0","0","1","0","0"
"POINT (8.629759587000001 50.192164384000002)","Unfall 21628 (2016) Kat:3, Licht: 0","21628","3","6","2","12","09","5","","0","0","1","0","0"
"POINT (8.657014764000000 50.080697960999998)","Unfall 21638 (2016) Kat:3, Licht: 0","21638","3","3","5","12","07","5","","0","0","1","0","0"
"POINT (8.623280618000001 50.185406858000000)","Unfall 21646 (2016) Kat:2, Licht: 1","21646","2","3","5","11","16","2","","1","1","1","0","0"
"POINT (8.680629462000001 50.111484212000001)","Unfall 21647 (2016) Kat:2, Licht: 2","21647","2","4","6","11","19","3","","2","0","1","1","0"
"POINT (8.590956799000001 50.133166035999999)","Unfall 21650 (2016) Kat:3, Licht: 2","21650","3","1","9","11","19","6","","2","0","1","0","0"
"POINT (8.647226829999999 50.056803709000000)","Unfall 21656 (2016) Kat:3, Licht: 2","21656","3","6","2","11","19","6","","2","0","1","0","0"
"POINT (8.635643982000000 50.102233214000002)","Unfall 21697 (2016) Kat:3, Licht: 2","21697","3","6","2","11","17","5","","2","0","1","0","0"
"POINT (8.616484284000000 50.134392409000000)","Unfall 21702 (2016) Kat:3, Licht: 0","21702","3","2","5","11","07","3","","0","1","1","0","0"
"POINT (8.727568915000001 50.161293342000000)","Unfall 21718 (2016) Kat:3, Licht: 0","21718","3","6","2","11","16","2","","0","0","1","0","0"
"POINT (8.563204519999999 50.051201566000003)","Unfall 21737 (2016) Kat:3, Licht: 2","21737","3","6","2","12","00","5","","2","0","1","0","0"
"POINT (8.569374628000000 50.122964146999998)","Unfall 21753 (2016) Kat:2, Licht: 0","21753","2","4","6","11","12","2","","0","0","0","1","0"
"POINT (8.697161061999999 50.109456629999997)","Unfall 21754 (2016) Kat:3, Licht: 2","21754","3","3","5","11","17","3","","2","1","1","0","0"
"POINT (8.505785259000000 50.097190843000000)","Unfall 21759 (2016) Kat:3, Licht: 0","21759","3","4","6","11","13","4","","0","0","1","1","0"
"POINT (8.644311252000000 50.083695988000002)","Unfall 21796 (2016) Kat:3, Licht: 0","21796","3","2","3","12","09","5","","0","0","1","0","0"
"POINT (8.658429108000000 50.101133210999997)","Unfall 21809 (2016) Kat:3, Licht: 0","21809","3","3","5","12","11","2","","0","0","1","0","0"
"POINT (8.705275506000000 50.062073206999997)","Unfall 21815 (2016) Kat:3, Licht: 0","21815","3","6","2","12","09","5","","0","0","1","0","0"
"POINT (8.700890490000001 50.149604668999999)","Unfall 21819 (2016) Kat:2, Licht: 0","21819","2","1","4","12","10","7","","0","0","1","0","0"
"POINT (8.741563266000000 50.123149527000002)","Unfall 21825 (2016) Kat:3, Licht: 0","21825","3","6","3","12","13","7","","0","0","1","0","0"
"POINT (8.764383167000000 50.135804602000000)","Unfall 21845 (2016) Kat:3, Licht: 2","21845","3","1","4","12","19","4","","2","0","1","0","0"
"POINT (8.681064091000000 50.157971893000003)","Unfall 21847 (2016) Kat:3, Licht: 0","21847","3","6","2","12","15","6","","0","0","1","0","0"
"POINT (8.587059384000000 50.053609969999997)","Unfall 21850 (2016) Kat:3, Licht: 0","21850","3","6","2","12","09","4","","0","0","1","0","0"
"POINT (8.751475597000001 50.144813020000001)","Unfall 21857 (2016) Kat:3, Licht: 0","21857","3","4","6","12","12","6","","0","0","1","1","0"
"POINT (8.595658029000001 50.134238599000000)","Unfall 21866 (2016) Kat:3, Licht: 0","21866","3","6","2","12","08","3","","0","0","1","0","0"
"POINT (8.616265230000000 50.134645710000001)","Unfall 21906 (2016) Kat:3, Licht: 1","21906","3","6","2","12","07","6","","1","0","1","0","0"
"POINT (8.662169497000001 50.131284862999998)","Unfall 21912 (2016) Kat:3, Licht: 2","21912","3","6","2","12","18","6","","2","0","1","0","0"
"POINT (8.576121692999999 50.099630677999997)","Unfall 21933 (2016) Kat:3, Licht: 2","21933","3","1","1","12","05","5","","2","0","1","0","1"
"POINT (8.607988696000000 50.143989800000000)","Unfall 21945 (2016) Kat:2, Licht: 0","21945","2","7","6","12","12","1","","0","1","0","1","0"
"POINT (8.730350673000000 50.119393735999999)","Unfall 21947 (2016) Kat:3, Licht: 2","21947","3","6","2","12","18","2","","2","0","1","0","0"
"POINT (8.670264528000001 50.138654099000000)","Unfall 21959 (2016) Kat:3, Licht: 0","21959","3","3","5","12","12","7","","0","0","1","0","0"
"POINT (8.697739105000000 50.102227509999999)","Unfall 21963 (2016) Kat:2, Licht: 2","21963","2","7","4","12","17","7","","2","0","1","0","1"
"POINT (8.736019335000000 50.077562964999998)","Unfall 21971 (2016) Kat:2, Licht: 2","21971","2","6","3","12","05","2","","2","0","1","0","0"
"POINT (8.740931785000001 50.133421431999999)","Unfall 21983 (2016) Kat:3, Licht: 2","21983","3","6","2","12","18","3","","2","0","1","0","0"
"POINT (8.736259942000000 50.100356988000001)","Unfall 21987 (2016) Kat:3, Licht: 1","21987","3","1","0","12","07","4","","1","0","0","0","1"
"POINT (8.595636152999999 50.119546202999999)","Unfall 21992 (2016) Kat:2, Licht: 0","21992","2","6","2","12","09","4","","0","0","1","0","0"
"POINT (8.749783986000001 50.121567673999998)","Unfall 22000 (2016) Kat:2, Licht: 0","22000","2","3","5","12","11","5","","0","0","1","0","0"
"POINT (8.591445853000000 50.136944477999997)","Unfall 22022 (2016) Kat:3, Licht: 0","22022","3","6","2","12","14","6","","0","0","1","0","0"