WKT,Name,OBJECTID,UKATEGORIE,UTYP1,UART,UMONAT,USTUNDE,UWOCHENTAG,STRZUSTAND,ULICHTVERH,ISTRAD,ISTPKW,ISTFUSS,ISTKRAD
"POINT (8.669999497999999 50.139557156999999)","Unfall 22025 (2016) Kat:3, Licht: 0","22025","3","6","2","12","10","6","","0","0","1","0","0"
"POINT (8.711076116999999 50.122722977999999)","Unfall 22050 (2016) Kat:3, Licht: 1","22050","3","3","5","12","17","6","","1","0","1","0","0"
"POINT (8.731968552000000 50.118658619000001)","Unfall 22052 (2016) Kat:3, Licht: 2","22052","3","6","2","12","17","4","","2","0","1","0","0"
"POINT (8.677338183000000 50.061149557000000)","Unfall 22056 (2016) Kat:3, Licht: 0","22056","3","1","9","12","08","4","","0","0","1","0","0"
"POINT (8.622070470000001 50.100911705999998)","Unfall 22061 (2016) Kat:3, Licht: 0","22061","3","6","2","12","14","1","","0","0","1","0","0"
"POINT (8.643785921999999 50.200274049000001)","Unfall 22070 (2016) Kat:3, Licht: 0","22070","3","3","5","12","09","3","","0","0","1","0","0"
"POINT (8.658178093000000 50.078352717000001)","Unfall 22082 (2016) Kat:3, Licht: 0","22082","3","1","8","12","12","7","","0","0","1","0","0"
"POINT (8.483257950000001 50.094393840999999)","Unfall 22097 (2016) Kat:3, Licht: 2","22097","3","6","2","12","17","7","","2","0","1","0","0"
"POINT (8.629036543000000 50.129412811999998)","Unfall 22104 (2016) Kat:3, Licht: 0","22104","3","3","5","12","12","4","","0","0","1","0","0"
"POINT (8.531055672999999 50.114464579000000)","Unfall 22107 (2016) Kat:3, Licht: 2","22107","3","6","2","12","02","1","","2","0","1","0","0"
"POINT (8.705065318999999 50.120366642999997)","Unfall 22108 (2016) Kat:3, Licht: 0","22108","3","2","5","12","08","3","","0","1","1","0","0"
"POINT (8.768882989000000 50.133822371999997)","Unfall 22112 (2016) Kat:3, Licht: 0","22112","3","6","3","12","13","5","","0","0","1","0","0"
"POINT (8.745734600000001 50.153151457000000)","Unfall 22132 (2016) Kat:3, Licht: 0","22132","3","6","2","12","13","4","","0","0","1","0","0"
"POINT (8.557739443999999 50.124528556000001)","Unfall 22145 (2016) Kat:3, Licht: 1","22145","3","1","2","12","08","1","","1","0","1","0","0"
"POINT (8.619361874000001 50.131559062000001)","Unfall 22159 (2016) Kat:3, Licht: 0","22159","3","6","2","12","08","6","","0","0","1","0","0"
"POINT (8.731100057000001 50.119147532000000)","Unfall 22162 (2016) Kat:3, Licht: 0","22162","3","7","8","12","10","5","","0","0","1","0","0"
"POINT (8.654448823999999 50.192147515000002)","Unfall 22178 (2016) Kat:2, Licht: 0","22178","2","1","9","12","10","2","","0","0","1","0","0"
"POINT (8.667944162000000 50.145344750000000)","Unfall 22179 (2016) Kat:3, Licht: 2","22179","3","3","5","12","05","4","","2","1","1","0","0"
"POINT (8.679340649000000 50.106029515000003)","Unfall 22204 (2016) Kat:3, Licht: 2","22204","3","5","1","12","04","1","","2","0","1","0","0"
"POINT (8.602234708999999 50.110053024999999)","Unfall 22214 (2016) Kat:3, Licht: 0","22214","3","6","2","12","07","3","","0","0","1","0","0"
"POINT (8.691012439000000 50.088150775000003)","Unfall 22217 (2016) Kat:3, Licht: 0","22217","3","6","2","12","09","1","","0","0","1","0","0"
"POINT (8.534016782000000 50.115736132000002)","Unfall 22224 (2016) Kat:3, Licht: 0","22224","3","1","8","12","08","1","","0","0","1","0","0"
"POINT (8.618570795000000 50.134693894999998)","Unfall 22235 (2016) Kat:3, Licht: 1","22235","3","1","9","12","07","6","","1","0","1","0","0"
"POINT (8.665277997000001 50.106038699000003)","Unfall 22242 (2016) Kat:3, Licht: 0","22242","3","6","2","12","15","2","","0","0","1","0","0"
"POINT (8.662408468000001 50.090611553999999)","Unfall 22249 (2016) Kat:3, Licht: 2","22249","3","3","5","12","20","5","","2","0","1","0","0"
"POINT (8.706894953000001 50.112580618000003)","Unfall 22269 (2016) Kat:3, Licht: 2","22269","3","6","0","12","22","1","","2","0","1","0","1"
"POINT (8.733193402000000 50.115192589999999)","Unfall 22273 (2016) Kat:2, Licht: 2","22273","2","6","3","12","17","2","","2","0","1","0","0"
"POINT (8.711793288000001 50.134114373999999)","Unfall 22280 (2016) Kat:3, Licht: 2","22280","3","2","0","12","07","3","","2","1","1","0","0"
"POINT (8.661082401000000 50.102395524000002)","Unfall 22284 (2016) Kat:3, Licht: 2","22284","3","6","0","12","19","4","","2","0","1","0","1"
"POINT (8.662137138000000 50.108821167999999)","Unfall 22294 (2016) Kat:3, Licht: 2","22294","3","4","6","12","20","6","","2","0","1","1","0"
"POINT (8.705146806000000 50.144299904000000)","Unfall 22315 (2016) Kat:3, Licht: 0","22315","3","6","2","12","14","1","","0","0","1","0","0"
"POINT (8.624335301000000 50.101130740999999)","Unfall 22330 (2016) Kat:3, Licht: 0","22330","3","6","2","12","14","6","","0","0","1","0","0"
"POINT (8.690329208000000 50.147493359999999)","Unfall 22343 (2016) Kat:3, Licht: 2","22343","3","3","5","12","20","7","","2","0","1","0","0"
"POINT (8.707764030000000 50.126492376000002)","Unfall 22353 (2016) Kat:3, Licht: 0","22353","3","1","0","12","15","2","","0","1","0","0","0"
"POINT (8.661847354000001 50.108950630000002)","Unfall 22366 (2016) Kat:3, Licht: 0","22366","3","4","0","12","15","5","","0","0","0","1","0"
"POINT (8.581040356000001 50.055130317000000)","Unfall 22367 (2016) Kat:3, Licht: 0","22367","3","3","5","12","10","4","","0","0","1","0","0"
"POINT (8.589965734000000 50.132752140000001)","Unfall 22382 (2016) Kat:3, Licht: 2","22382","3","6","2","12","21","2","","2","0","1","0","0"
"POINT (8.534141693000001 50.115781763999998)","Unfall 22398 (2016) Kat:2, Licht: 2","22398","2","7","8","12","07","1","","2","0","1","0","0"
"POINT (8.580535703000001 50.131898257000003)","Unfall 22403 (2016) Kat:3, Licht: 2","22403","3","6","2","12","17","5","","2","0","1","0","0"
"POINT (8.709745057999999 50.149685298999998)","Unfall 22413 (2016) Kat:3, Licht: 2","22413","3","3","5","12","19","2","","2","1","1","0","0"
"POINT (8.752161087999999 50.127199050000002)","Unfall 22418 (2016) Kat:3, Licht: 0","22418","3","3","5","12","15","6","","0","1","1","0","0"
"POINT (8.507087147000000 50.076647516000001)","Unfall 22421 (2016) Kat:3, Licht: 0","22421","3","6","2","12","12","5","","0","0","1","0","0"
"POINT (8.522064919000000 50.111894812000003)","Unfall 22422 (2016) Kat:3, Licht: 0","22422","3","3","5","12","08","5","","0","0","1","0","0"
"POINT (8.688987062000001 50.158407609999998)","Unfall 22430 (2016) Kat:3, Licht: 2","22430","3","3","5","12","16","3","","2","1","1","0","0"
"POINT (8.692459036000001 50.106866185999998)","Unfall 22435 (2016) Kat:3, Licht: 1","22435","3","6","2","12","08","4","","1","0","1","0","0"
"POINT (8.690990830000001 50.088276518999997)","Unfall 22457 (2016) Kat:3, Licht: 2","22457","3","6","2","12","20","4","","2","0","1","0","0"
"POINT (8.719730138999999 50.064510816999999)","Unfall 22487 (2016) Kat:3, Licht: 2","22487","3","6","2","12","18","6","","2","0","1","0","0"
"POINT (8.719131121000000 50.064455723999998)","Unfall 22488 (2016) Kat:3, Licht: 2","22488","3","6","2","12","17","4","","2","0","1","0","0"
"POINT (8.747724750000000 50.146653442000002)","Unfall 22507 (2016) Kat:3, Licht: 0","22507","3","6","3","12","15","5","","0","1","0","0","0"
"POINT (8.667454944999999 50.100343721999998)","Unfall 22512 (2016) Kat:3, Licht: 0","22512","3","6","2","12","13","3","","0","0","1","0","0"
"POINT (8.616250258999999 50.133528231000000)","Unfall 22523 (2016) Kat:3, Licht: 1","22523","3","7","2","12","16","3","","1","0","1","0","0"
"POINT (8.680977242999999 50.165414478999999)","Unfall 22525 (2016) Kat:3, Licht: 2","22525","3","4","6","12","07","2","","2","0","1","1","0"
"POINT (8.739857110999999 50.100086531000002)","Unfall 22528 (2016) Kat:3, Licht: 0","22528","3","7","0","12","11","2","","0","0","1","0","0"
"POINT (8.665638331000000 50.093295097999999)","Unfall 22547 (2016) Kat:3, Licht: 2","22547","3","6","2","12","20","7","","2","0","1","0","0"
"POINT (8.653919909000001 50.120208415999997)","Unfall 22568 (2016) Kat:3, Licht: 0","22568","3","6","0","12","08","6","","0","0","1","0","1"
"POINT (8.589987875000000 50.131767519999997)","Unfall 22585 (2016) Kat:3, Licht: 0","22585","3","6","3","12","10","4","","0","0","1","0","0"
"POINT (8.552262652000000 50.107219092000001)","Unfall 22592 (2016) Kat:2, Licht: 0","22592","2","4","6","12","14","3","","0","0","1","1","0"
"POINT (8.603435464000000 50.055066470000000)","Unfall 22608 (2016) Kat:3, Licht: 2","22608","3","1","8","12","05","7","","2","0","1","0","0"
"POINT (8.534096989000000 50.115765433000000)","Unfall 22614 (2016) Kat:2, Licht: 1","22614","2","7","0","12","16","7","","1","0","1","0","0"
"POINT (8.655290818999999 50.183217687999999)","Unfall 22626 (2016) Kat:2, Licht: 2","22626","2","6","2","12","04","5","","2","0","1","0","0"
"POINT (8.752859951000000 50.120555682999999)","Unfall 22644 (2016) Kat:3, Licht: 2","22644","3","3","5","12","04","1","","2","0","1","0","0"
"POINT (8.759642787000001 50.129766289999999)","Unfall 22657 (2016) Kat:3, Licht: 2","22657","3","2","6","12","17","6","","2","0","1","1","0"
"POINT (8.731477648000000 50.118962977999999)","Unfall 22661 (2016) Kat:3, Licht: 0","22661","3","3","5","12","13","3","","0","0","1","0","0"
"POINT (8.755083967999999 50.143051358999998)","Unfall 22663 (2016) Kat:3, Licht: 2","22663","3","2","5","12","21","3","","2","0","1","0","0"
"POINT (8.589897005999999 50.133506275000002)","Unfall 22680 (2016) Kat:3, Licht: 2","22680","3","6","2","12","18","3","","2","0","1","0","0"
"POINT (8.523266070000000 50.037765014000001)","Unfall 22746 (2016) Kat:3, Licht: 2","22746","3","6","2","12","17","3","","2","0","1","0","0"
"POINT (8.733359874000000 50.114847466000001)","Unfall 22774 (2016) Kat:3, Licht: 0","22774","3","6","3","12","14","5","","0","0","1","0","0"
"POINT (8.653110434000000 50.159090141999997)","Unfall 22788 (2016) Kat:2, Licht: 2","22788","2","4","6","12","00","1","","2","0","1","1","0"
"POINT (8.652045827000000 50.088374965000000)","Unfall 22804 (2016) Kat:3, Licht: 0","22804","3","3","2","12","13","6","","0","0","1","0","0"
"POINT (8.611586187000000 50.100106781999997)","Unfall 22808 (2016) Kat:3, Licht: 2","22808","3","6","3","12","20","3","","2","0","1","0","0"
"POINT (8.613308123000000 50.070976371000000)","Unfall 22814 (2016) Kat:3, Licht: 2","22814","3","1","9","12","19","1","","2","0","1","0","0"
"POINT (8.590039366999999 50.132567117999997)","Unfall 22826 (2016) Kat:3, Licht: 1","22826","3","3","2","12","17","3","","1","0","1","0","0"
"POINT (8.532927293000000 50.116062507000002)","Unfall 22841 (2016) Kat:3, Licht: 2","22841","3","6","2","12","19","5","","2","0","1","0","0"
"POINT (8.602588657000000 50.103245770999997)","Unfall 102364 (2016) Kat:3, Licht: 2","102364","3","7","0","01","22","4","","2","0","0","0","0"
"POINT (8.675721875000001 50.107588409999998)","Unfall 102389 (2016) Kat:3, Licht: 2","102389","3","3","5","01","06","2","","2","0","1","0","0"
"POINT (8.546344386000000 50.102347469000001)","Unfall 102416 (2016) Kat:3, Licht: 2","102416","3","6","2","01","06","6","","2","0","1","0","0"
"POINT (8.635698105000000 50.099616132000001)","Unfall 102475 (2016) Kat:3, Licht: 2","102475","3","2","6","01","18","3","","2","0","1","1","0"
"POINT (8.677864584000000 50.119657003000000)","Unfall 102486 (2016) Kat:3, Licht: 2","102486","3","3","5","01","04","6","","2","0","1","0","0"
"POINT (8.636184927000000 50.117083418999997)","Unfall 102511 (2016) Kat:2, Licht: 2","102511","2","2","6","01","07","2","","2","0","1","1","0"
"POINT (8.701230920000000 50.122922150000001)","Unfall 102584 (2016) Kat:2, Licht: 0","102584","2","2","6","01","10","4","","0","1","0","1","0"
"POINT (8.704069145000000 50.127774702000004)","Unfall 102599 (2016) Kat:2, Licht: 0","102599","2","7","0","01","15","3","","0","0","0","0","0"
"POINT (8.690490286999999 50.116628822000003)","Unfall 102606 (2016) Kat:3, Licht: 0","102606","3","3","5","01","08","2","","0","0","1","0","0"
"POINT (8.680939103000000 50.101978260000003)","Unfall 102618 (2016) Kat:3, Licht: 2","102618","3","1","8","01","02","1","","2","0","1","0","0"
"POINT (8.675675795000000 50.121722288000001)","Unfall 102635 (2016) Kat:3, Licht: 0","102635","3","7","9","01","15","6","","0","0","1","0","0"
"POINT (8.692100619000000 50.100749358999998)","Unfall 102650 (2016) Kat:3, Licht: 2","102650","3","2","6","01","17","7","","2","0","1","1","0"
"POINT (8.642106748000000 50.086518898999998)","Unfall 102668 (2016) Kat:2, Licht: 1","102668","2","2","5","01","06","2","","1","0","1","0","1"
"POINT (8.680528670999999 50.095987500000000)","Unfall 102670 (2016) Kat:3, Licht: 0","102670","3","3","6","01","11","2","","0","0","1","1","0"
"POINT (8.671382519000000 50.127327625000000)","Unfall 102672 (2016) Kat:3, Licht: 0","102672","3","6","2","01","12","7","","0","0","1","0","0"
"POINT (8.617827562000000 50.105206486999997)","Unfall 102674 (2016) Kat:3, Licht: 2","102674","3","6","4","01","22","6","","2","0","1","0","0"
"POINT (8.658773206999999 50.095764975000002)","Unfall 102677 (2016) Kat:3, Licht: 2","102677","3","2","5","01","07","2","","2","0","1","0","0"
"POINT (8.618442840000000 50.102221297000000)","Unfall 102684 (2016) Kat:3, Licht: 2","102684","3","2","6","01","05","6","","2","0","1","1","0"
"POINT (8.667109516000000 50.137643363999999)","Unfall 102686 (2016) Kat:3, Licht: 2","102686","3","4","6","01","19","6","","2","0","1","1","0"
"POINT (8.616591033000001 50.129424755999999)","Unfall 102700 (2016) Kat:3, Licht: 0","102700","3","6","2","01","14","3","","0","0","1","0","0"
"POINT (8.751487193999999 50.155199957000001)","Unfall 102703 (2016) Kat:3, Licht: 2","102703","3","4","6","01","20","6","","2","0","1","1","0"
"POINT (8.576621254000001 50.103320711000002)","Unfall 102707 (2016) Kat:3, Licht: 0","102707","3","5","1","01","08","2","","0","0","1","0","0"
"POINT (8.704198300000000 50.121412198999998)","Unfall 102717 (2016) Kat:3, Licht: 2","102717","3","1","0","01","02","2","","2","1","0","0","0"
"POINT (8.649547977999999 50.120549552999996)","Unfall 102730 (2016) Kat:3, Licht: 0","102730","3","1","4","01","09","3","","0","1","1","0","0"
"POINT (8.671342951000000 50.091526958999999)","Unfall 102735 (2016) Kat:3, Licht: 2","102735","3","3","5","01","06","6","","2","0","1","0","0"
"POINT (8.496116489000000 50.095747449000001)","Unfall 102742 (2016) Kat:3, Licht: 0","102742","3","3","5","01","11","6","","0","0","1","0","0"
"POINT (8.650675315000001 50.092283365999997)","Unfall 102744 (2016) Kat:3, Licht: 1","102744","3","2","6","01","07","5","","1","0","0","1","0"
"POINT (8.586913423000000 50.117781768000000)","Unfall 102748 (2016) Kat:3, Licht: 2","102748","3","6","2","01","18","5","","2","0","1","0","0"
"POINT (8.716557918000000 50.127996822999997)","Unfall 102751 (2016) Kat:3, Licht: 0","102751","3","3","5","01","11","3","","0","0","1","0","0"
"POINT (8.607174565999999 50.096555145000004)","Unfall 102758 (2016) Kat:3, Licht: 2","102758","3","2","6","01","06","4","","2","0","1","1","0"
"POINT (8.623055576000001 50.168854357999997)","Unfall 102766 (2016) Kat:3, Licht: 2","102766","3","1","0","01","06","5","","2","1","0","0","0"
"POINT (8.672011890000000 50.127513182999998)","Unfall 102769 (2016) Kat:3, Licht: 0","102769","3","4","6","01","08","3","","0","0","1","1","0"
"POINT (8.703460552999999 50.099789715000000)","Unfall 102773 (2016) Kat:3, Licht: 0","102773","3","6","2","01","11","2","","0","0","1","0","0"
"POINT (8.655978513999999 50.113254005000002)","Unfall 102775 (2016) Kat:3, Licht: 2","102775","3","4","0","01","23","7","","2","0","1","1","0"
"POINT (8.752381740000001 50.155132582000000)","Unfall 102785 (2016) Kat:2, Licht: 2","102785","2","2","6","01","16","2","","2","0","1","1","0"
"POINT (8.670811885999999 50.128079474000003)","Unfall 102786 (2016) Kat:3, Licht: 2","102786","3","6","2","01","19","2","","2","0","1","0","0"
"POINT (8.652344976000000 50.196484908999999)","Unfall 102794 (2016) Kat:3, Licht: 0","102794","3","2","5","01","13","1","","0","0","1","0","0"
"POINT (8.681553333000000 50.123861267000002)","Unfall 102795 (2016) Kat:3, Licht: 0","102795","3","6","2","01","15","5","","0","1","1","0","0"
"POINT (8.662830895999999 50.133543625999998)","Unfall 102807 (2016) Kat:3, Licht: 0","102807","3","7","1","01","08","4","","0","0","1","0","0"
"POINT (8.618481512000001 50.102225023000003)","Unfall 102810 (2016) Kat:3, Licht: 0","102810","3","3","5","01","10","2","","0","1","1","0","0"
"POINT (8.710930159000000 50.128395847000000)","Unfall 102815 (2016) Kat:3, Licht: 2","102815","3","5","1","01","18","5","","2","1","1","0","0"
"POINT (8.741451910000000 50.122878489999998)","Unfall 102824 (2016) Kat:2, Licht: 2","102824","2","4","6","01","06","2","","2","0","1","1","0"
"POINT (8.687941298000000 50.112639012999999)","Unfall 102836 (2016) Kat:3, Licht: 2","102836","3","2","5","01","21","1","","2","1","0","0","0"
"POINT (8.661922497999999 50.110674006000004)","Unfall 102838 (2016) Kat:3, Licht: 0","102838","3","1","9","01","12","6","","0","0","1","0","0"
"POINT (8.641844618000000 50.086467878000001)","Unfall 102856 (2016) Kat:2, Licht: 2","102856","2","4","6","01","23","3","","2","0","1","1","0"
"POINT (8.640611611000001 50.158986325000001)","Unfall 102862 (2016) Kat:3, Licht: 2","102862","3","1","1","01","02","7","","2","0","1","0","0"
"POINT (8.600526934000000 50.111494962000002)","Unfall 102867 (2016) Kat:3, Licht: 1","102867","3","6","2","01","16","5","","1","0","1","0","0"
"POINT (8.675214462000000 50.112831257000003)","Unfall 102870 (2016) Kat:3, Licht: 1","102870","3","4","6","01","17","7","","1","0","1","1","0"
"POINT (8.635467550000000 50.105850566999997)","Unfall 102872 (2016) Kat:3, Licht: 2","102872","3","3","5","01","17","2","","2","1","1","0","0"
"POINT (8.767102721000001 50.132710254000003)","Unfall 102877 (2016) Kat:3, Licht: 0","102877","3","6","6","01","15","5","","0","1","0","1","0"
"POINT (8.660564642000001 50.147815123000001)","Unfall 102879 (2016) Kat:3, Licht: 2","102879","3","2","6","01","21","2","","2","0","1","1","0"
"POINT (8.546812104000001 50.100877922000002)","Unfall 102881 (2016) Kat:3, Licht: 0","102881","3","3","0","01","10","7","","0","0","1","0","0"
"POINT (8.654053310000000 50.119935574000003)","Unfall 102883 (2016) Kat:3, Licht: 2","102883","3","3","5","01","20","5","","2","1","1","0","0"
"POINT (8.634910436000000 50.104055309000003)","Unfall 102887 (2016) Kat:3, Licht: 1","102887","3","6","6","01","07","2","","1","1","0","1","0"
"POINT (8.672752440000000 50.084638898999998)","Unfall 102888 (2016) Kat:3, Licht: 2","102888","3","7","5","01","17","4","","2","0","1","0","0"
"POINT (8.643646413000001 50.112727843999998)","Unfall 102890 (2016) Kat:3, Licht: 1","102890","3","2","5","01","07","2","","1","0","1","0","0"
"POINT (8.692133693000001 50.127664015999997)","Unfall 102891 (2016) Kat:3, Licht: 2","102891","3","6","2","01","17","5","","2","0","1","0","0"
"POINT (8.716834848000000 50.139031779000000)","Unfall 102897 (2016) Kat:3, Licht: 0","102897","3","2","5","01","14","5","","0","0","1","0","0"
"POINT (8.579096914000001 50.052203837999997)","Unfall 102901 (2016) Kat:3, Licht: 2","102901","3","3","5","01","05","4","","2","0","1","0","0"
"POINT (8.673423870000001 50.109857400000003)","Unfall 102904 (2016) Kat:3, Licht: 2","102904","3","6","3","01","19","3","","2","1","1","0","0"
"POINT (8.697020599000000 50.144833810000002)","Unfall 102911 (2016) Kat:3, Licht: 2","102911","3","4","6","01","16","4","","2","0","1","1","0"
"POINT (8.644408319000000 50.083576129999997)","Unfall 102917 (2016) Kat:3, Licht: 1","102917","3","2","5","01","07","2","","1","1","1","0","0"
"POINT (8.651413247000001 50.083089291000000)","Unfall 102919 (2016) Kat:3, Licht: 0","102919","3","3","5","01","10","5","","0","1","1","0","0"
"POINT (8.723502779000000 50.101504841999997)","Unfall 102922 (2016) Kat:3, Licht: 2","102922","3","6","3","01","20","5","","2","0","1","0","0"
"POINT (8.565076798000000 50.126695574999999)","Unfall 102935 (2016) Kat:3, Licht: 1","102935","3","6","2","02","16","6","","1","0","1","0","0"
"POINT (8.708999689000001 50.119179297999999)","Unfall 102938 (2016) Kat:3, Licht: 2","102938","3","3","5","02","20","3","","2","0","1","0","0"
"POINT (8.635169402000001 50.108347041000002)","Unfall 102941 (2016) Kat:3, Licht: 2","102941","3","6","2","02","18","2","","2","0","1","0","0"
"POINT (8.711555309000000 50.107386134999999)","Unfall 102950 (2016) Kat:3, Licht: 2","102950","3","3","0","01","18","5","","2","1","1","0","0"
"POINT (8.636807642999999 50.118634604000000)","Unfall 102951 (2016) Kat:3, Licht: 2","102951","3","5","1","01","19","3","","2","1","1","0","0"
"POINT (8.756840514000000 50.131387566000001)","Unfall 102954 (2016) Kat:2, Licht: 2","102954","2","3","5","01","17","3","","2","0","1","0","1"
"POINT (8.658744899000000 50.117170203000001)","Unfall 102957 (2016) Kat:3, Licht: 0","102957","3","2","3","02","08","5","","0","1","1","0","0"
"POINT (8.687396502000000 50.131749526000000)","Unfall 102961 (2016) Kat:3, Licht: 0","102961","3","6","3","01","15","3","","0","0","1","0","0"
"POINT (8.692184875000001 50.127480818999999)","Unfall 102962 (2016) Kat:3, Licht: 0","102962","3","2","6","02","15","6","","0","0","0","1","0"
"POINT (8.629176708999999 50.084548103000003)","Unfall 102987 (2016) Kat:3, Licht: 2","102987","3","2","5","01","17","7","","2","0","1","0","0"
"POINT (8.697326847999999 50.100218495999997)","Unfall 102994 (2016) Kat:3, Licht: 0","102994","3","7","0","02","13","2","","0","0","1","0","0"
"POINT (8.708911670000001 50.119130742000003)","Unfall 103011 (2016) Kat:3, Licht: 0","103011","3","2","6","02","13","5","","0","0","1","1","0"
"POINT (8.676718524000000 50.111864675000000)","Unfall 103018 (2016) Kat:3, Licht: 0","103018","3","7","6","02","13","4","","0","1","0","1","0"
"POINT (8.775455837999999 50.138862164999999)","Unfall 103020 (2016) Kat:3, Licht: 2","103020","3","4","6","02","18","2","","2","0","1","1","0"
"POINT (8.712577724999999 50.111738217999999)","Unfall 103022 (2016) Kat:3, Licht: 0","103022","3","2","6","01","13","6","","0","0","1","1","0"
"POINT (8.669525694000001 50.108685696999999)","Unfall 103026 (2016) Kat:3, Licht: 2","103026","3","2","5","01","00","6","","2","1","1","0","0"
"POINT (8.637308890000000 50.105874630000002)","Unfall 103037 (2016) Kat:2, Licht: 0","103037","2","4","6","01","11","6","","0","1","0","1","0"
"POINT (8.668202272000000 50.108332144999999)","Unfall 103040 (2016) Kat:3, Licht: 0","103040","3","6","3","01","10","6","","0","1","1","0","0"
"POINT (8.581862556000001 50.083243691000000)","Unfall 103041 (2016) Kat:3, Licht: 1","103041","3","5","1","01","17","2","","1","1","0","0","0"
"POINT (8.547631180000000 50.101257467000003)","Unfall 103043 (2016) Kat:2, Licht: 0","103043","2","3","0","02","11","3","","0","0","1","0","0"
"POINT (8.657427620000000 50.107110771999999)","Unfall 103045 (2016) Kat:3, Licht: 0","103045","3","3","5","01","15","6","","0","0","1","0","0"
"POINT (8.629517022000000 50.084537421000000)","Unfall 103046 (2016) Kat:3, Licht: 0","103046","3","3","5","01","15","2","","0","0","1","0","0"
"POINT (8.675652069000000 50.121301953000000)","Unfall 103051 (2016) Kat:3, Licht: 2","103051","3","3","5","01","19","6","","2","1","0","0","0"
"POINT (8.706598087000000 50.125231630000002)","Unfall 103052 (2016) Kat:3, Licht: 0","103052","3","7","6","01","07","2","","0","0","1","1","0"
"POINT (8.692603198000001 50.128552616999997)","Unfall 103057 (2016) Kat:3, Licht: 2","103057","3","1","8","01","01","6","","2","0","1","0","0"
"POINT (8.646516217000000 50.128327157000001)","Unfall 103062 (2016) Kat:3, Licht: 0","103062","3","4","6","02","12","5","","0","0","1","1","0"
"POINT (8.603067302000000 50.095216897999997)","Unfall 103067 (2016) Kat:3, Licht: 1","103067","3","5","3","02","17","6","","1","1","1","0","0"
"POINT (8.643436945000000 50.086568444999997)","Unfall 103074 (2016) Kat:2, Licht: 2","103074","2","4","6","01","19","7","","2","0","1","1","0"
"POINT (8.654912470999999 50.126365200999999)","Unfall 103087 (2016) Kat:3, Licht: 2","103087","3","1","8","01","07","1","","2","0","1","0","0"
"POINT (8.671549109000001 50.127102698999998)","Unfall 103091 (2016) Kat:3, Licht: 0","103091","3","3","5","01","10","1","","0","0","1","0","0"
"POINT (8.678627302000001 50.101354417000003)","Unfall 103098 (2016) Kat:3, Licht: 0","103098","3","2","3","02","17","2","","0","1","1","0","0"
"POINT (8.645011408000000 50.086671916999997)","Unfall 103116 (2016) Kat:3, Licht: 0","103116","3","7","1","02","09","5","","0","0","1","0","0"
"POINT (8.675178162000000 50.109195941999999)","Unfall 103121 (2016) Kat:3, Licht: 0","103121","3","2","2","02","13","6","","0","0","1","0","0"
"POINT (8.699685831000000 50.138741449999998)","Unfall 103124 (2016) Kat:3, Licht: 1","103124","3","3","5","02","17","4","","1","0","1","0","1"
"POINT (8.690062072000000 50.160298132999998)","Unfall 103133 (2016) Kat:3, Licht: 2","103133","3","3","5","02","22","4","","2","0","1","0","1"
"POINT (8.630930313000000 50.155971862999998)","Unfall 103146 (2016) Kat:3, Licht: 0","103146","3","3","5","02","16","7","","0","0","1","0","0"
"POINT (8.687446575999999 50.150514039000001)","Unfall 103150 (2016) Kat:3, Licht: 2","103150","3","3","5","01","20","4","","2","1","1","0","0"
"POINT (8.510078740000001 50.079852367999997)","Unfall 103151 (2016) Kat:3, Licht: 2","103151","3","4","2","02","21","3","","2","0","1","1","0"
"POINT (8.577691336999999 50.105347145000003)","Unfall 103153 (2016) Kat:3, Licht: 1","103153","3","3","0","01","07","5","","1","0","1","0","1"
"POINT (8.762876181999999 50.135595406999997)","Unfall 103178 (2016) Kat:3, Licht: 2","103178","3","6","2","02","18","2","","2","1","0","0","0"
"POINT (8.653395341000000 50.197042807000003)","Unfall 103179 (2016) Kat:3, Licht: 0","103179","3","6","3","01","10","5","","0","0","1","0","1"
"POINT (8.659251355000000 50.157840331999999)","Unfall 103181 (2016) Kat:3, Licht: 2","103181","3","6","2","01","21","7","","2","0","1","0","0"
"POINT (8.594273252000001 50.096448561999999)","Unfall 103194 (2016) Kat:3, Licht: 0","103194","3","3","5","02","15","6","","0","0","1","0","0"
"POINT (8.658558725000001 50.116776166000001)","Unfall 103201 (2016) Kat:3, Licht: 0","103201","3","2","3","02","15","4","","0","1","1","0","0"
"POINT (8.740569272000000 50.134611712000002)","Unfall 103207 (2016) Kat:3, Licht: 2","103207","3","4","6","02","04","1","","2","0","1","1","0"
"POINT (8.675720712000000 50.116129381999997)","Unfall 103210 (2016) Kat:3, Licht: 0","103210","3","6","2","02","15","6","","0","0","1","0","0"
"POINT (8.673414184000000 50.124832826999999)","Unfall 103211 (2016) Kat:3, Licht: 0","103211","3","2","6","02","09","3","","0","0","1","1","0"
"POINT (8.669704148999999 50.200142192000001)","Unfall 103213 (2016) Kat:2, Licht: 0","103213","2","7","0","02","16","7","","0","0","0","0","0"
"POINT (8.681225201000000 50.122929126000002)","Unfall 103217 (2016) Kat:3, Licht: 0","103217","3","4","6","02","18","3","","0","1","0","1","0"