WKT,Name,OBJECTID,UKATEGORIE,UTYP1,UART,UMONAT,USTUNDE,UWOCHENTAG,STRZUSTAND,ULICHTVERH,ISTRAD,ISTPKW,ISTFUSS,ISTKRAD
"POINT (8.670815793999999 50.115375178999997)","Unfall 103240 (2016) Kat:3, Licht: 0","103240","3","6","4","02","08","2","","0","1","0","0","0"
"POINT (8.683224923999999 50.141948851999999)","Unfall 103248 (2016) Kat:3, Licht: 0","103248","3","2","6","02","13","6","","0","0","1","1","0"
"POINT (8.546795980000001 50.100870397999998)","Unfall 103253 (2016) Kat:3, Licht: 2","103253","3","3","0","02","21","5","","2","0","1","0","0"
"POINT (8.684558432999999 50.128193537000001)","Unfall 103259 (2016) Kat:2, Licht: 2","103259","2","7","0","02","20","1","","2","0","1","0","1"
"POINT (8.682120205000000 50.167925695000001)","Unfall 103265 (2016) Kat:3, Licht: 2","103265","3","4","6","02","18","5","","2","0","1","1","0"
"POINT (8.652253496000000 50.124102796000003)","Unfall 103270 (2016) Kat:3, Licht: 0","103270","3","6","3","02","12","6","","0","1","1","0","0"
"POINT (8.664897785000001 50.111236914999999)","Unfall 103276 (2016) Kat:3, Licht: 0","103276","3","2","2","02","09","5","","0","0","1","0","1"
"POINT (8.627769430000001 50.154820874999999)","Unfall 103279 (2016) Kat:3, Licht: 0","103279","3","6","3","02","11","3","","0","1","1","0","0"
"POINT (8.669954117000000 50.124369637999997)","Unfall 103284 (2016) Kat:3, Licht: 0","103284","3","4","6","02","14","3","","0","0","1","1","0"
"POINT (8.650489961000000 50.120465596000003)","Unfall 103286 (2016) Kat:3, Licht: 0","103286","3","6","0","02","09","5","","0","0","1","0","1"
"POINT (8.752552290000001 50.153656867999999)","Unfall 103288 (2016) Kat:3, Licht: 0","103288","3","3","5","02","09","5","","0","1","1","0","0"
"POINT (8.649123633000000 50.116898622000001)","Unfall 103292 (2016) Kat:3, Licht: 2","103292","3","3","5","02","20","5","","2","1","1","0","0"
"POINT (8.700381941000000 50.122515624000002)","Unfall 103293 (2016) Kat:3, Licht: 0","103293","3","5","1","02","08","3","","0","1","1","0","0"
"POINT (8.723092936000001 50.102794907000003)","Unfall 103295 (2016) Kat:3, Licht: 2","103295","3","1","9","02","02","7","","2","0","1","0","0"
"POINT (8.583817377000001 50.051980534999998)","Unfall 103303 (2016) Kat:3, Licht: 0","103303","3","7","0","02","11","6","","0","0","1","0","0"
"POINT (8.669959035000000 50.096903687999998)","Unfall 103308 (2016) Kat:3, Licht: 0","103308","3","6","8","02","14","5","","0","0","1","0","0"
"POINT (8.602034990000000 50.095210928999997)","Unfall 103320 (2016) Kat:3, Licht: 1","103320","3","5","0","02","17","2","","1","1","1","0","0"
"POINT (8.709267908999999 50.127282244000000)","Unfall 103324 (2016) Kat:3, Licht: 0","103324","3","1","0","02","16","5","","0","1","1","0","0"
"POINT (8.659506891000000 50.119125621999999)","Unfall 103326 (2016) Kat:3, Licht: 0","103326","3","5","0","02","13","6","","0","1","1","0","0"
"POINT (8.619200736000000 50.180100301000003)","Unfall 103327 (2016) Kat:2, Licht: 0","103327","2","4","6","02","17","2","","0","0","1","1","0"
"POINT (8.620629914000000 50.165891905999999)","Unfall 103329 (2016) Kat:3, Licht: 2","103329","3","3","5","02","20","2","","2","0","1","0","0"
"POINT (8.754431104000000 50.120027266999998)","Unfall 103334 (2016) Kat:3, Licht: 0","103334","3","2","5","02","12","2","","0","0","1","0","0"
"POINT (8.683806824000000 50.113409601999997)","Unfall 103336 (2016) Kat:3, Licht: 2","103336","3","2","2","02","18","6","","2","0","1","0","0"
"POINT (8.675767407000000 50.120884666000002)","Unfall 103337 (2016) Kat:3, Licht: 0","103337","3","3","5","02","15","5","","0","1","1","0","0"
"POINT (8.639654609999999 50.105987931000001)","Unfall 103341 (2016) Kat:3, Licht: 2","103341","3","2","5","02","06","5","","2","0","0","0","1"
"POINT (8.668490597000000 50.124138637999998)","Unfall 103348 (2016) Kat:3, Licht: 0","103348","3","6","2","02","12","5","","0","0","1","1","0"
"POINT (8.546058805000000 50.102313074999998)","Unfall 103356 (2016) Kat:3, Licht: 0","103356","3","5","1","02","16","6","","0","0","1","0","0"
"POINT (8.639334312000001 50.114363066000003)","Unfall 103363 (2016) Kat:3, Licht: 2","103363","3","6","2","02","18","6","","2","0","1","0","0"
"POINT (8.693724803000000 50.127734951000001)","Unfall 103365 (2016) Kat:3, Licht: 2","103365","3","4","6","02","01","7","","2","0","1","1","0"
"POINT (8.690528431000001 50.116458492000000)","Unfall 103369 (2016) Kat:3, Licht: 2","103369","3","6","2","02","00","7","","2","0","1","0","0"
"POINT (8.672752193999999 50.125702017999998)","Unfall 103370 (2016) Kat:3, Licht: 0","103370","3","3","5","02","13","6","","0","1","1","0","0"
"POINT (8.602727646000000 50.102699102000003)","Unfall 103372 (2016) Kat:3, Licht: 0","103372","3","3","5","02","14","1","","0","0","1","0","0"
"POINT (8.534924798000001 50.113996051000001)","Unfall 103374 (2016) Kat:3, Licht: 2","103374","3","3","5","02","23","4","","2","1","1","0","0"
"POINT (8.661913784999999 50.193106161999999)","Unfall 103382 (2016) Kat:3, Licht: 2","103382","3","3","5","02","20","6","","2","0","1","0","0"
"POINT (8.661632910000000 50.113372321000000)","Unfall 103384 (2016) Kat:3, Licht: 0","103384","3","2","5","02","10","4","","0","1","1","0","0"
"POINT (8.582955830000000 50.106887477999997)","Unfall 103386 (2016) Kat:3, Licht: 1","103386","3","6","2","02","18","5","","1","0","1","0","0"
"POINT (8.657055057999999 50.118365185999998)","Unfall 103387 (2016) Kat:3, Licht: 0","103387","3","4","6","02","09","4","","0","1","0","1","0"
"POINT (8.634058212999999 50.159542502000001)","Unfall 103389 (2016) Kat:3, Licht: 0","103389","3","1","8","02","11","7","","0","0","1","0","0"
"POINT (8.707535626000000 50.125208243000003)","Unfall 103395 (2016) Kat:3, Licht: 0","103395","3","4","6","02","12","4","","0","1","0","1","0"
"POINT (8.690751646000001 50.121814016000002)","Unfall 103398 (2016) Kat:3, Licht: 2","103398","3","6","2","02","20","1","","2","0","1","0","0"
"POINT (8.690218746999999 50.113554077000003)","Unfall 103402 (2016) Kat:3, Licht: 2","103402","3","2","6","02","02","1","","2","0","1","1","0"
"POINT (8.546418937000000 50.080830454999997)","Unfall 103406 (2016) Kat:3, Licht: 2","103406","3","3","5","02","05","2","","2","0","1","0","0"
"POINT (8.645145168999999 50.086680702999999)","Unfall 103408 (2016) Kat:3, Licht: 2","103408","3","6","2","02","22","7","","2","0","1","0","0"
"POINT (8.671720731000001 50.089340413999999)","Unfall 103418 (2016) Kat:3, Licht: 1","103418","3","4","6","02","18","2","","1","0","1","1","0"
"POINT (8.679430525000001 50.117530434999999)","Unfall 103431 (2016) Kat:3, Licht: 2","103431","3","2","3","02","19","4","","2","1","0","0","0"
"POINT (8.699527609000000 50.146691781999998)","Unfall 103438 (2016) Kat:3, Licht: 2","103438","3","1","0","02","00","6","","2","0","0","0","1"
"POINT (8.655926188000001 50.107316703999999)","Unfall 103439 (2016) Kat:3, Licht: 1","103439","3","6","2","02","06","6","","1","0","1","0","0"
"POINT (8.599270476999999 50.111170518000002)","Unfall 103442 (2016) Kat:3, Licht: 2","103442","3","6","2","02","17","7","","2","0","1","0","0"
"POINT (8.670791763000000 50.119735267999999)","Unfall 103448 (2016) Kat:3, Licht: 2","103448","3","4","6","02","03","7","","2","0","1","1","0"
"POINT (8.698743824999999 50.116192198999997)","Unfall 103452 (2016) Kat:3, Licht: 0","103452","3","3","5","02","11","1","","0","0","1","0","0"
"POINT (8.598083796999999 50.083526827000000)","Unfall 103455 (2016) Kat:3, Licht: 0","103455","3","2","5","02","11","5","","0","0","1","0","0"
"POINT (8.683948256000001 50.113170758999999)","Unfall 103456 (2016) Kat:3, Licht: 0","103456","3","6","3","02","13","7","","0","0","1","0","0"
"POINT (8.662221342000001 50.108069200999999)","Unfall 103465 (2016) Kat:3, Licht: 2","103465","3","7","6","02","19","7","","2","0","1","1","0"
"POINT (8.665192560000000 50.111218201000000)","Unfall 103467 (2016) Kat:3, Licht: 0","103467","3","2","3","03","17","4","","0","1","1","0","0"
"POINT (8.691339448000001 50.122602512000000)","Unfall 103472 (2016) Kat:2, Licht: 0","103472","2","4","6","03","14","5","","0","0","0","1","1"
"POINT (8.691982125999999 50.126315624999997)","Unfall 103474 (2016) Kat:3, Licht: 2","103474","3","3","5","03","20","4","","2","1","1","0","0"
"POINT (8.664091470000001 50.137476649000000)","Unfall 103481 (2016) Kat:3, Licht: 0","103481","3","2","5","03","14","4","","0","1","1","0","0"
"POINT (8.575136202000000 50.104593282000003)","Unfall 103483 (2016) Kat:3, Licht: 2","103483","3","2","5","03","19","7","","2","0","1","0","0"
"POINT (8.647972072000000 50.125731612000003)","Unfall 103484 (2016) Kat:2, Licht: 1","103484","2","7","6","03","18","2","","1","0","1","1","0"
"POINT (8.672438630000000 50.113253331000003)","Unfall 103486 (2016) Kat:3, Licht: 0","103486","3","7","5","03","15","6","","0","0","1","0","1"
"POINT (8.676687966999999 50.111655184999996)","Unfall 103487 (2016) Kat:2, Licht: 0","103487","2","6","6","03","15","5","","0","1","0","1","0"
"POINT (8.693986771000001 50.144391624999997)","Unfall 103490 (2016) Kat:3, Licht: 2","103490","3","4","6","03","05","6","","2","0","1","1","0"
"POINT (8.677785712000000 50.105435393999997)","Unfall 103494 (2016) Kat:3, Licht: 0","103494","3","3","5","03","11","4","","0","0","1","0","0"
"POINT (8.694630428000000 50.128431440000000)","Unfall 103496 (2016) Kat:3, Licht: 0","103496","3","3","5","03","13","5","","0","1","1","0","0"
"POINT (8.588994220000000 50.086031489000000)","Unfall 103498 (2016) Kat:3, Licht: 0","103498","3","4","6","03","14","6","","0","0","1","1","0"
"POINT (8.680400872000000 50.094802496000000)","Unfall 103501 (2016) Kat:3, Licht: 2","103501","3","7","3","03","18","6","","2","0","1","0","0"
"POINT (8.684501187000000 50.137447137000002)","Unfall 103503 (2016) Kat:3, Licht: 0","103503","3","2","0","03","07","3","","0","1","1","0","0"
"POINT (8.768641569000000 50.121330636000003)","Unfall 103505 (2016) Kat:3, Licht: 0","103505","3","1","0","03","11","4","","0","0","0","0","1"
"POINT (8.672434069000000 50.113254230000003)","Unfall 103509 (2016) Kat:2, Licht: 0","103509","2","3","5","03","13","6","","0","0","1","0","1"
"POINT (8.590619538000000 50.108936290000003)","Unfall 103521 (2016) Kat:3, Licht: 0","103521","3","6","2","03","16","1","","0","0","1","0","0"
"POINT (8.551327407000001 50.111096703999998)","Unfall 103522 (2016) Kat:3, Licht: 1","103522","3","5","1","03","06","6","","1","1","0","0","0"
"POINT (8.695262527000001 50.115712944000002)","Unfall 103523 (2016) Kat:3, Licht: 0","103523","3","6","2","03","13","5","","0","0","1","0","0"
"POINT (8.666771597000000 50.099400547000002)","Unfall 103524 (2016) Kat:3, Licht: 0","103524","3","3","5","03","12","2","","0","1","0","0","1"
"POINT (8.673197584000000 50.107328815000002)","Unfall 103528 (2016) Kat:2, Licht: 0","103528","2","3","5","03","17","3","","0","1","1","0","0"
"POINT (8.681811374000001 50.125215265999998)","Unfall 103531 (2016) Kat:3, Licht: 0","103531","3","3","5","03","09","2","","0","1","1","0","0"
"POINT (8.675216281000001 50.112818435000001)","Unfall 103534 (2016) Kat:3, Licht: 0","103534","3","3","5","03","12","3","","0","1","1","0","0"
"POINT (8.685156133000000 50.119508685000000)","Unfall 103539 (2016) Kat:3, Licht: 0","103539","3","6","2","03","08","4","","0","0","1","0","0"
"POINT (8.545478685999999 50.102243203999997)","Unfall 103555 (2016) Kat:3, Licht: 0","103555","3","3","0","03","15","4","","0","0","1","0","0"
"POINT (8.527720679000000 50.111596337000002)","Unfall 103564 (2016) Kat:2, Licht: 2","103564","2","4","6","03","19","3","","2","1","0","1","0"
"POINT (8.709354655000000 50.129114233999999)","Unfall 103566 (2016) Kat:3, Licht: 0","103566","3","4","6","03","07","3","","0","1","0","1","0"
"POINT (8.666840344000001 50.107829369000001)","Unfall 103572 (2016) Kat:3, Licht: 0","103572","3","5","0","03","16","3","","0","1","1","0","0"
"POINT (8.627077358999999 50.113461923000003)","Unfall 103573 (2016) Kat:3, Licht: 0","103573","3","2","5","03","14","4","","0","0","1","0","0"
"POINT (8.686981388000000 50.185637870999997)","Unfall 103579 (2016) Kat:3, Licht: 0","103579","3","6","2","03","09","2","","0","0","0","0","0"
"POINT (8.685791286000001 50.112278973000002)","Unfall 103598 (2016) Kat:3, Licht: 0","103598","3","2","6","03","16","6","","0","0","0","1","1"
"POINT (8.755711099999999 50.132870126999997)","Unfall 103606 (2016) Kat:3, Licht: 0","103606","3","1","8","03","10","6","","0","0","1","0","0"
"POINT (8.516422585000001 50.079771555999997)","Unfall 103609 (2016) Kat:3, Licht: 0","103609","3","3","5","03","17","5","","0","0","1","0","0"
"POINT (8.636222918000000 50.117548274000001)","Unfall 103619 (2016) Kat:3, Licht: 0","103619","3","3","5","03","11","3","","0","0","1","0","0"
"POINT (8.665911458000000 50.098937732000003)","Unfall 103625 (2016) Kat:3, Licht: 0","103625","3","6","2","03","10","4","","0","0","1","0","0"
"POINT (8.636022520999999 50.103342013999999)","Unfall 103626 (2016) Kat:2, Licht: 0","103626","2","5","1","03","12","7","","0","1","1","0","0"
"POINT (8.642554000000001 50.174992813999999)","Unfall 103667 (2016) Kat:3, Licht: 0","103667","3","2","6","02","14","2","","0","0","0","1","0"
"POINT (8.642974260000001 50.091346969999996)","Unfall 103688 (2016) Kat:3, Licht: 2","103688","3","6","2","03","19","6","","2","0","1","0","0"
"POINT (8.673140386000000 50.103320770000003)","Unfall 103698 (2016) Kat:3, Licht: 2","103698","3","3","5","03","19","5","","2","1","1","0","0"
"POINT (8.630715765000000 50.113243914999998)","Unfall 103705 (2016) Kat:3, Licht: 2","103705","3","3","5","03","21","7","","2","1","1","0","0"
"POINT (8.671444389000000 50.090669757999997)","Unfall 103722 (2016) Kat:3, Licht: 0","103722","3","6","2","03","11","7","","0","0","1","0","1"
"POINT (8.568566927999999 50.050509777000002)","Unfall 103725 (2016) Kat:3, Licht: 0","103725","3","7","0","03","12","5","","0","0","0","0","0"
"POINT (8.659557093000000 50.093145067000002)","Unfall 103729 (2016) Kat:3, Licht: 0","103729","3","6","6","03","11","4","","0","0","1","1","0"
"POINT (8.588303295999999 50.084137093999999)","Unfall 103736 (2016) Kat:3, Licht: 0","103736","3","3","5","03","15","4","","0","0","1","0","1"
"POINT (8.670246712000001 50.138606056999997)","Unfall 103749 (2016) Kat:3, Licht: 0","103749","3","2","0","03","17","6","","0","1","1","0","0"
"POINT (8.755814520000000 50.143036008999999)","Unfall 103753 (2016) Kat:3, Licht: 2","103753","3","3","5","03","22","3","","2","0","1","0","0"
"POINT (8.576617764000000 50.088835508999999)","Unfall 103755 (2016) Kat:3, Licht: 0","103755","3","4","6","03","09","2","","0","0","1","1","0"
"POINT (8.662931671000001 50.115822235000003)","Unfall 103756 (2016) Kat:2, Licht: 0","103756","2","3","5","03","09","3","","0","1","1","0","0"
"POINT (8.680103537999999 50.116598506000003)","Unfall 103771 (2016) Kat:3, Licht: 2","103771","3","4","6","03","22","5","","2","0","1","1","0"
"POINT (8.555293064000001 50.118219252999999)","Unfall 103776 (2016) Kat:3, Licht: 0","103776","3","7","5","04","16","7","","0","1","0","0","0"
"POINT (8.543669203000000 50.099453838000002)","Unfall 103780 (2016) Kat:3, Licht: 0","103780","3","3","5","04","15","6","","0","0","1","0","0"
"POINT (8.626090460000000 50.130891851000001)","Unfall 103787 (2016) Kat:3, Licht: 0","103787","3","3","5","04","17","2","","0","1","1","0","0"
"POINT (8.567386921000001 50.100485804000002)","Unfall 103788 (2016) Kat:3, Licht: 0","103788","3","3","5","03","15","4","","0","0","1","0","0"
"POINT (8.697854846000000 50.126473296000000)","Unfall 103794 (2016) Kat:3, Licht: 2","103794","3","6","2","03","18","2","","2","0","1","0","0"
"POINT (8.703321578000001 50.127351705999999)","Unfall 103798 (2016) Kat:2, Licht: 0","103798","2","3","0","03","17","6","","0","0","0","0","1"
"POINT (8.687932351000001 50.112673414000000)","Unfall 103799 (2016) Kat:3, Licht: 2","103799","3","6","2","03","19","2","","2","0","1","0","0"
"POINT (8.668527247000000 50.113278557999998)","Unfall 103800 (2016) Kat:3, Licht: 0","103800","3","3","5","04","16","3","","0","0","1","0","0"
"POINT (8.683219842000000 50.118825364999999)","Unfall 103801 (2016) Kat:3, Licht: 2","103801","3","6","2","03","18","5","","2","0","1","0","0"
"POINT (8.691744059000000 50.123958823000002)","Unfall 103802 (2016) Kat:3, Licht: 0","103802","3","4","6","04","13","2","","0","0","1","1","0"
"POINT (8.705211443000000 50.122327413000001)","Unfall 103804 (2016) Kat:3, Licht: 0","103804","3","5","1","03","09","6","","0","1","1","0","0"
"POINT (8.701559214000000 50.126332040000001)","Unfall 103806 (2016) Kat:3, Licht: 0","103806","3","6","2","03","19","3","","0","0","1","0","1"
"POINT (8.727942954000000 50.116168987000002)","Unfall 103814 (2016) Kat:3, Licht: 0","103814","3","3","5","03","16","5","","0","0","1","0","1"
"POINT (8.697012707000001 50.126640889999997)","Unfall 103816 (2016) Kat:3, Licht: 0","103816","3","6","3","04","18","2","","0","0","1","0","1"
"POINT (8.579375724000000 50.051926323000004)","Unfall 103818 (2016) Kat:3, Licht: 0","103818","3","5","1","03","13","1","","0","0","1","0","0"
"POINT (8.570095267999999 50.051967738999998)","Unfall 103832 (2016) Kat:3, Licht: 0","103832","3","6","2","03","08","2","","0","0","1","0","0"
"POINT (8.671809589000000 50.109383407000003)","Unfall 103841 (2016) Kat:3, Licht: 0","103841","3","4","6","04","14","2","","0","0","1","1","0"
"POINT (8.727467454999999 50.143016854000003)","Unfall 103842 (2016) Kat:3, Licht: 0","103842","3","7","0","03","13","4","","0","0","1","0","0"
"POINT (8.678481629000000 50.116795132999997)","Unfall 103843 (2016) Kat:3, Licht: 0","103843","3","6","3","03","13","6","","0","0","1","0","1"
"POINT (8.645007447999999 50.103167601000003)","Unfall 103850 (2016) Kat:3, Licht: 0","103850","3","3","5","04","09","6","","0","0","1","0","0"
"POINT (8.618695796000001 50.102242697999998)","Unfall 103862 (2016) Kat:3, Licht: 0","103862","3","2","6","03","08","3","","0","0","1","1","0"
"POINT (8.674946104000000 50.108955004000002)","Unfall 103865 (2016) Kat:3, Licht: 0","103865","3","2","2","04","17","2","","0","0","1","0","0"
"POINT (8.686254822000000 50.126619581000000)","Unfall 103866 (2016) Kat:3, Licht: 0","103866","3","7","0","03","17","1","","0","1","1","0","0"
"POINT (8.687814071000000 50.109950677000000)","Unfall 103868 (2016) Kat:3, Licht: 2","103868","3","2","3","04","20","3","","2","1","1","0","0"
"POINT (8.656428041000000 50.106811798000003)","Unfall 103876 (2016) Kat:2, Licht: 1","103876","2","2","5","03","16","5","","1","1","1","0","0"
"POINT (8.603004493000000 50.119000741999997)","Unfall 103882 (2016) Kat:3, Licht: 0","103882","3","7","6","03","15","7","","0","0","0","1","0"
"POINT (8.667325892999999 50.110851607999997)","Unfall 103884 (2016) Kat:3, Licht: 0","103884","3","7","5","04","18","1","","0","1","1","0","0"
"POINT (8.666702895000000 50.112037586000000)","Unfall 103885 (2016) Kat:3, Licht: 0","103885","3","7","0","03","12","4","","0","1","1","0","0"
"POINT (8.629935980000001 50.101710804000000)","Unfall 103889 (2016) Kat:3, Licht: 0","103889","3","3","5","03","12","5","","0","1","1","0","0"
"POINT (8.661376714999999 50.140627408999997)","Unfall 103893 (2016) Kat:3, Licht: 0","103893","3","5","1","04","08","2","","0","1","1","0","0"
"POINT (8.666168136000000 50.118865204000002)","Unfall 103905 (2016) Kat:3, Licht: 0","103905","3","3","5","04","18","2","","0","0","1","0","0"
"POINT (8.636541460000000 50.104010469999999)","Unfall 103906 (2016) Kat:2, Licht: 0","103906","2","7","6","03","13","4","","0","1","0","1","0"
"POINT (8.674211886000000 50.112903688000003)","Unfall 103908 (2016) Kat:3, Licht: 2","103908","3","7","2","03","22","6","","2","0","1","0","1"
"POINT (8.586770343000000 50.057581941000002)","Unfall 103909 (2016) Kat:3, Licht: 2","103909","3","3","5","03","20","3","","2","0","1","0","0"
"POINT (8.684829498999999 50.142384472000003)","Unfall 103913 (2016) Kat:3, Licht: 0","103913","3","6","2","03","16","3","","0","0","1","0","0"
"POINT (8.674897226000001 50.124998666000003)","Unfall 103923 (2016) Kat:3, Licht: 2","103923","3","3","5","03","01","1","","2","0","1","0","0"
"POINT (8.680821523000001 50.112744233000001)","Unfall 103932 (2016) Kat:3, Licht: 2","103932","3","4","6","04","21","7","","2","0","1","1","0"
"POINT (8.566116845000000 50.122525211999999)","Unfall 103943 (2016) Kat:3, Licht: 0","103943","3","4","6","03","18","6","","0","0","0","1","0"
"POINT (8.686278678000001 50.101336404999998)","Unfall 103944 (2016) Kat:3, Licht: 0","103944","3","7","0","04","18","2","","0","1","1","0","0"
"POINT (8.712791795999999 50.127877794000000)","Unfall 103945 (2016) Kat:3, Licht: 0","103945","3","4","6","03","11","4","","0","0","1","1","0"
"POINT (8.612434288999999 50.144161488999998)","Unfall 103952 (2016) Kat:2, Licht: 0","103952","2","4","6","04","11","6","","0","0","1","1","0"
"POINT (8.647735690999999 50.086929585000000)","Unfall 103954 (2016) Kat:3, Licht: 2","103954","3","2","3","04","19","3","","2","0","1","0","1"
"POINT (8.679013084999999 50.116937814000003)","Unfall 103955 (2016) Kat:3, Licht: 0","103955","3","3","5","03","12","5","","0","1","0","0","0"
"POINT (8.692070237999999 50.127222248999999)","Unfall 103963 (2016) Kat:3, Licht: 0","103963","3","6","6","04","13","1","","0","1","1","1","0"
"POINT (8.709975440999999 50.125364752999999)","Unfall 103966 (2016) Kat:3, Licht: 0","103966","3","3","5","03","09","5","","0","1","1","0","0"
"POINT (8.543675216000001 50.099444796999997)","Unfall 103968 (2016) Kat:3, Licht: 0","103968","3","3","5","03","18","3","","0","0","1","0","0"
"POINT (8.691954869000000 50.125952826000002)","Unfall 103971 (2016) Kat:3, Licht: 0","103971","3","1","9","04","12","2","","0","0","0","0","1"
"POINT (8.617100832000000 50.161026063999998)","Unfall 103974 (2016) Kat:3, Licht: 0","103974","3","3","5","03","13","6","","0","1","1","0","0"
"POINT (8.747520322000000 50.132243078000002)","Unfall 103975 (2016) Kat:3, Licht: 0","103975","3","2","3","04","07","3","","0","1","1","0","0"
"POINT (8.634394403000000 50.159121663000001)","Unfall 103984 (2016) Kat:3, Licht: 0","103984","3","6","3","03","11","6","","0","0","1","0","0"
"POINT (8.684143373000000 50.146370908999998)","Unfall 103988 (2016) Kat:3, Licht: 0","103988","3","3","5","04","19","1","","0","1","1","0","0"
"POINT (8.664543938000000 50.105805480999997)","Unfall 103993 (2016) Kat:3, Licht: 2","103993","3","4","6","04","04","2","","2","0","0","1","0"
"POINT (8.636558110999999 50.101194358999997)","Unfall 103994 (2016) Kat:3, Licht: 0","103994","3","3","5","03","14","4","","0","0","1","0","0"
"POINT (8.719949753000000 50.113254511999997)","Unfall 103996 (2016) Kat:3, Licht: 2","103996","3","4","6","03","04","6","","2","0","1","1","0"
"POINT (8.642420444000001 50.116730605999997)","Unfall 104002 (2016) Kat:3, Licht: 0","104002","3","4","6","04","15","5","","0","1","0","1","0"
"POINT (8.646936886000001 50.193024972000003)","Unfall 104003 (2016) Kat:2, Licht: 2","104003","2","2","5","04","22","3","","2","0","1","0","0"
"POINT (8.652037529999999 50.126027671000003)","Unfall 104014 (2016) Kat:3, Licht: 0","104014","3","3","5","04","17","3","","0","1","1","0","0"
"POINT (8.504255659000000 50.099484936000003)","Unfall 104021 (2016) Kat:3, Licht: 0","104021","3","7","1","04","18","5","","0","0","1","1","0"
"POINT (8.671832724000000 50.109255179000002)","Unfall 104025 (2016) Kat:3, Licht: 2","104025","3","3","5","04","21","3","","2","0","1","0","0"
"POINT (8.663151611000000 50.136297775000003)","Unfall 104026 (2016) Kat:3, Licht: 0","104026","3","3","5","04","14","3","","0","1","1","0","0"
"POINT (8.673640106000001 50.120923355999999)","Unfall 104027 (2016) Kat:3, Licht: 0","104027","3","7","2","04","08","2","","0","1","0","0","0"
"POINT (8.676376425999999 50.120417277999998)","Unfall 104031 (2016) Kat:3, Licht: 0","104031","3","2","2","04","17","6","","0","0","1","0","0"
"POINT (8.666265869000000 50.111654934999997)","Unfall 104032 (2016) Kat:3, Licht: 0","104032","3","6","2","04","15","5","","0","0","1","0","0"
"POINT (8.688646403000000 50.150805323000000)","Unfall 104036 (2016) Kat:3, Licht: 0","104036","3","2","5","04","14","1","","0","0","1","0","0"
"POINT (8.686003039999999 50.112097317000000)","Unfall 104037 (2016) Kat:3, Licht: 0","104037","3","3","5","04","19","6","","0","1","1","0","0"
"POINT (8.591043399000000 50.100358964000002)","Unfall 104039 (2016) Kat:3, Licht: 0","104039","3","6","3","04","07","5","","0","1","1","0","0"
"POINT (8.671791026999999 50.109404482999999)","Unfall 104045 (2016) Kat:3, Licht: 0","104045","3","6","3","04","16","5","","0","0","1","0","0"
"POINT (8.658790543000000 50.139138080999999)","Unfall 104048 (2016) Kat:3, Licht: 0","104048","3","1","9","04","16","4","","0","0","1","0","0"
"POINT (8.705160545000000 50.144405321000001)","Unfall 104052 (2016) Kat:3, Licht: 0","104052","3","3","0","04","15","5","","0","0","1","0","1"
"POINT (8.621869796000000 50.109951164999998)","Unfall 104053 (2016) Kat:3, Licht: 0","104053","3","6","4","04","08","3","","0","0","1","0","0"
"POINT (8.576170336000001 50.104898435999999)","Unfall 104057 (2016) Kat:3, Licht: 0","104057","3","4","6","04","18","4","","0","0","0","1","1"
"POINT (8.652111952000000 50.081995679000002)","Unfall 104058 (2016) Kat:2, Licht: 0","104058","2","3","5","04","18","3","","0","1","1","0","0"
"POINT (8.685128936000000 50.109426480000003)","Unfall 104059 (2016) Kat:3, Licht: 0","104059","3","2","2","04","17","5","","0","0","0","0","1"
"POINT (8.701362045000000 50.122984905000003)","Unfall 104063 (2016) Kat:3, Licht: 0","104063","3","2","0","04","09","4","","0","1","1","0","0"
"POINT (8.688710149000000 50.113688502000002)","Unfall 104076 (2016) Kat:3, Licht: 0","104076","3","5","1","04","17","1","","0","0","1","0","0"
"POINT (8.717536024999999 50.105449792000002)","Unfall 104080 (2016) Kat:3, Licht: 0","104080","3","3","5","04","19","3","","0","1","1","0","0"
"POINT (8.690882827999999 50.122092129000002)","Unfall 104083 (2016) Kat:3, Licht: 0","104083","3","2","2","04","17","7","","0","1","1","0","0"
"POINT (8.562124459000000 50.049420730000001)","Unfall 104086 (2016) Kat:2, Licht: 0","104086","2","3","5","04","14","7","","0","0","1","0","0"
"POINT (8.630497026000001 50.105334755999998)","Unfall 104101 (2016) Kat:3, Licht: 0","104101","3","2","6","04","08","4","","0","0","1","1","0"
"POINT (8.694303222000000 50.119700948000002)","Unfall 104102 (2016) Kat:3, Licht: 0","104102","3","4","6","04","09","4","","0","1","0","1","0"
"POINT (8.692519967000001 50.109279712000003)","Unfall 104106 (2016) Kat:3, Licht: 2","104106","3","6","2","04","01","1","","2","0","1","0","0"
"POINT (8.623723760000001 50.152460845999997)","Unfall 104109 (2016) Kat:3, Licht: 0","104109","3","4","6","04","10","5","","0","0","1","1","0"
"POINT (8.670946560999999 50.110519457999999)","Unfall 104113 (2016) Kat:3, Licht: 0","104113","3","6","2","04","08","4","","0","0","1","0","0"