WKT,Name,OBJECTID,UKATEGORIE,UTYP1,UART,UMONAT,USTUNDE,UWOCHENTAG,STRZUSTAND,ULICHTVERH,ISTRAD,ISTPKW,ISTFUSS,ISTKRAD
"POINT (8.645256039000000 50.103757840000000)","Unfall 104119 (2016) Kat:3, Licht: 0","104119","3","3","0","04","09","5","","0","0","1","0","0"
"POINT (8.699273290000001 50.112937889000001)","Unfall 104128 (2016) Kat:3, Licht: 0","104128","3","2","5","04","17","3","","0","1","1","0","0"
"POINT (8.696041575000001 50.115792653000000)","Unfall 104132 (2016) Kat:3, Licht: 0","104132","3","2","2","04","09","2","","0","0","1","0","1"
"POINT (8.657483941000001 50.155864668000000)","Unfall 104136 (2016) Kat:3, Licht: 0","104136","3","1","0","04","17","6","","0","0","0","0","1"
"POINT (8.636235259999999 50.086031511999998)","Unfall 104138 (2016) Kat:3, Licht: 0","104138","3","3","5","04","12","7","","0","0","0","0","0"
"POINT (8.639854820000000 50.189300449000001)","Unfall 104143 (2016) Kat:3, Licht: 0","104143","3","4","6","04","07","6","","0","0","1","1","0"
"POINT (8.557140786000000 50.102520521000002)","Unfall 104145 (2016) Kat:3, Licht: 0","104145","3","7","6","04","10","5","","0","0","1","1","0"
"POINT (8.681046048000001 50.095150605000001)","Unfall 104152 (2016) Kat:3, Licht: 0","104152","3","2","5","04","14","7","","0","1","1","0","0"
"POINT (8.679587840000000 50.147971937000001)","Unfall 104157 (2016) Kat:3, Licht: 0","104157","3","3","5","04","09","5","","0","1","1","0","0"
"POINT (8.606678664000000 50.133552852999998)","Unfall 104185 (2016) Kat:3, Licht: 0","104185","3","3","5","04","08","3","","0","1","1","0","0"
"POINT (8.655734609000000 50.107510257000001)","Unfall 104188 (2016) Kat:3, Licht: 0","104188","3","6","3","04","16","7","","0","0","1","0","0"
"POINT (8.670732768000001 50.104921005000001)","Unfall 104194 (2016) Kat:3, Licht: 0","104194","3","3","5","04","17","1","","0","0","1","0","0"
"POINT (8.678590331000001 50.110279261999999)","Unfall 104196 (2016) Kat:3, Licht: 0","104196","3","5","1","04","14","3","","0","1","1","0","0"
"POINT (8.679203764000000 50.104580845999998)","Unfall 104205 (2016) Kat:3, Licht: 0","104205","3","7","6","04","09","4","","0","1","0","1","0"
"POINT (8.669774622000000 50.111699346000002)","Unfall 104209 (2016) Kat:3, Licht: 0","104209","3","4","6","04","12","5","","0","0","1","1","0"
"POINT (8.593504913000000 50.109681557999998)","Unfall 104213 (2016) Kat:3, Licht: 0","104213","3","1","1","04","13","5","","0","0","1","0","0"
"POINT (8.616075830000000 50.163252325000002)","Unfall 104214 (2016) Kat:3, Licht: 0","104214","3","5","1","04","14","2","","0","1","1","0","0"
"POINT (8.622997843000000 50.124858869000001)","Unfall 104219 (2016) Kat:3, Licht: 0","104219","3","7","6","04","17","1","","0","0","1","1","0"
"POINT (8.646856490999999 50.115413298999997)","Unfall 104222 (2016) Kat:3, Licht: 0","104222","3","6","2","04","08","2","","0","0","1","0","0"
"POINT (8.663612439000000 50.141854066000001)","Unfall 104224 (2016) Kat:3, Licht: 0","104224","3","7","6","04","08","2","","0","0","1","1","0"
"POINT (8.703152464000000 50.122998355000000)","Unfall 104232 (2016) Kat:3, Licht: 1","104232","3","7","6","04","20","1","","1","0","1","1","0"
"POINT (8.682624181000000 50.099480554000003)","Unfall 104236 (2016) Kat:3, Licht: 0","104236","3","4","6","04","16","3","","0","0","1","1","0"
"POINT (8.629078644000000 50.116253528999998)","Unfall 104243 (2016) Kat:3, Licht: 0","104243","3","3","5","04","08","6","","0","0","1","0","0"
"POINT (8.695925453999999 50.116860097000000)","Unfall 104252 (2016) Kat:3, Licht: 0","104252","3","6","3","04","13","2","","0","1","1","0","0"
"POINT (8.671268333000000 50.109111677999998)","Unfall 104255 (2016) Kat:3, Licht: 0","104255","3","5","1","04","09","4","","0","1","1","0","0"
"POINT (8.680766467000000 50.095602853000003)","Unfall 104266 (2016) Kat:3, Licht: 0","104266","3","5","1","05","14","2","","0","0","1","1","0"
"POINT (8.679073947999999 50.117868410000000)","Unfall 104268 (2016) Kat:3, Licht: 0","104268","3","3","5","04","13","4","","0","0","1","0","1"
"POINT (8.633350512000000 50.159570338000002)","Unfall 104273 (2016) Kat:2, Licht: 0","104273","2","6","3","04","11","7","","0","0","1","0","1"
"POINT (8.609435783000000 50.114772537000000)","Unfall 104275 (2016) Kat:3, Licht: 0","104275","3","3","5","04","17","6","","0","0","1","0","0"
"POINT (8.766413568000001 50.133592720000003)","Unfall 104276 (2016) Kat:2, Licht: 0","104276","2","6","2","04","07","6","","0","1","0","0","1"
"POINT (8.683935622000000 50.113064125999998)","Unfall 104282 (2016) Kat:3, Licht: 2","104282","3","7","5","04","00","1","","2","0","1","0","0"
"POINT (8.677055545000000 50.102807716999997)","Unfall 104283 (2016) Kat:3, Licht: 0","104283","3","4","0","04","16","4","","0","0","1","1","1"
"POINT (8.622419074000000 50.118873809000000)","Unfall 104289 (2016) Kat:3, Licht: 0","104289","3","7","1","04","18","4","","0","0","0","0","1"
"POINT (8.776539029000000 50.137551883999997)","Unfall 104293 (2016) Kat:3, Licht: 0","104293","3","6","2","04","16","4","","0","0","1","0","0"
"POINT (8.610242527000001 50.096557527999998)","Unfall 104296 (2016) Kat:3, Licht: 0","104296","3","6","2","04","17","2","","0","0","1","0","0"
"POINT (8.644064726000000 50.105231926999998)","Unfall 104306 (2016) Kat:3, Licht: 0","104306","3","1","0","04","18","7","","0","1","0","0","0"
"POINT (8.747039906000000 50.122443474000001)","Unfall 104307 (2016) Kat:2, Licht: 0","104307","2","4","6","04","12","4","","0","0","1","1","0"
"POINT (8.598584023000001 50.110993780999998)","Unfall 104309 (2016) Kat:3, Licht: 0","104309","3","3","5","04","19","5","","0","0","1","0","0"
"POINT (8.680422491000000 50.121445557000001)","Unfall 104310 (2016) Kat:3, Licht: 0","104310","3","1","0","04","13","5","","0","0","0","0","1"
"POINT (8.659849098000001 50.194996056999997)","Unfall 104315 (2016) Kat:3, Licht: 0","104315","3","3","5","04","18","6","","0","1","1","0","0"
"POINT (8.678106010000001 50.119238172999999)","Unfall 104318 (2016) Kat:3, Licht: 0","104318","3","6","2","05","14","2","","0","0","1","0","0"
"POINT (8.675717084000000 50.107595480999997)","Unfall 104320 (2016) Kat:3, Licht: 0","104320","3","6","2","04","17","4","","0","1","1","0","0"
"POINT (8.681782738000001 50.116336906000001)","Unfall 104322 (2016) Kat:3, Licht: 0","104322","3","2","5","04","18","4","","0","1","1","0","0"
"POINT (8.538709877000001 50.102706259999998)","Unfall 104323 (2016) Kat:3, Licht: 0","104323","3","3","5","05","16","2","","0","0","1","0","1"
"POINT (8.720118944999999 50.113044918000000)","Unfall 104324 (2016) Kat:3, Licht: 0","104324","3","1","0","04","19","5","","0","0","1","0","1"
"POINT (8.655517271000001 50.142082801000001)","Unfall 104329 (2016) Kat:3, Licht: 0","104329","3","7","0","04","17","7","","0","0","1","0","0"
"POINT (8.635493763000000 50.124193609000002)","Unfall 104330 (2016) Kat:3, Licht: 0","104330","3","2","5","04","19","5","","0","1","1","0","0"
"POINT (8.746937361000001 50.142956099999999)","Unfall 104333 (2016) Kat:3, Licht: 0","104333","3","7","6","04","17","4","","0","0","1","1","0"
"POINT (8.670103803000000 50.108117808000003)","Unfall 104335 (2016) Kat:3, Licht: 0","104335","3","7","6","04","16","4","","0","0","1","1","0"
"POINT (8.694569619999999 50.105372998000000)","Unfall 104338 (2016) Kat:3, Licht: 0","104338","3","2","6","04","08","5","","0","0","1","1","0"
"POINT (8.670381201000000 50.115515983000002)","Unfall 104342 (2016) Kat:2, Licht: 0","104342","2","4","6","04","15","5","","0","0","1","1","0"
"POINT (8.679637081999999 50.103316171000003)","Unfall 104355 (2016) Kat:3, Licht: 0","104355","3","1","0","05","13","1","","0","1","0","0","0"
"POINT (8.632678549000000 50.159493734000002)","Unfall 104363 (2016) Kat:3, Licht: 0","104363","3","6","3","04","17","5","","0","0","1","0","1"
"POINT (8.567381484000000 50.100482991000000)","Unfall 104376 (2016) Kat:3, Licht: 0","104376","3","3","5","05","09","2","","0","0","1","0","0"
"POINT (8.650224584000000 50.114169666000002)","Unfall 104384 (2016) Kat:3, Licht: 0","104384","3","4","6","04","17","6","","0","1","0","1","0"
"POINT (8.608481538000000 50.147009214000001)","Unfall 104385 (2016) Kat:3, Licht: 2","104385","3","1","1","04","03","6","","2","0","1","0","0"
"POINT (8.570438751999999 50.086379968000003)","Unfall 104391 (2016) Kat:3, Licht: 1","104391","3","1","9","04","20","1","","1","0","1","0","0"
"POINT (8.527176983000000 50.110984553999998)","Unfall 104411 (2016) Kat:3, Licht: 0","104411","3","4","6","04","07","3","","0","0","0","1","1"
"POINT (8.690835784000001 50.128193572999997)","Unfall 104415 (2016) Kat:3, Licht: 0","104415","3","3","5","04","15","7","","0","0","1","0","0"
"POINT (8.636423624000001 50.152566579000002)","Unfall 104416 (2016) Kat:3, Licht: 0","104416","3","5","1","04","16","7","","0","1","1","0","0"
"POINT (8.588283135999999 50.123346492000003)","Unfall 104419 (2016) Kat:3, Licht: 0","104419","3","6","2","04","17","5","","0","0","1","0","0"
"POINT (8.547074570000000 50.107067065999999)","Unfall 104424 (2016) Kat:2, Licht: 2","104424","2","1","9","04","23","6","","2","0","1","0","0"
"POINT (8.621429242000000 50.084205609000001)","Unfall 104426 (2016) Kat:3, Licht: 0","104426","3","2","0","04","07","3","","0","0","0","0","1"
"POINT (8.636220772000000 50.102332431000001)","Unfall 104427 (2016) Kat:3, Licht: 0","104427","3","4","6","05","09","2","","0","0","1","1","0"
"POINT (8.678196052000001 50.104968292999999)","Unfall 104432 (2016) Kat:3, Licht: 0","104432","3","5","1","04","11","5","","0","1","1","0","0"
"POINT (8.686165629000000 50.142685587999999)","Unfall 104437 (2016) Kat:3, Licht: 2","104437","3","3","5","04","21","7","","2","0","1","0","1"
"POINT (8.710047119000000 50.126247827999997)","Unfall 104439 (2016) Kat:3, Licht: 0","104439","3","2","5","04","07","6","","0","0","1","0","1"
"POINT (8.646615987000001 50.115991882000003)","Unfall 104440 (2016) Kat:3, Licht: 0","104440","3","7","2","04","07","6","","0","0","0","0","1"
"POINT (8.629607825000001 50.105326200999997)","Unfall 104441 (2016) Kat:3, Licht: 0","104441","3","3","5","04","20","3","","0","0","1","0","0"
"POINT (8.659301555000001 50.120810329999998)","Unfall 104453 (2016) Kat:3, Licht: 0","104453","3","3","5","04","17","3","","0","1","1","0","0"
"POINT (8.568557990000000 50.050520314000003)","Unfall 104460 (2016) Kat:3, Licht: 0","104460","3","7","6","04","16","5","","0","0","1","0","0"
"POINT (8.579109164000000 50.103518872000002)","Unfall 104471 (2016) Kat:3, Licht: 0","104471","3","3","5","04","12","5","","0","1","1","0","0"
"POINT (8.630646911000000 50.115865665000001)","Unfall 104477 (2016) Kat:3, Licht: 0","104477","3","3","5","04","18","6","","0","1","1","0","0"
"POINT (8.670921777000000 50.116264321000003)","Unfall 104479 (2016) Kat:3, Licht: 0","104479","3","6","2","04","12","3","","0","0","1","0","0"
"POINT (8.682184204000000 50.122279263000003)","Unfall 104484 (2016) Kat:3, Licht: 0","104484","3","3","5","04","07","3","","0","1","1","0","0"
"POINT (8.541529799999999 50.098065742000003)","Unfall 104486 (2016) Kat:3, Licht: 0","104486","3","3","5","05","15","2","","0","1","1","0","0"
"POINT (8.708597069000000 50.111355834000001)","Unfall 104490 (2016) Kat:3, Licht: 0","104490","3","2","0","04","11","7","","0","1","0","0","0"
"POINT (8.666079783000001 50.118197309999999)","Unfall 104497 (2016) Kat:3, Licht: 0","104497","3","6","2","05","09","2","","0","1","0","0","0"
"POINT (8.631910258000000 50.112146350000003)","Unfall 104502 (2016) Kat:3, Licht: 0","104502","3","4","6","04","12","1","","0","0","1","1","0"
"POINT (8.683299284000000 50.128547693999998)","Unfall 104509 (2016) Kat:3, Licht: 0","104509","3","2","5","04","16","7","","0","1","1","0","0"
"POINT (8.695804594000000 50.173805721999997)","Unfall 104512 (2016) Kat:3, Licht: 0","104512","3","4","6","04","12","4","","0","0","1","1","0"
"POINT (8.689043324000000 50.118437047999997)","Unfall 104518 (2016) Kat:3, Licht: 0","104518","3","6","2","05","18","1","","0","0","1","0","0"
"POINT (8.643550632000000 50.112792759000001)","Unfall 104520 (2016) Kat:3, Licht: 0","104520","3","2","5","04","16","4","","0","0","1","0","0"
"POINT (8.657402311000000 50.156363566000003)","Unfall 104525 (2016) Kat:3, Licht: 0","104525","3","2","3","04","07","5","","0","0","1","0","1"
"POINT (8.652748459000000 50.121819414000001)","Unfall 104546 (2016) Kat:3, Licht: 0","104546","3","2","3","05","08","6","","0","1","0","0","0"
"POINT (8.575064191999999 50.104572032000000)","Unfall 104559 (2016) Kat:3, Licht: 0","104559","3","3","5","05","18","5","","0","0","1","0","0"
"POINT (8.697878943999999 50.186104708999999)","Unfall 104563 (2016) Kat:3, Licht: 0","104563","3","5","1","05","19","6","","0","1","1","0","0"
"POINT (8.683233217000000 50.096069903999997)","Unfall 104570 (2016) Kat:3, Licht: 0","104570","3","6","3","05","17","6","","0","1","1","0","0"
"POINT (8.723662117000000 50.100885810000001)","Unfall 104572 (2016) Kat:3, Licht: 0","104572","3","7","2","05","15","4","","0","0","0","0","1"
"POINT (8.669786926000000 50.105632442999998)","Unfall 104574 (2016) Kat:3, Licht: 0","104574","3","2","5","05","18","6","","0","1","1","0","0"
"POINT (8.538543793000001 50.115647879999997)","Unfall 104578 (2016) Kat:3, Licht: 0","104578","3","7","1","05","12","7","","0","0","1","0","0"
"POINT (8.693027781000000 50.115363463999998)","Unfall 104583 (2016) Kat:3, Licht: 0","104583","3","3","5","05","09","6","","0","1","1","0","0"
"POINT (8.645090787000001 50.160992573000001)","Unfall 104587 (2016) Kat:3, Licht: 2","104587","3","2","6","05","21","7","","2","0","0","1","0"
"POINT (8.688793729000000 50.093180013000001)","Unfall 104593 (2016) Kat:3, Licht: 2","104593","3","3","1","05","22","7","","2","0","1","0","0"
"POINT (8.599432023000000 50.095180990999999)","Unfall 104594 (2016) Kat:3, Licht: 0","104594","3","3","5","05","07","2","","0","1","1","0","0"
"POINT (8.646923601999999 50.079722332000003)","Unfall 104601 (2016) Kat:3, Licht: 0","104601","3","2","6","05","17","6","","0","0","1","1","0"
"POINT (8.768310713000000 50.126317757000002)","Unfall 104604 (2016) Kat:3, Licht: 0","104604","3","1","0","05","11","7","","0","1","0","0","0"
"POINT (8.658354900000001 50.107464829999998)","Unfall 104614 (2016) Kat:3, Licht: 0","104614","3","4","6","05","16","5","","0","0","1","1","0"
"POINT (8.656550108999999 50.182685593000002)","Unfall 104623 (2016) Kat:3, Licht: 0","104623","3","7","6","05","14","3","","0","0","0","1","0"
"POINT (8.679458121000000 50.117501334000004)","Unfall 104626 (2016) Kat:3, Licht: 0","104626","3","6","2","05","20","4","","0","0","1","0","1"
"POINT (8.702916419999999 50.123729206999997)","Unfall 104633 (2016) Kat:3, Licht: 0","104633","3","4","6","05","16","7","","0","1","0","1","0"
"POINT (8.626031472999999 50.127166303000003)","Unfall 104634 (2016) Kat:2, Licht: 0","104634","2","5","1","05","12","2","","0","0","1","0","1"
"POINT (8.716717050000000 50.129986580999997)","Unfall 104644 (2016) Kat:3, Licht: 0","104644","3","7","6","05","13","7","","0","0","1","1","0"
"POINT (8.632942235000000 50.123154798000002)","Unfall 104645 (2016) Kat:3, Licht: 0","104645","3","2","3","05","09","2","","0","1","1","0","0"
"POINT (8.536318952000000 50.102512195999999)","Unfall 104647 (2016) Kat:3, Licht: 0","104647","3","6","4","05","17","4","","0","1","1","0","0"
"POINT (8.494350980000000 50.099425349999997)","Unfall 104648 (2016) Kat:3, Licht: 0","104648","3","1","8","05","16","4","","0","0","1","0","0"
"POINT (8.694041492000000 50.119601062999998)","Unfall 104650 (2016) Kat:3, Licht: 0","104650","3","6","2","05","11","6","","0","1","1","0","0"
"POINT (8.598582026000001 50.111020695999997)","Unfall 104651 (2016) Kat:3, Licht: 0","104651","3","2","3","05","10","4","","0","0","1","0","0"
"POINT (8.651265186000000 50.110118733000000)","Unfall 104654 (2016) Kat:3, Licht: 0","104654","3","6","2","05","12","6","","0","0","1","0","0"
"POINT (8.659071236000001 50.112554074999998)","Unfall 104658 (2016) Kat:3, Licht: 0","104658","3","2","6","05","17","4","","0","0","1","1","0"
"POINT (8.621922388000000 50.127582679000000)","Unfall 104664 (2016) Kat:3, Licht: 0","104664","3","3","5","05","10","4","","0","1","1","0","0"
"POINT (8.534791510000000 50.108402923000000)","Unfall 104665 (2016) Kat:3, Licht: 0","104665","3","6","3","05","07","5","","0","1","1","0","0"
"POINT (8.681445927000000 50.141545915999998)","Unfall 104668 (2016) Kat:3, Licht: 0","104668","3","6","3","05","15","4","","0","1","1","0","0"
"POINT (8.696734134000000 50.126835290999999)","Unfall 104672 (2016) Kat:3, Licht: 0","104672","3","4","6","05","08","3","","0","1","0","1","0"
"POINT (8.598728019999999 50.096535537999998)","Unfall 104673 (2016) Kat:3, Licht: 0","104673","3","3","5","05","05","1","","0","0","1","0","0"
"POINT (8.620824252000000 50.099794428999999)","Unfall 104675 (2016) Kat:3, Licht: 0","104675","3","1","8","05","19","4","","0","1","0","0","0"
"POINT (8.670052644000000 50.129064935000002)","Unfall 104677 (2016) Kat:3, Licht: 0","104677","3","6","2","05","18","4","","0","0","1","0","0"
"POINT (8.510406865000000 50.076582459999997)","Unfall 104680 (2016) Kat:3, Licht: 0","104680","3","5","1","05","07","3","","0","0","1","0","0"
"POINT (8.691665644000000 50.122890749000000)","Unfall 104682 (2016) Kat:3, Licht: 0","104682","3","7","6","05","09","4","","0","1","0","1","0"
"POINT (8.699364628000000 50.116902797000002)","Unfall 104684 (2016) Kat:3, Licht: 0","104684","3","2","0","05","09","3","","0","1","1","0","0"
"POINT (8.645911415000001 50.113999999999997)","Unfall 104687 (2016) Kat:3, Licht: 0","104687","3","6","2","05","17","1","","0","0","1","0","0"
"POINT (8.689535998000000 50.131841881000000)","Unfall 104688 (2016) Kat:2, Licht: 0","104688","2","6","4","05","08","7","","0","0","1","0","0"
"POINT (8.706295404000001 50.108732146999998)","Unfall 104696 (2016) Kat:3, Licht: 0","104696","3","2","3","05","18","2","","0","1","1","0","0"
"POINT (8.643497237000000 50.117120254000000)","Unfall 104697 (2016) Kat:3, Licht: 2","104697","3","4","6","05","00","1","","2","0","1","1","0"
"POINT (8.770123302000000 50.116656626999998)","Unfall 104702 (2016) Kat:3, Licht: 0","104702","3","7","6","05","11","1","","0","0","1","1","0"
"POINT (8.668179081000000 50.134911195000001)","Unfall 104708 (2016) Kat:2, Licht: 0","104708","2","2","5","05","12","6","","0","1","1","0","0"
"POINT (8.669574268000000 50.107759352999999)","Unfall 104714 (2016) Kat:3, Licht: 0","104714","3","3","0","05","11","3","","0","1","1","0","0"
"POINT (8.754782434999999 50.144971537000004)","Unfall 104715 (2016) Kat:3, Licht: 0","104715","3","2","5","05","17","6","","0","0","1","0","1"
"POINT (8.643576849000001 50.115699298999999)","Unfall 104722 (2016) Kat:3, Licht: 0","104722","3","3","0","05","17","5","","0","0","1","0","1"
"POINT (8.660093967000000 50.118992005999999)","Unfall 104726 (2016) Kat:3, Licht: 0","104726","3","6","2","05","08","3","","0","1","0","0","0"
"POINT (8.708936650000000 50.109144067000003)","Unfall 104729 (2016) Kat:3, Licht: 0","104729","3","2","5","05","18","1","","0","1","0","0","1"
"POINT (8.688089171000000 50.126883704000001)","Unfall 104733 (2016) Kat:3, Licht: 0","104733","3","7","0","05","07","4","","0","1","0","0","0"
"POINT (8.581800651000000 50.086210651000002)","Unfall 104759 (2016) Kat:2, Licht: 0","104759","2","7","6","05","09","6","","0","0","1","1","0"
"POINT (8.529041127999999 50.107781957000000)","Unfall 104763 (2016) Kat:3, Licht: 0","104763","3","6","2","05","08","6","","0","0","1","0","0"
"POINT (8.618901662000001 50.163253394000002)","Unfall 104777 (2016) Kat:3, Licht: 0","104777","3","3","5","05","19","5","","0","0","1","0","0"
"POINT (8.688841117999999 50.126992018999999)","Unfall 104780 (2016) Kat:3, Licht: 0","104780","3","7","0","05","17","5","","0","1","0","0","0"
"POINT (8.648942827999999 50.139026674000000)","Unfall 104783 (2016) Kat:3, Licht: 0","104783","3","4","6","05","10","3","","0","0","1","1","0"
"POINT (8.702515759000001 50.125026853000001)","Unfall 104793 (2016) Kat:3, Licht: 0","104793","3","1","0","05","15","7","","0","1","1","0","0"
"POINT (8.685962050000001 50.112463408000004)","Unfall 104798 (2016) Kat:3, Licht: 2","104798","3","1","0","05","22","4","","2","1","0","0","0"
"POINT (8.755122842000001 50.132822052000002)","Unfall 104826 (2016) Kat:3, Licht: 0","104826","3","3","0","05","12","3","","0","1","0","0","0"
"POINT (8.693082876000000 50.074735461000003)","Unfall 104836 (2016) Kat:2, Licht: 0","104836","2","2","5","05","09","4","","0","0","1","0","0"
"POINT (8.598553863999999 50.110985970000002)","Unfall 104847 (2016) Kat:3, Licht: 0","104847","3","3","5","05","11","1","","0","0","1","0","1"
"POINT (8.679718893000000 50.118801314000002)","Unfall 104849 (2016) Kat:3, Licht: 0","104849","3","5","1","05","11","6","","0","1","1","0","0"
"POINT (8.656775656000001 50.095222008999997)","Unfall 104862 (2016) Kat:3, Licht: 0","104862","3","6","2","05","14","3","","0","0","1","0","0"
"POINT (8.626610806000000 50.165134774999999)","Unfall 104865 (2016) Kat:3, Licht: 1","104865","3","2","5","05","19","1","","1","1","1","0","0"
"POINT (8.661696871000000 50.104923608999997)","Unfall 104870 (2016) Kat:2, Licht: 0","104870","2","1","0","05","19","7","","0","1","0","0","0"
"POINT (8.770489826000000 50.120054537999998)","Unfall 104872 (2016) Kat:3, Licht: 0","104872","3","3","5","05","21","5","","0","1","1","0","0"
"POINT (8.679725296000001 50.119274928999999)","Unfall 104873 (2016) Kat:3, Licht: 0","104873","3","5","1","05","12","3","","0","1","1","0","0"
"POINT (8.684061633000001 50.126332378000001)","Unfall 104877 (2016) Kat:3, Licht: 2","104877","3","3","5","05","03","1","","2","1","1","0","0"
"POINT (8.543673312999999 50.099447660000003)","Unfall 104878 (2016) Kat:3, Licht: 0","104878","3","3","5","05","19","3","","0","0","1","0","0"
"POINT (8.553456338000000 50.100975423999998)","Unfall 104879 (2016) Kat:3, Licht: 0","104879","3","6","4","05","18","5","","0","1","0","0","0"
"POINT (8.625674975000001 50.153105521000001)","Unfall 104883 (2016) Kat:3, Licht: 0","104883","3","1","9","05","15","3","","0","1","0","0","0"
"POINT (8.596647834000001 50.102362507999999)","Unfall 104884 (2016) Kat:3, Licht: 0","104884","3","5","1","05","19","5","","0","1","1","0","0"
"POINT (8.659315195000000 50.115274593999999)","Unfall 104893 (2016) Kat:3, Licht: 0","104893","3","2","5","05","07","3","","0","1","1","0","0"
"POINT (8.665987468999999 50.110311910000000)","Unfall 104894 (2016) Kat:3, Licht: 0","104894","3","3","0","05","09","5","","0","0","1","0","1"
"POINT (8.654919912000000 50.146415214999998)","Unfall 104900 (2016) Kat:3, Licht: 0","104900","3","6","2","05","07","6","","0","0","1","0","0"
"POINT (8.668400367000000 50.103476176000001)","Unfall 104908 (2016) Kat:3, Licht: 0","104908","3","7","0","05","10","4","","0","1","0","0","0"
"POINT (8.628033725000000 50.113716175000000)","Unfall 104909 (2016) Kat:3, Licht: 0","104909","3","3","5","05","17","3","","0","1","0","0","0"
"POINT (8.689132158000000 50.118227412000003)","Unfall 104910 (2016) Kat:3, Licht: 0","104910","3","6","2","05","09","5","","0","0","1","0","0"
"POINT (8.678759055000000 50.098806664000001)","Unfall 104914 (2016) Kat:2, Licht: 0","104914","2","4","6","05","11","6","","0","0","1","1","0"
"POINT (8.679373314999999 50.147783848000003)","Unfall 104917 (2016) Kat:3, Licht: 0","104917","3","7","2","05","07","3","","0","1","1","0","0"
"POINT (8.694585934999999 50.143950836999998)","Unfall 104918 (2016) Kat:3, Licht: 0","104918","3","6","2","05","16","3","","0","0","1","0","0"
"POINT (8.692730593000000 50.123033167999999)","Unfall 104919 (2016) Kat:3, Licht: 0","104919","3","1","5","05","17","5","","0","1","1","0","0"
"POINT (8.662145239000001 50.118399715000002)","Unfall 104921 (2016) Kat:3, Licht: 0","104921","3","7","5","05","17","3","","0","1","0","0","0"
"POINT (8.549850469000001 50.106405332000001)","Unfall 104924 (2016) Kat:3, Licht: 0","104924","3","6","2","05","08","2","","0","0","1","0","0"
"POINT (8.661639774999999 50.109805436999999)","Unfall 104926 (2016) Kat:3, Licht: 0","104926","3","6","3","05","15","6","","0","0","1","0","0"
"POINT (8.683925650999999 50.123798770999997)","Unfall 104927 (2016) Kat:3, Licht: 2","104927","3","3","5","05","01","3","","2","0","1","0","0"
"POINT (8.638280494000000 50.086323837000002)","Unfall 104938 (2016) Kat:3, Licht: 0","104938","3","3","5","05","05","1","","0","0","1","0","0"
"POINT (8.627734984000000 50.097195827000000)","Unfall 104944 (2016) Kat:3, Licht: 0","104944","3","3","5","05","07","4","","0","1","0","0","1"
"POINT (8.604633735000000 50.095225900000003)","Unfall 104948 (2016) Kat:2, Licht: 0","104948","2","5","1","05","12","2","","0","0","1","0","0"
"POINT (8.723743017000000 50.162063895000003)","Unfall 104958 (2016) Kat:3, Licht: 0","104958","3","7","8","05","10","6","","0","0","1","0","0"
"POINT (8.678930747000001 50.113199162000001)","Unfall 104959 (2016) Kat:3, Licht: 0","104959","3","3","5","05","09","4","","0","1","0","0","0"
"POINT (8.609406340000000 50.124537343999997)","Unfall 104963 (2016) Kat:3, Licht: 0","104963","3","3","0","05","19","2","","0","0","1","0","0"
"POINT (8.646718937999999 50.082219563999999)","Unfall 104969 (2016) Kat:3, Licht: 0","104969","3","4","0","05","14","3","","0","0","0","1","1"
"POINT (8.681202174999999 50.103934000000002)","Unfall 104977 (2016) Kat:3, Licht: 0","104977","3","7","4","05","10","7","","0","0","1","0","1"
"POINT (8.716569550999999 50.127996869999997)","Unfall 104978 (2016) Kat:3, Licht: 2","104978","3","3","5","05","00","2","","2","0","1","0","0"
"POINT (8.729684756999999 50.123709130999998)","Unfall 104983 (2016) Kat:3, Licht: 0","104983","3","6","4","05","12","1","","0","0","1","0","0"
"POINT (8.543680812000000 50.099436382999997)","Unfall 104998 (2016) Kat:3, Licht: 0","104998","3","3","5","05","09","7","","0","0","1","0","0"
"POINT (8.641421428999999 50.155901493999998)","Unfall 105009 (2016) Kat:3, Licht: 0","105009","3","7","6","05","15","7","","0","0","1","1","0"
"POINT (8.687816124999999 50.113888115000002)","Unfall 105011 (2016) Kat:3, Licht: 0","105011","3","5","3","05","15","6","","0","1","1","0","0"
"POINT (8.624627338000000 50.105507363999997)","Unfall 105018 (2016) Kat:3, Licht: 0","105018","3","4","0","05","18","4","","0","0","1","1","0"
"POINT (8.612158480000000 50.125963937000002)","Unfall 105020 (2016) Kat:3, Licht: 1","105020","3","3","5","05","21","4","","1","1","0","0","0"
"POINT (8.650947270000000 50.113323493999999)","Unfall 105027 (2016) Kat:3, Licht: 0","105027","3","6","3","05","15","7","","0","1","1","0","0"
"POINT (8.625974276999999 50.081901680000001)","Unfall 105030 (2016) Kat:3, Licht: 0","105030","3","1","9","05","09","4","","0","0","1","0","0"
"POINT (8.675732372000001 50.116132153999999)","Unfall 105031 (2016) Kat:3, Licht: 2","105031","3","7","6","05","04","7","","2","0","1","1","0"