WKT,Name,OBJECTID,UKATEGORIE,UTYP1,UART,UMONAT,USTUNDE,UWOCHENTAG,STRZUSTAND,ULICHTVERH,ISTRAD,ISTPKW,ISTFUSS,ISTKRAD
"POINT (8.669063942999999 50.106175968000002)","Unfall 105033 (2016) Kat:3, Licht: 2","105033","3","1","0","05","02","5","","2","1","0","0","0"
"POINT (8.648022494999999 50.121481969999998)","Unfall 105037 (2016) Kat:3, Licht: 0","105037","3","3","5","05","16","7","","0","1","1","0","0"
"POINT (8.669875780000000 50.115622749000003)","Unfall 105039 (2016) Kat:3, Licht: 0","105039","3","2","5","05","09","4","","0","1","0","0","0"
"POINT (8.686244591000000 50.120349758000003)","Unfall 105040 (2016) Kat:3, Licht: 0","105040","3","6","3","05","17","4","","0","1","0","0","0"
"POINT (8.629197593000001 50.084448205999998)","Unfall 105047 (2016) Kat:3, Licht: 0","105047","3","7","0","05","13","7","","0","1","0","0","0"
"POINT (8.687567876999999 50.105990249999998)","Unfall 105048 (2016) Kat:3, Licht: 0","105048","3","4","6","05","18","2","","0","1","0","1","0"
"POINT (8.650895384000000 50.076504743999998)","Unfall 105050 (2016) Kat:3, Licht: 1","105050","3","7","2","05","20","7","","1","0","1","0","1"
"POINT (8.680287855000000 50.112239406000000)","Unfall 105056 (2016) Kat:2, Licht: 0","105056","2","7","0","05","14","2","","0","1","0","0","0"
"POINT (8.665801449000000 50.105873174000003)","Unfall 105058 (2016) Kat:3, Licht: 2","105058","3","7","0","05","04","1","","2","1","0","0","0"
"POINT (8.695977727000001 50.116945039000001)","Unfall 105060 (2016) Kat:3, Licht: 0","105060","3","5","1","05","19","7","","0","1","1","0","0"
"POINT (8.683880174000001 50.162873425000001)","Unfall 105061 (2016) Kat:3, Licht: 0","105061","3","6","2","05","17","3","","0","0","1","0","0"
"POINT (8.536103763000000 50.114598151999999)","Unfall 105062 (2016) Kat:3, Licht: 0","105062","3","7","0","06","16","7","","0","0","1","1","0"
"POINT (8.651618047000000 50.155835119999999)","Unfall 105065 (2016) Kat:3, Licht: 0","105065","3","5","1","06","16","1","","0","1","1","0","0"
"POINT (8.549301086000000 50.107687190000000)","Unfall 105074 (2016) Kat:3, Licht: 0","105074","3","1","4","06","15","2","","0","1","1","0","0"
"POINT (8.745062353000000 50.123349392000002)","Unfall 105078 (2016) Kat:3, Licht: 0","105078","3","6","3","06","15","4","","0","0","1","0","1"
"POINT (8.563267445999999 50.119974595000002)","Unfall 105086 (2016) Kat:3, Licht: 2","105086","3","5","1","06","00","7","","2","1","1","0","0"
"POINT (8.568412245999999 50.123937122999997)","Unfall 105087 (2016) Kat:3, Licht: 0","105087","3","3","5","05","18","3","","0","1","1","0","0"
"POINT (8.652559863000001 50.114235780000001)","Unfall 105089 (2016) Kat:3, Licht: 2","105089","3","6","3","06","22","7","","2","0","1","0","1"
"POINT (8.621263422000000 50.167426679999998)","Unfall 105097 (2016) Kat:3, Licht: 0","105097","3","6","0","06","15","6","","0","0","0","0","1"
"POINT (8.686891095000000 50.126711190999998)","Unfall 105099 (2016) Kat:3, Licht: 0","105099","3","4","6","05","20","3","","0","1","0","1","0"
"POINT (8.623964294000000 50.080790162000000)","Unfall 105100 (2016) Kat:3, Licht: 0","105100","3","6","2","06","16","7","","0","0","1","0","0"
"POINT (8.599242502999999 50.095187328000002)","Unfall 105102 (2016) Kat:3, Licht: 0","105102","3","3","5","06","08","2","","0","0","1","0","0"
"POINT (8.674893157000000 50.125008444000002)","Unfall 105104 (2016) Kat:3, Licht: 1","105104","3","6","3","06","20","5","","1","0","1","0","1"
"POINT (8.757955172999999 50.133024861999999)","Unfall 105107 (2016) Kat:3, Licht: 0","105107","3","3","5","06","21","6","","0","0","1","0","0"
"POINT (8.586758245000000 50.107979464000003)","Unfall 105108 (2016) Kat:2, Licht: 0","105108","2","3","5","06","06","5","","0","1","1","0","0"
"POINT (8.692471779000000 50.127528062000003)","Unfall 105111 (2016) Kat:3, Licht: 0","105111","3","4","6","06","14","6","","0","0","1","1","0"
"POINT (8.682410886000000 50.100121160000000)","Unfall 105114 (2016) Kat:3, Licht: 0","105114","3","2","6","06","18","7","","0","0","0","1","0"
"POINT (8.650810243000001 50.136253330999999)","Unfall 105117 (2016) Kat:3, Licht: 0","105117","3","2","2","06","12","2","","0","0","1","0","0"
"POINT (8.688216138000000 50.112210353999998)","Unfall 105118 (2016) Kat:3, Licht: 2","105118","3","6","0","06","22","1","","2","0","1","0","1"
"POINT (8.642143428000001 50.193315892000001)","Unfall 105120 (2016) Kat:3, Licht: 0","105120","3","7","4","06","10","4","","0","0","1","0","0"
"POINT (8.676475940000000 50.113625788000000)","Unfall 105122 (2016) Kat:3, Licht: 0","105122","3","7","6","06","11","6","","0","1","0","1","0"
"POINT (8.515262543000000 50.084193857000002)","Unfall 105128 (2016) Kat:2, Licht: 0","105128","2","4","6","06","13","6","","0","0","1","1","0"
"POINT (8.610825287000001 50.129096848000003)","Unfall 105130 (2016) Kat:3, Licht: 0","105130","3","3","5","06","06","6","","0","1","1","0","0"
"POINT (8.646142104999999 50.086746112999997)","Unfall 105134 (2016) Kat:3, Licht: 0","105134","3","7","2","06","14","2","","0","0","1","0","0"
"POINT (8.691977830000001 50.126580726000000)","Unfall 105136 (2016) Kat:3, Licht: 0","105136","3","4","6","06","11","4","","0","0","1","1","0"
"POINT (8.686739746000001 50.150397230999999)","Unfall 105145 (2016) Kat:3, Licht: 0","105145","3","5","1","06","14","7","","0","0","1","0","0"
"POINT (8.698070432000000 50.127221497999997)","Unfall 105146 (2016) Kat:3, Licht: 0","105146","3","6","3","06","14","2","","0","1","0","0","0"
"POINT (8.666724772000000 50.107956410000000)","Unfall 105149 (2016) Kat:3, Licht: 0","105149","3","4","6","06","20","7","","0","0","1","1","0"
"POINT (8.701096460000001 50.122857762999999)","Unfall 105157 (2016) Kat:3, Licht: 0","105157","3","7","6","06","05","7","","0","0","1","1","0"
"POINT (8.605450075000000 50.091768463000001)","Unfall 105158 (2016) Kat:2, Licht: 0","105158","2","3","5","06","11","1","","0","0","1","0","0"
"POINT (8.678926819999999 50.116914655000002)","Unfall 105161 (2016) Kat:3, Licht: 0","105161","3","6","2","06","18","1","","0","0","1","0","0"
"POINT (8.638537360000001 50.082886850999998)","Unfall 105163 (2016) Kat:3, Licht: 0","105163","3","4","6","06","15","5","","0","0","1","1","0"
"POINT (8.673264219000000 50.114358473000003)","Unfall 105171 (2016) Kat:3, Licht: 0","105171","3","5","1","06","19","1","","0","1","1","0","0"
"POINT (8.656500136000000 50.100438803000003)","Unfall 105174 (2016) Kat:3, Licht: 0","105174","3","7","6","06","10","2","","0","1","1","1","0"
"POINT (8.698268275000000 50.138986289000002)","Unfall 105176 (2016) Kat:2, Licht: 0","105176","2","6","2","06","18","4","","0","0","1","0","0"
"POINT (8.539848691000000 50.096654381000000)","Unfall 105181 (2016) Kat:3, Licht: 0","105181","3","7","0","06","06","4","","0","1","1","0","0"
"POINT (8.649442755999999 50.120613876999997)","Unfall 105184 (2016) Kat:3, Licht: 0","105184","3","5","1","06","12","6","","0","1","1","0","0"
"POINT (8.670597808000000 50.114913899000001)","Unfall 105189 (2016) Kat:3, Licht: 0","105189","3","5","0","06","15","4","","0","1","1","0","0"
"POINT (8.683828093000001 50.106762429000000)","Unfall 105190 (2016) Kat:3, Licht: 0","105190","3","3","5","06","08","4","","0","1","1","0","0"
"POINT (8.673803605000000 50.110281729000000)","Unfall 105209 (2016) Kat:3, Licht: 0","105209","3","6","2","06","13","7","","0","0","1","0","0"
"POINT (8.767163775000000 50.120748736000003)","Unfall 105216 (2016) Kat:3, Licht: 0","105216","3","4","6","06","18","5","","0","0","1","1","0"
"POINT (8.546805432999999 50.100935718999999)","Unfall 105221 (2016) Kat:3, Licht: 0","105221","3","3","5","06","07","6","","0","1","0","0","0"
"POINT (8.624451141000000 50.140796913999999)","Unfall 105223 (2016) Kat:3, Licht: 0","105223","3","2","5","06","07","6","","0","1","1","0","0"
"POINT (8.679029768000000 50.117880845999998)","Unfall 105231 (2016) Kat:3, Licht: 0","105231","3","3","5","06","14","1","","0","1","1","0","0"
"POINT (8.545257330000000 50.099553643999997)","Unfall 105235 (2016) Kat:3, Licht: 0","105235","3","3","5","06","07","5","","0","1","1","0","0"
"POINT (8.549159040999999 50.100289023000002)","Unfall 105236 (2016) Kat:3, Licht: 0","105236","3","7","6","06","15","3","","0","0","1","1","0"
"POINT (8.674670877000001 50.126010532999999)","Unfall 105247 (2016) Kat:3, Licht: 0","105247","3","4","6","06","08","4","","0","0","1","1","0"
"POINT (8.670610976000001 50.097289095999997)","Unfall 105249 (2016) Kat:3, Licht: 0","105249","3","3","5","06","06","5","","0","0","1","0","1"
"POINT (8.642326032000000 50.116855860000001)","Unfall 105250 (2016) Kat:3, Licht: 0","105250","3","2","3","06","07","3","","0","1","0","0","0"
"POINT (8.767725600000000 50.127515150999997)","Unfall 105254 (2016) Kat:3, Licht: 1","105254","3","3","5","06","21","5","","1","0","1","0","0"
"POINT (8.650639139000001 50.108633896000001)","Unfall 105255 (2016) Kat:3, Licht: 0","105255","3","3","5","06","20","7","","0","1","1","0","0"
"POINT (8.762206481000000 50.114767815999997)","Unfall 105257 (2016) Kat:3, Licht: 0","105257","3","2","5","06","09","5","","0","0","1","0","0"
"POINT (8.654095202000001 50.119932581000000)","Unfall 105260 (2016) Kat:3, Licht: 2","105260","3","6","2","06","21","5","","2","0","1","0","0"
"POINT (8.677786238000000 50.105434795000001)","Unfall 105262 (2016) Kat:3, Licht: 0","105262","3","2","5","06","06","3","","0","0","1","0","0"
"POINT (8.752778140000000 50.158748322000001)","Unfall 105264 (2016) Kat:3, Licht: 0","105264","3","5","1","06","17","6","","0","1","1","0","0"
"POINT (8.632331342000001 50.152919335000000)","Unfall 105268 (2016) Kat:3, Licht: 0","105268","3","4","6","05","16","2","","0","0","1","1","0"
"POINT (8.599245157000000 50.118580055000002)","Unfall 105275 (2016) Kat:3, Licht: 0","105275","3","5","1","06","16","5","","0","1","1","0","0"
"POINT (8.648779630000000 50.087088455999996)","Unfall 105280 (2016) Kat:3, Licht: 2","105280","3","7","0","05","00","2","","2","0","0","0","1"
"POINT (8.631194272000000 50.160300034000002)","Unfall 105287 (2016) Kat:2, Licht: 0","105287","2","5","0","06","11","4","","0","0","1","0","0"
"POINT (8.700462680999999 50.112360367999997)","Unfall 105290 (2016) Kat:3, Licht: 2","105290","3","5","1","06","21","3","","2","1","1","0","0"
"POINT (8.675067904000001 50.124583278999999)","Unfall 105291 (2016) Kat:3, Licht: 0","105291","3","5","1","06","20","5","","0","1","1","0","0"
"POINT (8.610257214000001 50.093219410000003)","Unfall 105296 (2016) Kat:3, Licht: 0","105296","3","3","5","06","07","6","","0","1","1","0","0"
"POINT (8.679958162000000 50.112551879999998)","Unfall 105297 (2016) Kat:3, Licht: 0","105297","3","5","1","05","13","2","","0","0","1","0","0"
"POINT (8.668359061000000 50.113171199000000)","Unfall 105298 (2016) Kat:3, Licht: 0","105298","3","6","2","06","15","6","","0","0","1","0","0"
"POINT (8.591329494000000 50.136850795000001)","Unfall 105299 (2016) Kat:3, Licht: 0","105299","3","6","2","06","15","3","","0","0","1","0","0"
"POINT (8.690332037999999 50.104007373999998)","Unfall 105325 (2016) Kat:3, Licht: 0","105325","3","6","1","06","14","7","","0","0","1","0","0"
"POINT (8.671772892000000 50.087957467000003)","Unfall 105331 (2016) Kat:3, Licht: 0","105331","3","3","5","06","07","5","","0","1","1","0","0"
"POINT (8.682834782000001 50.152305353999999)","Unfall 105342 (2016) Kat:3, Licht: 0","105342","3","3","5","06","16","7","","0","0","1","0","0"
"POINT (8.611528527999999 50.125504573999997)","Unfall 105343 (2016) Kat:3, Licht: 0","105343","3","3","5","06","08","4","","0","1","1","0","0"
"POINT (8.646136090000001 50.137013865000000)","Unfall 105344 (2016) Kat:3, Licht: 0","105344","3","2","3","06","15","4","","0","0","1","0","0"
"POINT (8.568384340000000 50.102103569000001)","Unfall 105346 (2016) Kat:3, Licht: 0","105346","3","4","6","06","16","6","","0","0","0","1","1"
"POINT (8.681671056000001 50.100631735000000)","Unfall 105353 (2016) Kat:3, Licht: 0","105353","3","1","1","06","18","4","","0","1","1","0","0"
"POINT (8.688384854000001 50.117642597000000)","Unfall 105361 (2016) Kat:3, Licht: 2","105361","3","6","2","06","02","1","","2","0","1","0","0"
"POINT (8.621442449000000 50.110558990999998)","Unfall 105362 (2016) Kat:3, Licht: 0","105362","3","7","0","06","16","1","","0","0","0","0","0"
"POINT (8.679585736000000 50.091876122999999)","Unfall 105369 (2016) Kat:3, Licht: 0","105369","3","5","1","06","17","5","","0","1","1","0","0"
"POINT (8.546802752000000 50.100873557000000)","Unfall 105385 (2016) Kat:3, Licht: 0","105385","3","3","5","06","16","4","","0","0","1","0","0"
"POINT (8.763324014000000 50.122481031000000)","Unfall 105395 (2016) Kat:3, Licht: 0","105395","3","3","5","06","13","1","","0","0","1","0","1"
"POINT (8.679385109000000 50.114202892999998)","Unfall 105398 (2016) Kat:3, Licht: 0","105398","3","7","0","06","17","4","","0","1","0","0","0"
"POINT (8.693237494000000 50.115057550000003)","Unfall 105401 (2016) Kat:3, Licht: 0","105401","3","3","5","06","07","6","","0","0","1","0","0"
"POINT (8.671818016000000 50.109373837000000)","Unfall 105406 (2016) Kat:2, Licht: 2","105406","2","4","3","06","23","3","","2","0","1","1","0"
"POINT (8.542415531000000 50.099123507999998)","Unfall 105410 (2016) Kat:3, Licht: 0","105410","3","3","5","06","19","2","","0","0","1","0","0"
"POINT (8.688859635000000 50.118576304999998)","Unfall 105414 (2016) Kat:3, Licht: 0","105414","3","4","6","06","19","3","","0","0","1","1","0"
"POINT (8.735042649000000 50.141091596999999)","Unfall 105418 (2016) Kat:3, Licht: 2","105418","3","1","0","06","23","6","","2","1","0","0","0"
"POINT (8.643909937000000 50.168710574000002)","Unfall 105438 (2016) Kat:3, Licht: 0","105438","3","3","5","06","08","2","","0","0","1","0","0"
"POINT (8.657251917000000 50.156767586000001)","Unfall 105441 (2016) Kat:3, Licht: 0","105441","3","7","1","06","08","2","","0","1","1","0","0"
"POINT (8.661802619000000 50.118506089000000)","Unfall 105443 (2016) Kat:3, Licht: 0","105443","3","6","2","06","12","5","","0","0","1","0","0"
"POINT (8.683763441000000 50.092033991000001)","Unfall 105451 (2016) Kat:3, Licht: 0","105451","3","3","5","06","10","2","","0","0","1","0","1"
"POINT (8.659765900000000 50.119043722000001)","Unfall 105455 (2016) Kat:2, Licht: 0","105455","2","2","5","06","09","3","","0","1","1","0","0"
"POINT (8.594144475000000 50.096448279000001)","Unfall 105459 (2016) Kat:3, Licht: 0","105459","3","6","2","06","19","7","","0","0","1","0","0"
"POINT (8.677411374000000 50.140619837999999)","Unfall 105460 (2016) Kat:3, Licht: 0","105460","3","3","5","06","18","4","","0","0","1","0","1"
"POINT (8.690735116999999 50.130169862999999)","Unfall 105468 (2016) Kat:3, Licht: 2","105468","3","7","0","06","01","3","","2","0","1","0","0"
"POINT (8.545259095000001 50.104667648000003)","Unfall 105474 (2016) Kat:2, Licht: 0","105474","2","1","0","06","19","3","","0","0","0","0","1"
"POINT (8.547419595999999 50.107171598999997)","Unfall 105475 (2016) Kat:3, Licht: 0","105475","3","7","0","06","09","5","","0","1","0","0","0"
"POINT (8.687781841000000 50.109867598000001)","Unfall 105479 (2016) Kat:3, Licht: 0","105479","3","5","1","06","12","1","","0","1","1","0","0"
"POINT (8.571201819000001 50.096924639000001)","Unfall 105481 (2016) Kat:2, Licht: 0","105481","2","7","5","06","18","3","","0","1","1","0","0"
"POINT (8.580817792000000 50.106264416999998)","Unfall 105482 (2016) Kat:2, Licht: 0","105482","2","4","6","06","19","5","","0","0","1","1","1"
"POINT (8.661958853000000 50.193055430999998)","Unfall 105484 (2016) Kat:3, Licht: 0","105484","3","6","2","06","09","5","","0","0","1","0","0"
"POINT (8.677616758999999 50.140667745999998)","Unfall 105491 (2016) Kat:3, Licht: 0","105491","3","3","5","06","15","3","","0","1","1","0","0"
"POINT (8.684192028000000 50.100458072000002)","Unfall 105492 (2016) Kat:3, Licht: 0","105492","3","7","1","06","13","5","","0","1","1","0","0"
"POINT (8.696798903000000 50.118195778999997)","Unfall 105494 (2016) Kat:3, Licht: 0","105494","3","2","4","06","08","2","","0","1","1","0","0"
"POINT (8.672184853999999 50.110830815000000)","Unfall 105496 (2016) Kat:3, Licht: 0","105496","3","6","2","06","17","5","","0","0","1","0","0"
"POINT (8.538535890000000 50.103058328000003)","Unfall 105497 (2016) Kat:3, Licht: 2","105497","3","3","5","06","23","6","","2","1","1","0","0"
"POINT (8.658213982000000 50.103581011999999)","Unfall 105501 (2016) Kat:3, Licht: 0","105501","3","3","5","06","07","3","","0","0","1","0","0"
"POINT (8.681908641000000 50.127016218000001)","Unfall 105502 (2016) Kat:3, Licht: 0","105502","3","7","6","06","17","5","","0","0","1","1","0"
"POINT (8.736705376000000 50.121081662000002)","Unfall 105506 (2016) Kat:3, Licht: 0","105506","3","6","2","06","15","2","","0","0","1","0","0"
"POINT (8.676220090999999 50.129113443999998)","Unfall 105509 (2016) Kat:3, Licht: 0","105509","3","3","5","06","14","5","","0","0","1","0","0"
"POINT (8.592072676000001 50.086324382000001)","Unfall 105514 (2016) Kat:3, Licht: 0","105514","3","3","5","06","15","6","","0","0","1","0","0"
"POINT (8.711922582000000 50.110984676000001)","Unfall 105516 (2016) Kat:3, Licht: 0","105516","3","7","0","06","19","4","","0","0","1","1","0"
"POINT (8.686117896000001 50.116231724999999)","Unfall 105518 (2016) Kat:2, Licht: 0","105518","2","7","6","06","13","5","","0","0","1","1","0"
"POINT (8.638234129000001 50.172479944000003)","Unfall 105519 (2016) Kat:3, Licht: 0","105519","3","6","2","06","15","6","","0","0","1","0","0"
"POINT (8.693495377000000 50.121456651000003)","Unfall 105524 (2016) Kat:3, Licht: 0","105524","3","3","0","06","20","3","","0","1","0","0","0"
"POINT (8.662457838000000 50.105215948000001)","Unfall 105525 (2016) Kat:3, Licht: 0","105525","3","1","0","06","21","6","","0","0","0","0","1"
"POINT (8.607167895000000 50.143026718000002)","Unfall 105528 (2016) Kat:2, Licht: 0","105528","2","7","6","06","17","7","","0","0","1","1","0"
"POINT (8.683932315000000 50.130010779000003)","Unfall 105530 (2016) Kat:3, Licht: 0","105530","3","3","5","06","11","6","","0","1","1","0","0"
"POINT (8.644045974999999 50.105274860999998)","Unfall 105538 (2016) Kat:3, Licht: 0","105538","3","6","3","06","17","7","","0","1","1","0","0"
"POINT (8.701942289000000 50.118183569000003)","Unfall 105561 (2016) Kat:3, Licht: 0","105561","3","4","6","06","09","5","","0","0","1","1","0"
"POINT (8.669774555000000 50.113909247000002)","Unfall 105573 (2016) Kat:3, Licht: 0","105573","3","2","5","06","14","4","","0","1","1","0","0"
"POINT (8.649054461000000 50.198214667000002)","Unfall 105575 (2016) Kat:3, Licht: 0","105575","3","6","2","06","07","5","","0","0","1","0","0"
"POINT (8.549383495000001 50.106484072000001)","Unfall 105577 (2016) Kat:2, Licht: 2","105577","2","2","6","06","22","2","","2","0","1","1","0"
"POINT (8.636288270000000 50.168791714999998)","Unfall 105578 (2016) Kat:3, Licht: 0","105578","3","6","2","06","17","4","","0","1","1","0","0"
"POINT (8.630870968000000 50.155939386000000)","Unfall 105582 (2016) Kat:2, Licht: 0","105582","2","6","3","06","12","2","","0","1","1","0","0"
"POINT (8.695475040000000 50.115841226000001)","Unfall 105592 (2016) Kat:3, Licht: 2","105592","3","6","3","06","21","2","","2","0","0","0","1"
"POINT (8.692086826000001 50.127338070000000)","Unfall 105597 (2016) Kat:3, Licht: 2","105597","3","3","5","06","00","1","","2","1","1","0","0"
"POINT (8.581357867000000 50.127511439000003)","Unfall 105604 (2016) Kat:3, Licht: 0","105604","3","1","0","06","17","5","","0","1","0","0","0"
"POINT (8.542170389000001 50.101726569999997)","Unfall 105605 (2016) Kat:3, Licht: 0","105605","3","2","6","06","14","5","","0","0","0","1","0"
"POINT (8.543663453000001 50.099462486000000)","Unfall 105613 (2016) Kat:3, Licht: 0","105613","3","3","5","06","16","4","","0","0","1","0","0"
"POINT (8.691732427000000 50.123545350000001)","Unfall 105617 (2016) Kat:3, Licht: 0","105617","3","3","5","06","08","5","","0","0","1","0","0"
"POINT (8.646432644000001 50.119297703999997)","Unfall 105622 (2016) Kat:3, Licht: 2","105622","3","4","6","06","22","4","","2","1","0","1","0"
"POINT (8.683958789000000 50.124644172000004)","Unfall 105624 (2016) Kat:3, Licht: 0","105624","3","6","4","06","09","2","","0","1","0","0","0"
"POINT (8.672547091000000 50.108541723999998)","Unfall 105654 (2016) Kat:2, Licht: 0","105654","2","4","6","06","16","2","","0","0","0","1","0"
"POINT (8.667197563000000 50.121820620999998)","Unfall 105673 (2016) Kat:3, Licht: 0","105673","3","3","5","07","13","5","","0","1","1","0","0"
"POINT (8.621202437000001 50.113805739999997)","Unfall 105677 (2016) Kat:3, Licht: 0","105677","3","3","5","07","08","5","","0","1","1","0","0"
"POINT (8.706729191999999 50.127600192999999)","Unfall 105683 (2016) Kat:2, Licht: 0","105683","2","3","5","07","13","7","","0","1","1","0","0"
"POINT (8.660410042000001 50.114774740999998)","Unfall 105691 (2016) Kat:3, Licht: 0","105691","3","3","5","07","15","3","","0","1","1","0","0"
"POINT (8.564898817000000 50.128567767000000)","Unfall 105713 (2016) Kat:3, Licht: 0","105713","3","6","2","07","17","6","","0","0","1","0","0"
"POINT (8.650542166999999 50.120584596999997)","Unfall 105716 (2016) Kat:3, Licht: 0","105716","3","4","6","07","19","1","","0","0","1","1","0"
"POINT (8.637988437000001 50.152331527000001)","Unfall 105717 (2016) Kat:3, Licht: 0","105717","3","7","0","06","16","3","","0","0","0","1","0"
"POINT (8.653698731000000 50.080200202999997)","Unfall 105719 (2016) Kat:3, Licht: 0","105719","3","6","2","07","07","6","","0","0","1","0","0"
"POINT (8.698128642000000 50.116210647000003)","Unfall 105724 (2016) Kat:3, Licht: 0","105724","3","5","1","06","12","3","","0","1","1","0","0"
"POINT (8.682861534000001 50.131883971000001)","Unfall 105727 (2016) Kat:2, Licht: 0","105727","2","3","5","07","10","6","","0","1","1","0","0"
"POINT (8.685915972000000 50.117041684000000)","Unfall 105730 (2016) Kat:3, Licht: 0","105730","3","7","1","07","20","6","","0","1","1","0","0"
"POINT (8.655028520000000 50.146629701000002)","Unfall 105732 (2016) Kat:2, Licht: 0","105732","2","4","6","07","16","6","","0","0","1","1","0"
"POINT (8.667187682000000 50.140548713000001)","Unfall 105733 (2016) Kat:3, Licht: 0","105733","3","3","5","07","07","5","","0","1","1","0","0"
"POINT (8.679358799999999 50.108941752000000)","Unfall 105735 (2016) Kat:3, Licht: 0","105735","3","7","0","06","09","3","","0","1","1","0","0"
"POINT (8.691980578000001 50.126599808000002)","Unfall 105737 (2016) Kat:3, Licht: 0","105737","3","6","0","07","20","4","","0","0","1","0","0"
"POINT (8.688112684000000 50.110354174999998)","Unfall 105742 (2016) Kat:2, Licht: 2","105742","2","1","0","07","21","6","","2","1","0","0","0"
"POINT (8.756114825999999 50.141036249000003)","Unfall 105743 (2016) Kat:3, Licht: 0","105743","3","3","5","07","16","3","","0","1","1","0","0"
"POINT (8.667787487000000 50.099947149000002)","Unfall 105744 (2016) Kat:3, Licht: 0","105744","3","1","0","07","19","1","","0","0","0","1","0"
"POINT (8.681828532000001 50.125213201999998)","Unfall 105746 (2016) Kat:3, Licht: 0","105746","3","3","5","07","16","1","","0","1","1","0","0"
"POINT (8.679383217000000 50.111409959000000)","Unfall 105748 (2016) Kat:3, Licht: 0","105748","3","5","1","07","08","5","","0","0","1","0","0"
"POINT (8.684834163000000 50.115679438999997)","Unfall 105750 (2016) Kat:3, Licht: 0","105750","3","7","0","06","16","3","","0","0","1","1","0"
"POINT (8.670495771000001 50.128493159000001)","Unfall 105757 (2016) Kat:3, Licht: 0","105757","3","6","2","07","11","1","","0","0","1","0","0"
"POINT (8.607260014000000 50.098028620000001)","Unfall 105765 (2016) Kat:3, Licht: 0","105765","3","7","0","07","15","2","","0","1","0","0","0"
"POINT (8.654514840999999 50.110152339000003)","Unfall 105774 (2016) Kat:3, Licht: 0","105774","3","7","3","07","20","5","","0","0","1","0","1"
"POINT (8.618545578999999 50.102146460000000)","Unfall 105778 (2016) Kat:3, Licht: 0","105778","3","2","5","06","15","5","","0","0","1","0","0"
"POINT (8.687929983000000 50.112682519000003)","Unfall 105786 (2016) Kat:3, Licht: 0","105786","3","4","6","07","13","1","","0","1","0","1","0"
"POINT (8.696553869000001 50.131859894000002)","Unfall 105788 (2016) Kat:3, Licht: 0","105788","3","6","4","07","11","5","","0","1","1","0","0"
"POINT (8.529254393000000 50.107863975999997)","Unfall 105792 (2016) Kat:3, Licht: 0","105792","3","3","5","06","09","4","","0","1","1","0","0"
"POINT (8.669981723999999 50.114343685000001)","Unfall 105794 (2016) Kat:3, Licht: 0","105794","3","5","1","07","18","2","","0","0","1","0","1"
"POINT (8.603962321999999 50.095222051000000)","Unfall 105798 (2016) Kat:3, Licht: 0","105798","3","3","5","06","10","4","","0","0","1","0","0"
"POINT (8.622645682000000 50.108105631999997)","Unfall 105807 (2016) Kat:3, Licht: 0","105807","3","7","2","06","18","4","","0","0","1","0","0"
"POINT (8.500411184000001 50.101914182000002)","Unfall 105808 (2016) Kat:3, Licht: 1","105808","3","3","5","07","21","3","","1","0","1","0","1"
"POINT (8.663084882000000 50.116211241000002)","Unfall 105809 (2016) Kat:3, Licht: 0","105809","3","2","3","07","07","2","","0","1","1","0","0"
"POINT (8.694214005999999 50.144199962000002)","Unfall 105811 (2016) Kat:3, Licht: 0","105811","3","2","6","06","16","5","","0","0","1","1","0"
"POINT (8.687787610999999 50.107305082000003)","Unfall 105816 (2016) Kat:3, Licht: 0","105816","3","2","5","06","13","5","","0","1","1","0","0"
"POINT (8.583013960000001 50.084489867000002)","Unfall 105821 (2016) Kat:3, Licht: 0","105821","3","3","5","06","17","4","","0","0","1","0","0"
"POINT (8.673594869000000 50.141143388000003)","Unfall 105823 (2016) Kat:3, Licht: 0","105823","3","4","6","07","12","2","","0","0","1","1","0"
"POINT (8.684483405000000 50.097070019000000)","Unfall 105826 (2016) Kat:3, Licht: 0","105826","3","2","0","06","20","5","","0","1","1","0","0"
"POINT (8.659012891000000 50.095625192000000)","Unfall 105828 (2016) Kat:3, Licht: 0","105828","3","1","8","06","13","4","","0","0","1","0","0"
"POINT (8.683658363999999 50.131721528000000)","Unfall 105830 (2016) Kat:2, Licht: 0","105830","2","2","3","06","10","4","","0","1","1","0","0"
"POINT (8.688312707000000 50.117670343000000)","Unfall 105833 (2016) Kat:3, Licht: 0","105833","3","3","5","06","07","4","","0","0","1","0","0"
"POINT (8.673181456000000 50.114426217000002)","Unfall 105836 (2016) Kat:3, Licht: 0","105836","3","4","6","07","11","2","","0","0","1","1","0"
"POINT (8.750578781000000 50.148286464999998)","Unfall 105838 (2016) Kat:3, Licht: 0","105838","3","5","1","07","19","7","","0","1","1","0","0"
"POINT (8.676491442000000 50.116312581000003)","Unfall 105848 (2016) Kat:3, Licht: 0","105848","3","5","1","07","14","5","","0","0","1","0","1"
"POINT (8.656894319999999 50.112847877000000)","Unfall 105851 (2016) Kat:3, Licht: 1","105851","3","3","1","07","21","5","","1","0","1","0","1"
"POINT (8.679598355000000 50.094348248000003)","Unfall 105858 (2016) Kat:3, Licht: 0","105858","3","1","0","06","10","5","","0","1","0","0","0"