WKT,Name,OBJECTID,UKATEGORIE,UTYP1,UART,UMONAT,USTUNDE,UWOCHENTAG,STRZUSTAND,ULICHTVERH,ISTRAD,ISTPKW,ISTFUSS,ISTKRAD
"POINT (8.688059160000000 50.126831891999998)","Unfall 105861 (2016) Kat:3, Licht: 0","105861","3","3","5","07","16","4","","0","1","1","0","0"
"POINT (8.543712180000000 50.099446219000001)","Unfall 105867 (2016) Kat:3, Licht: 0","105867","3","3","5","06","20","2","","0","0","1","0","0"
"POINT (8.630505536999999 50.102898940999999)","Unfall 105873 (2016) Kat:3, Licht: 0","105873","3","7","2","06","18","5","","0","1","1","0","0"
"POINT (8.640090614000000 50.108364881999996)","Unfall 105876 (2016) Kat:2, Licht: 0","105876","2","3","0","06","17","2","","0","0","0","0","1"
"POINT (8.670264980000001 50.107959477000001)","Unfall 105882 (2016) Kat:3, Licht: 0","105882","3","3","5","06","17","5","","0","1","1","0","0"
"POINT (8.687751028999999 50.114767823999998)","Unfall 105886 (2016) Kat:3, Licht: 0","105886","3","1","6","06","12","5","","0","0","1","1","0"
"POINT (8.681938430000001 50.125245554999999)","Unfall 105887 (2016) Kat:3, Licht: 0","105887","3","3","5","07","20","1","","0","0","0","0","1"
"POINT (8.646092201000000 50.119545961000000)","Unfall 105888 (2016) Kat:3, Licht: 0","105888","3","6","2","06","17","2","","0","1","1","0","0"
"POINT (8.670682446000001 50.139950208999998)","Unfall 105897 (2016) Kat:3, Licht: 0","105897","3","5","1","06","14","2","","0","1","1","0","0"
"POINT (8.705109689000000 50.144347144999998)","Unfall 105900 (2016) Kat:3, Licht: 0","105900","3","6","2","06","16","2","","0","0","1","0","0"
"POINT (8.628444981000000 50.105114639999996)","Unfall 105905 (2016) Kat:2, Licht: 0","105905","2","6","1","07","13","6","","0","0","1","0","1"
"POINT (8.702714057000000 50.095930359000000)","Unfall 105906 (2016) Kat:1, Licht: 0","105906","1","2","6","07","09","5","","0","0","1","1","0"
"POINT (8.679187398000000 50.112879046000003)","Unfall 105909 (2016) Kat:3, Licht: 2","105909","3","7","6","06","22","2","","2","0","0","1","0"
"POINT (8.681677519999999 50.100623550000002)","Unfall 105917 (2016) Kat:3, Licht: 0","105917","3","5","1","07","19","5","","0","1","1","0","0"
"POINT (8.643412923000000 50.104751980000003)","Unfall 105918 (2016) Kat:3, Licht: 0","105918","3","7","0","07","11","2","","0","1","0","0","0"
"POINT (8.641785751000001 50.118784284000000)","Unfall 105920 (2016) Kat:2, Licht: 0","105920","2","2","3","07","18","3","","0","1","0","0","1"
"POINT (8.654437085000000 50.110522140000000)","Unfall 105928 (2016) Kat:3, Licht: 0","105928","3","2","3","07","08","3","","0","0","1","0","1"
"POINT (8.638219513999999 50.123758680999998)","Unfall 105929 (2016) Kat:3, Licht: 2","105929","3","7","2","07","22","3","","2","1","1","0","0"
"POINT (8.644373771000000 50.122997067999997)","Unfall 105931 (2016) Kat:3, Licht: 2","105931","3","3","5","07","22","3","","2","1","1","0","0"
"POINT (8.721632439000000 50.105073038000000)","Unfall 105937 (2016) Kat:3, Licht: 0","105937","3","2","3","07","18","3","","0","1","1","0","0"
"POINT (8.656830132000000 50.110116914999999)","Unfall 105941 (2016) Kat:3, Licht: 0","105941","3","3","6","07","19","2","","0","1","0","1","0"
"POINT (8.598872171000000 50.085700602999999)","Unfall 105945 (2016) Kat:3, Licht: 0","105945","3","3","5","07","19","2","","0","0","1","0","1"
"POINT (8.680968472000000 50.095108748999998)","Unfall 105951 (2016) Kat:3, Licht: 0","105951","3","6","3","07","12","3","","0","0","1","0","0"
"POINT (8.669507715000000 50.108703362000000)","Unfall 105952 (2016) Kat:3, Licht: 0","105952","3","2","4","07","06","2","","0","1","1","0","0"
"POINT (8.747938303000000 50.157900480999999)","Unfall 105953 (2016) Kat:2, Licht: 2","105953","2","3","5","07","21","5","","2","0","1","0","0"
"POINT (8.617652687000000 50.096563324999998)","Unfall 105959 (2016) Kat:3, Licht: 0","105959","3","7","7","07","15","2","","0","0","0","1","1"
"POINT (8.674877777000001 50.131890292999998)","Unfall 105961 (2016) Kat:3, Licht: 0","105961","3","3","5","07","13","3","","0","1","1","0","0"
"POINT (8.675751051000001 50.120910838000000)","Unfall 105965 (2016) Kat:3, Licht: 0","105965","3","3","5","07","16","3","","0","1","1","0","0"
"POINT (8.671451333000000 50.127233574999998)","Unfall 105973 (2016) Kat:3, Licht: 0","105973","3","2","4","07","20","5","","0","0","1","0","0"
"POINT (8.679362725000001 50.114062091999998)","Unfall 105976 (2016) Kat:3, Licht: 0","105976","3","4","6","07","12","3","","0","1","0","1","0"
"POINT (8.687472141000001 50.124615290999998)","Unfall 105978 (2016) Kat:3, Licht: 0","105978","3","3","5","07","11","1","","0","1","1","0","0"
"POINT (8.664497990999999 50.122633739999998)","Unfall 105984 (2016) Kat:3, Licht: 0","105984","3","6","3","07","17","4","","0","1","1","0","0"
"POINT (8.541100357000000 50.101502988000000)","Unfall 105997 (2016) Kat:3, Licht: 0","105997","3","1","2","07","20","6","","0","0","1","0","0"
"POINT (8.634752428000001 50.156150599999997)","Unfall 106008 (2016) Kat:3, Licht: 0","106008","3","6","3","07","15","3","","0","0","1","0","0"
"POINT (8.574932235000000 50.075730626000002)","Unfall 106036 (2016) Kat:3, Licht: 0","106036","3","7","0","07","11","5","","0","0","1","0","0"
"POINT (8.668412514000000 50.138661462999998)","Unfall 106037 (2016) Kat:3, Licht: 0","106037","3","5","1","07","20","2","","0","1","1","0","0"
"POINT (8.647399702000000 50.121856823999998)","Unfall 106053 (2016) Kat:3, Licht: 0","106053","3","7","1","07","17","7","","0","0","1","1","1"
"POINT (8.698085653000000 50.144932717000003)","Unfall 106065 (2016) Kat:3, Licht: 0","106065","3","2","5","07","18","6","","0","1","1","0","0"
"POINT (8.756448381000000 50.152246144999999)","Unfall 106066 (2016) Kat:3, Licht: 0","106066","3","2","2","07","07","4","","0","0","1","0","0"
"POINT (8.542642082000000 50.101861198000002)","Unfall 106075 (2016) Kat:3, Licht: 0","106075","3","4","6","07","07","5","","0","0","1","1","0"
"POINT (8.687478041000000 50.120276957999998)","Unfall 106076 (2016) Kat:3, Licht: 0","106076","3","6","2","07","08","6","","0","1","0","0","0"
"POINT (8.644681151000000 50.105101955000002)","Unfall 106082 (2016) Kat:3, Licht: 0","106082","3","7","0","07","19","7","","0","0","0","0","0"
"POINT (8.695861081000000 50.128126432999998)","Unfall 106083 (2016) Kat:3, Licht: 0","106083","3","6","2","07","12","4","","0","0","1","0","0"
"POINT (8.643052481000000 50.116882111999999)","Unfall 106092 (2016) Kat:3, Licht: 0","106092","3","3","5","07","13","5","","0","1","0","0","1"
"POINT (8.691954631000000 50.082734721999998)","Unfall 106093 (2016) Kat:3, Licht: 0","106093","3","6","2","07","16","5","","0","0","1","0","0"
"POINT (8.673601930000000 50.114138009000001)","Unfall 106094 (2016) Kat:3, Licht: 0","106094","3","5","1","07","19","2","","0","1","0","0","0"
"POINT (8.686248414000000 50.119979530999998)","Unfall 106101 (2016) Kat:3, Licht: 0","106101","3","3","5","07","21","4","","0","1","0","0","1"
"POINT (8.666172285000000 50.118852453999999)","Unfall 106103 (2016) Kat:3, Licht: 0","106103","3","2","4","07","19","5","","0","1","1","0","0"
"POINT (8.758067576000000 50.158815478999998)","Unfall 106106 (2016) Kat:3, Licht: 0","106106","3","5","1","07","16","3","","0","0","1","0","0"
"POINT (8.601220828000001 50.046786148999999)","Unfall 106112 (2016) Kat:3, Licht: 0","106112","3","6","3","07","11","2","","0","0","1","0","0"
"POINT (8.695409956000001 50.120158261999997)","Unfall 106118 (2016) Kat:3, Licht: 2","106118","3","5","1","07","00","2","","2","1","1","0","0"
"POINT (8.630613896000000 50.188575012999998)","Unfall 106120 (2016) Kat:3, Licht: 0","106120","3","6","2","07","20","6","","0","0","1","0","1"
"POINT (8.690488409000000 50.120890373000002)","Unfall 106121 (2016) Kat:3, Licht: 1","106121","3","7","6","07","21","2","","1","1","0","1","0"
"POINT (8.605893139999999 50.119095856000001)","Unfall 106125 (2016) Kat:3, Licht: 0","106125","3","3","5","07","17","4","","0","1","0","0","0"
"POINT (8.586919397999999 50.107992910999997)","Unfall 106127 (2016) Kat:2, Licht: 0","106127","2","4","6","07","18","3","","0","0","1","1","0"
"POINT (8.656199860999999 50.140727775999999)","Unfall 106132 (2016) Kat:2, Licht: 2","106132","2","3","4","07","01","1","","2","1","1","0","0"
"POINT (8.684506465000000 50.097040829999997)","Unfall 106134 (2016) Kat:3, Licht: 0","106134","3","2","5","07","13","6","","0","1","0","0","0"
"POINT (8.687766800000000 50.094619582000000)","Unfall 106135 (2016) Kat:2, Licht: 2","106135","2","5","1","07","23","4","","2","1","1","0","0"
"POINT (8.599522565999999 50.122456653999997)","Unfall 106138 (2016) Kat:2, Licht: 0","106138","2","6","3","07","12","5","","0","1","0","0","0"
"POINT (8.643679943000000 50.112729414999997)","Unfall 106139 (2016) Kat:3, Licht: 0","106139","3","2","5","07","19","2","","0","0","1","0","1"
"POINT (8.687781547000000 50.107268525000002)","Unfall 106145 (2016) Kat:3, Licht: 0","106145","3","2","0","07","16","1","","0","1","1","0","0"
"POINT (8.676438416000000 50.120445873000001)","Unfall 106147 (2016) Kat:3, Licht: 0","106147","3","2","3","07","15","6","","0","1","0","0","0"
"POINT (8.701912711000000 50.118191506999999)","Unfall 106148 (2016) Kat:3, Licht: 0","106148","3","5","1","07","20","4","","0","0","1","0","1"
"POINT (8.666703091000001 50.107950895999998)","Unfall 106155 (2016) Kat:2, Licht: 0","106155","2","2","5","07","20","1","","0","0","1","0","1"
"POINT (8.696808016000000 50.121389889000000)","Unfall 106159 (2016) Kat:2, Licht: 2","106159","2","1","1","07","02","1","","2","1","1","0","0"
"POINT (8.696058028000000 50.120497708999999)","Unfall 106162 (2016) Kat:3, Licht: 2","106162","3","3","5","07","23","6","","2","1","0","0","0"
"POINT (8.593289505000000 50.096446399999998)","Unfall 106172 (2016) Kat:3, Licht: 0","106172","3","3","5","07","13","6","","0","1","1","0","0"
"POINT (8.635728990000001 50.157231504999999)","Unfall 106177 (2016) Kat:2, Licht: 0","106177","2","1","8","07","16","3","","0","0","1","0","1"
"POINT (8.671138248000000 50.109078603000000)","Unfall 106183 (2016) Kat:2, Licht: 1","106183","2","3","5","07","21","4","","1","1","0","0","0"
"POINT (8.662342490000000 50.131272619999997)","Unfall 106185 (2016) Kat:2, Licht: 2","106185","2","3","5","07","22","3","","2","1","1","0","0"
"POINT (8.678697070000000 50.122181077999997)","Unfall 106191 (2016) Kat:3, Licht: 0","106191","3","3","5","07","13","5","","0","0","1","0","0"
"POINT (8.598711761000001 50.093756513000002)","Unfall 106206 (2016) Kat:3, Licht: 0","106206","3","1","0","07","16","4","","0","1","0","0","0"
"POINT (8.688784492000000 50.118563211999998)","Unfall 106213 (2016) Kat:3, Licht: 2","106213","3","2","5","08","21","3","","2","0","1","0","0"
"POINT (8.639404986000001 50.161697678000003)","Unfall 106214 (2016) Kat:3, Licht: 0","106214","3","4","6","07","14","2","","0","0","1","1","0"
"POINT (8.716488673000001 50.093280823999997)","Unfall 106222 (2016) Kat:3, Licht: 0","106222","3","3","5","07","14","2","","0","0","1","0","0"
"POINT (8.645503035000001 50.113776332999997)","Unfall 106224 (2016) Kat:3, Licht: 0","106224","3","6","2","08","17","4","","0","0","1","0","0"
"POINT (8.583218284000001 50.052195416000004)","Unfall 106226 (2016) Kat:3, Licht: 0","106226","3","7","0","07","17","5","","0","0","1","1","0"
"POINT (8.625649710999999 50.121078785999998)","Unfall 106228 (2016) Kat:3, Licht: 0","106228","3","4","6","07","21","7","","0","1","0","1","0"
"POINT (8.609406340000000 50.124537343999997)","Unfall 106235 (2016) Kat:3, Licht: 0","106235","3","3","5","08","17","5","","0","0","1","0","0"
"POINT (8.673404635000001 50.101038766000002)","Unfall 106239 (2016) Kat:3, Licht: 1","106239","3","5","0","07","19","5","","1","0","1","0","0"
"POINT (8.652182106000000 50.081911789999999)","Unfall 106240 (2016) Kat:3, Licht: 0","106240","3","3","5","07","13","1","","0","0","1","0","0"
"POINT (8.687240533000001 50.119792154000002)","Unfall 106248 (2016) Kat:3, Licht: 0","106248","3","6","2","08","11","2","","0","0","1","0","0"
"POINT (8.718818460000000 50.145691178000000)","Unfall 106249 (2016) Kat:3, Licht: 0","106249","3","6","6","08","14","6","","0","0","1","1","0"
"POINT (8.578298491000000 50.101978334999998)","Unfall 106252 (2016) Kat:2, Licht: 0","106252","2","5","1","08","07","2","","0","1","1","0","0"
"POINT (8.715940325000000 50.135872079000002)","Unfall 106263 (2016) Kat:3, Licht: 0","106263","3","7","6","07","17","2","","0","0","1","1","0"
"POINT (8.669705461000000 50.111777865000001)","Unfall 106267 (2016) Kat:3, Licht: 0","106267","3","4","6","07","11","2","","0","0","1","1","0"
"POINT (8.626741322000001 50.151705479000000)","Unfall 106270 (2016) Kat:3, Licht: 0","106270","3","3","5","07","11","7","","0","1","1","0","0"
"POINT (8.698540790999999 50.124607623000003)","Unfall 106272 (2016) Kat:3, Licht: 0","106272","3","2","5","08","09","2","","0","1","0","0","0"
"POINT (8.675736998000000 50.107566095000003)","Unfall 106275 (2016) Kat:3, Licht: 0","106275","3","3","5","07","17","2","","0","1","0","0","0"
"POINT (8.502066849000000 50.092357956000001)","Unfall 106278 (2016) Kat:3, Licht: 0","106278","3","3","5","07","11","2","","0","1","1","0","0"
"POINT (8.716550056000001 50.127996789999997)","Unfall 106287 (2016) Kat:3, Licht: 0","106287","3","3","5","08","12","5","","0","0","1","0","1"
"POINT (8.676634542000000 50.114531939999999)","Unfall 106290 (2016) Kat:3, Licht: 0","106290","3","6","3","07","06","5","","0","0","1","0","1"
"POINT (8.770344307000000 50.120682625999997)","Unfall 106305 (2016) Kat:2, Licht: 0","106305","2","6","3","08","12","2","","0","1","1","0","0"
"POINT (8.652392404000000 50.190351552999999)","Unfall 106306 (2016) Kat:3, Licht: 0","106306","3","6","2","08","15","6","","0","0","1","0","0"
"POINT (8.622376167000001 50.108171390999999)","Unfall 106310 (2016) Kat:3, Licht: 0","106310","3","6","2","07","17","3","","0","0","1","0","0"
"POINT (8.610068623000000 50.091742525000001)","Unfall 106312 (2016) Kat:3, Licht: 0","106312","3","3","5","07","18","6","","0","0","1","0","0"
"POINT (8.758104869000000 50.131757280000002)","Unfall 106318 (2016) Kat:3, Licht: 0","106318","3","3","5","08","13","3","","0","0","1","0","0"
"POINT (8.630185386999999 50.176779437000000)","Unfall 106324 (2016) Kat:3, Licht: 0","106324","3","4","6","08","11","5","","0","0","0","1","0"
"POINT (8.634390938999999 50.159570199999997)","Unfall 106330 (2016) Kat:3, Licht: 0","106330","3","1","9","08","08","4","","0","0","0","0","1"
"POINT (8.660597657000000 50.118877371000004)","Unfall 106334 (2016) Kat:3, Licht: 0","106334","3","2","3","07","18","4","","0","1","1","0","0"
"POINT (8.669519748000001 50.114098585999997)","Unfall 106343 (2016) Kat:3, Licht: 0","106343","3","7","6","07","15","5","","0","1","0","1","0"
"POINT (8.678996699000001 50.117852126999999)","Unfall 106353 (2016) Kat:3, Licht: 0","106353","3","3","5","08","12","2","","0","1","1","0","0"
"POINT (8.696144528000000 50.156130394000002)","Unfall 106354 (2016) Kat:3, Licht: 0","106354","3","7","6","08","17","6","","0","0","1","1","0"
"POINT (8.703118492000000 50.119353068000002)","Unfall 106357 (2016) Kat:3, Licht: 0","106357","3","3","5","07","07","3","","0","1","1","0","0"
"POINT (8.679815406000000 50.119951641000000)","Unfall 106373 (2016) Kat:3, Licht: 1","106373","3","5","1","07","21","6","","1","1","0","0","0"
"POINT (8.671488718000001 50.127182480000002)","Unfall 106384 (2016) Kat:3, Licht: 0","106384","3","6","4","07","12","7","","0","0","1","0","1"
"POINT (8.681337120000000 50.094627684000002)","Unfall 106388 (2016) Kat:3, Licht: 0","106388","3","3","5","08","11","5","","0","1","1","0","0"
"POINT (8.669120829000001 50.108565722999998)","Unfall 106392 (2016) Kat:3, Licht: 0","106392","3","3","5","07","17","5","","0","1","1","0","0"
"POINT (8.644771382000000 50.080941428999999)","Unfall 106407 (2016) Kat:2, Licht: 0","106407","2","3","5","08","13","2","","0","1","1","0","0"
"POINT (8.567229665999999 50.117458014000000)","Unfall 106408 (2016) Kat:3, Licht: 0","106408","3","5","1","08","19","6","","0","1","1","0","0"
"POINT (8.636611597000000 50.171200636999998)","Unfall 106411 (2016) Kat:3, Licht: 0","106411","3","6","2","07","09","3","","0","0","1","0","0"
"POINT (8.692125832000000 50.127609483999997)","Unfall 106418 (2016) Kat:3, Licht: 0","106418","3","6","2","08","16","6","","0","0","1","0","0"
"POINT (8.636040945000000 50.170696251999999)","Unfall 106419 (2016) Kat:3, Licht: 0","106419","3","1","1","08","13","3","","0","0","1","0","0"
"POINT (8.673069512000000 50.111137659999997)","Unfall 106427 (2016) Kat:3, Licht: 2","106427","3","3","5","08","23","7","","2","0","1","0","0"
"POINT (8.643217741999999 50.170109132999997)","Unfall 106432 (2016) Kat:3, Licht: 0","106432","3","2","3","08","09","4","","0","1","0","0","0"
"POINT (8.663180380000000 50.102045019999998)","Unfall 106455 (2016) Kat:3, Licht: 0","106455","3","1","1","08","18","2","","0","0","1","0","1"
"POINT (8.666675172000000 50.115677875999999)","Unfall 106456 (2016) Kat:3, Licht: 0","106456","3","5","1","08","16","6","","0","1","1","0","0"
"POINT (8.625667917000000 50.181991400000001)","Unfall 106458 (2016) Kat:3, Licht: 2","106458","3","3","5","07","02","1","","2","0","1","0","0"
"POINT (8.617485493000000 50.107767627999998)","Unfall 106459 (2016) Kat:3, Licht: 0","106459","3","3","5","07","17","3","","0","1","1","0","0"
"POINT (8.671519698999999 50.127140138000001)","Unfall 106460 (2016) Kat:3, Licht: 0","106460","3","3","5","07","20","6","","0","0","1","0","0"
"POINT (8.676613702999999 50.109544603000003)","Unfall 106465 (2016) Kat:2, Licht: 0","106465","2","4","6","08","09","2","","0","0","0","1","0"
"POINT (8.724783529000000 50.117144060999998)","Unfall 106484 (2016) Kat:3, Licht: 0","106484","3","6","2","08","07","4","","0","0","1","0","0"
"POINT (8.590806455999999 50.085969523000003)","Unfall 106487 (2016) Kat:3, Licht: 0","106487","3","7","8","08","10","7","","0","0","1","0","0"
"POINT (8.651868286999999 50.188861250999999)","Unfall 106497 (2016) Kat:3, Licht: 0","106497","3","3","5","08","17","6","","0","0","1","0","1"
"POINT (8.691708367000000 50.125004273999998)","Unfall 106501 (2016) Kat:3, Licht: 0","106501","3","3","5","08","16","7","","0","1","1","0","0"
"POINT (8.543692416000001 50.102026905000002)","Unfall 106507 (2016) Kat:3, Licht: 2","106507","3","6","2","08","22","2","","2","0","1","0","0"
"POINT (8.705184100000000 50.144432266000003)","Unfall 106510 (2016) Kat:3, Licht: 0","106510","3","2","2","08","07","3","","0","0","1","0","0"
"POINT (8.668743127999999 50.113008626000003)","Unfall 106517 (2016) Kat:3, Licht: 0","106517","3","6","3","08","19","3","","0","0","1","0","1"
"POINT (8.635426818999999 50.170216554000000)","Unfall 106521 (2016) Kat:3, Licht: 2","106521","3","1","9","08","03","5","","2","0","1","0","0"
"POINT (8.596306212000000 50.103333943000003)","Unfall 106526 (2016) Kat:3, Licht: 0","106526","3","6","6","08","10","5","","0","0","0","1","0"
"POINT (8.675280817000001 50.110309610000002)","Unfall 106528 (2016) Kat:3, Licht: 0","106528","3","3","5","08","17","6","","0","1","1","0","0"
"POINT (8.676700078000000 50.115544174000000)","Unfall 106530 (2016) Kat:3, Licht: 0","106530","3","1","8","08","17","3","","0","0","1","0","0"
"POINT (8.669896338999999 50.175055571999998)","Unfall 106536 (2016) Kat:3, Licht: 0","106536","3","3","5","08","16","5","","0","0","1","0","0"
"POINT (8.546180572000001 50.100082024000002)","Unfall 106537 (2016) Kat:3, Licht: 0","106537","3","2","5","08","11","4","","0","1","1","0","0"
"POINT (8.693784329000000 50.104833554000002)","Unfall 106550 (2016) Kat:3, Licht: 0","106550","3","6","4","08","18","4","","0","1","0","0","0"
"POINT (8.691641228000000 50.115333415000002)","Unfall 106552 (2016) Kat:3, Licht: 0","106552","3","5","1","08","15","6","","0","1","1","0","0"
"POINT (8.686230331000001 50.119973530999999)","Unfall 106559 (2016) Kat:3, Licht: 0","106559","3","3","5","08","18","7","","0","1","1","0","0"
"POINT (8.687842804000001 50.109607130999997)","Unfall 106567 (2016) Kat:3, Licht: 0","106567","3","2","3","08","17","3","","0","1","1","0","0"
"POINT (8.634835345999999 50.158459978000003)","Unfall 106569 (2016) Kat:2, Licht: 2","106569","2","3","5","08","04","5","","2","0","0","0","1"
"POINT (8.672049978000000 50.164217708000002)","Unfall 106571 (2016) Kat:3, Licht: 0","106571","3","4","0","08","18","5","","0","1","1","1","0"
"POINT (8.614118001000000 50.114251631999998)","Unfall 106574 (2016) Kat:3, Licht: 0","106574","3","3","5","08","10","6","","0","0","1","0","0"
"POINT (8.756183976000001 50.148786966999999)","Unfall 106577 (2016) Kat:3, Licht: 0","106577","3","3","5","08","17","4","","0","1","1","0","0"
"POINT (8.614115762999999 50.114261779000003)","Unfall 106581 (2016) Kat:3, Licht: 0","106581","3","3","5","08","12","5","","0","0","1","0","0"
"POINT (8.663807702000000 50.110071451000003)","Unfall 106593 (2016) Kat:3, Licht: 0","106593","3","1","0","08","11","5","","0","1","0","0","0"
"POINT (8.655771683999999 50.139718164000001)","Unfall 106597 (2016) Kat:3, Licht: 0","106597","3","1","8","08","18","7","","0","0","1","0","1"
"POINT (8.686208504000000 50.142752739000002)","Unfall 106604 (2016) Kat:3, Licht: 0","106604","3","7","0","08","06","3","","0","1","1","0","0"
"POINT (8.663178426000000 50.085385262000003)","Unfall 106611 (2016) Kat:2, Licht: 0","106611","2","6","4","08","16","7","","0","0","1","0","0"
"POINT (8.700687909999999 50.137910126000001)","Unfall 106612 (2016) Kat:2, Licht: 0","106612","2","1","1","08","07","4","","0","1","1","0","0"
"POINT (8.656783887000000 50.119774966000001)","Unfall 106620 (2016) Kat:3, Licht: 2","106620","3","3","5","08","01","5","","2","0","1","0","0"
"POINT (8.748156709000000 50.122084499000003)","Unfall 106630 (2016) Kat:3, Licht: 0","106630","3","3","5","08","10","1","","0","1","1","0","0"
"POINT (8.695322457000000 50.115721999000002)","Unfall 106631 (2016) Kat:3, Licht: 0","106631","3","6","0","08","19","5","","0","0","0","0","1"
"POINT (8.681071894000001 50.095159504999998)","Unfall 106637 (2016) Kat:3, Licht: 0","106637","3","2","5","08","12","6","","0","1","1","0","0"
"POINT (8.671459452000001 50.127222480000000)","Unfall 106647 (2016) Kat:3, Licht: 0","106647","3","2","5","08","15","4","","0","0","1","0","0"
"POINT (8.691772028999999 50.124951713999998)","Unfall 106650 (2016) Kat:3, Licht: 0","106650","3","6","3","08","16","7","","0","1","1","0","0"
"POINT (8.700044951000001 50.125500539000001)","Unfall 106660 (2016) Kat:3, Licht: 0","106660","3","3","5","08","09","6","","0","1","1","0","0"
"POINT (8.679478741000001 50.114962708000000)","Unfall 106664 (2016) Kat:3, Licht: 0","106664","3","7","6","08","12","7","","0","1","0","1","0"
"POINT (8.654053310000000 50.119935574000003)","Unfall 106671 (2016) Kat:3, Licht: 0","106671","3","3","5","08","19","2","","0","1","1","0","0"
"POINT (8.662728263000000 50.118218833000000)","Unfall 106674 (2016) Kat:3, Licht: 0","106674","3","3","5","08","16","3","","0","0","1","0","0"
"POINT (8.643561263000001 50.112292938000003)","Unfall 106679 (2016) Kat:2, Licht: 2","106679","2","1","4","08","00","1","","2","0","1","0","0"
"POINT (8.683704646000001 50.142111749999998)","Unfall 106681 (2016) Kat:3, Licht: 0","106681","3","2","5","08","17","2","","0","1","0","1","0"
"POINT (8.749384155000000 50.132383861000001)","Unfall 106684 (2016) Kat:3, Licht: 0","106684","3","3","5","08","19","5","","0","1","1","0","0"
"POINT (8.684580213000000 50.168325330999998)","Unfall 106686 (2016) Kat:3, Licht: 0","106686","3","6","4","08","11","2","","0","1","0","0","0"
"POINT (8.687033975000000 50.110595469000003)","Unfall 106691 (2016) Kat:3, Licht: 2","106691","3","6","0","08","22","2","","2","1","0","0","0"
"POINT (8.572290676000000 50.099184260000001)","Unfall 106704 (2016) Kat:2, Licht: 0","106704","2","4","6","08","08","7","","0","0","0","1","0"
"POINT (8.669084185000001 50.106160918999997)","Unfall 106707 (2016) Kat:3, Licht: 0","106707","3","2","5","08","14","1","","0","0","1","0","1"
"POINT (8.675918555000001 50.114350633999997)","Unfall 106710 (2016) Kat:3, Licht: 0","106710","3","7","6","08","10","6","","0","1","0","1","0"
"POINT (8.597803720000000 50.098916840999998)","Unfall 106711 (2016) Kat:3, Licht: 0","106711","3","3","5","08","11","3","","0","0","1","0","0"
"POINT (8.588309956000000 50.084151925000000)","Unfall 106718 (2016) Kat:3, Licht: 0","106718","3","3","5","08","12","7","","0","0","1","0","0"
"POINT (8.749732299000000 50.121584581000000)","Unfall 106719 (2016) Kat:3, Licht: 0","106719","3","2","5","08","08","4","","0","0","1","0","1"
"POINT (8.688129302000000 50.110522037999999)","Unfall 106721 (2016) Kat:3, Licht: 0","106721","3","5","1","08","18","2","","0","1","1","0","0"
"POINT (8.590948575000001 50.058896894999997)","Unfall 106723 (2016) Kat:2, Licht: 0","106723","2","3","5","08","09","3","","0","0","1","0","0"
"POINT (8.661621039000000 50.143481891999997)","Unfall 106729 (2016) Kat:3, Licht: 0","106729","3","1","0","08","11","6","","0","0","0","0","1"
"POINT (8.767479816000000 50.128689352999999)","Unfall 106740 (2016) Kat:3, Licht: 0","106740","3","7","3","08","18","6","","0","1","1","0","0"
"POINT (8.650607523000000 50.113769693999998)","Unfall 106742 (2016) Kat:2, Licht: 0","106742","2","6","2","08","17","4","","0","0","1","0","0"
"POINT (8.517022770000001 50.080172175999998)","Unfall 106744 (2016) Kat:3, Licht: 0","106744","3","2","5","08","19","3","","0","0","1","0","1"
"POINT (8.615053527000001 50.096559706999997)","Unfall 106745 (2016) Kat:3, Licht: 0","106745","3","2","2","08","18","3","","0","0","1","0","1"
"POINT (8.646830640999999 50.126803308000000)","Unfall 106755 (2016) Kat:3, Licht: 0","106755","3","3","0","08","10","4","","0","0","1","0","1"
"POINT (8.645260559000001 50.122741609000002)","Unfall 106761 (2016) Kat:3, Licht: 0","106761","3","3","5","08","15","6","","0","1","1","0","0"
"POINT (8.547669600000001 50.101275264000002)","Unfall 106769 (2016) Kat:3, Licht: 0","106769","3","3","3","08","17","3","","0","0","1","0","1"
"POINT (8.626489610000000 50.129395660000000)","Unfall 106772 (2016) Kat:3, Licht: 0","106772","3","2","3","08","17","2","","0","1","1","0","0"
"POINT (8.668599561000001 50.113183069999998)","Unfall 106777 (2016) Kat:3, Licht: 0","106777","3","6","2","08","19","2","","0","0","1","0","0"
"POINT (8.552836364999999 50.101738521999998)","Unfall 106783 (2016) Kat:3, Licht: 2","106783","3","4","6","08","20","7","","2","0","1","1","0"
"POINT (8.643556266999999 50.123227401999998)","Unfall 106786 (2016) Kat:3, Licht: 0","106786","3","7","1","08","15","3","","0","1","0","0","0"
"POINT (8.704018266000000 50.124256815999999)","Unfall 106792 (2016) Kat:3, Licht: 0","106792","3","6","4","08","13","6","","0","1","0","0","0"
"POINT (8.696363237000000 50.112933959000003)","Unfall 106796 (2016) Kat:3, Licht: 0","106796","3","1","1","08","14","6","","0","0","1","0","0"