WKT,Name,OBJECTID,UKATEGORIE,UTYP1,UART,UMONAT,USTUNDE,UWOCHENTAG,STRZUSTAND,ULICHTVERH,ISTRAD,ISTPKW,ISTFUSS,ISTKRAD
"POINT (8.625489206999999 50.132603263999997)","Unfall 106799 (2016) Kat:3, Licht: 0","106799","3","7","6","08","16","3","","0","0","1","1","0"
"POINT (8.686291326999999 50.101370002000003)","Unfall 106804 (2016) Kat:3, Licht: 0","106804","3","3","5","08","12","6","","0","0","1","0","1"
"POINT (8.507492722000000 50.090290605000000)","Unfall 106805 (2016) Kat:3, Licht: 0","106805","3","7","4","08","06","6","","0","0","1","0","1"
"POINT (8.647397998000001 50.101033291000000)","Unfall 106811 (2016) Kat:3, Licht: 0","106811","3","3","5","08","14","4","","0","1","1","0","0"
"POINT (8.654157365000000 50.163887199000001)","Unfall 106812 (2016) Kat:3, Licht: 0","106812","3","6","4","09","09","5","","0","1","0","0","0"
"POINT (8.684497405000000 50.097052298000001)","Unfall 106813 (2016) Kat:3, Licht: 0","106813","3","3","4","08","11","3","","0","1","1","0","0"
"POINT (8.670225563000001 50.115559419000000)","Unfall 106830 (2016) Kat:2, Licht: 0","106830","2","6","4","08","13","3","","0","1","0","0","0"
"POINT (8.683478780000000 50.148013253000002)","Unfall 106832 (2016) Kat:2, Licht: 0","106832","2","3","5","08","17","2","","0","0","1","0","0"
"POINT (8.668626182000001 50.099214893999999)","Unfall 106843 (2016) Kat:3, Licht: 0","106843","3","6","2","08","12","3","","0","0","1","1","0"
"POINT (8.685174639000000 50.109429505000001)","Unfall 106845 (2016) Kat:3, Licht: 0","106845","3","3","5","08","18","2","","0","1","1","0","0"
"POINT (8.653781354000000 50.119953899999999)","Unfall 106853 (2016) Kat:3, Licht: 0","106853","3","3","5","08","11","4","","0","0","1","0","0"
"POINT (8.689816987000000 50.104762999999998)","Unfall 106854 (2016) Kat:3, Licht: 0","106854","3","4","6","08","14","3","","0","0","1","1","0"
"POINT (8.653226631000001 50.127013703000003)","Unfall 106856 (2016) Kat:2, Licht: 0","106856","2","3","5","08","12","5","","0","1","1","0","0"
"POINT (8.702652837000001 50.119049044000000)","Unfall 106857 (2016) Kat:3, Licht: 0","106857","3","4","6","08","08","3","","0","0","1","1","0"
"POINT (8.674060946999999 50.110003315999997)","Unfall 106864 (2016) Kat:3, Licht: 0","106864","3","6","2","09","08","5","","0","0","1","0","0"
"POINT (8.630867073999999 50.188567607000003)","Unfall 106866 (2016) Kat:3, Licht: 0","106866","3","3","0","08","15","4","","0","1","0","0","0"
"POINT (8.686213735999999 50.155321671999999)","Unfall 106868 (2016) Kat:3, Licht: 0","106868","3","2","5","08","14","5","","0","0","1","0","0"
"POINT (8.681496224000000 50.148485999000002)","Unfall 106883 (2016) Kat:3, Licht: 0","106883","3","5","1","08","20","2","","0","1","1","0","0"
"POINT (8.613672104999999 50.127067811000003)","Unfall 106899 (2016) Kat:3, Licht: 0","106899","3","7","0","08","09","5","","0","1","0","0","0"
"POINT (8.623832036000000 50.129194253999998)","Unfall 106903 (2016) Kat:3, Licht: 0","106903","3","2","5","08","08","4","","0","1","1","0","0"
"POINT (8.680410713000001 50.117189592000003)","Unfall 106909 (2016) Kat:2, Licht: 0","106909","2","6","3","08","11","3","","0","0","0","0","1"
"POINT (8.636554381000000 50.101193940000002)","Unfall 106913 (2016) Kat:3, Licht: 0","106913","3","3","5","08","16","5","","0","1","1","0","0"
"POINT (8.699188980000001 50.116728909999999)","Unfall 106919 (2016) Kat:3, Licht: 0","106919","3","6","2","08","12","4","","0","0","1","0","0"
"POINT (8.689788756000000 50.143463408000002)","Unfall 106920 (2016) Kat:3, Licht: 2","106920","3","4","6","09","21","5","","2","0","0","1","0"
"POINT (8.674601911000000 50.113906168000000)","Unfall 106921 (2016) Kat:3, Licht: 0","106921","3","4","6","08","12","3","","0","1","0","1","0"
"POINT (8.679749032000000 50.117112114999998)","Unfall 106924 (2016) Kat:3, Licht: 0","106924","3","6","0","08","12","5","","0","0","1","0","1"
"POINT (8.647925986000001 50.062221721999997)","Unfall 106929 (2016) Kat:3, Licht: 1","106929","3","6","2","08","19","1","","1","0","0","0","1"
"POINT (8.541758794000000 50.101663567000003)","Unfall 106932 (2016) Kat:3, Licht: 0","106932","3","4","6","08","16","3","","0","0","1","1","0"
"POINT (8.680909113000000 50.102005435000002)","Unfall 106938 (2016) Kat:3, Licht: 0","106938","3","1","0","08","08","3","","0","0","0","0","1"
"POINT (8.665560458000000 50.136879469000000)","Unfall 106940 (2016) Kat:2, Licht: 0","106940","2","2","6","08","18","2","","0","0","1","1","0"
"POINT (8.679145279000000 50.116998465999998)","Unfall 106946 (2016) Kat:3, Licht: 0","106946","3","6","2","08","15","7","","0","0","1","0","1"
"POINT (8.648705720000001 50.159628978000001)","Unfall 106947 (2016) Kat:3, Licht: 0","106947","3","3","5","08","08","2","","0","1","0","0","0"
"POINT (8.681367742000001 50.123846061000002)","Unfall 106949 (2016) Kat:3, Licht: 0","106949","3","3","5","08","11","1","","0","1","1","0","0"
"POINT (8.680013937000000 50.108662486000000)","Unfall 106952 (2016) Kat:3, Licht: 0","106952","3","7","4","08","19","2","","0","0","1","0","1"
"POINT (8.657393775999999 50.111297762000000)","Unfall 106958 (2016) Kat:3, Licht: 0","106958","3","3","5","08","14","2","","0","0","1","0","0"
"POINT (8.638226294000001 50.172621964000001)","Unfall 106964 (2016) Kat:3, Licht: 2","106964","3","1","9","08","23","6","","2","0","1","0","0"
"POINT (8.593482735000000 50.052662539000004)","Unfall 106966 (2016) Kat:3, Licht: 0","106966","3","3","5","08","07","6","","0","1","0","0","0"
"POINT (8.679993390000000 50.127559841000000)","Unfall 106968 (2016) Kat:2, Licht: 0","106968","2","5","1","08","11","4","","0","1","1","0","0"
"POINT (8.670929556999999 50.118290651999999)","Unfall 106969 (2016) Kat:3, Licht: 0","106969","3","3","5","09","11","5","","0","0","1","0","0"
"POINT (8.547214635000000 50.102452276999998)","Unfall 106971 (2016) Kat:3, Licht: 0","106971","3","4","6","08","09","4","","0","0","1","1","0"
"POINT (8.672551531000000 50.123818423000003)","Unfall 106986 (2016) Kat:3, Licht: 0","106986","3","7","2","08","11","2","","0","0","1","0","1"
"POINT (8.696767732000000 50.126765223000000)","Unfall 106988 (2016) Kat:3, Licht: 0","106988","3","3","5","08","17","3","","0","1","1","0","0"
"POINT (8.680800552999999 50.141399608000000)","Unfall 106990 (2016) Kat:3, Licht: 0","106990","3","5","1","08","12","2","","0","1","1","0","0"
"POINT (8.665570529000000 50.115364925000002)","Unfall 106999 (2016) Kat:3, Licht: 0","106999","3","3","5","09","07","4","","0","1","0","0","0"
"POINT (8.709407181000000 50.202693721000003)","Unfall 107000 (2016) Kat:3, Licht: 0","107000","3","5","1","09","11","7","","0","0","1","0","0"
"POINT (8.691678592000001 50.126185251000003)","Unfall 107002 (2016) Kat:3, Licht: 0","107002","3","3","5","09","10","6","","0","1","1","0","0"
"POINT (8.548029766000001 50.048855381999999)","Unfall 107011 (2016) Kat:3, Licht: 0","107011","3","6","2","09","16","6","","0","0","1","0","0"
"POINT (8.580647698000000 50.127681635000002)","Unfall 107015 (2016) Kat:3, Licht: 0","107015","3","2","5","09","14","5","","0","0","1","0","0"
"POINT (8.635869821000000 50.114893649000003)","Unfall 107020 (2016) Kat:3, Licht: 0","107020","3","3","5","09","14","6","","0","1","1","0","0"
"POINT (8.654737960000000 50.143754065000003)","Unfall 107023 (2016) Kat:3, Licht: 0","107023","3","6","3","09","13","4","","0","0","1","0","1"
"POINT (8.642168484999999 50.102183572999998)","Unfall 107028 (2016) Kat:3, Licht: 0","107028","3","7","0","09","12","2","","0","1","0","0","0"
"POINT (8.698732658000001 50.116190650000000)","Unfall 107029 (2016) Kat:3, Licht: 0","107029","3","6","0","09","17","3","","0","1","0","0","1"
"POINT (8.737673460000000 50.119595527000001)","Unfall 107035 (2016) Kat:3, Licht: 0","107035","3","2","2","09","11","4","","0","0","1","0","0"
"POINT (8.691777398999999 50.125062765000003)","Unfall 107042 (2016) Kat:3, Licht: 0","107042","3","6","6","09","16","3","","0","0","1","1","0"
"POINT (8.679718074000000 50.118740694000003)","Unfall 107043 (2016) Kat:3, Licht: 0","107043","3","6","3","09","17","1","","0","1","1","0","0"
"POINT (8.663795951999999 50.101675284999999)","Unfall 107050 (2016) Kat:3, Licht: 2","107050","3","6","0","09","22","4","","2","1","1","0","0"
"POINT (8.575121527000000 50.104588950999997)","Unfall 107065 (2016) Kat:3, Licht: 0","107065","3","2","5","09","17","6","","0","0","1","0","0"
"POINT (8.690750129000000 50.121807988999997)","Unfall 107070 (2016) Kat:3, Licht: 0","107070","3","7","0","09","07","5","","0","1","0","0","0"
"POINT (8.507020212000001 50.083964180999999)","Unfall 107071 (2016) Kat:3, Licht: 0","107071","3","2","3","09","08","2","","0","1","1","0","0"
"POINT (8.659603888000000 50.151099645000002)","Unfall 107072 (2016) Kat:3, Licht: 0","107072","3","6","3","09","08","3","","0","1","0","0","0"
"POINT (8.582167166000000 50.106682980000002)","Unfall 107080 (2016) Kat:2, Licht: 0","107080","2","3","5","09","10","6","","0","0","1","0","1"
"POINT (8.671001738999999 50.116684757000002)","Unfall 107084 (2016) Kat:3, Licht: 0","107084","3","6","3","09","09","3","","0","1","1","0","0"
"POINT (8.589847324999999 50.030314531000002)","Unfall 107086 (2016) Kat:3, Licht: 0","107086","3","1","0","09","13","7","","0","0","0","0","1"
"POINT (8.617093938000000 50.083897241000003)","Unfall 107091 (2016) Kat:3, Licht: 0","107091","3","6","3","09","12","6","","0","1","0","0","1"
"POINT (8.539120466000000 50.111890717000001)","Unfall 107092 (2016) Kat:3, Licht: 2","107092","3","3","5","09","21","3","","2","0","1","0","0"
"POINT (8.652282854999999 50.116738959999999)","Unfall 107104 (2016) Kat:2, Licht: 0","107104","2","3","5","09","11","3","","0","0","1","0","0"
"POINT (8.647699742000000 50.088505271999999)","Unfall 107118 (2016) Kat:2, Licht: 2","107118","2","1","0","09","22","7","","2","1","0","0","0"
"POINT (8.618219413000000 50.149768352000002)","Unfall 107131 (2016) Kat:3, Licht: 0","107131","3","1","0","09","10","6","","0","0","0","0","1"
"POINT (8.656621280000000 50.157194187999998)","Unfall 107132 (2016) Kat:3, Licht: 0","107132","3","7","0","09","06","3","","0","1","1","0","0"
"POINT (8.699081038999999 50.128671967000002)","Unfall 107134 (2016) Kat:3, Licht: 0","107134","3","7","6","09","18","2","","0","1","0","1","0"
"POINT (8.670174055000000 50.128912667000002)","Unfall 107136 (2016) Kat:3, Licht: 0","107136","3","6","2","09","16","3","","0","0","1","0","0"
"POINT (8.680891240999999 50.122298962000002)","Unfall 107137 (2016) Kat:3, Licht: 0","107137","3","5","1","09","15","1","","0","1","1","0","0"
"POINT (8.741168639000000 50.131740856999997)","Unfall 107138 (2016) Kat:3, Licht: 0","107138","3","6","3","09","17","2","","0","0","1","0","1"
"POINT (8.760586341000000 50.119473577999997)","Unfall 107139 (2016) Kat:2, Licht: 0","107139","2","7","2","09","10","3","","0","0","1","0","1"
"POINT (8.668120056999999 50.137880379999999)","Unfall 107144 (2016) Kat:3, Licht: 0","107144","3","3","5","09","11","3","","0","1","0","0","0"
"POINT (8.754927409000000 50.132806080000002)","Unfall 107155 (2016) Kat:3, Licht: 2","107155","3","7","4","09","20","7","","2","0","1","0","0"
"POINT (8.688953228999999 50.105617799000001)","Unfall 107157 (2016) Kat:3, Licht: 0","107157","3","5","1","09","18","3","","0","0","1","0","0"
"POINT (8.664808085000001 50.137142937000000)","Unfall 107160 (2016) Kat:3, Licht: 0","107160","3","7","6","09","14","7","","0","1","0","1","0"
"POINT (8.707253899000000 50.125356342000003)","Unfall 107169 (2016) Kat:3, Licht: 0","107169","3","4","6","09","11","3","","0","0","1","1","0"
"POINT (8.746017529000000 50.140891062000001)","Unfall 107170 (2016) Kat:2, Licht: 0","107170","2","3","4","09","19","6","","0","0","1","0","1"
"POINT (8.635546314999999 50.114299963000001)","Unfall 107179 (2016) Kat:3, Licht: 0","107179","3","3","0","09","08","5","","0","1","1","0","0"
"POINT (8.691500121000001 50.150192746999998)","Unfall 107181 (2016) Kat:3, Licht: 0","107181","3","2","6","09","10","3","","0","0","1","1","0"
"POINT (8.668305303000000 50.133459758000001)","Unfall 107184 (2016) Kat:3, Licht: 1","107184","3","6","3","09","06","6","","1","0","1","0","1"
"POINT (8.659664583000000 50.119850567999997)","Unfall 107191 (2016) Kat:3, Licht: 0","107191","3","6","3","09","08","3","","0","1","0","0","0"
"POINT (8.635659621000000 50.104138259999999)","Unfall 107196 (2016) Kat:3, Licht: 0","107196","3","4","6","09","19","3","","0","0","1","1","0"
"POINT (8.681713189000000 50.124705388000002)","Unfall 107200 (2016) Kat:3, Licht: 0","107200","3","6","2","09","09","3","","0","0","1","0","0"
"POINT (8.663817365000000 50.109701387999998)","Unfall 107224 (2016) Kat:2, Licht: 2","107224","2","4","6","09","02","1","","2","0","1","1","0"
"POINT (8.638388940000001 50.084883132000002)","Unfall 107230 (2016) Kat:3, Licht: 0","107230","3","3","5","09","07","2","","0","1","1","0","0"
"POINT (8.684594449000000 50.099523963999999)","Unfall 107231 (2016) Kat:3, Licht: 0","107231","3","2","5","09","13","3","","0","1","1","0","0"
"POINT (8.687923174000000 50.110274072000003)","Unfall 107234 (2016) Kat:3, Licht: 2","107234","3","4","6","09","01","1","","2","0","1","1","0"
"POINT (8.635323167999999 50.163916995999998)","Unfall 107237 (2016) Kat:3, Licht: 0","107237","3","6","4","09","13","6","","0","1","0","0","1"
"POINT (8.550867150000000 50.099641009000003)","Unfall 107239 (2016) Kat:3, Licht: 1","107239","3","4","0","09","20","4","","1","1","0","1","0"
"POINT (8.691032084000000 50.151394818000000)","Unfall 107240 (2016) Kat:3, Licht: 0","107240","3","4","6","09","10","2","","0","1","0","1","0"
"POINT (8.662340667000001 50.131287065999999)","Unfall 107242 (2016) Kat:3, Licht: 0","107242","3","3","5","09","08","3","","0","1","1","0","0"
"POINT (8.652881643000001 50.139961798999998)","Unfall 107246 (2016) Kat:2, Licht: 0","107246","2","4","6","09","10","7","","0","0","1","1","0"
"POINT (8.624015470000000 50.080572353000001)","Unfall 107256 (2016) Kat:3, Licht: 0","107256","3","3","5","09","16","6","","0","1","1","0","0"
"POINT (8.659385484000000 50.120588525999999)","Unfall 107267 (2016) Kat:3, Licht: 1","107267","3","2","5","09","18","4","","1","1","1","0","0"
"POINT (8.568591979000001 50.123945861999999)","Unfall 107270 (2016) Kat:3, Licht: 0","107270","3","3","5","09","18","4","","0","1","1","0","0"
"POINT (8.556937123000001 50.119175399000000)","Unfall 107275 (2016) Kat:3, Licht: 0","107275","3","3","5","09","18","5","","0","1","1","0","0"
"POINT (8.691777759000001 50.125068337999998)","Unfall 107278 (2016) Kat:3, Licht: 2","107278","3","5","1","09","20","4","","2","0","1","0","0"
"POINT (8.642133838000000 50.174645274000000)","Unfall 107284 (2016) Kat:3, Licht: 0","107284","3","6","2","09","14","5","","0","0","1","0","0"
"POINT (8.663246038000001 50.105176358000001)","Unfall 107285 (2016) Kat:3, Licht: 0","107285","3","7","1","09","14","5","","0","0","1","1","0"
"POINT (8.697565230000000 50.126087941999998)","Unfall 107287 (2016) Kat:3, Licht: 2","107287","3","3","5","09","20","4","","2","1","1","0","0"
"POINT (8.690620054000000 50.127248117000001)","Unfall 107290 (2016) Kat:3, Licht: 0","107290","3","1","0","09","14","4","","0","1","0","0","0"
"POINT (8.637213639000001 50.152406847000002)","Unfall 107296 (2016) Kat:3, Licht: 0","107296","3","4","6","09","08","5","","0","0","1","1","0"
"POINT (8.657946128000001 50.162476540999997)","Unfall 107298 (2016) Kat:2, Licht: 0","107298","2","6","3","09","14","1","","0","1","1","0","0"
"POINT (8.672146461000001 50.133433988000000)","Unfall 107303 (2016) Kat:3, Licht: 0","107303","3","2","5","09","11","5","","0","1","1","0","0"
"POINT (8.764831977000000 50.126379174999997)","Unfall 107308 (2016) Kat:3, Licht: 0","107308","3","6","2","09","08","5","","0","0","1","0","0"
"POINT (8.627790664000001 50.129837584000001)","Unfall 107309 (2016) Kat:3, Licht: 2","107309","3","1","8","09","02","6","","2","0","1","0","0"
"POINT (8.673041874000001 50.114540468999998)","Unfall 107315 (2016) Kat:3, Licht: 0","107315","3","5","1","09","18","5","","0","1","1","0","0"
"POINT (8.683633550000000 50.113970952000003)","Unfall 107318 (2016) Kat:3, Licht: 0","107318","3","7","2","09","07","4","","0","0","1","0","1"
"POINT (8.547358065999999 50.107196158000001)","Unfall 107322 (2016) Kat:3, Licht: 0","107322","3","3","5","09","10","4","","0","0","1","0","0"
"POINT (8.664838055000001 50.109914981000003)","Unfall 107324 (2016) Kat:3, Licht: 0","107324","3","1","8","09","17","2","","0","0","1","0","1"
"POINT (8.639596947999999 50.157142819000001)","Unfall 107327 (2016) Kat:3, Licht: 0","107327","3","6","1","09","07","4","","0","1","0","0","0"
"POINT (8.642390577000001 50.162759485000002)","Unfall 107329 (2016) Kat:3, Licht: 0","107329","3","3","5","09","16","6","","0","1","1","0","0"
"POINT (8.676182381000000 50.113017425999999)","Unfall 107330 (2016) Kat:3, Licht: 0","107330","3","5","1","09","17","5","","0","1","1","0","0"
"POINT (8.629328939000001 50.122001079999997)","Unfall 107334 (2016) Kat:3, Licht: 0","107334","3","6","5","09","10","6","","0","0","1","0","0"
"POINT (8.678184815000000 50.093587798999998)","Unfall 107343 (2016) Kat:3, Licht: 0","107343","3","7","6","09","15","6","","0","1","0","1","0"
"POINT (8.663768982000001 50.109466517000001)","Unfall 107348 (2016) Kat:2, Licht: 0","107348","2","2","2","09","14","6","","0","0","1","0","1"
"POINT (8.670815793999999 50.115375178999997)","Unfall 107360 (2016) Kat:3, Licht: 0","107360","3","3","5","09","09","6","","0","1","1","0","0"
"POINT (8.641366911000000 50.118346254999999)","Unfall 107368 (2016) Kat:3, Licht: 0","107368","3","4","6","09","13","2","","0","0","0","1","1"
"POINT (8.622291830000000 50.108561272999999)","Unfall 107371 (2016) Kat:3, Licht: 0","107371","3","6","2","09","17","4","","0","0","1","0","1"
"POINT (8.674547854000000 50.125770095999997)","Unfall 107373 (2016) Kat:2, Licht: 0","107373","2","7","6","09","14","6","","0","1","0","1","0"
"POINT (8.664900682000001 50.140067950000002)","Unfall 107381 (2016) Kat:3, Licht: 0","107381","3","3","5","09","07","4","","0","1","1","0","0"
"POINT (8.687713297000000 50.122176439999997)","Unfall 107384 (2016) Kat:3, Licht: 0","107384","3","6","4","09","17","6","","0","1","1","0","0"
"POINT (8.691741088000001 50.123122449999997)","Unfall 107388 (2016) Kat:3, Licht: 0","107388","3","2","3","09","17","6","","0","0","1","0","1"
"POINT (8.681625033000000 50.113485664999999)","Unfall 107392 (2016) Kat:3, Licht: 0","107392","3","1","0","09","18","6","","0","1","0","0","0"
"POINT (8.622286289000000 50.156993855000003)","Unfall 107398 (2016) Kat:3, Licht: 0","107398","3","6","2","09","08","5","","0","0","1","0","0"
"POINT (8.653579935000000 50.136191764000003)","Unfall 107420 (2016) Kat:3, Licht: 0","107420","3","3","5","09","15","6","","0","0","1","0","1"
"POINT (8.648459486000000 50.192259647000000)","Unfall 107426 (2016) Kat:3, Licht: 0","107426","3","2","3","09","09","6","","0","0","0","0","1"
"POINT (8.628003100999999 50.096115331999997)","Unfall 107432 (2016) Kat:3, Licht: 0","107432","3","3","5","09","13","3","","0","0","1","0","0"
"POINT (8.651765757000000 50.093961952999997)","Unfall 107433 (2016) Kat:3, Licht: 0","107433","3","6","2","09","12","4","","0","0","1","0","0"
"POINT (8.701743549000000 50.118315512999999)","Unfall 107437 (2016) Kat:3, Licht: 0","107437","3","2","6","09","07","2","","0","0","1","1","0"
"POINT (8.652618946000001 50.140009687000003)","Unfall 107439 (2016) Kat:3, Licht: 0","107439","3","6","2","09","11","3","","0","0","1","0","0"
"POINT (8.682141838000000 50.100035591000001)","Unfall 107440 (2016) Kat:2, Licht: 0","107440","2","3","5","09","16","4","","0","1","1","0","0"
"POINT (8.638842188000000 50.089446201000001)","Unfall 107449 (2016) Kat:2, Licht: 2","107449","2","3","5","09","23","3","","2","1","1","0","0"
"POINT (8.670937261000001 50.108104386999997)","Unfall 107453 (2016) Kat:3, Licht: 0","107453","3","7","5","09","12","5","","0","0","1","0","0"
"POINT (8.544333733000000 50.095309657000001)","Unfall 107454 (2016) Kat:3, Licht: 0","107454","3","6","4","09","08","4","","0","1","0","0","0"
"POINT (8.670614453000001 50.138715028999997)","Unfall 107460 (2016) Kat:3, Licht: 0","107460","3","3","5","09","13","7","","0","1","1","0","0"
"POINT (8.621056627000000 50.149863904000000)","Unfall 107461 (2016) Kat:3, Licht: 0","107461","3","3","5","09","08","4","","0","1","1","0","0"
"POINT (8.606787241999999 50.112577762000001)","Unfall 107463 (2016) Kat:3, Licht: 2","107463","3","6","2","09","21","7","","2","0","1","0","0"
"POINT (8.688587997000001 50.118729068000000)","Unfall 107467 (2016) Kat:3, Licht: 0","107467","3","3","5","09","13","7","","0","0","1","0","1"
"POINT (8.667912351000000 50.154277100999998)","Unfall 107474 (2016) Kat:3, Licht: 2","107474","3","6","3","09","23","4","","2","0","1","0","0"
"POINT (8.546123020000000 50.114536999999999)","Unfall 107477 (2016) Kat:3, Licht: 0","107477","3","3","5","09","07","2","","0","1","1","0","0"
"POINT (8.691569532000001 50.123014363999999)","Unfall 107478 (2016) Kat:3, Licht: 1","107478","3","2","6","09","19","7","","1","0","1","1","0"
"POINT (8.680729649000000 50.101708811000002)","Unfall 107479 (2016) Kat:3, Licht: 0","107479","3","6","3","09","13","3","","0","0","1","0","0"
"POINT (8.672865259000000 50.128445436000000)","Unfall 107488 (2016) Kat:3, Licht: 0","107488","3","2","5","09","10","2","","0","1","0","0","0"
"POINT (8.660560587000001 50.118885808000002)","Unfall 107490 (2016) Kat:3, Licht: 0","107490","3","2","0","09","09","4","","0","1","0","0","0"
"POINT (8.595453177000000 50.052660797999998)","Unfall 107492 (2016) Kat:3, Licht: 0","107492","3","1","9","09","17","5","","0","0","0","0","1"
"POINT (8.657983411000000 50.182246311999997)","Unfall 107507 (2016) Kat:2, Licht: 0","107507","2","5","1","09","10","5","","0","0","1","0","1"
"POINT (8.685957612999999 50.112439017000000)","Unfall 107508 (2016) Kat:3, Licht: 0","107508","3","2","5","09","13","7","","0","1","1","0","0"
"POINT (8.643795890000000 50.106604312999998)","Unfall 107511 (2016) Kat:2, Licht: 0","107511","2","3","5","09","08","1","","0","1","1","0","0"
"POINT (8.681414739999999 50.153563806000001)","Unfall 107515 (2016) Kat:3, Licht: 0","107515","3","3","5","09","08","6","","0","1","0","0","0"
"POINT (8.609203950000000 50.126759130000003)","Unfall 107528 (2016) Kat:3, Licht: 0","107528","3","2","2","09","14","2","","0","0","1","0","0"
"POINT (8.669916911000000 50.114297370999999)","Unfall 107529 (2016) Kat:3, Licht: 0","107529","3","6","3","10","08","4","","0","1","0","0","0"
"POINT (8.677912146000001 50.111606991000002)","Unfall 107530 (2016) Kat:3, Licht: 0","107530","3","2","3","10","12","7","","0","1","1","0","0"
"POINT (8.554583419000000 50.115436897000002)","Unfall 107531 (2016) Kat:2, Licht: 1","107531","2","7","4","10","18","1","","1","0","1","0","1"
"POINT (8.693269427000001 50.114361080000002)","Unfall 107534 (2016) Kat:3, Licht: 0","107534","3","3","5","10","15","5","","0","0","1","0","1"
"POINT (8.679618806000001 50.118146254999999)","Unfall 107552 (2016) Kat:3, Licht: 0","107552","3","7","0","10","15","2","","0","1","0","0","0"
"POINT (8.595819979000000 50.134195816999998)","Unfall 107560 (2016) Kat:2, Licht: 0","107560","2","6","2","10","09","4","","0","0","1","0","0"
"POINT (8.715902933000001 50.135307554999997)","Unfall 107563 (2016) Kat:3, Licht: 0","107563","3","6","4","10","13","1","","0","1","1","0","0"
"POINT (8.762488567000000 50.153173766999998)","Unfall 107566 (2016) Kat:3, Licht: 0","107566","3","1","8","09","13","5","","0","0","1","0","0"
"POINT (8.717013955000001 50.133257272000002)","Unfall 107570 (2016) Kat:3, Licht: 0","107570","3","1","0","10","09","3","","0","0","0","0","1"
"POINT (8.642046838000001 50.175580779999997)","Unfall 107572 (2016) Kat:3, Licht: 2","107572","3","3","5","10","20","7","","2","0","1","0","0"
"POINT (8.762551156000001 50.143173269000002)","Unfall 107575 (2016) Kat:3, Licht: 0","107575","3","5","1","10","18","6","","0","0","1","0","0"
"POINT (8.612802942000000 50.106679952999997)","Unfall 107581 (2016) Kat:3, Licht: 0","107581","3","6","2","10","18","4","","0","0","1","0","0"
"POINT (8.543674484000000 50.099445897000003)","Unfall 107584 (2016) Kat:3, Licht: 0","107584","3","3","5","09","12","6","","0","0","1","0","0"
"POINT (8.649294609000000 50.113459861999999)","Unfall 107593 (2016) Kat:3, Licht: 0","107593","3","6","3","09","09","6","","0","0","1","0","0"
"POINT (8.612008251000001 50.126927078000001)","Unfall 107598 (2016) Kat:3, Licht: 1","107598","3","4","6","09","18","6","","1","0","1","1","0"
"POINT (8.758865110000000 50.121142923999997)","Unfall 107610 (2016) Kat:2, Licht: 0","107610","2","3","5","09","09","6","","0","0","1","0","1"
"POINT (8.631720932000000 50.099901871999997)","Unfall 107613 (2016) Kat:3, Licht: 2","107613","3","3","5","10","18","7","","2","1","1","0","0"
"POINT (8.548640634000000 50.108224309999997)","Unfall 107618 (2016) Kat:3, Licht: 2","107618","3","4","6","09","06","4","","2","0","1","1","0"
"POINT (8.630141102000000 50.161690892999999)","Unfall 107625 (2016) Kat:3, Licht: 0","107625","3","6","2","09","16","4","","0","0","1","0","0"
"POINT (8.686216705000000 50.110395326000003)","Unfall 107629 (2016) Kat:3, Licht: 0","107629","3","7","0","10","13","3","","0","1","0","0","0"
"POINT (8.695375424000000 50.128036268999999)","Unfall 107638 (2016) Kat:2, Licht: 2","107638","2","3","5","10","20","6","","2","0","1","0","1"
"POINT (8.642662590000001 50.121670715000000)","Unfall 107639 (2016) Kat:2, Licht: 0","107639","2","2","6","09","12","4","","0","0","1","1","0"
"POINT (8.667760071000000 50.154608705999998)","Unfall 107642 (2016) Kat:3, Licht: 0","107642","3","3","6","10","09","4","","0","0","1","0","0"
"POINT (8.704999237999999 50.124726457999998)","Unfall 107645 (2016) Kat:3, Licht: 0","107645","3","6","3","09","17","6","","0","1","0","0","0"
"POINT (8.624572677000000 50.084334624000000)","Unfall 107650 (2016) Kat:3, Licht: 2","107650","3","4","6","10","20","7","","2","0","1","1","0"
"POINT (8.647740149000001 50.113872397000002)","Unfall 107652 (2016) Kat:3, Licht: 0","107652","3","3","5","09","10","4","","0","1","1","0","0"
"POINT (8.549773029000001 50.106432273999999)","Unfall 107653 (2016) Kat:3, Licht: 0","107653","3","2","6","10","08","5","","0","0","0","1","0"
"POINT (8.632627120000000 50.098383718000001)","Unfall 107656 (2016) Kat:3, Licht: 0","107656","3","2","3","09","12","6","","0","1","1","0","0"
"POINT (8.539036914000000 50.104974961000003)","Unfall 107660 (2016) Kat:3, Licht: 0","107660","3","6","3","09","13","5","","0","1","1","0","0"
"POINT (8.617069052000000 50.107732759999998)","Unfall 107661 (2016) Kat:3, Licht: 0","107661","3","2","3","09","17","4","","0","1","1","0","0"
"POINT (8.634298544000000 50.078450322000002)","Unfall 107662 (2016) Kat:3, Licht: 0","107662","3","3","5","09","18","4","","0","1","1","0","0"