WKT,Name,OBJECTID,UKATEGORIE,UTYP1,UART,UMONAT,USTUNDE,UWOCHENTAG,STRZUSTAND,ULICHTVERH,ISTRAD,ISTPKW,ISTFUSS,ISTKRAD
"POINT (8.769721263999999 50.135897165999999)","Unfall 107663 (2016) Kat:3, Licht: 2","107663","3","2","5","10","19","3","","2","0","1","0","0"
"POINT (8.540397050999999 50.110812054000000)","Unfall 107664 (2016) Kat:3, Licht: 0","107664","3","3","5","09","12","5","","0","1","1","0","0"
"POINT (8.552545098000000 50.087812761999999)","Unfall 107665 (2016) Kat:2, Licht: 0","107665","2","7","0","09","14","4","","0","0","0","0","1"
"POINT (8.606070479000000 50.128411360000001)","Unfall 107668 (2016) Kat:3, Licht: 0","107668","3","6","6","09","17","5","","0","0","1","1","0"
"POINT (8.703321578000001 50.127351705999999)","Unfall 107671 (2016) Kat:3, Licht: 1","107671","3","2","3","10","18","2","","1","1","1","0","0"
"POINT (8.660476972000000 50.096558035000001)","Unfall 107672 (2016) Kat:2, Licht: 2","107672","2","7","7","09","19","5","","2","0","0","0","1"
"POINT (8.659777026000000 50.119064137000002)","Unfall 107673 (2016) Kat:3, Licht: 0","107673","3","2","0","09","09","4","","0","0","1","0","1"
"POINT (8.657140284000001 50.182506476999997)","Unfall 107676 (2016) Kat:3, Licht: 0","107676","3","4","6","10","16","3","","0","0","1","1","0"
"POINT (8.690641807000000 50.102916444000002)","Unfall 107682 (2016) Kat:2, Licht: 2","107682","2","4","6","10","06","1","","2","0","1","1","0"
"POINT (8.671359918000000 50.112933337999998)","Unfall 107685 (2016) Kat:3, Licht: 0","107685","3","7","0","09","11","4","","0","0","0","0","1"
"POINT (8.597745544000000 50.110776796000003)","Unfall 107691 (2016) Kat:3, Licht: 0","107691","3","4","6","10","17","7","","0","0","1","1","0"
"POINT (8.626207961000000 50.107630917000002)","Unfall 107695 (2016) Kat:3, Licht: 2","107695","3","4","6","09","19","3","","2","0","1","1","0"
"POINT (8.673480473000000 50.115500560000001)","Unfall 107696 (2016) Kat:3, Licht: 1","107696","3","6","2","10","18","4","","1","0","1","0","1"
"POINT (8.650606971000000 50.113537444999999)","Unfall 107699 (2016) Kat:3, Licht: 0","107699","3","6","2","10","16","4","","0","0","1","0","0"
"POINT (8.667300498000000 50.137591321000002)","Unfall 107707 (2016) Kat:3, Licht: 0","107707","3","2","2","09","15","3","","0","1","1","0","0"
"POINT (8.626159281000000 50.082026055000000)","Unfall 107708 (2016) Kat:3, Licht: 0","107708","3","3","5","10","14","3","","0","0","1","0","1"
"POINT (8.675751904000000 50.107544097999998)","Unfall 107710 (2016) Kat:3, Licht: 0","107710","3","6","4","10","17","2","","0","0","1","0","0"
"POINT (8.614946544000000 50.130174367000002)","Unfall 107725 (2016) Kat:3, Licht: 0","107725","3","3","5","09","19","3","","0","0","1","0","0"
"POINT (8.656075937000001 50.107165518000002)","Unfall 107726 (2016) Kat:3, Licht: 2","107726","3","7","3","10","06","3","","2","0","1","0","1"
"POINT (8.687889275000000 50.112894392999998)","Unfall 107731 (2016) Kat:3, Licht: 0","107731","3","6","2","10","15","2","","0","0","1","0","0"
"POINT (8.756702162000000 50.121908945000001)","Unfall 107735 (2016) Kat:3, Licht: 0","107735","3","3","5","09","13","3","","0","1","1","0","0"
"POINT (8.680347675000000 50.121282528000002)","Unfall 107745 (2016) Kat:3, Licht: 2","107745","3","6","6","10","16","3","","2","1","0","1","0"
"POINT (8.655592507000000 50.111576608999997)","Unfall 107747 (2016) Kat:3, Licht: 0","107747","3","6","3","10","08","7","","0","0","0","0","1"
"POINT (8.728342101999999 50.115662618000002)","Unfall 107755 (2016) Kat:3, Licht: 0","107755","3","6","3","10","13","6","","0","1","0","0","0"
"POINT (8.661665964999999 50.113319928000003)","Unfall 107758 (2016) Kat:3, Licht: 0","107758","3","4","6","10","08","4","","0","0","1","1","0"
"POINT (8.653773497000000 50.121431581000003)","Unfall 107762 (2016) Kat:3, Licht: 0","107762","3","1","2","10","13","7","","0","0","1","0","0"
"POINT (8.640761930000000 50.104659488999999)","Unfall 107766 (2016) Kat:3, Licht: 0","107766","3","6","4","09","13","3","","0","1","1","0","0"
"POINT (8.755834148000000 50.143038058999998)","Unfall 107771 (2016) Kat:3, Licht: 2","107771","3","7","5","10","22","2","","2","0","1","0","0"
"POINT (8.671236992000001 50.094680498999999)","Unfall 107774 (2016) Kat:3, Licht: 0","107774","3","7","0","10","10","7","","0","1","0","0","0"
"POINT (8.611543845000000 50.125515743999998)","Unfall 107783 (2016) Kat:3, Licht: 0","107783","3","3","5","10","09","1","","0","0","1","0","0"
"POINT (8.513344844000001 50.087765873999999)","Unfall 107786 (2016) Kat:3, Licht: 2","107786","3","1","8","10","04","1","","2","0","1","0","0"
"POINT (8.675795996000000 50.107531946999998)","Unfall 107800 (2016) Kat:3, Licht: 0","107800","3","2","0","10","15","7","","0","1","1","0","0"
"POINT (8.675280382000000 50.110308398000001)","Unfall 107804 (2016) Kat:3, Licht: 0","107804","3","3","5","10","12","7","","0","0","1","0","1"
"POINT (8.736200601000000 50.127649318000003)","Unfall 107809 (2016) Kat:3, Licht: 0","107809","3","6","2","09","13","4","","0","1","1","0","0"
"POINT (8.687424461000001 50.119655747000003)","Unfall 107812 (2016) Kat:3, Licht: 0","107812","3","6","2","10","15","4","","0","0","1","0","0"
"POINT (8.592405529000001 50.085013724000000)","Unfall 107817 (2016) Kat:2, Licht: 0","107817","2","4","6","10","16","1","","0","0","1","1","0"
"POINT (8.676067118000001 50.112668179000003)","Unfall 107819 (2016) Kat:3, Licht: 0","107819","3","4","6","10","17","4","","0","1","0","1","0"
"POINT (8.689855513000000 50.143317930000002)","Unfall 107823 (2016) Kat:3, Licht: 2","107823","3","1","8","10","01","3","","2","0","1","0","0"
"POINT (8.674934694999999 50.109243865000003)","Unfall 107824 (2016) Kat:3, Licht: 0","107824","3","6","3","10","14","5","","0","1","0","0","0"
"POINT (8.679380547999999 50.114165857000003)","Unfall 107833 (2016) Kat:3, Licht: 0","107833","3","4","6","10","17","4","","0","0","0","1","0"
"POINT (8.679511808000001 50.166560351999998)","Unfall 107835 (2016) Kat:3, Licht: 1","107835","3","6","2","10","17","5","","1","0","1","0","0"
"POINT (8.599819891999999 50.109043825000001)","Unfall 107843 (2016) Kat:3, Licht: 0","107843","3","6","4","10","15","7","","0","0","1","0","0"
"POINT (8.656593958000000 50.118288321999998)","Unfall 107847 (2016) Kat:3, Licht: 0","107847","3","2","5","10","14","5","","0","1","1","0","0"
"POINT (8.589570478000001 50.085910439999999)","Unfall 107850 (2016) Kat:3, Licht: 0","107850","3","3","5","10","15","5","","0","0","1","0","1"
"POINT (8.609864622000000 50.143222729999998)","Unfall 107851 (2016) Kat:3, Licht: 0","107851","3","3","5","10","17","5","","0","0","1","0","0"
"POINT (8.604131065000001 50.082622416000000)","Unfall 107854 (2016) Kat:3, Licht: 2","107854","3","1","6","10","20","7","","2","0","1","1","0"
"POINT (8.664658480000000 50.114520558000002)","Unfall 107856 (2016) Kat:3, Licht: 0","107856","3","3","5","10","13","7","","0","0","1","0","0"
"POINT (8.680113710000001 50.102657882000003)","Unfall 107859 (2016) Kat:3, Licht: 0","107859","3","3","5","10","12","5","","0","0","1","0","1"
"POINT (8.537525663000000 50.114034820999997)","Unfall 107861 (2016) Kat:3, Licht: 1","107861","3","5","6","10","19","6","","1","0","1","1","0"
"POINT (8.668026792999999 50.136296563000002)","Unfall 107866 (2016) Kat:3, Licht: 1","107866","3","1","6","10","07","6","","1","0","1","1","0"
"POINT (8.648830158000001 50.123929591000000)","Unfall 107867 (2016) Kat:3, Licht: 2","107867","3","3","5","10","03","7","","2","0","1","0","0"
"POINT (8.551812514000000 50.102974437000000)","Unfall 107869 (2016) Kat:3, Licht: 2","107869","3","3","5","10","18","2","","2","1","1","0","0"
"POINT (8.590035142000000 50.132449839000003)","Unfall 107870 (2016) Kat:3, Licht: 0","107870","3","3","2","10","12","6","","0","0","1","0","0"
"POINT (8.716551308000000 50.127996795000001)","Unfall 107871 (2016) Kat:3, Licht: 0","107871","3","3","5","10","14","1","","0","0","1","0","0"
"POINT (8.546805980000000 50.100875064999997)","Unfall 107872 (2016) Kat:2, Licht: 2","107872","2","3","5","10","00","3","","2","0","1","0","0"
"POINT (8.682902723000000 50.095835284000003)","Unfall 107876 (2016) Kat:3, Licht: 0","107876","3","6","2","10","13","5","","0","0","1","0","1"
"POINT (8.747746466000001 50.122215214999997)","Unfall 107877 (2016) Kat:3, Licht: 1","107877","3","3","5","10","17","6","","1","1","1","0","0"
"POINT (8.682608834000000 50.117645441999997)","Unfall 107882 (2016) Kat:3, Licht: 2","107882","3","3","5","10","07","6","","2","1","1","0","0"
"POINT (8.772049319000001 50.119989261000001)","Unfall 107883 (2016) Kat:3, Licht: 0","107883","3","2","5","10","15","7","","0","0","1","0","1"
"POINT (8.616334697999999 50.107398478999997)","Unfall 107886 (2016) Kat:3, Licht: 0","107886","3","6","2","10","13","2","","0","0","1","0","0"
"POINT (8.669857339000000 50.107831021999999)","Unfall 107888 (2016) Kat:3, Licht: 1","107888","3","6","4","10","17","5","","1","1","1","0","0"
"POINT (8.598653717000000 50.096535363999998)","Unfall 107891 (2016) Kat:2, Licht: 0","107891","2","7","6","10","07","3","","0","0","0","1","0"
"POINT (8.667691737000000 50.128866000999999)","Unfall 107895 (2016) Kat:3, Licht: 0","107895","3","4","6","10","13","5","","0","0","1","1","0"
"POINT (8.670226419000001 50.124889781000000)","Unfall 107896 (2016) Kat:3, Licht: 2","107896","3","2","3","10","18","5","","2","1","1","0","0"
"POINT (8.639594669999999 50.120624540999998)","Unfall 107900 (2016) Kat:3, Licht: 0","107900","3","3","5","10","15","3","","0","1","1","0","0"
"POINT (8.687996038000000 50.114769826000000)","Unfall 107904 (2016) Kat:3, Licht: 2","107904","3","2","2","10","22","5","","2","0","0","0","1"
"POINT (8.658865852000000 50.107659916999999)","Unfall 107905 (2016) Kat:3, Licht: 2","107905","3","4","6","10","23","3","","2","0","1","1","0"
"POINT (8.737295724999999 50.138473300000001)","Unfall 107906 (2016) Kat:3, Licht: 2","107906","3","7","8","10","04","1","","2","0","1","0","0"
"POINT (8.635370246000001 50.105782603999998)","Unfall 107907 (2016) Kat:3, Licht: 0","107907","3","6","2","10","11","3","","0","1","1","0","0"
"POINT (8.691073302000000 50.127347176000001)","Unfall 107915 (2016) Kat:3, Licht: 0","107915","3","6","2","10","14","7","","0","0","1","0","0"
"POINT (8.618216215000000 50.131162220999997)","Unfall 107916 (2016) Kat:3, Licht: 2","107916","3","3","5","10","21","2","","2","1","1","0","0"
"POINT (8.692100870000001 50.127436127000003)","Unfall 107918 (2016) Kat:3, Licht: 2","107918","3","2","6","10","00","7","","2","0","1","1","0"
"POINT (8.704015712000000 50.127748938000003)","Unfall 107920 (2016) Kat:3, Licht: 0","107920","3","2","3","10","15","2","","0","0","1","0","0"
"POINT (8.662904873000000 50.115825412000000)","Unfall 107923 (2016) Kat:3, Licht: 0","107923","3","3","5","10","07","5","","0","1","0","0","0"
"POINT (8.658927491000000 50.139167278000002)","Unfall 107933 (2016) Kat:3, Licht: 0","107933","3","7","0","10","14","5","","0","1","1","0","0"
"POINT (8.587992043000000 50.083444049999997)","Unfall 107936 (2016) Kat:3, Licht: 2","107936","3","3","5","10","21","1","","2","0","1","0","0"
"POINT (8.622621199999999 50.129604249000003)","Unfall 107938 (2016) Kat:3, Licht: 0","107938","3","6","2","10","13","6","","0","0","1","0","0"
"POINT (8.693232653999999 50.114128921999999)","Unfall 107945 (2016) Kat:3, Licht: 0","107945","3","6","2","10","12","5","","0","0","1","0","1"
"POINT (8.582258155000000 50.106684328999997)","Unfall 107972 (2016) Kat:3, Licht: 0","107972","3","2","3","10","12","7","","0","1","1","0","0"
"POINT (8.703190558999999 50.127350800999999)","Unfall 107982 (2016) Kat:2, Licht: 0","107982","2","2","3","10","15","6","","0","0","1","0","1"
"POINT (8.691280920000001 50.090714095999999)","Unfall 107991 (2016) Kat:3, Licht: 0","107991","3","6","2","10","16","1","","0","0","1","0","0"
"POINT (8.587391221000001 50.057201550000002)","Unfall 108014 (2016) Kat:3, Licht: 0","108014","3","6","2","10","15","3","","0","0","1","0","0"
"POINT (8.662079855000000 50.122179066999998)","Unfall 108019 (2016) Kat:3, Licht: 0","108019","3","3","5","10","13","2","","0","1","1","0","0"
"POINT (8.528925203000000 50.107737403999998)","Unfall 108022 (2016) Kat:3, Licht: 1","108022","3","3","5","10","18","5","","1","1","1","0","0"
"POINT (8.649521526999999 50.127327946999998)","Unfall 108028 (2016) Kat:3, Licht: 0","108028","3","3","5","10","19","4","","0","0","1","0","0"
"POINT (8.754779066999999 50.144984598000001)","Unfall 108035 (2016) Kat:3, Licht: 2","108035","3","3","5","10","23","5","","2","0","1","0","0"
"POINT (8.704978947000001 50.087840618000001)","Unfall 108036 (2016) Kat:3, Licht: 0","108036","3","7","5","10","08","4","","0","0","1","0","0"
"POINT (8.717004732000000 50.130010953000003)","Unfall 108041 (2016) Kat:3, Licht: 2","108041","3","3","5","10","19","4","","2","1","1","0","0"
"POINT (8.649490430000000 50.159492739000001)","Unfall 108050 (2016) Kat:3, Licht: 0","108050","3","3","5","10","11","4","","0","0","1","0","0"
"POINT (8.665713799000001 50.112414348999998)","Unfall 108056 (2016) Kat:3, Licht: 0","108056","3","5","1","10","15","6","","0","1","1","0","0"
"POINT (8.710702559000000 50.128286226000000)","Unfall 108063 (2016) Kat:3, Licht: 1","108063","3","5","1","10","18","4","","1","1","1","0","0"
"POINT (8.696004620000000 50.120436380000001)","Unfall 108064 (2016) Kat:3, Licht: 0","108064","3","7","6","10","16","4","","0","1","0","1","0"
"POINT (8.674827042000000 50.109114075000001)","Unfall 108070 (2016) Kat:3, Licht: 2","108070","3","4","6","10","20","4","","2","0","1","1","0"
"POINT (8.664331523000000 50.109694484000002)","Unfall 108073 (2016) Kat:3, Licht: 0","108073","3","2","5","10","08","4","","0","1","1","0","0"
"POINT (8.672351701000000 50.126059988999998)","Unfall 108077 (2016) Kat:3, Licht: 0","108077","3","3","0","10","09","4","","0","1","1","0","0"
"POINT (8.697231362000000 50.126477217000001)","Unfall 108086 (2016) Kat:3, Licht: 0","108086","3","3","5","10","11","4","","0","1","1","0","0"
"POINT (8.691769025999999 50.124845192000002)","Unfall 108095 (2016) Kat:3, Licht: 0","108095","3","6","3","10","08","4","","0","1","0","0","0"
"POINT (8.575223749999999 50.104619114999998)","Unfall 108098 (2016) Kat:3, Licht: 2","108098","3","7","0","10","20","1","","2","1","0","0","0"
"POINT (8.542494724000001 50.101830579000001)","Unfall 108101 (2016) Kat:3, Licht: 1","108101","3","6","2","10","22","6","","1","0","1","0","0"
"POINT (8.724553235000000 50.097284373999997)","Unfall 108104 (2016) Kat:3, Licht: 2","108104","3","6","3","11","19","5","","2","1","1","0","0"
"POINT (8.714383229999999 50.120519326000000)","Unfall 108111 (2016) Kat:3, Licht: 2","108111","3","4","6","11","18","3","","2","0","1","1","0"
"POINT (8.768844400000001 50.118223082000000)","Unfall 108115 (2016) Kat:1, Licht: 1","108115","1","1","0","11","17","5","","1","1","0","0","0"
"POINT (8.669606528999999 50.114075577999998)","Unfall 108120 (2016) Kat:3, Licht: 0","108120","3","2","5","10","08","2","","0","1","1","0","0"
"POINT (8.670511474000000 50.126366875000002)","Unfall 108130 (2016) Kat:3, Licht: 2","108130","3","7","6","11","18","5","","2","0","0","1","0"
"POINT (8.598566151000000 50.110989152000002)","Unfall 108132 (2016) Kat:3, Licht: 1","108132","3","3","5","11","16","7","","1","0","1","0","0"
"POINT (8.679113374000000 50.117221626000003)","Unfall 108137 (2016) Kat:3, Licht: 0","108137","3","6","2","11","16","5","","0","0","1","0","0"
"POINT (8.652847167999999 50.065864007000002)","Unfall 108147 (2016) Kat:3, Licht: 0","108147","3","1","8","11","13","4","","0","0","1","0","0"
"POINT (8.693112157000000 50.113429576999998)","Unfall 108148 (2016) Kat:3, Licht: 0","108148","3","6","3","11","14","7","","0","0","1","0","0"
"POINT (8.661858756999999 50.136390251999998)","Unfall 108150 (2016) Kat:3, Licht: 0","108150","3","7","4","11","14","6","","0","0","1","0","0"
"POINT (8.670795138000001 50.119700197999997)","Unfall 108163 (2016) Kat:2, Licht: 0","108163","2","2","6","11","12","6","","0","0","1","1","0"
"POINT (8.673585780000000 50.106660095000002)","Unfall 108172 (2016) Kat:3, Licht: 2","108172","3","6","2","11","19","3","","2","0","1","0","0"
"POINT (8.557018776000000 50.115580080000001)","Unfall 108174 (2016) Kat:3, Licht: 0","108174","3","1","8","11","12","2","","0","0","1","0","0"
"POINT (8.538627804000001 50.103142114999997)","Unfall 108175 (2016) Kat:3, Licht: 0","108175","3","2","6","11","12","3","","0","0","1","1","0"
"POINT (8.647002390999999 50.122092248999998)","Unfall 108181 (2016) Kat:3, Licht: 0","108181","3","4","6","11","12","2","","0","1","0","1","0"
"POINT (8.651101597000000 50.189254857000002)","Unfall 108182 (2016) Kat:3, Licht: 2","108182","3","3","5","11","17","3","","2","0","1","0","0"
"POINT (8.671059356000001 50.127755618000002)","Unfall 108183 (2016) Kat:3, Licht: 0","108183","3","6","3","11","09","6","","0","0","1","0","1"
"POINT (8.690861946000000 50.115403757000003)","Unfall 108186 (2016) Kat:2, Licht: 0","108186","2","4","6","10","14","2","","0","1","0","1","0"
"POINT (8.676675521000000 50.111644601999998)","Unfall 108211 (2016) Kat:3, Licht: 2","108211","3","4","6","11","18","4","","2","1","0","1","0"
"POINT (8.548536167000000 50.101676664000003)","Unfall 108216 (2016) Kat:3, Licht: 1","108216","3","7","6","11","21","5","","1","0","1","1","0"
"POINT (8.585317200000000 50.052235985999999)","Unfall 108227 (2016) Kat:3, Licht: 0","108227","3","5","1","11","08","7","","0","1","1","0","0"
"POINT (8.518571594999999 50.076031161000003)","Unfall 108228 (2016) Kat:3, Licht: 1","108228","3","7","5","11","16","5","","1","1","1","0","0"
"POINT (8.642119784000000 50.114369080000003)","Unfall 108230 (2016) Kat:3, Licht: 2","108230","3","1","9","11","06","3","","2","0","1","0","0"
"POINT (8.591211862000000 50.115999250000002)","Unfall 108232 (2016) Kat:3, Licht: 1","108232","3","6","2","11","17","5","","1","0","1","0","0"
"POINT (8.642889305000001 50.115693184999998)","Unfall 108235 (2016) Kat:3, Licht: 1","108235","3","6","4","11","16","6","","1","0","1","0","0"
"POINT (8.588530794000000 50.084643808999999)","Unfall 108237 (2016) Kat:2, Licht: 2","108237","2","4","6","11","19","6","","2","0","0","1","0"
"POINT (8.695098055000001 50.127831977000000)","Unfall 108241 (2016) Kat:3, Licht: 2","108241","3","3","5","11","22","6","","2","1","1","0","0"
"POINT (8.673021775000001 50.142975040000003)","Unfall 108242 (2016) Kat:3, Licht: 0","108242","3","3","5","11","13","3","","0","1","1","0","0"
"POINT (8.687265334999999 50.106228416000000)","Unfall 108243 (2016) Kat:3, Licht: 0","108243","3","2","6","11","13","7","","0","0","1","1","0"
"POINT (8.664037552000000 50.153076679000002)","Unfall 108245 (2016) Kat:3, Licht: 0","108245","3","3","5","11","07","3","","0","1","0","0","0"
"POINT (8.691788237000001 50.125229916000002)","Unfall 108250 (2016) Kat:3, Licht: 2","108250","3","4","6","11","22","6","","2","0","1","1","0"
"POINT (8.669859091999999 50.139626761000002)","Unfall 108251 (2016) Kat:3, Licht: 2","108251","3","4","6","11","18","2","","2","0","1","1","0"
"POINT (8.753994365000001 50.132729806000000)","Unfall 108255 (2016) Kat:3, Licht: 0","108255","3","4","6","11","13","2","","0","0","1","1","0"
"POINT (8.675784113000001 50.107528844000001)","Unfall 108260 (2016) Kat:3, Licht: 0","108260","3","2","3","11","15","7","","0","1","1","0","0"
"POINT (8.663661462000000 50.101754067999998)","Unfall 108264 (2016) Kat:3, Licht: 2","108264","3","6","2","11","18","2","","2","0","1","0","0"
"POINT (8.688587858000000 50.105731405999997)","Unfall 108267 (2016) Kat:3, Licht: 2","108267","3","6","0","11","18","5","","2","0","1","0","0"
"POINT (8.634249856000000 50.067339656999998)","Unfall 108269 (2016) Kat:3, Licht: 0","108269","3","2","3","11","12","4","","0","0","1","0","0"
"POINT (8.590970301000001 50.101707386000001)","Unfall 108270 (2016) Kat:3, Licht: 2","108270","3","2","6","11","19","4","","2","0","1","1","0"
"POINT (8.668527247000000 50.113278557999998)","Unfall 108272 (2016) Kat:3, Licht: 0","108272","3","2","3","11","14","4","","0","0","1","0","1"
"POINT (8.675613107000000 50.123337974000002)","Unfall 108274 (2016) Kat:3, Licht: 0","108274","3","1","0","11","09","4","","0","0","0","0","1"
"POINT (8.675571643000000 50.110705850000002)","Unfall 108275 (2016) Kat:3, Licht: 0","108275","3","4","6","11","16","2","","0","1","0","1","0"
"POINT (8.770188060000001 50.116772026000000)","Unfall 108278 (2016) Kat:3, Licht: 0","108278","3","3","5","11","08","5","","0","1","1","0","0"
"POINT (8.657917301000000 50.103460568000003)","Unfall 108281 (2016) Kat:3, Licht: 0","108281","3","3","5","11","13","4","","0","1","1","0","0"
"POINT (8.695440466000001 50.128048344000000)","Unfall 108292 (2016) Kat:3, Licht: 2","108292","3","2","2","11","16","5","","2","0","1","0","0"
"POINT (8.663454186999999 50.110501718000002)","Unfall 108303 (2016) Kat:3, Licht: 2","108303","3","3","5","11","18","3","","2","1","1","0","0"
"POINT (8.635477330000001 50.105774238000002)","Unfall 108306 (2016) Kat:3, Licht: 2","108306","3","4","6","11","17","3","","2","0","0","1","0"
"POINT (8.663777416000000 50.109507481000001)","Unfall 108312 (2016) Kat:3, Licht: 2","108312","3","3","5","11","19","5","","2","1","1","0","0"
"POINT (8.585934661000000 50.135006891000003)","Unfall 108332 (2016) Kat:3, Licht: 1","108332","3","6","2","11","07","2","","1","0","1","0","0"
"POINT (8.582689694999999 50.132715621999999)","Unfall 108335 (2016) Kat:3, Licht: 2","108335","3","6","2","11","18","3","","2","0","1","0","0"
"POINT (8.680399258000000 50.101857997000003)","Unfall 108340 (2016) Kat:3, Licht: 2","108340","3","6","3","11","18","4","","2","1","1","0","0"
"POINT (8.659873739000000 50.119256485999998)","Unfall 108342 (2016) Kat:3, Licht: 0","108342","3","2","5","11","09","5","","0","1","1","0","0"
"POINT (8.718546233000000 50.125053174999998)","Unfall 108354 (2016) Kat:3, Licht: 2","108354","3","4","0","11","17","1","","2","0","1","1","0"
"POINT (8.543653160000000 50.099477962000002)","Unfall 108371 (2016) Kat:3, Licht: 0","108371","3","3","5","11","11","3","","0","0","1","0","0"
"POINT (8.657192189000000 50.080221289999997)","Unfall 108399 (2016) Kat:3, Licht: 0","108399","3","6","2","11","12","3","","0","0","1","0","0"
"POINT (8.691421030000001 50.150160085000003)","Unfall 108404 (2016) Kat:3, Licht: 0","108404","3","3","5","11","10","5","","0","1","1","0","0"
"POINT (8.659090241000000 50.095912550999998)","Unfall 108406 (2016) Kat:3, Licht: 0","108406","3","6","2","11","12","5","","0","0","1","0","0"
"POINT (8.666604552000001 50.108004696000002)","Unfall 108410 (2016) Kat:3, Licht: 0","108410","3","4","6","11","08","3","","0","1","0","1","0"
"POINT (8.671054177000000 50.109057227000001)","Unfall 108419 (2016) Kat:3, Licht: 0","108419","3","6","3","11","15","2","","0","1","1","0","0"
"POINT (8.687067473999999 50.150448673000000)","Unfall 108427 (2016) Kat:3, Licht: 1","108427","3","7","0","11","17","4","","1","0","0","0","1"
"POINT (8.663799379000000 50.136223983000001)","Unfall 108441 (2016) Kat:3, Licht: 2","108441","3","2","5","11","17","4","","2","0","1","0","1"
"POINT (8.659590769999999 50.160355692000003)","Unfall 108449 (2016) Kat:3, Licht: 0","108449","3","7","0","11","16","4","","0","0","0","0","0"
"POINT (8.671249610000000 50.127506635000003)","Unfall 108456 (2016) Kat:3, Licht: 2","108456","3","6","3","11","18","4","","2","0","1","0","0"
"POINT (8.612554918000001 50.082673681999999)","Unfall 108461 (2016) Kat:2, Licht: 0","108461","2","1","0","12","11","6","","0","1","0","0","0"
"POINT (8.686216719999999 50.121261400999998)","Unfall 108462 (2016) Kat:3, Licht: 2","108462","3","6","3","11","17","4","","2","1","1","0","0"
"POINT (8.650965534999999 50.113322201999999)","Unfall 108466 (2016) Kat:3, Licht: 0","108466","3","2","5","11","07","5","","0","1","1","0","0"
"POINT (8.678466153000001 50.150138843000001)","Unfall 108469 (2016) Kat:3, Licht: 2","108469","3","2","6","11","18","5","","2","0","0","1","0"
"POINT (8.683435571000000 50.109285896999999)","Unfall 108474 (2016) Kat:3, Licht: 0","108474","3","6","3","12","15","6","","0","1","0","0","1"
"POINT (8.651453280000000 50.158970781999997)","Unfall 108477 (2016) Kat:2, Licht: 2","108477","2","1","0","11","21","1","","2","1","0","0","0"
"POINT (8.691030217000000 50.151404972000002)","Unfall 108479 (2016) Kat:2, Licht: 0","108479","2","2","6","11","13","5","","0","0","1","1","0"
"POINT (8.696836536999999 50.111042576999999)","Unfall 108485 (2016) Kat:3, Licht: 2","108485","3","3","5","11","18","1","","2","0","1","0","0"
"POINT (8.663154018000000 50.109274067999998)","Unfall 108496 (2016) Kat:3, Licht: 0","108496","3","7","6","11","09","5","","0","0","0","1","0"
"POINT (8.677344353000001 50.116515251999999)","Unfall 108511 (2016) Kat:3, Licht: 2","108511","3","6","2","11","16","5","","2","0","1","0","0"
"POINT (8.591925018000000 50.034271109999999)","Unfall 108514 (2016) Kat:3, Licht: 0","108514","3","6","3","11","14","7","","0","0","1","0","0"
"POINT (8.640871556000001 50.126023723000003)","Unfall 108522 (2016) Kat:3, Licht: 0","108522","3","3","5","12","13","5","","0","0","1","0","1"
"POINT (8.539733982000000 50.112149573000003)","Unfall 108529 (2016) Kat:3, Licht: 0","108529","3","7","6","11","10","5","","0","0","1","1","0"
"POINT (8.641658124999999 50.118150696000001)","Unfall 108533 (2016) Kat:3, Licht: 2","108533","3","7","0","12","22","5","","2","1","0","0","0"
"POINT (8.697671518000000 50.115831534999998)","Unfall 108542 (2016) Kat:3, Licht: 0","108542","3","3","5","11","11","5","","0","1","1","0","0"
"POINT (8.676551931000001 50.120278468999999)","Unfall 108551 (2016) Kat:2, Licht: 0","108551","2","5","1","11","15","5","","0","0","1","0","0"
"POINT (8.695587758000000 50.120241405999998)","Unfall 108552 (2016) Kat:3, Licht: 2","108552","3","7","6","11","18","7","","2","0","1","1","0"
"POINT (8.594368553000001 50.096448768000002)","Unfall 108556 (2016) Kat:3, Licht: 0","108556","3","3","5","11","14","2","","0","0","1","0","0"
"POINT (8.681372855999999 50.167804283000002)","Unfall 108559 (2016) Kat:3, Licht: 2","108559","3","6","6","11","16","2","","2","0","0","1","0"
"POINT (8.631149770000000 50.158626679999998)","Unfall 108560 (2016) Kat:3, Licht: 2","108560","3","7","8","11","19","7","","2","0","1","0","0"
"POINT (8.545273039000000 50.104674138000000)","Unfall 108562 (2016) Kat:3, Licht: 0","108562","3","6","3","11","14","4","","0","0","1","0","0"
"POINT (8.665531566000000 50.157595141999998)","Unfall 108563 (2016) Kat:3, Licht: 1","108563","3","3","5","11","07","3","","1","1","1","0","0"
"POINT (8.623605741000000 50.152545449999998)","Unfall 108564 (2016) Kat:3, Licht: 0","108564","3","3","5","11","13","2","","0","1","1","0","0"
"POINT (8.644777877999999 50.092190015000000)","Unfall 108569 (2016) Kat:3, Licht: 2","108569","3","6","2","12","22","5","","2","0","1","0","0"