WKT,Name,OBJECTID,UKATEGORIE,UTYP1,UART,UMONAT,USTUNDE,UWOCHENTAG,STRZUSTAND,ULICHTVERH,ISTRAD,ISTPKW,ISTFUSS,ISTKRAD
"POINT (8.686919960999999 50.098423560000001)","Unfall 108571 (2016) Kat:3, Licht: 2","108571","3","6","2","11","18","3","","2","0","1","0","0"
"POINT (8.638509658000000 50.156428599000002)","Unfall 108572 (2016) Kat:3, Licht: 0","108572","3","6","3","11","12","2","","0","0","1","0","0"
"POINT (8.687220882000000 50.117146024999997)","Unfall 108573 (2016) Kat:3, Licht: 2","108573","3","7","6","11","02","7","","2","0","1","1","0"
"POINT (8.747085558000000 50.132208063000000)","Unfall 108574 (2016) Kat:3, Licht: 0","108574","3","3","5","11","15","3","","0","1","1","0","0"
"POINT (8.674710568000000 50.125447338000001)","Unfall 108576 (2016) Kat:2, Licht: 0","108576","2","5","1","11","16","3","","0","1","1","0","0"
"POINT (8.688780008000000 50.118566995999998)","Unfall 108580 (2016) Kat:3, Licht: 0","108580","3","3","5","12","10","5","","0","0","1","0","0"
"POINT (8.668452572000000 50.131666447000001)","Unfall 108582 (2016) Kat:3, Licht: 0","108582","3","2","5","11","12","3","","0","1","1","0","0"
"POINT (8.689696347000000 50.143284395999999)","Unfall 108583 (2016) Kat:3, Licht: 2","108583","3","6","2","11","22","2","","2","0","1","0","0"
"POINT (8.681815797000001 50.114233714999997)","Unfall 108593 (2016) Kat:3, Licht: 0","108593","3","4","6","12","09","5","","0","1","0","1","0"
"POINT (8.668444073000000 50.131769939999998)","Unfall 108594 (2016) Kat:3, Licht: 2","108594","3","2","3","11","17","4","","2","1","1","0","0"
"POINT (8.679684448000000 50.118329696000004)","Unfall 108596 (2016) Kat:3, Licht: 0","108596","3","3","5","11","10","3","","0","0","1","0","0"
"POINT (8.759992086000001 50.150579137000001)","Unfall 108600 (2016) Kat:3, Licht: 2","108600","3","3","6","11","00","7","","2","0","1","1","0"
"POINT (8.688787440000001 50.092804616000002)","Unfall 108602 (2016) Kat:3, Licht: 0","108602","3","3","5","11","15","2","","0","1","1","0","0"
"POINT (8.627702185000000 50.108763824000000)","Unfall 108604 (2016) Kat:3, Licht: 0","108604","3","5","1","11","13","3","","0","0","1","0","1"
"POINT (8.681995091999999 50.141670374000000)","Unfall 108605 (2016) Kat:3, Licht: 2","108605","3","5","1","11","17","4","","2","1","1","0","0"
"POINT (8.684204367000000 50.131313097000003)","Unfall 108607 (2016) Kat:3, Licht: 0","108607","3","6","2","11","11","2","","0","0","1","0","0"
"POINT (8.670510461999999 50.138687175000001)","Unfall 108610 (2016) Kat:3, Licht: 2","108610","3","6","2","11","20","3","","2","0","1","0","0"
"POINT (8.607994277000000 50.124052292999998)","Unfall 108612 (2016) Kat:3, Licht: 0","108612","3","2","6","11","10","4","","0","0","0","1","0"
"POINT (8.676565840000000 50.114215526000002)","Unfall 108619 (2016) Kat:3, Licht: 0","108619","3","3","5","12","13","7","","0","1","0","0","0"
"POINT (8.677732743000000 50.105495656000002)","Unfall 108623 (2016) Kat:3, Licht: 0","108623","3","2","5","11","15","3","","0","1","0","0","0"
"POINT (8.662722933000000 50.118220489000002)","Unfall 108624 (2016) Kat:3, Licht: 0","108624","3","2","5","11","13","4","","0","0","1","0","1"
"POINT (8.586458781999999 50.057969987000000)","Unfall 108628 (2016) Kat:3, Licht: 0","108628","3","3","5","11","15","6","","0","0","1","0","1"
"POINT (8.675705894000000 50.109351421000000)","Unfall 108633 (2016) Kat:3, Licht: 2","108633","3","6","2","12","21","7","","2","0","1","0","0"
"POINT (8.670003311000000 50.124283335000001)","Unfall 108656 (2016) Kat:3, Licht: 1","108656","3","3","5","11","16","3","","1","1","1","0","0"
"POINT (8.611394684000000 50.125406961000003)","Unfall 108670 (2016) Kat:3, Licht: 2","108670","3","2","6","11","23","6","","2","0","1","1","0"
"POINT (8.652231189000000 50.124060958999998)","Unfall 108676 (2016) Kat:2, Licht: 1","108676","2","4","6","11","16","6","","1","0","1","1","0"
"POINT (8.678972391000000 50.116926888999998)","Unfall 108682 (2016) Kat:3, Licht: 2","108682","3","6","2","11","18","6","","2","0","1","0","0"
"POINT (8.733430038000000 50.137949712000001)","Unfall 108692 (2016) Kat:3, Licht: 0","108692","3","6","3","11","12","5","","0","0","1","0","1"
"POINT (8.662300139999999 50.090521977999998)","Unfall 108694 (2016) Kat:2, Licht: 0","108694","2","1","0","11","17","6","","0","0","0","0","1"
"POINT (8.648926666000000 50.084442451999998)","Unfall 108703 (2016) Kat:2, Licht: 0","108703","2","5","1","11","13","6","","0","1","1","0","0"
"POINT (8.643703042000000 50.110181978000000)","Unfall 108708 (2016) Kat:3, Licht: 2","108708","3","6","3","11","23","2","","2","1","1","0","0"
"POINT (8.738126944999999 50.131805221999997)","Unfall 108717 (2016) Kat:3, Licht: 1","108717","3","7","4","12","16","7","","1","0","1","0","0"
"POINT (8.711330572000000 50.128585151000003)","Unfall 108721 (2016) Kat:3, Licht: 0","108721","3","7","2","12","08","5","","0","1","1","0","0"
"POINT (8.675742401000001 50.107558120000000)","Unfall 108741 (2016) Kat:3, Licht: 0","108741","3","3","5","12","14","6","","0","0","1","0","0"
"POINT (8.683837866999999 50.113451353000002)","Unfall 108745 (2016) Kat:3, Licht: 2","108745","3","4","6","12","17","4","","2","0","1","1","0"
"POINT (8.685071196000001 50.122252985999999)","Unfall 108749 (2016) Kat:3, Licht: 1","108749","3","7","0","12","16","4","","1","0","0","0","1"
"POINT (8.670481746000000 50.198577944000000)","Unfall 108753 (2016) Kat:3, Licht: 0","108753","3","4","6","12","14","7","","0","0","1","1","0"
"POINT (8.687877158999999 50.115671501999998)","Unfall 108754 (2016) Kat:3, Licht: 2","108754","3","3","5","12","19","3","","2","1","1","0","0"
"POINT (8.757728213000000 50.131672205000001)","Unfall 108757 (2016) Kat:3, Licht: 2","108757","3","6","3","12","17","3","","2","1","1","0","0"
"POINT (8.665180604000000 50.111213335999999)","Unfall 108758 (2016) Kat:3, Licht: 2","108758","3","2","3","12","18","7","","2","1","1","0","0"
"POINT (8.614114268000000 50.114268557000003)","Unfall 108773 (2016) Kat:3, Licht: 0","108773","3","3","5","12","09","4","","0","0","1","0","0"
"POINT (8.675420557000001 50.108086921000002)","Unfall 108780 (2016) Kat:3, Licht: 2","108780","3","7","2","12","22","2","","2","0","1","0","0"
"POINT (8.636034175000001 50.085988766000000)","Unfall 108790 (2016) Kat:2, Licht: 2","108790","2","4","6","12","16","4","","2","0","1","1","0"
"POINT (8.650504631000000 50.087691997999997)","Unfall 108796 (2016) Kat:3, Licht: 2","108796","3","1","2","12","19","6","","2","0","1","0","0"
"POINT (8.667531369000001 50.148363205999999)","Unfall 108799 (2016) Kat:3, Licht: 0","108799","3","3","5","12","12","2","","0","1","1","0","0"
"POINT (8.669830386999999 50.129348597000003)","Unfall 108808 (2016) Kat:3, Licht: 0","108808","3","3","5","12","11","3","","0","1","1","0","0"
"POINT (8.691626500000000 50.123161449999998)","Unfall 108810 (2016) Kat:3, Licht: 2","108810","3","3","5","12","18","5","","2","1","0","0","0"
"POINT (8.629177283000001 50.084544587000003)","Unfall 108811 (2016) Kat:3, Licht: 2","108811","3","2","5","12","17","2","","2","0","1","0","0"
"POINT (8.652104762000000 50.094057845999998)","Unfall 108824 (2016) Kat:3, Licht: 2","108824","3","6","2","12","18","5","","2","0","1","0","0"
"POINT (8.601266553000000 50.142627500000003)","Unfall 108832 (2016) Kat:2, Licht: 0","108832","2","3","5","12","12","6","","0","1","1","0","0"
"POINT (8.611621542000000 50.124604525999999)","Unfall 108834 (2016) Kat:3, Licht: 0","108834","3","3","5","12","15","3","","0","0","1","0","1"
"POINT (8.686012401999999 50.125690865999999)","Unfall 108844 (2016) Kat:3, Licht: 2","108844","3","7","5","12","18","6","","2","1","1","0","0"
"POINT (8.639474284000000 50.101114383000002)","Unfall 108845 (2016) Kat:2, Licht: 0","108845","2","1","0","12","09","1","","0","0","0","0","1"
"POINT (8.628957801000000 50.162678511000003)","Unfall 108846 (2016) Kat:3, Licht: 0","108846","3","4","6","12","16","3","","0","0","0","1","0"
"POINT (8.677827909000000 50.105387374000003)","Unfall 108850 (2016) Kat:3, Licht: 2","108850","3","2","6","12","17","4","","2","0","1","1","0"
"POINT (8.748652940000000 50.144289753999999)","Unfall 108851 (2016) Kat:3, Licht: 0","108851","3","3","0","12","15","5","","0","0","1","0","1"
"POINT (8.691731537000001 50.123513187000000)","Unfall 108854 (2016) Kat:2, Licht: 2","108854","2","2","6","12","17","3","","2","0","1","1","0"
"POINT (8.686722646000000 50.100473958000002)","Unfall 108857 (2016) Kat:3, Licht: 2","108857","3","1","0","12","17","3","","2","1","0","0","0"
"POINT (8.601731174999999 50.095209165999997)","Unfall 108858 (2016) Kat:3, Licht: 0","108858","3","2","0","12","13","4","","0","0","1","0","1"
"POINT (8.542011497000001 50.101725195999997)","Unfall 108859 (2016) Kat:3, Licht: 2","108859","3","4","6","12","17","7","","2","0","1","1","0"
"POINT (8.674449624999999 50.113931069000003)","Unfall 108869 (2016) Kat:3, Licht: 0","108869","3","3","5","12","12","3","","0","1","1","0","0"
"POINT (8.665996058999999 50.108457059999999)","Unfall 108871 (2016) Kat:3, Licht: 2","108871","3","7","6","12","19","5","","2","0","1","1","0"
"POINT (8.515815257000000 50.080411812000001)","Unfall 108874 (2016) Kat:3, Licht: 2","108874","3","7","6","12","17","2","","2","0","1","1","0"
"POINT (8.634899103000000 50.156187602999999)","Unfall 108881 (2016) Kat:3, Licht: 0","108881","3","6","3","12","14","2","","0","0","1","0","0"
"POINT (8.659398973000000 50.160191970000000)","Unfall 108890 (2016) Kat:3, Licht: 2","108890","3","7","0","12","19","4","","2","1","0","0","0"
"POINT (8.621554755000000 50.151729183999997)","Unfall 108899 (2016) Kat:3, Licht: 0","108899","3","3","5","12","12","6","","0","1","1","0","0"
"POINT (8.704002628000000 50.124249329000001)","Unfall 108907 (2016) Kat:3, Licht: 0","108907","3","7","0","12","15","7","","0","1","0","0","0"
"POINT (8.671031083000001 50.110268808000001)","Unfall 108909 (2016) Kat:2, Licht: 1","108909","2","2","6","12","06","6","","1","0","0","1","0"
"POINT (8.626391214000000 50.102831962000003)","Unfall 108911 (2016) Kat:3, Licht: 0","108911","3","5","1","12","09","3","","0","0","1","0","0"
"POINT (8.645696601999999 50.083439296000002)","Unfall 108913 (2016) Kat:1, Licht: 0","108913","1","7","0","12","09","5","","0","1","0","0","0"
"POINT (8.586834574999999 50.057516690999996)","Unfall 108917 (2016) Kat:3, Licht: 0","108917","3","7","0","12","14","1","","0","0","1","0","0"
"POINT (8.586761608000000 50.107974437000003)","Unfall 108920 (2016) Kat:3, Licht: 1","108920","3","3","5","12","07","6","","1","1","1","0","0"
"POINT (8.687705833000001 50.109671677000001)","Unfall 108926 (2016) Kat:3, Licht: 2","108926","3","6","2","12","18","4","","2","0","1","0","0"
"POINT (8.638390102000001 50.085410338999999)","Unfall 108928 (2016) Kat:3, Licht: 2","108928","3","4","6","12","17","7","","2","0","1","1","0"
"POINT (8.679638295000000 50.115853629000000)","Unfall 108932 (2016) Kat:3, Licht: 0","108932","3","5","1","12","08","2","","0","1","1","0","0"
"POINT (8.674758545000000 50.109205588000002)","Unfall 108942 (2016) Kat:3, Licht: 1","108942","3","3","5","12","16","1","","1","0","1","0","0"
"POINT (8.633152793000001 50.083812168000001)","Unfall 108946 (2016) Kat:3, Licht: 2","108946","3","7","0","12","18","6","","2","1","1","0","0"
"POINT (8.535487113000000 50.110620318000002)","Unfall 108947 (2016) Kat:2, Licht: 2","108947","2","2","6","12","17","3","","2","0","1","1","0"
"POINT (8.674500240000000 50.199828222000001)","Unfall 108953 (2016) Kat:3, Licht: 2","108953","3","3","5","12","20","1","","2","1","1","0","0"
"POINT (8.701983697999999 50.099913989999997)","Unfall 108956 (2016) Kat:3, Licht: 2","108956","3","5","1","12","23","4","","2","1","1","0","0"
"POINT (8.671546438000000 50.127106099000002)","Unfall 108960 (2016) Kat:3, Licht: 2","108960","3","2","5","12","20","3","","2","1","1","0","0"
"POINT (8.540995397000000 50.101477389999999)","Unfall 108963 (2016) Kat:3, Licht: 0","108963","3","4","6","12","12","4","","0","0","1","1","0"
"POINT (8.693663665000001 50.199553700999999)","Unfall 108965 (2016) Kat:3, Licht: 2","108965","3","6","4","12","20","1","","2","0","1","0","0"
"POINT (8.659791537000000 50.119092997000003)","Unfall 108966 (2016) Kat:3, Licht: 2","108966","3","3","5","12","19","7","","2","1","1","0","0"
"POINT (8.678960156000001 50.116923604000000)","Unfall 108968 (2016) Kat:3, Licht: 0","108968","3","6","2","12","14","5","","0","0","1","0","0"
"POINT (8.706391547999999 50.133766414999997)","Unfall 108969 (2016) Kat:3, Licht: 0","108969","3","2","5","12","15","3","","0","0","1","0","0"
"POINT (8.591247814999999 50.033088958000000)","Unfall 108976 (2016) Kat:3, Licht: 2","108976","3","6","3","12","06","2","","2","0","1","0","0"
"POINT (8.679293971000000 50.103718608999998)","Unfall 108978 (2016) Kat:3, Licht: 0","108978","3","1","4","12","13","4","","0","0","1","0","1"
"POINT (8.679640450000001 50.115863849000000)","Unfall 108982 (2016) Kat:3, Licht: 2","108982","3","3","5","12","17","6","","2","1","1","0","0"
"POINT (8.585938618000000 50.083736708000004)","Unfall 108984 (2016) Kat:3, Licht: 0","108984","3","6","6","12","13","2","","0","0","0","1","0"
"POINT (8.704154331000000 50.127815775000002)","Unfall 108995 (2016) Kat:3, Licht: 2","108995","3","3","5","12","08","3","","2","1","1","0","0"
"POINT (8.680396227999999 50.102267677000000)","Unfall 109004 (2016) Kat:3, Licht: 2","109004","3","6","0","12","17","5","","2","0","1","0","0"
"POINT (8.669451401000000 50.107133691999998)","Unfall 109005 (2016) Kat:3, Licht: 0","109005","3","7","1","12","13","3","","0","0","1","0","0"
"POINT (8.675837700000001 50.107542840000001)","Unfall 109013 (2016) Kat:3, Licht: 2","109013","3","6","2","12","19","7","","2","0","1","0","0"
"POINT (8.540892761000000 50.101452358000003)","Unfall 109021 (2016) Kat:3, Licht: 0","109021","3","3","5","12","15","4","","0","0","1","0","0"
"POINT (8.634038856000000 50.099062988999997)","Unfall 109025 (2016) Kat:3, Licht: 0","109025","3","6","2","12","12","4","","0","0","1","0","0"
"POINT (8.687804604000000 50.114044614999997)","Unfall 109036 (2016) Kat:2, Licht: 2","109036","2","4","6","12","04","2","","2","0","1","1","0"
"POINT (8.645626461000001 50.117567651000002)","Unfall 109037 (2016) Kat:3, Licht: 0","109037","3","3","5","12","15","4","","0","0","1","0","1"
"POINT (8.732770920000000 50.122757481999997)","Unfall 109039 (2016) Kat:3, Licht: 0","109039","3","7","0","12","14","5","","0","0","1","0","0"
"POINT (8.642543390000000 50.174988396000003)","Unfall 109056 (2016) Kat:3, Licht: 0","109056","3","2","5","12","11","5","","0","1","1","0","0"
"POINT (8.635624302000000 50.099586879999997)","Unfall 109057 (2016) Kat:3, Licht: 2","109057","3","3","5","12","18","5","","2","0","1","0","0"
"POINT (8.587183447999999 50.108056345999998)","Unfall 109060 (2016) Kat:3, Licht: 0","109060","3","7","6","12","08","5","","0","0","1","1","0"
"POINT (8.660217772999999 50.101020435000002)","Unfall 109062 (2016) Kat:3, Licht: 0","109062","3","6","2","12","11","5","","0","0","1","0","0"
"POINT (8.628022639999999 50.113675874999998)","Unfall 109069 (2016) Kat:3, Licht: 1","109069","3","3","5","12","16","6","","1","1","1","0","0"
"POINT (8.574595130000001 50.103311480999999)","Unfall 109081 (2016) Kat:3, Licht: 0","109081","3","7","2","12","13","2","","0","1","1","0","0"
"POINT (8.658125543000001 50.123797396999997)","Unfall 109086 (2016) Kat:3, Licht: 0","109086","3","6","6","12","16","6","","0","0","1","1","0"
"POINT (8.588483328000001 50.052732440000000)","Unfall 109087 (2016) Kat:3, Licht: 0","109087","3","6","6","12","15","2","","0","0","1","1","0"
"POINT (8.692211353999999 50.128422315000002)","Unfall 109106 (2016) Kat:3, Licht: 0","109106","3","1","9","12","08","1","","0","0","1","0","0"
"POINT (8.603713171000001 50.118260757000002)","Unfall 109108 (2016) Kat:3, Licht: 0","109108","3","3","5","12","15","5","","0","1","1","0","0"
"POINT (8.654716503000000 50.194200097000000)","Unfall 109129 (2016) Kat:3, Licht: 2","109129","3","3","5","12","18","2","","2","1","1","0","0"
"POINT (8.680278080000001 50.102430859999998)","Unfall 109131 (2016) Kat:3, Licht: 0","109131","3","5","1","12","10","4","","0","1","1","0","0"
"POINT (8.720156233000001 50.124716241000002)","Unfall 109141 (2016) Kat:3, Licht: 2","109141","3","7","6","12","18","2","","2","0","1","1","0"
"POINT (8.709729168000001 50.118569375000000)","Unfall 109163 (2016) Kat:3, Licht: 2","109163","3","4","6","12","07","5","","2","1","0","1","0"
"POINT (8.565715029000000 50.123807726000003)","Unfall 109174 (2016) Kat:3, Licht: 1","109174","3","2","6","12","17","6","","1","0","1","1","0"
"POINT (8.575504216000001 50.052224627999998)","Unfall 109183 (2016) Kat:3, Licht: 2","109183","3","7","0","12","06","6","","2","0","0","0","0"
"POINT (8.668721248000001 50.130810552000000)","Unfall 109192 (2016) Kat:2, Licht: 2","109192","2","7","6","12","18","3","","2","1","0","1","0"
"POINT (8.761807995000000 50.118534818999997)","Unfall 109207 (2016) Kat:3, Licht: 0","109207","3","3","5","12","14","4","","0","0","1","0","0"
"POINT (8.630976969000001 50.117265389000003)","Unfall 109211 (2016) Kat:3, Licht: 0","109211","3","4","6","12","08","5","","0","0","1","1","0"
"POINT (8.634495641999999 50.158972771999998)","Unfall 109218 (2016) Kat:3, Licht: 2","109218","3","3","5","12","18","5","","2","0","1","0","0"
"POINT (8.682920255000001 50.103272302000001)","Unfall 109223 (2016) Kat:3, Licht: 0","109223","3","3","5","12","10","3","","0","0","1","0","0"
"POINT (8.688689786000055 50.150752049000062)","Unfall 26339 (2017) Kat:3, Licht: 1","26339","3","7","6","01","16","4","0","1","0","1","1","0"
"POINT (8.661049278000064 50.152879332000055)","Unfall 26340 (2017) Kat:3, Licht: 2","26340","3","1","8","01","21","4","0","2","0","1","0","0"
"POINT (8.716044068000031 50.123705181000048)","Unfall 26341 (2017) Kat:3, Licht: 0","26341","3","3","5","01","08","4","1","0","0","1","0","0"
"POINT (8.646585103000064 50.103869465000059)","Unfall 26342 (2017) Kat:3, Licht: 0","26342","3","7","3","01","11","4","1","0","1","1","0","0"
"POINT (8.617373368000074 50.172946046000050)","Unfall 26372 (2017) Kat:3, Licht: 2","26372","3","3","5","01","19","3","2","2","0","1","0","0"
"POINT (8.713520455000037 50.124425006000081)","Unfall 26373 (2017) Kat:3, Licht: 0","26373","3","3","5","01","08","3","1","0","1","0","0","0"
"POINT (8.669624802000044 50.162705816000027)","Unfall 26430 (2017) Kat:3, Licht: 0","26430","3","1","3","01","15","2","0","0","0","1","0","0"
"POINT (8.642601732000060 50.199879930000066)","Unfall 26431 (2017) Kat:3, Licht: 0","26431","3","1","8","01","13","2","1","0","0","1","0","0"
"POINT (8.506913321000070 50.076389575000064)","Unfall 26451 (2017) Kat:3, Licht: 2","26451","3","3","5","01","04","1","1","2","0","1","0","0"
"POINT (8.552868251000064 50.105911012000035)","Unfall 26739 (2017) Kat:3, Licht: 0","26739","3","3","5","01","08","2","0","0","1","0","0","0"
"POINT (8.645910395000044 50.136939019000067)","Unfall 26740 (2017) Kat:3, Licht: 0","26740","3","4","6","01","13","2","0","0","0","1","1","0"
"POINT (8.644401207000044 50.083540111000048)","Unfall 26741 (2017) Kat:3, Licht: 2","26741","3","3","5","01","20","2","2","2","0","1","0","0"
"POINT (8.722543286000075 50.115087959000050)","Unfall 26742 (2017) Kat:3, Licht: 0","26742","3","2","3","01","08","2","0","0","0","1","0","0"
"POINT (8.722471378000023 50.064495767000039)","Unfall 26774 (2017) Kat:3, Licht: 2","26774","3","6","2","01","18","2","0","2","0","1","0","0"
"POINT (8.604789275000030 50.056480942000064)","Unfall 26775 (2017) Kat:3, Licht: 2","26775","3","1","9","01","17","2","0","2","0","1","0","0"
"POINT (8.595943335000072 50.117796584000075)","Unfall 26776 (2017) Kat:3, Licht: 2","26776","3","1","9","01","23","2","2","2","0","1","0","0"
"POINT (8.685408003000021 50.161619291000079)","Unfall 26782 (2017) Kat:3, Licht: 2","26782","3","2","4","01","07","1","0","2","0","1","0","0"
"POINT (8.634314806000020 50.115029847000073)","Unfall 26783 (2017) Kat:3, Licht: 2","26783","3","1","8","01","05","1","1","2","0","1","0","0"
"POINT (8.558053366000024 50.022438543000078)","Unfall 26794 (2017) Kat:2, Licht: 2","26794","2","2","2","01","00","7","2","2","0","1","0","0"
"POINT (8.652126295000073 50.113106411000047)","Unfall 26800 (2017) Kat:3, Licht: 0","26800","3","1","0","01","12","7","1","0","0","0","0","1"
"POINT (8.552842359000067 50.105966951000028)","Unfall 26821 (2017) Kat:3, Licht: 0","26821","3","4","6","01","07","6","1","0","0","1","1","0"
"POINT (8.662365716000068 50.131305195000039)","Unfall 26822 (2017) Kat:3, Licht: 0","26822","3","3","5","01","12","6","1","0","1","1","0","0"
"POINT (8.598118524000029 50.115723482000078)","Unfall 26848 (2017) Kat:2, Licht: 1","26848","2","6","2","01","17","6","0","1","0","1","0","0"
"POINT (8.599827907000076 50.114099822000071)","Unfall 26850 (2017) Kat:3, Licht: 0","26850","3","6","3","01","10","6","0","0","0","1","0","0"
"POINT (8.572941469000057 50.099164453000071)","Unfall 26858 (2017) Kat:3, Licht: 2","26858","3","6","6","01","19","5","1","2","0","0","1","0"
"POINT (8.684134722000067 50.136041231000036)","Unfall 26859 (2017) Kat:3, Licht: 0","26859","3","6","3","01","10","5","0","0","1","1","0","0"
"POINT (8.696909380000022 50.113389710000035)","Unfall 26860 (2017) Kat:3, Licht: 0","26860","3","4","0","01","08","5","0","0","0","0","1","0"
"POINT (8.549025791000076 50.121135681000055)","Unfall 26877 (2017) Kat:3, Licht: 2","26877","3","6","2","01","17","5","0","2","0","1","0","0"
"POINT (8.641243564000035 50.127876746000027)","Unfall 26887 (2017) Kat:2, Licht: 2","26887","2","7","6","01","18","4","1","2","0","1","1","0"
"POINT (8.665037425000037 50.148967821000042)","Unfall 26888 (2017) Kat:3, Licht: 1","26888","3","4","6","01","17","4","1","1","1","0","1","0"
"POINT (8.671492543000056 50.089891177000027)","Unfall 26889 (2017) Kat:3, Licht: 1","26889","3","4","6","01","07","4","1","1","0","0","1","0"
"POINT (8.577790710000045 50.126065417000063)","Unfall 26915 (2017) Kat:3, Licht: 0","26915","3","6","3","01","15","4","1","0","0","1","0","0"
"POINT (8.601527155000042 50.110459126000080)","Unfall 26916 (2017) Kat:3, Licht: 0","26916","3","6","3","01","09","4","0","0","0","1","0","0"
"POINT (8.596753495000030 50.114641313000050)","Unfall 26917 (2017) Kat:3, Licht: 0","26917","3","6","3","01","14","4","1","0","0","1","0","0"
"POINT (8.570042390000026 50.098736602000031)","Unfall 26928 (2017) Kat:2, Licht: 0","26928","2","2","2","01","13","3","1","0","0","1","0","0"
"POINT (8.690900408000061 50.094503209000038)","Unfall 26929 (2017) Kat:3, Licht: 2","26929","3","3","5","01","18","3","2","2","1","1","0","0"
"POINT (8.483844743000077 50.092094086000031)","Unfall 26960 (2017) Kat:3, Licht: 0","26960","3","6","2","01","09","3","2","0","0","1","0","0"
"POINT (8.523433829000055 50.111287286000049)","Unfall 26969 (2017) Kat:3, Licht: 2","26969","3","2","5","01","17","2","1","2","0","1","0","0"
"POINT (8.522014241000022 50.111914990000059)","Unfall 26970 (2017) Kat:3, Licht: 0","26970","3","3","5","01","10","2","0","0","0","1","0","0"
"POINT (8.685984018000056 50.105622454000070)","Unfall 26971 (2017) Kat:3, Licht: 2","26971","3","2","5","01","06","2","1","2","0","1","0","1"
"POINT (8.769070881000062 50.134048446000065)","Unfall 26972 (2017) Kat:3, Licht: 1","26972","3","6","0","01","16","2","0","1","0","1","0","1"
"POINT (8.706151204000037 50.145596114000057)","Unfall 26973 (2017) Kat:3, Licht: 0","26973","3","6","2","01","15","2","1","0","0","1","0","0"
"POINT (8.729624769000054 50.120045182000069)","Unfall 26974 (2017) Kat:3, Licht: 1","26974","3","6","2","01","17","2","1","1","0","1","0","0"
"POINT (8.729466416000037 50.120237163000070)","Unfall 26975 (2017) Kat:3, Licht: 1","26975","3","6","2","01","17","2","1","1","0","1","0","0"
"POINT (8.719899347000023 50.136907341000040)","Unfall 26987 (2017) Kat:3, Licht: 1","26987","3","6","2","01","07","2","1","1","0","1","0","0"
"POINT (8.656522755000026 50.207584613000051)","Unfall 26989 (2017) Kat:3, Licht: 2","26989","3","6","2","01","20","2","1","2","0","1","0","0"
"POINT (8.724543380000057 50.064619293000078)","Unfall 27003 (2017) Kat:3, Licht: 2","27003","3","6","2","01","18","1","1","2","0","1","0","0"
"POINT (8.693422090000070 50.129072064000070)","Unfall 27010 (2017) Kat:3, Licht: 2","27010","3","3","5","01","20","7","1","2","0","1","0","0"
"POINT (8.683927746000052 50.131665539000039)","Unfall 27034 (2017) Kat:3, Licht: 0","27034","3","4","6","01","15","5","0","0","1","0","1","0"
"POINT (8.602870230000065 50.132497492000027)","Unfall 27062 (2017) Kat:3, Licht: 2","27062","3","6","2","01","17","5","0","2","0","1","0","0"
"POINT (8.590640015000076 50.134473722000052)","Unfall 27063 (2017) Kat:3, Licht: 2","27063","3","6","2","01","17","5","0","2","0","1","0","0"
"POINT (8.596194127000047 50.144705243000033)","Unfall 27064 (2017) Kat:3, Licht: 1","27064","3","6","2","01","07","5","0","1","0","1","0","0"
"POINT (8.679529898000055 50.103362215000061)","Unfall 27075 (2017) Kat:3, Licht: 1","27075","3","3","5","01","07","4","0","1","0","1","0","0"
"POINT (8.743093852000072 50.123546540000063)","Unfall 27076 (2017) Kat:3, Licht: 0","27076","3","3","5","01","16","4","0","0","1","1","0","0"
"POINT (8.635411133000048 50.195180423000068)","Unfall 27095 (2017) Kat:3, Licht: 0","27095","3","6","2","01","07","4","0","0","0","1","0","0"
"POINT (8.719662276000065 50.064507011000046)","Unfall 27097 (2017) Kat:2, Licht: 2","27097","2","6","2","01","18","4","0","2","0","1","0","0"
"POINT (8.545545302000051 50.104431105000060)","Unfall 27105 (2017) Kat:3, Licht: 0","27105","3","6","2","01","13","3","0","0","0","1","0","0"
"POINT (8.527800602000070 50.097708240000031)","Unfall 27106 (2017) Kat:2, Licht: 2","27106","2","1","8","01","19","3","1","2","0","0","0","1"
"POINT (8.653932364000070 50.075801606000027)","Unfall 27107 (2017) Kat:3, Licht: 2","27107","3","6","2","01","19","3","0","2","0","1","0","0"
"POINT (8.706247384000051 50.146026873000039)","Unfall 27108 (2017) Kat:3, Licht: 0","27108","3","6","2","01","12","3","1","0","0","1","0","0"
"POINT (8.725797332000070 50.122946258000070)","Unfall 27109 (2017) Kat:3, Licht: 0","27109","3","3","5","01","08","3","0","0","1","1","0","0"
"POINT (8.668530903000033 50.131632032000027)","Unfall 27110 (2017) Kat:3, Licht: 2","27110","3","3","5","01","20","3","0","2","0","1","0","0"
"POINT (8.686221731000046 50.155366800000081)","Unfall 27124 (2017) Kat:3, Licht: 2","27124","3","6","2","01","19","6","0","2","0","1","0","0"
"POINT (8.592346350000071 50.115647412000044)","Unfall 27131 (2017) Kat:3, Licht: 2","27131","3","6","2","01","18","3","0","2","0","1","0","0"
"POINT (8.635076835000064 50.195200913000065)","Unfall 27168 (2017) Kat:3, Licht: 1","27168","3","6","3","01","07","2","0","1","0","1","0","0"
"POINT (8.654174311000077 50.078108490000034)","Unfall 27175 (2017) Kat:3, Licht: 0","27175","3","3","5","01","12","1","0","0","0","1","0","0"