WKT,Name,OBJECTID,UKATEGORIE,UTYP1,UART,UMONAT,USTUNDE,UWOCHENTAG,STRZUSTAND,ULICHTVERH,ISTRAD,ISTPKW,ISTFUSS,ISTKRAD
"POINT (8.644054357000073 50.103144913000051)","Unfall 27176 (2017) Kat:3, Licht: 1","27176","3","4","6","01","17","1","0","1","0","1","1","0"
"POINT (8.681243021000057 50.159688136000057)","Unfall 27181 (2017) Kat:3, Licht: 0","27181","3","6","2","01","09","6","0","0","0","1","0","0"
"POINT (8.671723223000072 50.149152502000049)","Unfall 27205 (2017) Kat:2, Licht: 2","27205","2","4","6","01","18","7","1","2","0","1","1","0"
"POINT (8.535483063000072 50.116271770000026)","Unfall 27233 (2017) Kat:3, Licht: 2","27233","3","6","2","01","22","7","2","2","0","1","0","0"
"POINT (8.640721480000025 50.102704042000028)","Unfall 27246 (2017) Kat:3, Licht: 1","27246","3","2","0","01","17","6","0","1","1","1","0","0"
"POINT (8.719630052000071 50.064503879000029)","Unfall 27276 (2017) Kat:3, Licht: 2","27276","3","6","2","01","19","6","0","2","0","1","0","0"
"POINT (8.594899876000056 50.114713157000040)","Unfall 27278 (2017) Kat:3, Licht: 2","27278","3","1","8","01","20","6","0","2","0","1","0","0"
"POINT (8.624472351000065 50.189076426000042)","Unfall 27279 (2017) Kat:3, Licht: 0","27279","3","6","2","01","16","6","0","0","0","1","0","0"
"POINT (8.690353535000043 50.147448184000041)","Unfall 27285 (2017) Kat:3, Licht: 2","27285","3","3","2","01","20","6","0","2","0","1","0","1"
"POINT (8.586418291000030 50.054371221000054)","Unfall 27293 (2017) Kat:3, Licht: 0","27293","3","6","2","01","15","5","0","0","0","1","0","0"
"POINT (8.533974461000071 50.114725565000072)","Unfall 27304 (2017) Kat:3, Licht: 0","27304","3","6","2","01","09","5","0","0","0","1","0","0"
"POINT (8.533252859000072 50.115270763000069)","Unfall 27305 (2017) Kat:3, Licht: 0","27305","3","6","2","01","10","5","0","0","0","1","0","0"
"POINT (8.676584665000064 50.102272408000033)","Unfall 27309 (2017) Kat:3, Licht: 2","27309","3","6","3","01","19","5","0","2","0","1","0","0"
"POINT (8.671008400000062 50.089610182000058)","Unfall 27310 (2017) Kat:3, Licht: 0","27310","3","4","2","01","07","5","0","0","0","1","1","0"
"POINT (8.698215791000052 50.138966276000076)","Unfall 27311 (2017) Kat:3, Licht: 0","27311","3","2","2","01","09","5","0","0","0","1","0","0"
"POINT (8.731698068000071 50.119036830000027)","Unfall 27312 (2017) Kat:3, Licht: 0","27312","3","6","2","01","13","5","0","0","0","1","0","0"
"POINT (8.739504363000037 50.095395864000068)","Unfall 27347 (2017) Kat:3, Licht: 0","27347","3","1","9","01","15","5","0","0","0","1","0","0"
"POINT (8.615521567000030 50.075407683000037)","Unfall 27348 (2017) Kat:3, Licht: 0","27348","3","6","9","01","16","5","0","0","0","1","0","0"
"POINT (8.665078865000055 50.106249413000057)","Unfall 27351 (2017) Kat:3, Licht: 2","27351","3","6","2","01","21","5","0","2","0","1","0","0"
"POINT (8.729357828000047 50.117557367000074)","Unfall 27368 (2017) Kat:3, Licht: 0","27368","3","6","2","01","15","4","0","0","0","1","0","0"
"POINT (8.549071557000048 50.121151656000052)","Unfall 27400 (2017) Kat:3, Licht: 2","27400","3","6","2","01","18","4","0","2","0","1","0","0"
"POINT (8.719763781000040 50.064510121000069)","Unfall 27401 (2017) Kat:3, Licht: 2","27401","3","6","2","01","17","4","0","2","0","1","0","0"
"POINT (8.731778807000069 50.100417184000037)","Unfall 27414 (2017) Kat:3, Licht: 0","27414","3","5","1","01","13","3","0","0","0","1","0","0"
"POINT (8.664107078000029 50.131560057000058)","Unfall 27418 (2017) Kat:3, Licht: 2","27418","3","6","2","01","18","5","0","2","0","1","0","0"
"POINT (8.611697692000064 50.099720884000078)","Unfall 27435 (2017) Kat:3, Licht: 0","27435","3","6","3","01","13","3","0","0","0","1","0","0"
"POINT (8.758275630000071 50.161937966000039)","Unfall 27454 (2017) Kat:2, Licht: 1","27454","2","1","4","02","07","5","1","1","0","1","0","0"
"POINT (8.739883753000072 50.095346581000058)","Unfall 27460 (2017) Kat:3, Licht: 0","27460","3","1","9","02","16","5","1","0","0","1","0","1"
"POINT (8.616427786000031 50.100443645000041)","Unfall 27469 (2017) Kat:3, Licht: 0","27469","3","4","6","02","08","4","0","0","0","0","1","0"
"POINT (8.676467792000040 50.132142987000066)","Unfall 27470 (2017) Kat:3, Licht: 2","27470","3","2","3","02","06","4","0","2","1","1","0","0"
"POINT (8.755096178000031 50.143043051000063)","Unfall 27481 (2017) Kat:3, Licht: 2","27481","3","2","5","02","19","4","0","2","0","1","0","0"
"POINT (8.731864826000049 50.117268104000061)","Unfall 27496 (2017) Kat:3, Licht: 2","27496","3","6","2","02","19","1","0","2","0","1","0","0"
"POINT (8.646002804000034 50.135316042000056)","Unfall 27504 (2017) Kat:3, Licht: 1","27504","3","7","6","02","06","3","0","1","0","0","1","0"
"POINT (8.709645574000035 50.121740290000048)","Unfall 27505 (2017) Kat:3, Licht: 0","27505","3","7","1","02","13","3","0","0","1","1","0","0"
"POINT (8.592546825000056 50.138150479000046)","Unfall 27533 (2017) Kat:3, Licht: 2","27533","3","6","2","02","05","3","0","2","0","1","0","0"
"POINT (8.597222299000066 50.117555705000029)","Unfall 27534 (2017) Kat:3, Licht: 0","27534","3","3","5","02","07","3","0","0","0","1","0","0"
"POINT (8.724288682000065 50.115559705000067)","Unfall 27544 (2017) Kat:3, Licht: 2","27544","3","5","1","02","20","2","0","2","1","1","0","0"
"POINT (8.627315705000058 50.101438113000029)","Unfall 27545 (2017) Kat:3, Licht: 2","27545","3","2","3","02","19","2","0","2","1","1","0","0"
"POINT (8.582658505000040 50.132700872000044)","Unfall 27570 (2017) Kat:3, Licht: 2","27570","3","6","2","02","17","2","0","2","0","1","0","0"
"POINT (8.629163184000049 50.087859237000032)","Unfall 27573 (2017) Kat:3, Licht: 2","27573","3","6","2","02","20","1","0","2","0","1","0","0"
"POINT (8.705134637000072 50.144261999000037)","Unfall 27592 (2017) Kat:3, Licht: 0","27592","3","6","2","02","15","1","0","0","0","1","0","0"
"POINT (8.484367597000073 50.096330549000072)","Unfall 27594 (2017) Kat:3, Licht: 2","27594","3","6","2","02","18","1","0","2","0","1","0","0"
"POINT (8.613986991000047 50.097532074000071)","Unfall 27595 (2017) Kat:3, Licht: 0","27595","3","7","9","02","08","1","1","0","0","1","0","0"
"POINT (8.759782458000075 50.117228470000043)","Unfall 27608 (2017) Kat:3, Licht: 2","27608","3","1","9","02","02","7","1","2","0","1","0","0"
"POINT (8.714709768000034 50.137968811000064)","Unfall 27609 (2017) Kat:3, Licht: 2","27609","3","2","2","02","18","7","1","2","0","1","0","0"
"POINT (8.723740049000071 50.145105328000056)","Unfall 27622 (2017) Kat:3, Licht: 0","27622","3","2","5","02","16","6","0","0","1","1","0","0"
"POINT (8.643715205000035 50.103030811000053)","Unfall 27626 (2017) Kat:3, Licht: 0","27626","3","3","5","02","08","6","0","0","1","1","0","0"
"POINT (8.746948771000064 50.155849752000051)","Unfall 27641 (2017) Kat:3, Licht: 0","27641","3","3","5","02","11","7","0","0","0","1","0","1"
"POINT (8.586586215000068 50.055278135000037)","Unfall 27656 (2017) Kat:3, Licht: 0","27656","3","6","3","02","12","6","0","0","0","1","0","0"
"POINT (8.621274556000060 50.165319092000061)","Unfall 27663 (2017) Kat:3, Licht: 0","27663","3","4","6","02","10","6","0","0","0","0","1","0"
"POINT (8.731350832000032 50.118955971000048)","Unfall 27664 (2017) Kat:3, Licht: 0","27664","3","6","3","02","12","6","0","0","0","1","0","0"
"POINT (8.551851175000024 50.105631143000039)","Unfall 27704 (2017) Kat:3, Licht: 0","27704","3","3","6","02","10","5","0","0","0","1","1","0"
"POINT (8.647736822000070 50.175206149000076)","Unfall 27715 (2017) Kat:3, Licht: 2","27715","3","6","2","02","19","6","0","2","0","1","0","0"
"POINT (8.601970216000041 50.110486729000058)","Unfall 27725 (2017) Kat:3, Licht: 2","27725","3","6","2","02","06","5","1","2","0","1","0","0"
"POINT (8.582888516000025 50.121442091000063)","Unfall 27726 (2017) Kat:2, Licht: 2","27726","2","1","8","02","19","5","0","2","0","1","0","0"
"POINT (8.635054170000046 50.195187650000037)","Unfall 27727 (2017) Kat:3, Licht: 2","27727","3","6","3","02","18","5","0","2","0","1","0","0"
"POINT (8.602480347000039 50.049408322000033)","Unfall 27730 (2017) Kat:3, Licht: 2","27730","3","6","2","02","23","6","0","2","0","1","0","0"
"POINT (8.665178563000040 50.104159665000054)","Unfall 27738 (2017) Kat:3, Licht: 0","27738","3","4","6","02","12","4","0","0","0","1","1","0"
"POINT (8.653264746000048 50.190704566000079)","Unfall 27766 (2017) Kat:3, Licht: 2","27766","3","6","3","01","19","3","0","2","0","1","0","0"
"POINT (8.656800920000023 50.081320954000034)","Unfall 27767 (2017) Kat:3, Licht: 2","27767","3","6","2","01","18","3","0","2","0","1","0","0"
"POINT (8.677756943000077 50.105384140000069)","Unfall 27769 (2017) Kat:3, Licht: 2","27769","3","2","3","01","19","3","0","2","1","0","0","0"
"POINT (8.690712172000076 50.102536233000080)","Unfall 27770 (2017) Kat:3, Licht: 0","27770","3","2","6","01","16","3","0","0","0","0","1","1"
"POINT (8.731327858000043 50.119139890000042)","Unfall 27771 (2017) Kat:3, Licht: 1","27771","3","7","5","01","08","3","0","1","1","0","0","0"
"POINT (8.639239405000069 50.102566763000027)","Unfall 27772 (2017) Kat:3, Licht: 1","27772","3","2","5","01","07","3","0","1","1","1","0","0"
"POINT (8.717858180000064 50.155484770000044)","Unfall 27775 (2017) Kat:3, Licht: 0","27775","3","6","2","02","10","5","0","0","0","1","0","0"
"POINT (8.652793940000038 50.114138534000062)","Unfall 27799 (2017) Kat:3, Licht: 0","27799","3","6","2","01","08","2","1","0","0","1","0","0"
"POINT (8.652021569000056 50.106026553000049)","Unfall 27800 (2017) Kat:3, Licht: 0","27800","3","6","0","02","10","5","0","0","0","1","0","0"
"POINT (8.709745058000067 50.149685299000055)","Unfall 27801 (2017) Kat:3, Licht: 0","27801","3","3","5","01","16","2","1","0","1","1","0","0"
"POINT (8.601656643000069 50.114514923000058)","Unfall 27833 (2017) Kat:3, Licht: 1","27833","3","1","8","01","17","1","0","1","0","0","0","1"
"POINT (8.554987191000066 50.047910243000047)","Unfall 27838 (2017) Kat:3, Licht: 0","27838","3","6","2","01","11","7","0","0","0","1","0","0"
"POINT (8.605397121000067 50.093211311000061)","Unfall 27840 (2017) Kat:3, Licht: 0","27840","3","3","5","01","15","7","0","0","0","1","0","0"
"POINT (8.705073227000071 50.062235714000053)","Unfall 27860 (2017) Kat:3, Licht: 0","27860","3","6","2","02","07","4","1","0","0","1","0","0"
"POINT (8.650450788000057 50.105405537000081)","Unfall 27878 (2017) Kat:3, Licht: 0","27878","3","2","1","02","13","3","1","0","0","1","0","0"
"POINT (8.739978316000077 50.096515019000037)","Unfall 27910 (2017) Kat:3, Licht: 0","27910","3","6","4","02","15","3","0","0","0","1","0","0"
"POINT (8.737652234000052 50.121361472000046)","Unfall 27922 (2017) Kat:3, Licht: 0","27922","3","6","2","02","14","2","0","0","0","1","0","0"
"POINT (8.634348645000046 50.092182818000026)","Unfall 27923 (2017) Kat:2, Licht: 0","27923","2","2","3","02","08","2","1","0","1","0","0","0"
"POINT (8.564035306000051 50.127285968000081)","Unfall 27946 (2017) Kat:3, Licht: 2","27946","3","6","2","02","18","2","1","2","0","1","0","0"
"POINT (8.646888549000039 50.139472281000053)","Unfall 27952 (2017) Kat:3, Licht: 0","27952","3","1","0","02","07","2","1","0","1","0","0","0"
"POINT (8.545903633000023 50.105864024000027)","Unfall 27959 (2017) Kat:3, Licht: 0","27959","3","3","5","02","11","1","0","0","0","1","0","0"
"POINT (8.595295288000045 50.143072365000080)","Unfall 27983 (2017) Kat:3, Licht: 0","27983","3","6","3","02","15","1","0","0","0","1","0","0"
"POINT (8.565363755000021 50.127295026000070)","Unfall 27996 (2017) Kat:3, Licht: 0","27996","3","6","2","02","15","7","0","0","0","1","0","0"
"POINT (8.502028112000062 50.092269717000079)","Unfall 27998 (2017) Kat:3, Licht: 0","27998","3","3","5","02","13","7","0","0","0","1","0","0"
"POINT (8.551638758000024 50.108679345000041)","Unfall 27999 (2017) Kat:3, Licht: 2","27999","3","3","5","02","19","5","1","2","0","1","0","0"
"POINT (8.731408185000021 50.119136089000051)","Unfall 28000 (2017) Kat:3, Licht: 2","28000","3","7","5","02","18","5","1","2","1","1","0","0"
"POINT (8.700269455000068 50.112905329000057)","Unfall 28003 (2017) Kat:3, Licht: 2","28003","3","3","5","02","18","7","0","2","0","1","0","0"
"POINT (8.631841257000076 50.101870615000053)","Unfall 28004 (2017) Kat:3, Licht: 0","28004","3","3","5","02","16","7","1","0","0","1","0","0"
"POINT (8.605449638000039 50.091780374000052)","Unfall 28029 (2017) Kat:3, Licht: 0","28029","3","3","5","02","12","2","0","0","1","1","0","0"
"POINT (8.633562046000066 50.102035005000062)","Unfall 28030 (2017) Kat:3, Licht: 1","28030","3","2","6","02","07","6","0","1","0","0","1","0"
"POINT (8.555189206000023 50.123607216000039)","Unfall 28067 (2017) Kat:3, Licht: 1","28067","3","6","2","02","19","6","0","1","0","1","0","0"
"POINT (8.667514615000073 50.100292890000048)","Unfall 28095 (2017) Kat:3, Licht: 0","28095","3","6","2","02","14","5","0","0","0","1","0","0"
"POINT (8.711249598000052 50.105202916000053)","Unfall 28096 (2017) Kat:3, Licht: 0","28096","3","1","0","02","09","5","2","0","0","0","0","1"
"POINT (8.743639418000043 50.124004485000057)","Unfall 28097 (2017) Kat:3, Licht: 0","28097","3","3","0","02","07","5","1","0","0","0","0","1"
"POINT (8.665379572000063 50.106902038000044)","Unfall 28098 (2017) Kat:2, Licht: 0","28098","2","7","6","02","15","5","0","0","0","0","1","0"
"POINT (8.643467219000058 50.096424357000046)","Unfall 28100 (2017) Kat:3, Licht: 1","28100","3","2","2","02","17","5","1","1","0","1","0","0"
"POINT (8.721938204000026 50.114882133000037)","Unfall 28139 (2017) Kat:3, Licht: 0","28139","3","3","5","02","09","2","0","0","1","1","0","0"
"POINT (8.489353031000064 50.097479703000033)","Unfall 28150 (2017) Kat:3, Licht: 0","28150","3","3","5","02","14","4","0","0","1","1","0","0"
"POINT (8.670827077000070 50.097464252000066)","Unfall 28152 (2017) Kat:2, Licht: 0","28152","2","2","5","02","09","4","0","0","0","1","0","0"
"POINT (8.716578506000076 50.123741030000076)","Unfall 28153 (2017) Kat:3, Licht: 0","28153","3","6","2","02","08","4","0","0","0","1","0","0"
"POINT (8.701760133000050 50.122915802000080)","Unfall 28155 (2017) Kat:3, Licht: 0","28155","3","6","2","02","12","4","0","0","0","1","0","0"
"POINT (8.682902729000034 50.107139188000076)","Unfall 28175 (2017) Kat:3, Licht: 0","28175","3","7","6","02","14","1","0","0","0","0","1","0"
"POINT (8.607355529000074 50.164466887000060)","Unfall 28192 (2017) Kat:3, Licht: 0","28192","3","1","9","02","09","4","0","0","0","1","0","0"
"POINT (8.595549619000053 50.143048821000036)","Unfall 28193 (2017) Kat:3, Licht: 0","28193","3","6","2","02","16","4","0","0","0","1","0","0"
"POINT (8.520568711000067 50.038994366000054)","Unfall 28200 (2017) Kat:3, Licht: 1","28200","3","3","5","02","05","3","0","1","0","1","0","1"
"POINT (8.684381115000065 50.136837385000035)","Unfall 28201 (2017) Kat:2, Licht: 0","28201","2","4","6","02","12","6","0","0","0","0","1","0"
"POINT (8.684274004000031 50.132174096000028)","Unfall 28215 (2017) Kat:3, Licht: 2","28215","3","6","2","02","21","2","1","2","0","1","0","0"
"POINT (8.597465912000075 50.100110202000053)","Unfall 28222 (2017) Kat:3, Licht: 0","28222","3","2","5","02","16","3","0","0","0","1","0","0"
"POINT (8.596085272000039 50.114810913000042)","Unfall 28265 (2017) Kat:3, Licht: 2","28265","3","6","2","02","18","3","0","2","0","1","0","0"
"POINT (8.652789876000043 50.106330295000078)","Unfall 28275 (2017) Kat:3, Licht: 0","28275","3","3","5","02","16","2","0","0","0","1","0","1"
"POINT (8.540410608000059 50.118071730000054)","Unfall 28306 (2017) Kat:2, Licht: 0","28306","2","6","2","02","16","2","0","0","0","1","0","0"
"POINT (8.601615885000058 50.132805156000074)","Unfall 28313 (2017) Kat:3, Licht: 2","28313","3","6","2","02","18","2","0","2","0","1","0","0"
"POINT (8.586473349000073 50.056646011000055)","Unfall 28314 (2017) Kat:3, Licht: 0","28314","3","6","2","02","17","2","0","0","0","1","0","0"
"POINT (8.602281596000069 50.049421348000067)","Unfall 28316 (2017) Kat:3, Licht: 2","28316","3","7","2","02","20","2","0","2","0","1","0","0"
"POINT (8.564951645000065 50.127957264000031)","Unfall 28317 (2017) Kat:3, Licht: 0","28317","3","6","2","02","17","2","0","0","0","1","0","0"
"POINT (8.552540044000068 50.111226067000075)","Unfall 28331 (2017) Kat:3, Licht: 0","28331","3","6","6","02","16","1","0","0","1","1","1","0"
"POINT (8.659282276000056 50.101539134000063)","Unfall 28338 (2017) Kat:3, Licht: 2","28338","3","2","2","02","18","7","0","2","0","1","0","0"
"POINT (8.691207239000050 50.099188029000061)","Unfall 28341 (2017) Kat:3, Licht: 0","28341","3","7","8","02","14","7","0","0","0","1","1","0"
"POINT (8.646984658000065 50.199340067000037)","Unfall 28366 (2017) Kat:3, Licht: 2","28366","3","1","9","02","17","1","1","2","0","1","0","0"
"POINT (8.595839006000063 50.114266144000055)","Unfall 28367 (2017) Kat:2, Licht: 0","28367","2","1","8","02","16","1","1","0","0","1","0","0"
"POINT (8.755047527000045 50.143076158000042)","Unfall 28372 (2017) Kat:3, Licht: 0","28372","3","2","5","02","10","3","0","0","0","1","0","0"
"POINT (8.648304799000073 50.178777948000061)","Unfall 28385 (2017) Kat:3, Licht: 0","28385","3","6","2","03","08","4","0","0","0","1","0","0"
"POINT (8.489821285000062 50.096793784000056)","Unfall 28394 (2017) Kat:3, Licht: 0","28394","3","6","2","03","12","3","1","0","0","1","0","0"
"POINT (8.605458586000054 50.180903698000066)","Unfall 28395 (2017) Kat:3, Licht: 2","28395","3","3","5","03","22","3","0","2","0","1","0","0"
"POINT (8.635119834000022 50.079327929000044)","Unfall 28396 (2017) Kat:3, Licht: 0","28396","3","2","3","03","17","3","1","0","0","1","0","0"
"POINT (8.644451915000047 50.083563934000040)","Unfall 28397 (2017) Kat:3, Licht: 0","28397","3","3","5","03","18","3","0","0","0","1","0","0"
"POINT (8.669430979000026 50.088772803000040)","Unfall 28398 (2017) Kat:3, Licht: 2","28398","3","3","5","03","19","3","0","2","1","1","0","0"
"POINT (8.667747309000049 50.105337705000068)","Unfall 28399 (2017) Kat:3, Licht: 0","28399","3","6","3","03","17","3","0","0","0","0","0","1"
"POINT (8.686823493000077 50.130894661000070)","Unfall 28400 (2017) Kat:3, Licht: 0","28400","3","7","2","03","14","3","1","0","0","1","0","0"
"POINT (8.650419689000046 50.180687112000044)","Unfall 28427 (2017) Kat:3, Licht: 2","28427","3","6","2","03","18","3","0","2","0","1","0","0"
"POINT (8.611214879000045 50.066785223000068)","Unfall 28428 (2017) Kat:3, Licht: 0","28428","3","6","2","03","16","3","0","0","0","1","0","0"
"POINT (8.652681214000040 50.059772460000033)","Unfall 28429 (2017) Kat:3, Licht: 0","28429","3","6","2","03","16","3","0","0","0","1","0","0"
"POINT (8.661906404000035 50.152109876000054)","Unfall 28442 (2017) Kat:3, Licht: 0","28442","3","3","5","03","10","2","1","0","1","1","0","0"
"POINT (8.764931178000040 50.131944254000075)","Unfall 28443 (2017) Kat:3, Licht: 0","28443","3","2","3","03","07","2","1","0","1","1","0","0"
"POINT (8.604139558000043 50.081758136000076)","Unfall 28479 (2017) Kat:3, Licht: 2","28479","3","3","5","03","00","1","1","2","0","1","0","0"
"POINT (8.663110350000068 50.151125705000027)","Unfall 28499 (2017) Kat:3, Licht: 0","28499","3","1","9","03","15","7","0","0","0","1","0","0"
"POINT (8.657479798000054 50.111158323000041)","Unfall 28524 (2017) Kat:3, Licht: 2","28524","3","7","2","03","18","6","0","2","0","1","0","0"
"POINT (8.768130051000071 50.133412272000044)","Unfall 28525 (2017) Kat:2, Licht: 0","28525","2","1","0","03","13","6","0","0","1","0","0","0"
"POINT (8.724106569000071 50.141157920000069)","Unfall 28526 (2017) Kat:3, Licht: 2","28526","3","3","0","03","20","6","0","2","0","1","0","1"
"POINT (8.565461016000029 50.051631477000058)","Unfall 28545 (2017) Kat:2, Licht: 2","28545","2","1","8","03","05","6","0","2","0","1","0","0"
"POINT (8.675913542000046 50.102020348000053)","Unfall 28552 (2017) Kat:3, Licht: 0","28552","3","6","2","03","15","5","0","0","0","1","0","0"
"POINT (8.726103948000059 50.127713540000059)","Unfall 28563 (2017) Kat:3, Licht: 0","28563","3","2","0","03","14","5","0","0","1","1","0","0"
"POINT (8.640162187000044 50.198176453000031)","Unfall 28566 (2017) Kat:3, Licht: 0","28566","3","3","5","03","07","5","0","0","0","1","0","0"
"POINT (8.706462871000042 50.145975749000058)","Unfall 28579 (2017) Kat:3, Licht: 1","28579","3","3","5","03","16","4","1","1","0","1","0","0"
"POINT (8.697493682000072 50.137443159000043)","Unfall 28580 (2017) Kat:3, Licht: 0","28580","3","6","2","03","13","4","0","0","0","1","0","0"
"POINT (8.613102377000075 50.071166553000069)","Unfall 28613 (2017) Kat:3, Licht: 2","28613","3","6","3","03","21","4","1","2","0","1","0","0"
"POINT (8.618502517000025 50.084521774000052)","Unfall 28614 (2017) Kat:3, Licht: 0","28614","3","6","2","03","07","4","0","0","0","1","0","0"
"POINT (8.554016757000056 50.048106260000054)","Unfall 28617 (2017) Kat:3, Licht: 1","28617","3","6","2","02","06","3","1","1","0","1","0","0"
"POINT (8.607211535000033 50.095471113000031)","Unfall 28625 (2017) Kat:3, Licht: 0","28625","3","6","2","02","08","3","0","0","0","1","0","0"
"POINT (8.591820130000031 50.087149357000044)","Unfall 28626 (2017) Kat:3, Licht: 0","28626","3","6","2","02","09","3","0","0","0","1","0","0"
"POINT (8.695105689000059 50.058734188000074)","Unfall 28631 (2017) Kat:3, Licht: 2","28631","3","6","2","02","20","3","1","2","0","1","0","0"
"POINT (8.571429016000025 50.053842020000047)","Unfall 28673 (2017) Kat:3, Licht: 0","28673","3","6","2","03","17","5","0","0","0","1","0","0"
"POINT (8.654757171000028 50.060214449000057)","Unfall 28674 (2017) Kat:2, Licht: 0","28674","2","6","2","03","15","5","0","0","0","1","0","0"
"POINT (8.533497542000021 50.115546440000060)","Unfall 28675 (2017) Kat:3, Licht: 0","28675","3","6","2","03","13","5","0","0","0","1","0","0"
"POINT (8.532960727000045 50.115349955000056)","Unfall 28676 (2017) Kat:3, Licht: 0","28676","3","6","3","03","10","5","0","0","0","1","0","0"
"POINT (8.621430946000032 50.121386193000035)","Unfall 28697 (2017) Kat:3, Licht: 2","28697","3","2","6","03","19","4","0","2","0","1","1","0"
"POINT (8.706729192000069 50.127600193000035)","Unfall 28698 (2017) Kat:3, Licht: 0","28698","3","3","5","03","15","4","0","0","0","1","0","0"
"POINT (8.704229121000026 50.113028378000081)","Unfall 28699 (2017) Kat:3, Licht: 0","28699","3","2","3","03","10","4","0","0","0","1","0","0"
"POINT (8.632870977000039 50.101968985000042)","Unfall 28700 (2017) Kat:3, Licht: 0","28700","3","2","5","03","13","4","0","0","0","1","0","1"
"POINT (8.663385570000060 50.061154055000031)","Unfall 28731 (2017) Kat:3, Licht: 0","28731","3","6","2","03","06","4","0","0","0","1","0","0"
"POINT (8.589984152000056 50.132737116000044)","Unfall 28732 (2017) Kat:3, Licht: 0","28732","3","6","2","03","07","4","0","0","0","1","0","0"
"POINT (8.586943027000075 50.055820633000053)","Unfall 28733 (2017) Kat:3, Licht: 0","28733","3","6","2","03","15","3","0","0","0","1","0","0"
"POINT (8.645476275000021 50.084033491000071)","Unfall 28737 (2017) Kat:3, Licht: 2","28737","3","6","2","03","19","3","0","2","0","1","0","1"
"POINT (8.668592854000053 50.099726617000044)","Unfall 28738 (2017) Kat:3, Licht: 0","28738","3","4","6","03","09","3","0","0","0","0","1","1"
"POINT (8.668561651000061 50.105828421000069)","Unfall 28739 (2017) Kat:3, Licht: 1","28739","3","4","0","03","18","3","0","1","0","0","1","1"
"POINT (8.744699752000031 50.138244943000075)","Unfall 28763 (2017) Kat:3, Licht: 0","28763","3","2","2","03","17","3","0","0","0","1","0","1"
"POINT (8.718816168000046 50.064425662000076)","Unfall 28768 (2017) Kat:3, Licht: 0","28768","3","6","2","03","15","3","0","0","0","1","0","0"
"POINT (8.613341326000068 50.052396463000036)","Unfall 28769 (2017) Kat:3, Licht: 0","28769","3","6","2","03","16","3","0","0","0","1","0","0"
"POINT (8.592616793000047 50.053348658000061)","Unfall 28770 (2017) Kat:2, Licht: 0","28770","2","6","2","03","17","3","0","0","0","0","0","0"
"POINT (8.638374221000049 50.153278436000051)","Unfall 28780 (2017) Kat:3, Licht: 2","28780","3","1","8","03","01","2","0","2","0","1","0","0"
"POINT (8.732062298000074 50.118753012000070)","Unfall 28781 (2017) Kat:3, Licht: 1","28781","3","2","2","03","18","2","0","1","0","1","0","0"
"POINT (8.668886564000047 50.142568983000047)","Unfall 28785 (2017) Kat:2, Licht: 0","28785","2","4","6","03","14","5","0","0","0","1","1","0"
"POINT (8.754819860000055 50.128026037000041)","Unfall 28801 (2017) Kat:3, Licht: 0","28801","3","6","3","03","14","5","0","0","0","1","0","1"
"POINT (8.635287598000048 50.195108332000075)","Unfall 28809 (2017) Kat:3, Licht: 0","28809","3","6","2","03","15","2","0","0","0","1","0","0"
"POINT (8.719101718000047 50.064452917000040)","Unfall 28810 (2017) Kat:3, Licht: 1","28810","3","6","2","03","18","2","0","1","0","1","0","0"
"POINT (8.653784306000034 50.075334049000048)","Unfall 28813 (2017) Kat:3, Licht: 0","28813","3","6","2","03","12","1","0","0","0","1","0","0"
"POINT (8.638360961000046 50.094398725000076)","Unfall 28814 (2017) Kat:2, Licht: 1","28814","2","1","8","03","06","1","0","1","0","1","0","0"
"POINT (8.739201559000037 50.091219888000069)","Unfall 28841 (2017) Kat:3, Licht: 2","28841","3","6","2","03","22","1","0","2","0","1","0","0"
"POINT (8.566512514000067 50.051668114000051)","Unfall 28842 (2017) Kat:3, Licht: 2","28842","3","6","2","03","22","1","0","2","0","1","0","0"
"POINT (8.508118438000054 50.079650413000081)","Unfall 28855 (2017) Kat:3, Licht: 0","28855","3","6","2","03","14","7","0","0","0","1","0","0"
"POINT (8.691557982000063 50.086499280000055)","Unfall 28887 (2017) Kat:2, Licht: 2","28887","2","6","3","03","21","6","0","2","0","0","0","1"
"POINT (8.652156792000028 50.106080010000028)","Unfall 28888 (2017) Kat:3, Licht: 0","28888","3","6","2","03","09","6","0","0","0","1","0","0"
"POINT (8.536658754000030 50.116701258000035)","Unfall 28924 (2017) Kat:3, Licht: 2","28924","3","6","2","03","18","6","0","2","0","1","0","0"
"POINT (8.652993882000033 50.118148482000038)","Unfall 28948 (2017) Kat:3, Licht: 0","28948","3","3","5","03","11","5","0","0","0","1","0","0"
"POINT (8.549540089000061 50.079105448000064)","Unfall 28949 (2017) Kat:3, Licht: 0","28949","3","1","0","03","07","5","1","0","0","0","0","1"
"POINT (8.715417635000051 50.112667576000035)","Unfall 28950 (2017) Kat:3, Licht: 0","28950","3","2","2","03","07","5","1","0","1","1","0","0"
"POINT (8.648294569000029 50.104553047000081)","Unfall 28951 (2017) Kat:3, Licht: 0","28951","3","2","2","03","14","5","0","0","1","0","0","0"
"POINT (8.745965166000076 50.156382225000073)","Unfall 28980 (2017) Kat:3, Licht: 0","28980","3","3","5","03","08","5","1","0","0","1","0","0"
"POINT (8.524845523000067 50.112180732000070)","Unfall 28984 (2017) Kat:3, Licht: 1","28984","3","6","2","03","17","5","0","1","0","1","0","0"
"POINT (8.591224556000043 50.100221529000066)","Unfall 28998 (2017) Kat:3, Licht: 0","28998","3","6","2","03","12","4","1","0","0","1","0","0"