WKT,Name,OBJECTID,UKATEGORIE,UTYP1,UART,UMONAT,USTUNDE,UWOCHENTAG,STRZUSTAND,ULICHTVERH,ISTRAD,ISTPKW,ISTFUSS,ISTKRAD
"POINT (8.769793127000071 50.134477649000075)","Unfall 28999 (2017) Kat:3, Licht: 0","28999","3","6","3","03","15","4","1","0","0","1","0","0"
"POINT (8.742887688000053 50.123681503000057)","Unfall 29001 (2017) Kat:3, Licht: 2","29001","3","6","3","03","18","4","1","2","0","1","0","0"
"POINT (8.703416279000066 50.143247011000028)","Unfall 29018 (2017) Kat:2, Licht: 0","29018","2","3","5","03","09","5","0","0","0","1","0","0"
"POINT (8.776191736000044 50.137465099000053)","Unfall 29019 (2017) Kat:3, Licht: 0","29019","3","6","2","03","12","5","0","0","0","1","0","0"
"POINT (8.725079739000023 50.131685557000026)","Unfall 29030 (2017) Kat:3, Licht: 0","29030","3","1","0","03","17","5","0","0","0","0","0","1"
"POINT (8.560242097000071 50.101348016000031)","Unfall 29047 (2017) Kat:3, Licht: 0","29047","3","7","5","03","12","4","0","0","0","1","0","0"
"POINT (8.667538523000076 50.100272523000058)","Unfall 29048 (2017) Kat:3, Licht: 1","29048","3","6","2","03","20","4","0","1","0","1","0","0"
"POINT (8.741116427000065 50.122741988000030)","Unfall 29049 (2017) Kat:2, Licht: 0","29049","2","6","2","03","08","4","0","0","0","1","0","0"
"POINT (8.639239405000069 50.102566763000027)","Unfall 29050 (2017) Kat:3, Licht: 0","29050","3","2","3","03","13","4","0","0","0","1","0","0"
"POINT (8.665079550000030 50.107518796000079)","Unfall 29051 (2017) Kat:2, Licht: 0","29051","2","4","6","03","16","4","0","0","0","1","1","0"
"POINT (8.653881530000035 50.120839933000070)","Unfall 29052 (2017) Kat:3, Licht: 2","29052","3","3","5","03","20","4","0","2","1","1","0","0"
"POINT (8.688049873000068 50.130576198000028)","Unfall 29053 (2017) Kat:3, Licht: 0","29053","3","3","5","03","12","4","0","0","1","1","0","0"
"POINT (8.597814811000035 50.131106326000065)","Unfall 29065 (2017) Kat:3, Licht: 2","29065","3","3","3","03","21","1","0","2","1","1","0","0"
"POINT (8.677048269000068 50.092747682000038)","Unfall 29066 (2017) Kat:2, Licht: 2","29066","2","6","6","03","23","1","0","2","0","1","1","0"
"POINT (8.747091438000041 50.139412067000080)","Unfall 29084 (2017) Kat:3, Licht: 0","29084","3","6","2","03","16","4","0","0","0","1","0","0"
"POINT (8.534022166000057 50.114585834000081)","Unfall 29091 (2017) Kat:3, Licht: 0","29091","3","6","2","03","16","4","0","0","0","1","0","0"
"POINT (8.483130441000071 50.096253452000042)","Unfall 29111 (2017) Kat:3, Licht: 0","29111","3","6","2","03","07","3","0","0","0","1","0","0"
"POINT (8.636113087000069 50.153720783000040)","Unfall 29112 (2017) Kat:3, Licht: 0","29112","3","5","1","03","08","3","0","0","0","1","0","1"
"POINT (8.663518935000070 50.087626461000070)","Unfall 29113 (2017) Kat:3, Licht: 2","29113","3","6","3","03","06","3","0","2","1","0","0","0"
"POINT (8.728138497000032 50.145626728000082)","Unfall 29114 (2017) Kat:3, Licht: 0","29114","3","3","5","03","17","3","0","0","0","1","0","0"
"POINT (8.694956370000057 50.132248147000041)","Unfall 29115 (2017) Kat:3, Licht: 0","29115","3","2","3","03","09","3","0","0","1","0","0","0"
"POINT (8.555573043000038 50.123579497000037)","Unfall 29152 (2017) Kat:3, Licht: 0","29152","3","6","2","03","16","3","0","0","0","1","0","0"
"POINT (8.604052730000035 50.055513393000069)","Unfall 29154 (2017) Kat:3, Licht: 0","29154","3","7","0","03","12","3","0","0","0","1","0","0"
"POINT (8.608885413000053 50.062121546000071)","Unfall 29155 (2017) Kat:3, Licht: 2","29155","3","6","2","03","22","3","0","2","0","1","0","0"
"POINT (8.696806434000052 50.126788321000049)","Unfall 29178 (2017) Kat:3, Licht: 2","29178","3","3","5","03","06","2","0","2","1","1","0","0"
"POINT (8.670505037000055 50.138725514000043)","Unfall 29187 (2017) Kat:3, Licht: 2","29187","3","3","5","03","01","7","1","2","0","1","0","0"
"POINT (8.654122102000031 50.078328033000048)","Unfall 29190 (2017) Kat:3, Licht: 2","29190","3","1","8","03","04","7","1","2","0","1","0","0"
"POINT (8.709598329000073 50.131299117000026)","Unfall 29214 (2017) Kat:2, Licht: 0","29214","2","3","5","03","17","7","1","0","0","1","0","0"
"POINT (8.666385019000074 50.148015788000066)","Unfall 29220 (2017) Kat:3, Licht: 0","29220","3","3","5","03","17","1","0","0","0","1","0","0"
"POINT (8.668267594000042 50.131631992000052)","Unfall 29228 (2017) Kat:3, Licht: 2","29228","3","4","6","03","23","7","1","2","0","1","1","0"
"POINT (8.537841428000036 50.117133285000079)","Unfall 29272 (2017) Kat:3, Licht: 0","29272","3","6","2","03","16","7","0","0","0","1","0","0"
"POINT (8.698056333000068 50.102229109000064)","Unfall 29281 (2017) Kat:3, Licht: 0","29281","3","7","3","03","16","6","0","0","0","1","0","1"
"POINT (8.706093714000076 50.145844587000056)","Unfall 29282 (2017) Kat:3, Licht: 0","29282","3","6","2","03","06","6","0","0","0","1","0","0"
"POINT (8.591022328000065 50.058641259000069)","Unfall 29311 (2017) Kat:2, Licht: 0","29311","2","6","4","03","10","6","0","0","0","1","0","0"
"POINT (8.642633223000075 50.199127662000080)","Unfall 29319 (2017) Kat:3, Licht: 2","29319","3","6","2","03","18","7","1","2","0","1","0","0"
"POINT (8.686225456000045 50.155350898000052)","Unfall 29322 (2017) Kat:3, Licht: 0","29322","3","3","5","03","12","5","0","0","0","1","0","0"
"POINT (8.713043301000027 50.124792555000056)","Unfall 29323 (2017) Kat:3, Licht: 0","29323","3","4","6","03","10","5","0","0","1","0","1","0"
"POINT (8.554395065000051 50.047810700000070)","Unfall 29339 (2017) Kat:3, Licht: 2","29339","3","3","5","03","21","6","0","2","0","1","0","0"
"POINT (8.621948309000061 50.052330616000063)","Unfall 29368 (2017) Kat:3, Licht: 0","29368","3","6","2","03","16","4","0","0","0","1","0","0"
"POINT (8.593677068000034 50.053294994000055)","Unfall 29369 (2017) Kat:3, Licht: 0","29369","3","3","3","03","09","4","0","0","0","1","0","0"
"POINT (8.707103442000062 50.112824274000047)","Unfall 29374 (2017) Kat:3, Licht: 0","29374","3","3","5","03","15","3","1","0","0","1","0","0"
"POINT (8.664901315000066 50.103062956000031)","Unfall 29375 (2017) Kat:3, Licht: 0","29375","3","3","5","03","09","3","0","0","1","0","0","1"
"POINT (8.656678931000045 50.081908884000029)","Unfall 29393 (2017) Kat:3, Licht: 0","29393","3","6","3","03","10","6","0","0","0","1","0","0"
"POINT (8.613072713000065 50.071107162000033)","Unfall 29398 (2017) Kat:3, Licht: 1","29398","3","6","2","03","17","3","1","1","0","1","0","0"
"POINT (8.565492269000060 50.125965718000032)","Unfall 29403 (2017) Kat:1, Licht: 1","29403","1","2","5","03","05","2","0","1","0","1","0","1"
"POINT (8.726373748000071 50.143879524000056)","Unfall 29404 (2017) Kat:3, Licht: 0","29404","3","2","6","03","10","2","0","0","0","1","1","0"
"POINT (8.705892128000073 50.111384568000062)","Unfall 29405 (2017) Kat:3, Licht: 0","29405","3","2","2","03","16","2","0","0","0","1","0","0"
"POINT (8.695124366000073 50.113361911000027)","Unfall 29406 (2017) Kat:3, Licht: 2","29406","3","6","0","03","19","2","0","2","0","1","0","0"
"POINT (8.592325134000021 50.137870780000071)","Unfall 29427 (2017) Kat:3, Licht: 0","29427","3","6","2","03","09","2","0","0","0","1","0","0"
"POINT (8.586536067000054 50.134151605000056)","Unfall 29428 (2017) Kat:3, Licht: 0","29428","3","6","2","03","14","2","0","0","0","1","0","0"
"POINT (8.740582180000047 50.131675915000073)","Unfall 29459 (2017) Kat:3, Licht: 0","29459","3","7","3","04","09","2","0","0","0","1","0","0"
"POINT (8.536636521000048 50.116693136000038)","Unfall 29467 (2017) Kat:3, Licht: 0","29467","3","6","2","04","18","2","0","0","0","1","0","0"
"POINT (8.672099560000049 50.133368448000056)","Unfall 29480 (2017) Kat:3, Licht: 0","29480","3","6","2","04","12","1","0","0","0","1","0","0"
"POINT (8.629168122000067 50.128977597000073)","Unfall 29481 (2017) Kat:2, Licht: 0","29481","2","1","0","04","17","1","0","0","1","0","0","0"
"POINT (8.747857553000074 50.125506852000058)","Unfall 29482 (2017) Kat:2, Licht: 2","29482","2","1","8","04","01","1","0","2","0","1","0","0"
"POINT (8.694470550000062 50.109283255000037)","Unfall 29483 (2017) Kat:2, Licht: 2","29483","2","4","6","04","01","1","0","2","0","1","1","0"
"POINT (8.730208388000051 50.118341828000041)","Unfall 29484 (2017) Kat:2, Licht: 0","29484","2","1","0","04","11","1","0","0","1","0","0","0"
"POINT (8.664579926000045 50.103836218000026)","Unfall 29512 (2017) Kat:3, Licht: 2","29512","3","6","3","04","00","2","0","2","1","1","0","0"
"POINT (8.742408747000070 50.151258961000053)","Unfall 29529 (2017) Kat:3, Licht: 0","29529","3","7","0","04","13","1","0","0","0","1","0","1"
"POINT (8.742890585000055 50.136124011000049)","Unfall 29546 (2017) Kat:3, Licht: 0","29546","3","6","2","04","13","3","0","0","0","1","0","0"
"POINT (8.696771131000048 50.136283461000062)","Unfall 29582 (2017) Kat:3, Licht: 0","29582","3","6","2","04","15","2","0","0","0","1","0","0"
"POINT (8.589985581000065 50.131733237000049)","Unfall 29585 (2017) Kat:3, Licht: 0","29585","3","3","5","04","19","3","0","0","0","1","0","0"
"POINT (8.509645719000048 50.074018275000071)","Unfall 29590 (2017) Kat:2, Licht: 0","29590","2","1","9","04","15","6","0","0","0","1","0","0"
"POINT (8.654105155000025 50.138190440000074)","Unfall 29592 (2017) Kat:3, Licht: 0","29592","3","6","3","04","18","6","0","0","0","0","0","1"
"POINT (8.663772244000029 50.091739693000079)","Unfall 29594 (2017) Kat:3, Licht: 0","29594","3","3","5","04","14","6","0","0","1","1","0","0"
"POINT (8.688543301000038 50.099381496000035)","Unfall 29595 (2017) Kat:3, Licht: 0","29595","3","2","3","04","14","6","0","0","0","1","0","1"
"POINT (8.669824900000037 50.106589599000074)","Unfall 29596 (2017) Kat:2, Licht: 0","29596","2","6","3","04","17","6","0","0","0","1","0","1"
"POINT (8.589992812000048 50.132730052000056)","Unfall 29611 (2017) Kat:3, Licht: 0","29611","3","6","2","04","07","6","0","0","0","1","0","0"
"POINT (8.721696783000027 50.105170593000025)","Unfall 29631 (2017) Kat:3, Licht: 0","29631","3","6","2","04","12","5","0","0","0","1","0","0"
"POINT (8.677853858000049 50.105423474000077)","Unfall 29632 (2017) Kat:3, Licht: 0","29632","3","2","5","04","07","5","0","0","0","1","0","1"
"POINT (8.670374920000029 50.097690297000042)","Unfall 29664 (2017) Kat:3, Licht: 0","29664","3","3","5","04","06","2","0","0","0","1","0","0"
"POINT (8.616688508000038 50.078357804000063)","Unfall 29669 (2017) Kat:3, Licht: 1","29669","3","6","2","04","19","5","0","1","0","1","0","0"
"POINT (8.530878318000021 50.114399495000043)","Unfall 29670 (2017) Kat:3, Licht: 0","29670","3","6","2","04","16","5","0","0","0","1","0","0"
"POINT (8.591319846000033 50.053292479000049)","Unfall 29706 (2017) Kat:3, Licht: 0","29706","3","6","2","04","10","4","0","0","0","1","0","0"
"POINT (8.506846432000032 50.076498846000050)","Unfall 29717 (2017) Kat:3, Licht: 0","29717","3","2","5","04","17","3","0","0","0","1","0","0"
"POINT (8.616224048000049 50.100423558000045)","Unfall 29718 (2017) Kat:3, Licht: 0","29718","3","3","5","04","14","3","0","0","0","1","0","1"
"POINT (8.706101034000028 50.145853269000042)","Unfall 29719 (2017) Kat:3, Licht: 0","29719","3","6","2","04","17","3","0","0","0","1","0","0"
"POINT (8.656033491000073 50.135507893000067)","Unfall 29756 (2017) Kat:3, Licht: 0","29756","3","6","3","03","08","5","0","0","0","1","0","0"
"POINT (8.713909842000021 50.112155977000043)","Unfall 29762 (2017) Kat:3, Licht: 0","29762","3","2","5","03","15","5","0","0","0","1","0","0"
"POINT (8.705222510000056 50.157141968000076)","Unfall 29767 (2017) Kat:3, Licht: 0","29767","3","6","3","04","16","3","0","0","0","1","0","0"
"POINT (8.689544974000057 50.112675476000049)","Unfall 29769 (2017) Kat:3, Licht: 0","29769","3","4","6","04","08","3","0","0","0","1","1","0"
"POINT (8.604215774000068 50.052120935000062)","Unfall 29771 (2017) Kat:3, Licht: 0","29771","3","6","3","04","10","4","0","0","0","1","0","0"
"POINT (8.670573607000051 50.138369426000054)","Unfall 29783 (2017) Kat:3, Licht: 0","29783","3","6","2","04","15","2","0","0","0","1","0","1"
"POINT (8.673475098000040 50.131771526000080)","Unfall 29784 (2017) Kat:3, Licht: 2","29784","3","5","1","04","23","2","0","2","1","1","0","0"
"POINT (8.745567442000038 50.153041605000055)","Unfall 29825 (2017) Kat:3, Licht: 0","29825","3","6","2","04","14","3","0","0","0","1","0","0"
"POINT (8.633358351000027 50.102015541000071)","Unfall 29833 (2017) Kat:3, Licht: 0","29833","3","3","5","04","16","3","0","0","0","1","0","1"
"POINT (8.594314821000069 50.134138912000026)","Unfall 29840 (2017) Kat:3, Licht: 0","29840","3","6","3","04","09","2","0","0","0","1","0","0"
"POINT (8.730356424000036 50.118454334000035)","Unfall 29847 (2017) Kat:3, Licht: 2","29847","3","2","2","04","06","3","0","2","0","1","0","0"
"POINT (8.666050894000023 50.148001644000033)","Unfall 29857 (2017) Kat:3, Licht: 0","29857","3","3","5","04","13","1","0","0","0","1","0","0"
"POINT (8.692300015000058 50.106891041000040)","Unfall 29858 (2017) Kat:3, Licht: 2","29858","3","6","2","04","05","1","0","2","0","1","0","0"
"POINT (8.699601128000040 50.110263557000053)","Unfall 29859 (2017) Kat:3, Licht: 2","29859","3","6","2","04","04","1","0","2","0","1","0","0"
"POINT (8.670185049000054 50.071087604000070)","Unfall 29867 (2017) Kat:3, Licht: 2","29867","3","2","3","04","05","2","0","2","0","1","0","0"
"POINT (8.655184023000061 50.132230269000047)","Unfall 29870 (2017) Kat:2, Licht: 0","29870","2","1","9","04","06","3","0","0","0","1","0","1"
"POINT (8.616582719000064 50.092003310000052)","Unfall 29890 (2017) Kat:3, Licht: 2","29890","3","1","8","04","05","1","0","2","0","1","0","0"
"POINT (8.490163450000068 50.099487576000058)","Unfall 29892 (2017) Kat:2, Licht: 0","29892","2","6","0","04","16","1","0","0","0","1","0","1"
"POINT (8.665988009000046 50.101593328000035)","Unfall 29946 (2017) Kat:3, Licht: 0","29946","3","6","2","04","14","6","0","0","0","1","0","0"
"POINT (8.720133397000041 50.123114249000082)","Unfall 29952 (2017) Kat:3, Licht: 0","29952","3","6","3","04","17","7","0","0","0","1","0","0"
"POINT (8.686994580000032 50.160186709000072)","Unfall 29980 (2017) Kat:3, Licht: 0","29980","3","3","5","04","11","5","0","0","1","1","0","0"
"POINT (8.535945358000049 50.116440648000037)","Unfall 29993 (2017) Kat:3, Licht: 0","29993","3","6","2","04","18","2","0","0","0","1","0","0"
"POINT (8.680347529000073 50.132170668000072)","Unfall 29996 (2017) Kat:3, Licht: 0","29996","3","2","3","05","06","3","1","0","1","1","0","0"
"POINT (8.599856706000026 50.044656365000037)","Unfall 29997 (2017) Kat:3, Licht: 0","29997","3","3","5","04","08","2","0","0","0","1","0","0"
"POINT (8.610161444000028 50.169612077000068)","Unfall 30026 (2017) Kat:3, Licht: 0","30026","3","1","3","05","16","2","1","0","0","1","0","0"
"POINT (8.664931720000027 50.102995685000053)","Unfall 30095 (2017) Kat:3, Licht: 0","30095","3","6","2","05","17","3","1","0","0","1","0","0"
"POINT (8.672074135000059 50.131888458000049)","Unfall 30100 (2017) Kat:3, Licht: 0","30100","3","7","0","04","11","6","0","0","0","1","0","0"
"POINT (8.716822110000067 50.154219324000053)","Unfall 30102 (2017) Kat:2, Licht: 2","30102","2","6","2","04","21","6","0","2","0","0","0","0"
"POINT (8.710766907000050 50.149913852000054)","Unfall 30104 (2017) Kat:3, Licht: 1","30104","3","6","4","04","21","6","0","1","0","1","0","1"
"POINT (8.714723921000029 50.137974694000036)","Unfall 30105 (2017) Kat:3, Licht: 0","30105","3","2","5","04","17","6","0","0","1","1","0","0"
"POINT (8.654042579000077 50.099686563000034)","Unfall 30106 (2017) Kat:3, Licht: 0","30106","3","6","2","04","13","6","0","0","0","1","0","1"
"POINT (8.746010656000067 50.159757470000045)","Unfall 30138 (2017) Kat:3, Licht: 0","30138","3","6","2","04","11","6","0","0","0","1","0","0"
"POINT (8.598883430000058 50.149104624000074)","Unfall 30139 (2017) Kat:3, Licht: 0","30139","3","6","2","04","13","5","0","0","0","1","0","0"
"POINT (8.725112278000040 50.131608179000068)","Unfall 30151 (2017) Kat:3, Licht: 0","30151","3","7","9","04","15","6","0","0","0","1","0","0"
"POINT (8.582136851000030 50.053928066000026)","Unfall 30152 (2017) Kat:3, Licht: 0","30152","3","3","5","04","17","5","0","0","0","1","0","0"
"POINT (8.627760837000039 50.116333263000058)","Unfall 30169 (2017) Kat:3, Licht: 0","30169","3","3","5","04","14","5","0","0","0","1","0","0"
"POINT (8.668553272000054 50.148474297000064)","Unfall 30171 (2017) Kat:2, Licht: 0","30171","2","3","5","04","15","5","0","0","0","1","0","1"
"POINT (8.758030478000023 50.118299719000049)","Unfall 30174 (2017) Kat:3, Licht: 0","30174","3","7","6","04","14","5","0","0","0","0","1","0"
"POINT (8.697502554000039 50.137814440000056)","Unfall 30177 (2017) Kat:3, Licht: 0","30177","3","3","6","04","08","5","0","0","1","1","1","0"
"POINT (8.561408691000054 50.126135621000060)","Unfall 30226 (2017) Kat:3, Licht: 0","30226","3","6","2","04","16","5","0","0","0","1","0","0"
"POINT (8.521509842000057 50.111130433000028)","Unfall 30247 (2017) Kat:3, Licht: 0","30247","3","6","2","04","16","5","0","0","0","1","0","0"
"POINT (8.619161963000067 50.088107937000075)","Unfall 30252 (2017) Kat:3, Licht: 0","30252","3","6","2","04","19","4","0","0","0","1","0","0"
"POINT (8.621463886000072 50.130455711000081)","Unfall 30282 (2017) Kat:3, Licht: 0","30282","3","7","0","04","08","3","1","0","0","0","0","1"
"POINT (8.656389447000038 50.081826630000080)","Unfall 30283 (2017) Kat:3, Licht: 0","30283","3","6","2","04","15","3","1","0","0","1","0","0"
"POINT (8.657071430000030 50.083092733000058)","Unfall 30285 (2017) Kat:3, Licht: 0","30285","3","6","2","04","15","3","0","0","0","1","0","0"
"POINT (8.484219830000029 50.096667107000030)","Unfall 30317 (2017) Kat:2, Licht: 0","30317","2","1","3","04","07","3","1","0","0","1","0","0"
"POINT (8.550609905000044 50.102570449000041)","Unfall 30319 (2017) Kat:2, Licht: 0","30319","2","4","6","04","12","3","0","0","1","0","1","0"
"POINT (8.634281806000047 50.160172803000080)","Unfall 30326 (2017) Kat:3, Licht: 0","30326","3","6","3","04","12","3","0","0","0","1","0","0"
"POINT (8.605729719000067 50.098260082000081)","Unfall 30327 (2017) Kat:3, Licht: 2","30327","3","6","2","05","22","2","1","2","0","1","0","0"
"POINT (8.546567057000061 50.120277433000069)","Unfall 30330 (2017) Kat:3, Licht: 0","30330","3","6","2","05","19","3","1","0","0","1","0","0"
"POINT (8.706865813000036 50.127879492000034)","Unfall 30343 (2017) Kat:3, Licht: 0","30343","3","6","2","04","17","6","0","0","0","1","0","0"
"POINT (8.680486427000062 50.066087896000056)","Unfall 30346 (2017) Kat:3, Licht: 0","30346","3","2","2","04","17","7","0","0","0","1","0","0"
"POINT (8.620021054000063 50.185621293000054)","Unfall 30364 (2017) Kat:3, Licht: 0","30364","3","6","3","05","12","2","1","0","0","1","0","0"
"POINT (8.741398481000033 50.134065264000071)","Unfall 30445 (2017) Kat:3, Licht: 0","30445","3","6","2","04","13","7","0","0","0","1","0","0"
"POINT (8.727659178000067 50.116721895000069)","Unfall 30454 (2017) Kat:3, Licht: 0","30454","3","2","5","05","19","3","1","0","1","1","0","0"
"POINT (8.719706484000028 50.064511307000032)","Unfall 30469 (2017) Kat:2, Licht: 0","30469","2","6","2","04","18","3","0","0","0","1","0","0"
"POINT (8.735526495000045 50.111283834000062)","Unfall 30473 (2017) Kat:3, Licht: 0","30473","3","6","2","04","17","3","0","0","0","1","0","0"
"POINT (8.692701689000046 50.061150357000031)","Unfall 30476 (2017) Kat:3, Licht: 0","30476","3","6","2","04","07","3","0","0","0","1","0","0"
"POINT (8.739969455000050 50.122280315000069)","Unfall 30510 (2017) Kat:3, Licht: 0","30510","3","6","2","04","12","7","0","0","0","1","0","0"
"POINT (8.659205306000047 50.206867580000051)","Unfall 30518 (2017) Kat:3, Licht: 2","30518","3","1","4","04","20","5","0","2","0","1","0","0"
"POINT (8.694826168000077 50.101784407000082)","Unfall 30521 (2017) Kat:3, Licht: 0","30521","3","6","2","04","11","5","0","0","0","1","0","0"
"POINT (8.768172905000029 50.133435613000074)","Unfall 30522 (2017) Kat:3, Licht: 0","30522","3","7","0","04","15","5","0","0","0","1","0","0"
"POINT (8.707027629000038 50.128500226000028)","Unfall 30524 (2017) Kat:3, Licht: 0","30524","3","4","6","04","10","5","0","0","0","1","1","0"
"POINT (8.719493508000028 50.123090861000037)","Unfall 30525 (2017) Kat:3, Licht: 0","30525","3","2","5","04","09","5","0","0","1","1","0","0"
"POINT (8.707786833000057 50.129989276000060)","Unfall 30534 (2017) Kat:3, Licht: 0","30534","3","5","1","04","17","5","0","0","1","1","0","0"
"POINT (8.648607636000065 50.058833213000071)","Unfall 30536 (2017) Kat:3, Licht: 0","30536","3","6","2","04","17","6","0","0","0","1","0","0"
"POINT (8.641972930000065 50.202262123000025)","Unfall 30549 (2017) Kat:2, Licht: 0","30549","2","6","0","04","16","7","0","0","0","1","0","1"
"POINT (8.719499632000066 50.123288687000070)","Unfall 30563 (2017) Kat:3, Licht: 0","30563","3","2","0","04","10","2","0","0","1","1","0","0"
"POINT (8.603097736000052 50.156757621000054)","Unfall 30567 (2017) Kat:3, Licht: 0","30567","3","6","2","04","19","5","0","0","0","1","0","0"
"POINT (8.684326706000036 50.061143798000046)","Unfall 30574 (2017) Kat:3, Licht: 0","30574","3","6","2","04","09","5","0","0","0","1","0","0"
"POINT (8.653923266000049 50.112313363000055)","Unfall 30608 (2017) Kat:3, Licht: 0","30608","3","4","6","05","14","6","1","0","0","1","1","0"
"POINT (8.657249764000028 50.080068994000044)","Unfall 30611 (2017) Kat:3, Licht: 0","30611","3","6","2","05","08","6","1","0","0","1","0","0"
"POINT (8.729889091000075 50.146424761000048)","Unfall 30614 (2017) Kat:3, Licht: 0","30614","3","6","2","05","14","6","1","0","0","1","0","0"
"POINT (8.710996708000039 50.125381844000060)","Unfall 30616 (2017) Kat:3, Licht: 0","30616","3","6","0","05","18","6","1","0","0","1","0","1"
"POINT (8.660748281000053 50.109553003000030)","Unfall 30619 (2017) Kat:3, Licht: 0","30619","3","3","5","05","11","6","1","0","0","1","0","0"
"POINT (8.595402730000046 50.053207710000038)","Unfall 30636 (2017) Kat:3, Licht: 0","30636","3","6","2","05","16","6","0","0","0","1","0","0"
"POINT (8.642979053000033 50.199273057000028)","Unfall 30638 (2017) Kat:3, Licht: 0","30638","3","6","2","05","15","6","0","0","0","1","0","0"
"POINT (8.607087164000063 50.164440813000056)","Unfall 30653 (2017) Kat:3, Licht: 0","30653","3","6","2","05","14","7","0","0","0","1","0","0"
"POINT (8.621693588000028 50.120188597000038)","Unfall 30664 (2017) Kat:3, Licht: 0","30664","3","3","5","05","12","5","0","0","1","1","0","0"
"POINT (8.767881298000077 50.133400599000026)","Unfall 30668 (2017) Kat:3, Licht: 0","30668","3","7","0","05","07","5","0","0","0","1","0","1"
"POINT (8.653781354000046 50.119953900000041)","Unfall 30714 (2017) Kat:3, Licht: 0","30714","3","6","2","05","06","5","0","0","0","1","0","0"
"POINT (8.711792938000031 50.134113235000029)","Unfall 30715 (2017) Kat:3, Licht: 0","30715","3","2","5","05","08","5","0","0","1","1","0","0"
"POINT (8.708757970000022 50.111440411000046)","Unfall 30717 (2017) Kat:3, Licht: 0","30717","3","7","0","05","10","5","1","0","0","0","0","1"
"POINT (8.610031634000052 50.052876207000054)","Unfall 30719 (2017) Kat:3, Licht: 0","30719","3","6","3","05","06","5","0","0","0","1","0","0"
"POINT (8.724538540000026 50.129678844000068)","Unfall 30722 (2017) Kat:3, Licht: 0","30722","3","6","2","05","10","5","0","0","0","1","0","0"
"POINT (8.620340943000031 50.149702591000050)","Unfall 30744 (2017) Kat:3, Licht: 0","30744","3","6","2","05","15","4","0","0","0","1","0","0"
"POINT (8.668641457000035 50.099201674000028)","Unfall 30747 (2017) Kat:3, Licht: 0","30747","3","2","6","05","10","4","0","0","0","0","1","0"
"POINT (8.631462301000056 50.101834411000027)","Unfall 30749 (2017) Kat:3, Licht: 0","30749","3","6","2","05","18","4","0","0","0","1","0","0"
"POINT (8.665438393000045 50.184453026000028)","Unfall 30785 (2017) Kat:3, Licht: 0","30785","3","4","6","05","18","4","0","0","0","1","1","0"
"POINT (8.628840747000027 50.087802892000070)","Unfall 30788 (2017) Kat:3, Licht: 0","30788","3","3","5","05","17","4","0","0","1","1","0","0"
"POINT (8.691161952000073 50.098646162000080)","Unfall 30793 (2017) Kat:3, Licht: 0","30793","3","4","6","05","07","4","0","0","1","0","1","0"
"POINT (8.723827867000068 50.159464675000038)","Unfall 30797 (2017) Kat:3, Licht: 0","30797","3","6","3","05","07","4","0","0","0","1","0","1"
"POINT (8.708058593000033 50.062604317000080)","Unfall 30809 (2017) Kat:3, Licht: 0","30809","3","6","2","05","09","4","0","0","0","1","0","0"
"POINT (8.680296089000024 50.159357776000036)","Unfall 30832 (2017) Kat:3, Licht: 0","30832","3","3","5","05","10","3","0","0","0","1","0","0"
"POINT (8.656746369000075 50.081479738000041)","Unfall 30833 (2017) Kat:2, Licht: 0","30833","2","6","3","05","07","3","0","0","0","1","0","0"
"POINT (8.716624086000024 50.123727361000078)","Unfall 30834 (2017) Kat:3, Licht: 0","30834","3","7","6","05","18","3","0","0","1","0","1","0"
"POINT (8.731545245000064 50.119129567000073)","Unfall 30835 (2017) Kat:3, Licht: 0","30835","3","6","2","05","18","3","0","0","0","1","0","0"
"POINT (8.668849744000056 50.131632079000042)","Unfall 30840 (2017) Kat:3, Licht: 0","30840","3","6","2","05","13","3","0","0","0","1","0","0"
"POINT (8.723270303000049 50.064635340000052)","Unfall 30879 (2017) Kat:2, Licht: 1","30879","2","6","2","05","21","4","0","1","0","1","0","1"
"POINT (8.592346350000071 50.115647412000044)","Unfall 30883 (2017) Kat:2, Licht: 0","30883","2","6","2","05","08","4","0","0","0","1","0","0"
"POINT (8.645917417000021 50.058794151000029)","Unfall 30896 (2017) Kat:3, Licht: 0","30896","3","7","2","05","11","3","0","0","0","1","0","0"
"POINT (8.549094406000052 50.120975553000051)","Unfall 30909 (2017) Kat:3, Licht: 0","30909","3","6","2","05","20","2","0","0","0","1","0","0"
"POINT (8.640654691000066 50.198240028000043)","Unfall 30911 (2017) Kat:3, Licht: 0","30911","3","6","2","05","17","2","0","0","0","1","0","0"
"POINT (8.683869346000051 50.162882902000035)","Unfall 30925 (2017) Kat:3, Licht: 0","30925","3","3","5","05","19","2","0","0","1","0","0","0"
"POINT (8.623080779000077 50.087936005000074)","Unfall 30927 (2017) Kat:3, Licht: 2","30927","3","6","0","05","21","2","0","2","0","1","0","1"
"POINT (8.633703671000035 50.102048538000076)","Unfall 30928 (2017) Kat:2, Licht: 0","30928","2","5","1","05","13","2","0","0","0","1","0","0"
"POINT (8.648274927000045 50.056592215000080)","Unfall 30937 (2017) Kat:3, Licht: 0","30937","3","1","8","05","06","2","0","0","0","0","0","1"
"POINT (8.640343889000064 50.198058693000064)","Unfall 30938 (2017) Kat:3, Licht: 0","30938","3","7","2","05","12","2","0","0","0","1","0","0"
"POINT (8.501769262000039 50.103781873000059)","Unfall 30963 (2017) Kat:3, Licht: 0","30963","3","6","2","05","08","2","0","0","0","1","0","0"