WKT,Name,OBJECTID,UKATEGORIE,UTYP1,UART,UMONAT,USTUNDE,UWOCHENTAG,STRZUSTAND,ULICHTVERH,ISTRAD,ISTPKW,ISTFUSS,ISTKRAD
"POINT (8.576596769000048 50.099700315000064)","Unfall 30982 (2017) Kat:3, Licht: 2","30982","3","6","6","05","22","1","1","2","0","0","1","0"
"POINT (8.608237732000021 50.102661269000066)","Unfall 30983 (2017) Kat:3, Licht: 0","30983","3","6","2","05","09","3","0","0","0","1","0","0"
"POINT (8.672114729000043 50.133232221000071)","Unfall 30984 (2017) Kat:3, Licht: 2","30984","3","6","2","05","21","1","1","2","0","1","0","0"
"POINT (8.617128376000039 50.133990182000048)","Unfall 31013 (2017) Kat:3, Licht: 0","31013","3","6","2","05","13","2","0","0","0","1","0","1"
"POINT (8.762076917000059 50.114737902000059)","Unfall 31018 (2017) Kat:2, Licht: 0","31018","2","3","5","05","14","2","0","0","0","1","0","1"
"POINT (8.597124542000074 50.122802472000046)","Unfall 31054 (2017) Kat:3, Licht: 0","31054","3","6","3","05","15","1","0","0","0","1","0","0"
"POINT (8.645801020000022 50.202297426000030)","Unfall 31061 (2017) Kat:2, Licht: 0","31061","2","6","4","05","10","2","0","0","0","1","0","0"
"POINT (8.658870893000028 50.162482651000062)","Unfall 31075 (2017) Kat:3, Licht: 2","31075","3","6","2","05","22","1","0","2","1","1","0","0"
"POINT (8.597449502000075 50.146500121000031)","Unfall 31081 (2017) Kat:3, Licht: 0","31081","3","6","2","05","14","7","0","0","0","1","0","0"
"POINT (8.532135589000063 50.023324296000055)","Unfall 31096 (2017) Kat:3, Licht: 0","31096","3","1","9","05","10","6","0","0","0","0","0","0"
"POINT (8.641366991000041 50.198876729000062)","Unfall 31136 (2017) Kat:2, Licht: 0","31136","2","6","2","05","09","6","0","0","0","1","0","0"
"POINT (8.651577791000022 50.088465375000055)","Unfall 31174 (2017) Kat:3, Licht: 0","31174","3","3","5","05","11","5","1","0","1","1","0","0"
"POINT (8.694900624000070 50.132090513000037)","Unfall 31177 (2017) Kat:3, Licht: 0","31177","3","3","5","05","09","5","1","0","0","1","0","0"
"POINT (8.704374248000022 50.120399242000076)","Unfall 31180 (2017) Kat:3, Licht: 0","31180","3","6","2","05","10","5","1","0","0","1","0","0"
"POINT (8.670774785000049 50.137360836000028)","Unfall 31181 (2017) Kat:1, Licht: 0","31181","1","7","6","05","15","7","0","0","0","0","1","0"
"POINT (8.762830347000033 50.115364896000074)","Unfall 31182 (2017) Kat:3, Licht: 0","31182","3","6","2","05","16","7","0","0","0","1","0","1"
"POINT (8.655089284000042 50.126432004000037)","Unfall 31183 (2017) Kat:3, Licht: 0","31183","3","3","5","05","14","5","1","0","1","1","0","0"
"POINT (8.664386761000060 50.108040885000037)","Unfall 31184 (2017) Kat:3, Licht: 0","31184","3","6","3","05","13","7","0","0","1","1","0","0"
"POINT (8.703781287000027 50.146023826000032)","Unfall 31224 (2017) Kat:3, Licht: 0","31224","3","6","3","05","15","5","1","0","0","1","0","0"
"POINT (8.597704263000026 50.147448367000038)","Unfall 31228 (2017) Kat:3, Licht: 0","31228","3","6","2","05","16","5","1","0","0","1","0","0"
"POINT (8.602294554000025 50.155784123000046)","Unfall 31229 (2017) Kat:3, Licht: 0","31229","3","6","2","05","18","5","1","0","0","1","0","0"
"POINT (8.590041428000063 50.132624313000065)","Unfall 31251 (2017) Kat:3, Licht: 0","31251","3","3","5","05","16","7","0","0","0","1","0","0"
"POINT (8.549341225000035 50.103069148000031)","Unfall 31253 (2017) Kat:2, Licht: 0","31253","2","1","9","05","06","4","1","0","0","1","0","0"
"POINT (8.640323533000071 50.120980615000065)","Unfall 31255 (2017) Kat:3, Licht: 0","31255","3","7","6","05","16","4","1","0","0","1","1","0"
"POINT (8.670812923000028 50.148967831000050)","Unfall 31257 (2017) Kat:3, Licht: 0","31257","3","2","5","05","19","4","1","0","0","1","0","0"
"POINT (8.656314495000061 50.100381978000030)","Unfall 31258 (2017) Kat:3, Licht: 0","31258","3","6","2","05","15","4","1","0","0","1","0","0"
"POINT (8.616798587000062 50.181606935000048)","Unfall 31283 (2017) Kat:3, Licht: 2","31283","3","6","2","05","02","1","0","2","0","1","0","0"
"POINT (8.550082834000023 50.046632564000049)","Unfall 31288 (2017) Kat:3, Licht: 0","31288","3","6","2","05","12","6","1","0","0","1","0","0"
"POINT (8.720190433000028 50.157479153000054)","Unfall 31290 (2017) Kat:3, Licht: 0","31290","3","6","2","05","14","6","0","0","0","1","0","0"
"POINT (8.589977779000037 50.132742315000030)","Unfall 31320 (2017) Kat:3, Licht: 0","31320","3","6","2","05","12","4","1","0","0","1","0","0"
"POINT (8.660657470000047 50.061062119000042)","Unfall 31322 (2017) Kat:3, Licht: 0","31322","3","6","2","05","12","4","1","0","0","1","0","0"
"POINT (8.661342677000050 50.109176093000031)","Unfall 31336 (2017) Kat:3, Licht: 2","31336","3","7","6","06","22","5","0","2","0","0","1","0"
"POINT (8.656219900000053 50.126873398000043)","Unfall 31342 (2017) Kat:3, Licht: 0","31342","3","6","4","06","16","5","0","0","1","0","0","0"
"POINT (8.732983334000039 50.131079472000067)","Unfall 31351 (2017) Kat:2, Licht: 0","31351","2","2","5","05","07","4","0","0","1","1","0","0"
"POINT (8.652679211000077 50.059966914000029)","Unfall 31361 (2017) Kat:3, Licht: 2","31361","3","1","8","06","21","6","1","2","0","1","0","0"
"POINT (8.629120700000044 50.116167381000082)","Unfall 31379 (2017) Kat:3, Licht: 0","31379","3","3","5","06","10","5","0","0","0","1","0","0"
"POINT (8.684262302000036 50.140235153000049)","Unfall 31380 (2017) Kat:3, Licht: 0","31380","3","3","0","05","19","3","1","0","1","1","0","0"
"POINT (8.665985478000039 50.147849290000067)","Unfall 31381 (2017) Kat:3, Licht: 0","31381","3","6","2","05","11","3","0","0","0","1","0","1"
"POINT (8.692583109000054 50.107423803000074)","Unfall 31382 (2017) Kat:3, Licht: 0","31382","3","6","3","05","12","3","0","0","1","1","0","0"
"POINT (8.684834213000045 50.137952690000077)","Unfall 31385 (2017) Kat:3, Licht: 0","31385","3","7","5","06","11","5","0","0","0","1","0","1"
"POINT (8.729896726000050 50.130014635000066)","Unfall 31445 (2017) Kat:3, Licht: 0","31445","3","6","2","06","19","5","0","0","0","1","0","0"
"POINT (8.715792587000067 50.137646653000047)","Unfall 31458 (2017) Kat:3, Licht: 0","31458","3","7","8","05","18","3","0","0","0","1","0","0"
"POINT (8.652200278000066 50.132149421000065)","Unfall 31459 (2017) Kat:3, Licht: 0","31459","3","6","2","06","18","5","0","0","0","1","0","0"
"POINT (8.636047141000063 50.080442239000035)","Unfall 31487 (2017) Kat:3, Licht: 2","31487","3","1","8","05","01","2","1","2","0","1","0","0"
"POINT (8.634338172000071 50.092177719000063)","Unfall 31488 (2017) Kat:3, Licht: 0","31488","3","3","5","05","19","2","0","0","0","1","0","0"
"POINT (8.675838192000072 50.149726285000042)","Unfall 31494 (2017) Kat:3, Licht: 0","31494","3","6","2","06","18","4","0","0","0","1","0","0"
"POINT (8.709701111000072 50.105225171000029)","Unfall 31495 (2017) Kat:2, Licht: 0","31495","2","6","4","06","18","4","0","0","1","0","0","0"
"POINT (8.671943460000023 50.089653043000055)","Unfall 31496 (2017) Kat:3, Licht: 0","31496","3","3","6","06","18","4","0","0","0","1","1","0"
"POINT (8.662318846000062 50.131300339000063)","Unfall 31502 (2017) Kat:3, Licht: 0","31502","3","3","5","05","14","2","0","0","1","1","0","0"
"POINT (8.590037299000073 50.132509707000054)","Unfall 31554 (2017) Kat:3, Licht: 0","31554","3","6","3","05","15","2","0","0","0","1","0","0"
"POINT (8.640075472000035 50.197902085000067)","Unfall 31557 (2017) Kat:3, Licht: 0","31557","3","6","2","05","15","2","0","0","0","1","0","0"
"POINT (8.725997191000033 50.123076871000080)","Unfall 31577 (2017) Kat:3, Licht: 0","31577","3","6","2","05","16","1","0","0","0","1","0","0"
"POINT (8.719370281000067 50.064478633000078)","Unfall 31590 (2017) Kat:3, Licht: 0","31590","3","6","2","06","16","4","0","0","0","1","0","0"
"POINT (8.709795000000042 50.121816261000049)","Unfall 31627 (2017) Kat:2, Licht: 0","31627","2","7","0","06","18","3","1","0","1","0","0","0"
"POINT (8.704393843000048 50.111294493000059)","Unfall 31628 (2017) Kat:3, Licht: 0","31628","3","2","3","06","06","3","0","0","1","1","0","0"
"POINT (8.679901193000035 50.111312538000050)","Unfall 31635 (2017) Kat:3, Licht: 0","31635","3","3","5","06","10","3","1","0","1","1","0","0"
"POINT (8.617928608000057 50.132754266000063)","Unfall 31646 (2017) Kat:2, Licht: 0","31646","2","3","5","05","07","7","0","0","1","1","0","0"
"POINT (8.711421050000070 50.105189939000070)","Unfall 31647 (2017) Kat:3, Licht: 2","31647","3","6","6","05","01","7","0","2","1","0","1","0"
"POINT (8.549346971000034 50.121063706000029)","Unfall 31651 (2017) Kat:3, Licht: 0","31651","3","6","2","06","15","5","0","0","0","1","0","0"
"POINT (8.719850316000077 50.064508331000070)","Unfall 31677 (2017) Kat:3, Licht: 0","31677","3","6","2","06","07","5","0","0","0","1","0","0"
"POINT (8.595411089000038 50.053207286000031)","Unfall 31726 (2017) Kat:3, Licht: 0","31726","3","6","2","06","15","3","0","0","0","1","0","0"
"POINT (8.565933199000028 50.119031884000037)","Unfall 31740 (2017) Kat:2, Licht: 0","31740","2","2","5","05","07","6","0","0","0","1","0","1"
"POINT (8.694303575000049 50.109126978000063)","Unfall 31741 (2017) Kat:3, Licht: 0","31741","3","3","5","05","10","6","0","0","1","0","0","1"
"POINT (8.681735585000070 50.111719799000070)","Unfall 31744 (2017) Kat:3, Licht: 0","31744","3","6","3","05","19","6","0","0","1","1","0","0"
"POINT (8.669219562000023 50.088583416000063)","Unfall 31749 (2017) Kat:3, Licht: 0","31749","3","6","2","06","20","2","0","0","0","1","0","1"
"POINT (8.665065466000044 50.104115619000027)","Unfall 31754 (2017) Kat:3, Licht: 2","31754","3","6","2","06","23","2","0","2","0","1","0","0"
"POINT (8.692621211000073 50.101030872000081)","Unfall 31781 (2017) Kat:3, Licht: 0","31781","3","6","3","05","20","4","0","0","0","1","0","0"
"POINT (8.655316637000055 50.100076530000081)","Unfall 31799 (2017) Kat:3, Licht: 0","31799","3","7","3","06","10","6","0","0","0","1","0","0"
"POINT (8.692485010000041 50.107034300000066)","Unfall 31808 (2017) Kat:3, Licht: 1","31808","3","3","5","05","21","4","0","1","1","0","0","0"
"POINT (8.633358351000027 50.102015541000071)","Unfall 31810 (2017) Kat:2, Licht: 2","31810","2","3","5","05","04","4","0","2","1","1","0","0"
"POINT (8.597663330000046 50.116434672000025)","Unfall 31814 (2017) Kat:2, Licht: 0","31814","2","6","3","06","10","2","0","0","0","1","0","0"
"POINT (8.575696604000029 50.053146311000035)","Unfall 31819 (2017) Kat:3, Licht: 0","31819","3","6","0","06","14","1","0","0","0","1","0","0"
"POINT (8.691537535000066 50.100622614000031)","Unfall 31820 (2017) Kat:3, Licht: 2","31820","3","2","5","06","04","1","1","2","0","1","0","0"
"POINT (8.549348859000077 50.079018123000026)","Unfall 31821 (2017) Kat:3, Licht: 0","31821","3","3","5","06","08","6","0","0","0","1","0","0"
"POINT (8.699254157000041 50.084192154000050)","Unfall 31822 (2017) Kat:3, Licht: 0","31822","3","6","2","05","13","5","0","0","0","1","0","0"
"POINT (8.664708152000060 50.107295406000048)","Unfall 31824 (2017) Kat:2, Licht: 2","31824","2","4","6","06","00","1","1","2","0","1","1","0"
"POINT (8.684977342000025 50.061332018000030)","Unfall 31870 (2017) Kat:3, Licht: 0","31870","3","1","9","06","05","1","1","0","0","1","0","0"
"POINT (8.598788410000054 50.114704226000072)","Unfall 31871 (2017) Kat:3, Licht: 0","31871","3","6","2","06","18","1","0","0","0","1","0","0"
"POINT (8.684272188000023 50.061332622000066)","Unfall 31875 (2017) Kat:3, Licht: 2","31875","3","1","9","06","03","1","1","2","0","1","0","0"
"POINT (8.709908559000041 50.131500875000029)","Unfall 31900 (2017) Kat:3, Licht: 0","31900","3","1","0","06","16","7","1","0","0","0","0","1"
"POINT (8.680597090000049 50.111476580000044)","Unfall 31901 (2017) Kat:3, Licht: 0","31901","3","7","4","06","12","7","0","0","0","1","0","1"
"POINT (8.694423705000077 50.109160531000043)","Unfall 31926 (2017) Kat:3, Licht: 0","31926","3","2","3","05","18","4","0","0","1","0","0","0"
"POINT (8.726569521000045 50.122833655000079)","Unfall 31931 (2017) Kat:3, Licht: 0","31931","3","1","8","05","13","4","0","0","0","1","0","0"
"POINT (8.732271251000043 50.130973610000069)","Unfall 31947 (2017) Kat:3, Licht: 0","31947","3","6","2","06","11","7","0","0","0","1","0","0"
"POINT (8.726351599000054 50.124953312000059)","Unfall 31958 (2017) Kat:3, Licht: 0","31958","3","3","3","06","14","7","1","0","0","1","0","0"
"POINT (8.695514137000032 50.136719476000053)","Unfall 31991 (2017) Kat:3, Licht: 0","31991","3","3","5","06","19","6","0","0","1","1","0","0"
"POINT (8.729018422000024 50.117603562000056)","Unfall 31993 (2017) Kat:3, Licht: 0","31993","3","7","0","06","16","6","0","0","1","0","0","0"
"POINT (8.652151162000052 50.106077783000046)","Unfall 31994 (2017) Kat:3, Licht: 0","31994","3","2","3","06","14","6","0","0","1","1","0","0"
"POINT (8.598651634000021 50.052896459000067)","Unfall 32002 (2017) Kat:3, Licht: 0","32002","3","3","5","05","16","4","0","0","0","1","0","0"
"POINT (8.652775528000063 50.171022770000036)","Unfall 32003 (2017) Kat:3, Licht: 0","32003","3","6","2","05","07","4","0","0","0","1","0","0"
"POINT (8.621074671000031 50.151346264000040)","Unfall 32038 (2017) Kat:3, Licht: 0","32038","3","3","0","05","15","3","0","0","0","1","0","1"
"POINT (8.621285797000041 50.165346226000054)","Unfall 32042 (2017) Kat:3, Licht: 0","32042","3","3","5","05","12","3","0","0","0","1","0","0"
"POINT (8.630511862000049 50.115804113000081)","Unfall 32043 (2017) Kat:3, Licht: 0","32043","3","3","5","05","17","3","0","0","1","1","0","0"
"POINT (8.672207750000041 50.098821414000042)","Unfall 32046 (2017) Kat:3, Licht: 0","32046","3","6","3","05","07","3","0","0","1","0","0","0"
"POINT (8.728445412000042 50.121938963000048)","Unfall 32047 (2017) Kat:3, Licht: 0","32047","3","2","5","05","11","3","0","0","1","1","0","0"
"POINT (8.718108981000057 50.064354701000070)","Unfall 32097 (2017) Kat:3, Licht: 0","32097","3","6","2","05","08","3","0","0","0","1","0","0"
"POINT (8.720282145000056 50.064499396000031)","Unfall 32104 (2017) Kat:3, Licht: 0","32104","3","6","2","05","17","3","0","0","0","1","0","0"
"POINT (8.668487472000038 50.148459794000075)","Unfall 32131 (2017) Kat:2, Licht: 0","32131","2","3","5","05","07","2","0","0","0","1","0","1"
"POINT (8.596253964000027 50.122672963000070)","Unfall 32134 (2017) Kat:3, Licht: 0","32134","3","3","5","05","12","2","0","0","0","1","0","0"
"POINT (8.701993312000070 50.083010210000054)","Unfall 32135 (2017) Kat:3, Licht: 0","32135","3","6","2","05","08","2","0","0","0","1","0","0"
"POINT (8.749805536000054 50.121613281000066)","Unfall 32138 (2017) Kat:3, Licht: 0","32138","3","2","5","05","06","2","1","0","0","1","0","1"
"POINT (8.522035656000071 50.111906462000036)","Unfall 32139 (2017) Kat:2, Licht: 0","32139","2","3","5","06","09","5","0","0","0","1","0","0"
"POINT (8.730819391000068 50.118125686000042)","Unfall 32140 (2017) Kat:2, Licht: 0","32140","2","6","1","05","11","2","0","0","0","0","0","1"
"POINT (8.723928955000076 50.123160638000058)","Unfall 32141 (2017) Kat:2, Licht: 0","32141","2","6","3","06","10","5","0","0","0","1","0","0"
"POINT (8.731205980000027 50.118022490000044)","Unfall 32160 (2017) Kat:3, Licht: 0","32160","3","6","2","06","10","3","0","0","0","0","0","0"
"POINT (8.647240520000025 50.056815986000061)","Unfall 32166 (2017) Kat:3, Licht: 0","32166","3","6","2","06","16","3","0","0","0","1","0","0"
"POINT (8.561391698000023 50.126324058000080)","Unfall 32169 (2017) Kat:3, Licht: 0","32169","3","6","2","06","15","3","0","0","0","1","0","0"
"POINT (8.647933325000054 50.057278898000050)","Unfall 32181 (2017) Kat:2, Licht: 0","32181","2","1","9","07","13","7","0","0","0","0","0","1"
"POINT (8.536301176000052 50.116570632000048)","Unfall 32184 (2017) Kat:3, Licht: 0","32184","3","6","2","07","16","7","1","0","0","1","0","0"
"POINT (8.661816361000035 50.147139145000040)","Unfall 32194 (2017) Kat:3, Licht: 0","32194","3","7","0","06","15","2","0","0","1","0","0","0"
"POINT (8.720881249000058 50.114522583000053)","Unfall 32198 (2017) Kat:2, Licht: 0","32198","2","3","5","06","18","2","0","0","0","1","0","1"
"POINT (8.664584612000056 50.103974492000077)","Unfall 32199 (2017) Kat:3, Licht: 0","32199","3","6","3","06","17","2","0","0","0","1","0","1"
"POINT (8.761722666000026 50.130502632000059)","Unfall 32237 (2017) Kat:3, Licht: 0","32237","3","3","5","06","15","6","0","0","1","1","0","0"
"POINT (8.607073709000076 50.096725286000037)","Unfall 32269 (2017) Kat:3, Licht: 0","32269","3","1","1","07","19","1","0","0","0","1","0","0"
"POINT (8.718715449000058 50.137335107000069)","Unfall 32270 (2017) Kat:3, Licht: 0","32270","3","6","3","06","18","2","0","0","0","1","0","0"
"POINT (8.621464913000068 50.123810261000074)","Unfall 32272 (2017) Kat:3, Licht: 0","32272","3","5","1","07","15","1","1","0","0","1","0","0"
"POINT (8.584398935000024 50.133430712000063)","Unfall 32310 (2017) Kat:3, Licht: 0","32310","3","6","2","06","16","6","0","0","0","1","0","0"
"POINT (8.572055277000061 50.052697895000051)","Unfall 32311 (2017) Kat:3, Licht: 0","32311","3","6","2","06","14","6","0","0","0","1","0","0"
"POINT (8.600305633000062 50.151687626000069)","Unfall 32314 (2017) Kat:3, Licht: 0","32314","3","6","2","06","13","6","0","0","0","1","0","0"
"POINT (8.658202526000025 50.078321977000030)","Unfall 32360 (2017) Kat:3, Licht: 0","32360","3","1","4","06","09","5","1","0","0","1","0","0"
"POINT (8.655016030000070 50.079115517000048)","Unfall 32361 (2017) Kat:3, Licht: 0","32361","3","3","5","06","18","5","1","0","0","1","0","0"
"POINT (8.716982132000055 50.104831189000038)","Unfall 32363 (2017) Kat:3, Licht: 0","32363","3","6","2","06","09","5","1","0","0","0","0","1"
"POINT (8.745516050000049 50.124811505000082)","Unfall 32365 (2017) Kat:3, Licht: 0","32365","3","6","3","06","13","5","1","0","0","1","0","1"
"POINT (8.647172604000048 50.097572892000073)","Unfall 32366 (2017) Kat:3, Licht: 0","32366","3","6","2","06","19","5","1","0","0","1","0","0"
"POINT (8.663378511000076 50.108318912000072)","Unfall 32369 (2017) Kat:3, Licht: 0","32369","3","6","2","06","19","5","1","0","0","1","0","0"
"POINT (8.617911896000067 50.132769175000078)","Unfall 32379 (2017) Kat:3, Licht: 0","32379","3","3","5","06","15","4","0","0","1","1","0","0"
"POINT (8.645628774000045 50.136394794000068)","Unfall 32391 (2017) Kat:3, Licht: 0","32391","3","1","0","06","16","7","0","0","0","0","0","1"
"POINT (8.616934124000068 50.133872318000044)","Unfall 32398 (2017) Kat:2, Licht: 0","32398","2","6","0","06","14","5","0","0","0","0","0","1"
"POINT (8.772925305000058 50.165932984000051)","Unfall 32418 (2017) Kat:2, Licht: 0","32418","2","6","2","07","11","1","0","0","0","1","0","0"
"POINT (8.703467736000050 50.143722565000076)","Unfall 32481 (2017) Kat:3, Licht: 0","32481","3","6","2","06","13","5","1","0","0","1","0","0"
"POINT (8.724049678000029 50.133594151000068)","Unfall 32483 (2017) Kat:3, Licht: 2","32483","3","1","8","07","04","1","1","2","0","1","0","0"
"POINT (8.587530432000051 50.053048619000037)","Unfall 32521 (2017) Kat:3, Licht: 2","32521","3","6","2","07","22","7","1","2","0","1","0","0"
"POINT (8.574707757000056 50.123814835000076)","Unfall 32530 (2017) Kat:2, Licht: 2","32530","2","4","6","06","23","5","0","2","0","1","1","0"
"POINT (8.731454907000057 50.118980226000076)","Unfall 32534 (2017) Kat:3, Licht: 2","32534","3","3","5","06","22","5","0","2","0","1","0","0"
"POINT (8.589944270000046 50.131114113000081)","Unfall 32551 (2017) Kat:3, Licht: 2","32551","3","6","3","06","00","6","0","2","0","1","0","0"
"POINT (8.671036377000064 50.137412432000076)","Unfall 32557 (2017) Kat:3, Licht: 0","32557","3","1","0","06","15","4","1","0","0","0","0","1"
"POINT (8.695133141000042 50.132748188000051)","Unfall 32558 (2017) Kat:3, Licht: 0","32558","3","2","3","06","09","4","1","0","1","1","0","0"
"POINT (8.729188227000066 50.120730349000041)","Unfall 32559 (2017) Kat:2, Licht: 0","32559","2","6","2","06","06","4","1","0","0","1","0","0"
"POINT (8.618855240000073 50.149492566000049)","Unfall 32609 (2017) Kat:3, Licht: 2","32609","3","3","5","07","22","7","1","2","0","1","0","1"
"POINT (8.622885986000028 50.152925455000059)","Unfall 32634 (2017) Kat:3, Licht: 0","32634","3","1","9","06","19","3","0","0","0","1","0","1"
"POINT (8.605856295000024 50.104922703000057)","Unfall 32645 (2017) Kat:2, Licht: 0","32645","2","6","2","06","15","6","0","0","0","1","0","0"
"POINT (8.704798147000076 50.150226222000072)","Unfall 32668 (2017) Kat:3, Licht: 0","32668","3","1","8","07","15","7","1","0","0","1","0","0"
"POINT (8.681762464000030 50.158305059000043)","Unfall 32706 (2017) Kat:2, Licht: 0","32706","2","1","8","06","11","4","1","0","0","0","0","1"
"POINT (8.740884625000035 50.095515689000081)","Unfall 32707 (2017) Kat:3, Licht: 0","32707","3","6","2","06","17","4","1","0","0","1","0","0"
"POINT (8.751212033000059 50.144864233000078)","Unfall 32739 (2017) Kat:3, Licht: 0","32739","3","3","5","06","13","6","0","0","1","1","0","0"
"POINT (8.671886305000044 50.133394214000077)","Unfall 32749 (2017) Kat:3, Licht: 0","32749","3","5","1","06","16","3","0","0","1","1","0","0"
"POINT (8.691164463000064 50.098676180000041)","Unfall 32752 (2017) Kat:3, Licht: 0","32752","3","3","5","06","15","3","0","0","1","1","0","0"
"POINT (8.713711480000029 50.124370522000049)","Unfall 32753 (2017) Kat:3, Licht: 0","32753","3","5","0","06","08","3","0","0","1","1","0","0"
"POINT (8.668688977000045 50.141987092000079)","Unfall 32755 (2017) Kat:3, Licht: 0","32755","3","6","2","06","12","3","0","0","0","1","0","0"
"POINT (8.634237451000047 50.102099539000051)","Unfall 32756 (2017) Kat:3, Licht: 0","32756","3","7","0","06","12","3","0","0","0","0","0","0"
"POINT (8.648964581000030 50.104817966000041)","Unfall 32757 (2017) Kat:3, Licht: 1","32757","3","3","0","06","05","3","0","1","0","1","0","1"
"POINT (8.692121110000073 50.106908031000046)","Unfall 32797 (2017) Kat:3, Licht: 0","32797","3","6","2","06","11","5","0","0","0","1","0","1"
"POINT (8.642543400000022 50.056904682000038)","Unfall 32827 (2017) Kat:3, Licht: 0","32827","3","6","2","06","10","3","0","0","0","1","0","0"
"POINT (8.594133580000062 50.121846109000046)","Unfall 32828 (2017) Kat:3, Licht: 0","32828","3","6","3","06","17","3","0","0","0","1","0","0"
"POINT (8.523811237000075 50.111979501000064)","Unfall 32833 (2017) Kat:3, Licht: 0","32833","3","6","2","06","16","3","0","0","0","1","0","0"
"POINT (8.638113621000059 50.196977867000044)","Unfall 32834 (2017) Kat:3, Licht: 0","32834","3","6","3","06","08","3","0","0","0","1","0","0"
"POINT (8.519014312000024 50.110030875000064)","Unfall 32837 (2017) Kat:3, Licht: 0","32837","3","6","2","06","09","3","0","0","0","1","0","0"
"POINT (8.589998880000053 50.132725101000062)","Unfall 32851 (2017) Kat:3, Licht: 0","32851","3","6","2","06","17","5","0","0","0","1","0","0"
"POINT (8.603509095000050 50.051362897000047)","Unfall 32862 (2017) Kat:3, Licht: 0","32862","3","6","2","06","17","6","0","0","0","1","0","1"
"POINT (8.590859609000063 50.087221300000067)","Unfall 32872 (2017) Kat:3, Licht: 0","32872","3","6","2","06","08","2","0","0","0","1","0","0"
"POINT (8.705942107000055 50.145664748000058)","Unfall 32873 (2017) Kat:3, Licht: 0","32873","3","6","2","06","07","2","0","0","0","1","0","0"
"POINT (8.670247523000057 50.131677010000033)","Unfall 32874 (2017) Kat:3, Licht: 0","32874","3","6","2","06","14","2","0","0","0","1","0","0"
"POINT (8.590882428000043 50.134355821000042)","Unfall 32880 (2017) Kat:3, Licht: 0","32880","3","6","2","06","16","6","0","0","0","1","0","0"
"POINT (8.644129809000049 50.114123439000082)","Unfall 32888 (2017) Kat:3, Licht: 0","32888","3","6","3","06","14","2","0","0","0","1","0","1"
"POINT (8.685887147000074 50.112386047000030)","Unfall 32892 (2017) Kat:3, Licht: 0","32892","3","2","5","06","08","2","0","0","0","1","0","0"
"POINT (8.575829451000061 50.093418984000039)","Unfall 32923 (2017) Kat:3, Licht: 0","32923","3","6","2","06","07","4","0","0","0","1","0","1"
"POINT (8.693150759000048 50.113185429000055)","Unfall 32928 (2017) Kat:3, Licht: 0","32928","3","4","6","06","19","6","0","0","0","1","1","0"
"POINT (8.633297423000045 50.166106545000048)","Unfall 32941 (2017) Kat:2, Licht: 0","32941","2","1","9","06","17","1","0","0","0","1","0","1"
"POINT (8.638971270000070 50.147866174000058)","Unfall 32964 (2017) Kat:3, Licht: 0","32964","3","6","3","06","08","5","0","0","0","1","0","0"
"POINT (8.599847917000034 50.113073846000077)","Unfall 32977 (2017) Kat:3, Licht: 0","32977","3","6","3","06","10","2","0","0","0","1","0","0"
"POINT (8.606213483000033 50.100177567000060)","Unfall 33023 (2017) Kat:3, Licht: 0","33023","3","3","5","06","18","1","0","0","0","1","0","1"
"POINT (8.626875050000024 50.116896506000046)","Unfall 33025 (2017) Kat:3, Licht: 0","33025","3","2","5","06","15","1","0","0","1","1","0","0"
"POINT (8.553744117000065 50.112400063000052)","Unfall 33026 (2017) Kat:2, Licht: 2","33026","2","1","0","06","23","7","0","2","1","0","0","0"
"POINT (8.654434693000042 50.078633666000030)","Unfall 33030 (2017) Kat:3, Licht: 0","33030","3","7","6","06","12","1","0","0","0","1","1","0"
"POINT (8.513506785000061 50.108014513000057)","Unfall 33056 (2017) Kat:3, Licht: 0","33056","3","6","2","07","14","2","0","0","0","1","0","0"
"POINT (8.595741349000036 50.119845037000061)","Unfall 33093 (2017) Kat:3, Licht: 0","33093","3","6","3","06","09","7","0","0","0","1","0","0"
"POINT (8.555265380000037 50.123444709000069)","Unfall 33097 (2017) Kat:3, Licht: 2","33097","3","6","2","06","01","1","0","2","0","1","0","0"
"POINT (8.592322824000064 50.137867865000032)","Unfall 33131 (2017) Kat:3, Licht: 0","33131","3","6","2","07","17","4","1","0","0","1","0","0"
"POINT (8.549631698000042 50.103065954000044)","Unfall 33134 (2017) Kat:2, Licht: 0","33134","2","2","5","07","15","4","0","0","1","1","0","0"
"POINT (8.656996792000030 50.082951345000026)","Unfall 33163 (2017) Kat:3, Licht: 0","33163","3","6","2","07","15","2","0","0","0","1","0","0"
"POINT (8.669949639000038 50.096895815000039)","Unfall 33167 (2017) Kat:3, Licht: 1","33167","3","6","3","07","20","2","0","1","1","1","0","0"
"POINT (8.725638991000039 50.116140927000060)","Unfall 33168 (2017) Kat:2, Licht: 0","33168","2","2","5","07","14","2","0","0","1","1","0","0"
"POINT (8.687661480000031 50.112521854000079)","Unfall 33172 (2017) Kat:3, Licht: 0","33172","3","4","6","07","13","2","0","0","0","1","1","0"
"POINT (8.617162769000061 50.172950596000078)","Unfall 33175 (2017) Kat:2, Licht: 0","33175","2","3","5","07","14","6","0","0","0","1","0","0"
"POINT (8.695263421000050 50.132719160000079)","Unfall 33179 (2017) Kat:3, Licht: 0","33179","3","3","5","07","11","6","0","0","1","1","0","0"
"POINT (8.706207378000045 50.145979417000035)","Unfall 33196 (2017) Kat:3, Licht: 0","33196","3","6","2","07","12","6","0","0","0","1","0","0"
"POINT (8.705156167000041 50.112979082000038)","Unfall 33198 (2017) Kat:3, Licht: 0","33198","3","2","3","07","15","6","0","0","0","1","0","1"