WKT,Name,OBJECTID,UKATEGORIE,UTYP1,UART,UMONAT,USTUNDE,UWOCHENTAG,STRZUSTAND,ULICHTVERH,ISTRAD,ISTPKW,ISTFUSS,ISTKRAD
"POINT (8.572159507000038 50.053824403000078)","Unfall 35424 (2017) Kat:3, Licht: 1","35424","3","6","2","09","06","5","0","1","0","1","0","0"
"POINT (8.597189115000049 50.100296981000042)","Unfall 35448 (2017) Kat:2, Licht: 1","35448","2","3","5","09","05","4","0","1","1","1","0","0"
"POINT (8.683699830000023 50.131712909000044)","Unfall 35449 (2017) Kat:3, Licht: 0","35449","3","2","5","09","17","4","0","0","1","0","0","0"
"POINT (8.578821827000070 50.096083388000068)","Unfall 35500 (2017) Kat:3, Licht: 0","35500","3","1","8","08","14","5","0","0","0","1","0","0"
"POINT (8.609090342000059 50.126727146000064)","Unfall 35501 (2017) Kat:2, Licht: 0","35501","2","3","5","08","15","5","0","0","1","1","0","0"
"POINT (8.625237356000071 50.087892326000031)","Unfall 35502 (2017) Kat:3, Licht: 0","35502","3","2","3","08","16","5","0","0","0","1","0","1"
"POINT (8.649158120000038 50.098187545000030)","Unfall 35503 (2017) Kat:3, Licht: 0","35503","3","6","6","08","17","5","0","0","1","0","1","0"
"POINT (8.678399798000044 50.110891903000038)","Unfall 35504 (2017) Kat:3, Licht: 2","35504","3","6","2","08","23","5","0","2","0","1","0","0"
"POINT (8.485615048000057 50.097484743000052)","Unfall 35513 (2017) Kat:2, Licht: 0","35513","2","1","8","09","16","1","0","0","0","1","0","0"
"POINT (8.558591470000067 50.124901759000068)","Unfall 35574 (2017) Kat:3, Licht: 0","35574","3","6","2","09","11","1","0","0","0","1","0","0"
"POINT (8.759231864000071 50.129513999000039)","Unfall 35579 (2017) Kat:3, Licht: 1","35579","3","6","2","08","20","4","0","1","0","1","0","0"
"POINT (8.571909857000037 50.090481503000035)","Unfall 35588 (2017) Kat:3, Licht: 0","35588","3","6","2","08","11","4","0","0","0","1","0","0"
"POINT (8.549158156000033 50.120997803000080)","Unfall 35590 (2017) Kat:3, Licht: 0","35590","3","6","2","08","17","4","0","0","0","1","0","0"
"POINT (8.631826628000056 50.127608174000045)","Unfall 35606 (2017) Kat:3, Licht: 0","35606","3","3","5","08","16","3","0","0","1","1","0","0"
"POINT (8.672419297000033 50.131681405000052)","Unfall 35623 (2017) Kat:3, Licht: 0","35623","3","6","2","09","18","1","0","0","0","1","0","0"
"POINT (8.716653208000025 50.064169591000052)","Unfall 35634 (2017) Kat:3, Licht: 0","35634","3","6","3","08","16","3","0","0","0","1","0","0"
"POINT (8.645208435000029 50.201095682000073)","Unfall 35635 (2017) Kat:3, Licht: 0","35635","3","6","2","08","14","3","0","0","0","1","0","0"
"POINT (8.763887770000054 50.131386918000032)","Unfall 35649 (2017) Kat:3, Licht: 0","35649","3","6","2","08","16","2","0","0","0","1","0","0"
"POINT (8.758165756000039 50.129247324000062)","Unfall 35650 (2017) Kat:3, Licht: 0","35650","3","3","0","08","17","2","0","0","1","0","0","0"
"POINT (8.737630611000043 50.121352517000048)","Unfall 35651 (2017) Kat:3, Licht: 0","35651","3","3","5","08","18","2","0","0","1","1","0","0"
"POINT (8.666022279000060 50.148028866000061)","Unfall 35661 (2017) Kat:3, Licht: 0","35661","3","3","5","09","15","7","0","0","0","1","0","0"
"POINT (8.586198861000071 50.134312384000054)","Unfall 35664 (2017) Kat:3, Licht: 0","35664","3","6","2","09","17","4","0","0","0","1","0","0"
"POINT (8.640365490000022 50.198071295000034)","Unfall 35665 (2017) Kat:3, Licht: 0","35665","3","6","2","09","16","4","0","0","0","1","0","0"
"POINT (8.593650934000038 50.140106815000081)","Unfall 35671 (2017) Kat:3, Licht: 2","35671","3","6","2","09","04","4","0","2","0","1","0","0"
"POINT (8.587279343000034 50.117741796000075)","Unfall 35688 (2017) Kat:3, Licht: 2","35688","3","1","8","08","22","2","0","2","0","1","0","0"
"POINT (8.723584128000027 50.123021723000079)","Unfall 35691 (2017) Kat:2, Licht: 0","35691","2","6","2","09","07","6","0","0","0","1","0","1"
"POINT (8.599982124000064 50.044907516000080)","Unfall 35712 (2017) Kat:2, Licht: 0","35712","2","1","9","09","12","3","0","0","0","1","0","0"
"POINT (8.493185719000053 50.097127358000080)","Unfall 35724 (2017) Kat:2, Licht: 0","35724","2","3","5","09","10","3","0","0","0","1","0","0"
"POINT (8.697402002000047 50.109431469000072)","Unfall 35725 (2017) Kat:3, Licht: 0","35725","3","4","6","09","14","3","1","0","0","1","1","0"
"POINT (8.722905292000064 50.115211098000032)","Unfall 35726 (2017) Kat:3, Licht: 0","35726","3","2","3","09","07","3","0","0","1","1","0","0"
"POINT (8.742415516000051 50.149099574000047)","Unfall 35770 (2017) Kat:3, Licht: 0","35770","3","6","2","09","16","5","0","0","0","1","0","0"
"POINT (8.640644995000059 50.088142395000034)","Unfall 35771 (2017) Kat:3, Licht: 0","35771","3","6","4","09","14","2","0","0","1","0","0","0"
"POINT (8.675731268000050 50.132068162000053)","Unfall 35775 (2017) Kat:3, Licht: 0","35775","3","2","5","09","08","4","0","0","1","1","0","0"
"POINT (8.732772910000051 50.119230652000056)","Unfall 35781 (2017) Kat:3, Licht: 0","35781","3","3","5","09","12","2","0","0","1","1","0","0"
"POINT (8.687304238000024 50.130771794000054)","Unfall 35782 (2017) Kat:3, Licht: 0","35782","3","5","1","09","16","2","0","0","1","1","0","0"
"POINT (8.654077717000064 50.138305793000029)","Unfall 35790 (2017) Kat:2, Licht: 2","35790","2","1","9","09","21","7","0","2","0","0","0","1"
"POINT (8.674187859000028 50.100633169000048)","Unfall 35821 (2017) Kat:3, Licht: 1","35821","3","6","2","09","19","1","1","1","0","1","0","1"
"POINT (8.647039517000053 50.056635847000052)","Unfall 35851 (2017) Kat:3, Licht: 0","35851","3","6","2","09","16","1","0","0","0","1","0","0"
"POINT (8.602095382000073 50.110281181000062)","Unfall 35858 (2017) Kat:3, Licht: 0","35858","3","6","2","09","18","3","0","0","0","1","0","0"
"POINT (8.668697441000063 50.105910245000075)","Unfall 35860 (2017) Kat:3, Licht: 2","35860","3","7","1","09","07","3","0","2","0","1","0","0"
"POINT (8.691479084000036 50.086850375000040)","Unfall 35865 (2017) Kat:2, Licht: 2","35865","2","4","6","09","19","4","0","2","0","1","1","0"
"POINT (8.703257734000033 50.121204585000044)","Unfall 35893 (2017) Kat:3, Licht: 0","35893","3","6","3","09","11","7","0","0","0","1","0","0"
"POINT (8.565529316000038 50.084087130000057)","Unfall 35909 (2017) Kat:3, Licht: 2","35909","3","1","9","09","02","7","1","2","0","1","0","0"
"POINT (8.577810350000050 50.126047371000027)","Unfall 35910 (2017) Kat:3, Licht: 0","35910","3","6","2","09","16","7","0","0","0","1","0","0"
"POINT (8.598580205000076 50.133511576000046)","Unfall 35911 (2017) Kat:3, Licht: 0","35911","3","7","9","09","15","7","1","0","0","1","0","0"
"POINT (8.590042519000065 50.132654594000030)","Unfall 35926 (2017) Kat:2, Licht: 2","35926","2","1","1","09","21","6","0","2","0","1","0","0"
"POINT (8.737401513000066 50.100409654000032)","Unfall 35942 (2017) Kat:3, Licht: 0","35942","3","6","3","09","13","6","0","0","1","0","0","0"
"POINT (8.647267199000055 50.104146330000049)","Unfall 35943 (2017) Kat:3, Licht: 0","35943","3","2","2","09","14","6","0","0","0","1","0","1"
"POINT (8.602621061000036 50.049101176000079)","Unfall 36000 (2017) Kat:2, Licht: 2","36000","2","6","1","09","22","6","0","2","0","1","0","0"
"POINT (8.611591161000035 50.172229103000063)","Unfall 36007 (2017) Kat:3, Licht: 0","36007","3","7","0","09","13","5","0","0","0","1","0","0"
"POINT (8.483815633000063 50.091468851000059)","Unfall 36016 (2017) Kat:3, Licht: 0","36016","3","6","2","09","13","6","0","0","0","1","0","0"
"POINT (8.616884874000050 50.091845118000037)","Unfall 36017 (2017) Kat:3, Licht: 2","36017","3","1","9","09","01","6","1","2","0","1","0","0"
"POINT (8.528457088000039 50.107552114000043)","Unfall 36026 (2017) Kat:3, Licht: 0","36026","3","3","5","09","16","5","1","0","1","1","0","0"
"POINT (8.616224048000049 50.100423558000045)","Unfall 36028 (2017) Kat:3, Licht: 0","36028","3","3","5","09","16","5","0","0","1","1","0","0"
"POINT (8.706073109000045 50.145820145000073)","Unfall 36030 (2017) Kat:3, Licht: 0","36030","3","6","2","09","13","5","1","0","0","1","0","0"
"POINT (8.708182210000075 50.126292382000031)","Unfall 36033 (2017) Kat:3, Licht: 2","36033","3","6","2","09","20","5","1","2","0","1","0","0"
"POINT (8.661901843000067 50.108926286000042)","Unfall 36036 (2017) Kat:3, Licht: 1","36036","3","6","2","09","19","5","1","1","1","1","0","0"
"POINT (8.696667617000060 50.136091435000026)","Unfall 36059 (2017) Kat:3, Licht: 1","36059","3","2","3","09","19","7","0","1","1","1","0","0"
"POINT (8.766191038000045 50.159372493000035)","Unfall 36081 (2017) Kat:3, Licht: 0","36081","3","6","3","09","07","5","1","0","0","1","0","1"
"POINT (8.604675568000062 50.053697186000079)","Unfall 36102 (2017) Kat:3, Licht: 0","36102","3","6","3","09","11","5","1","0","0","1","0","0"
"POINT (8.720006150000074 50.064505107000059)","Unfall 36103 (2017) Kat:3, Licht: 0","36103","3","6","2","09","17","5","1","0","0","1","0","0"
"POINT (8.523602027000038 50.111176392000061)","Unfall 36117 (2017) Kat:3, Licht: 0","36117","3","3","5","09","12","4","1","0","0","1","0","0"
"POINT (8.666049213000065 50.148003243000062)","Unfall 36119 (2017) Kat:3, Licht: 2","36119","3","2","5","09","23","4","1","2","0","1","0","0"
"POINT (8.664983894000045 50.104103538000061)","Unfall 36121 (2017) Kat:3, Licht: 0","36121","3","3","5","09","16","4","0","0","0","1","0","0"
"POINT (8.629142270000045 50.188023469000029)","Unfall 36126 (2017) Kat:3, Licht: 0","36126","3","6","2","09","08","4","0","0","0","1","0","0"
"POINT (8.694421500000033 50.109160483000039)","Unfall 36128 (2017) Kat:3, Licht: 0","36128","3","2","3","09","17","4","0","0","1","1","0","0"
"POINT (8.683931704000031 50.131695318000027)","Unfall 36129 (2017) Kat:3, Licht: 0","36129","3","2","5","09","15","4","1","0","0","1","0","0"
"POINT (8.535817153000039 50.116393812000069)","Unfall 36142 (2017) Kat:3, Licht: 0","36142","3","6","2","09","15","6","0","0","0","1","0","0"
"POINT (8.644868528000075 50.096859579000068)","Unfall 36170 (2017) Kat:3, Licht: 0","36170","3","4","6","09","08","2","0","0","0","1","1","0"
"POINT (8.726273534000029 50.106269702000077)","Unfall 36182 (2017) Kat:3, Licht: 0","36182","3","6","3","09","16","2","0","0","0","0","0","1"
"POINT (8.669460898000068 50.162624985000036)","Unfall 36195 (2017) Kat:3, Licht: 0","36195","3","1","8","09","14","4","1","0","0","1","0","0"
"POINT (8.691299369000035 50.101174713000034)","Unfall 36204 (2017) Kat:3, Licht: 2","36204","3","6","2","09","20","3","0","2","0","1","0","0"
"POINT (8.667921789000047 50.145394194000062)","Unfall 36221 (2017) Kat:3, Licht: 0","36221","3","3","5","09","18","1","0","0","1","1","0","0"
"POINT (8.623464804000037 50.188266106000071)","Unfall 36223 (2017) Kat:3, Licht: 0","36223","3","6","2","09","18","2","0","0","0","1","0","0"
"POINT (8.646754151000039 50.056076795000081)","Unfall 36258 (2017) Kat:3, Licht: 0","36258","3","6","2","09","14","3","1","0","0","1","0","0"
"POINT (8.606693181000026 50.057734760000073)","Unfall 36277 (2017) Kat:3, Licht: 0","36277","3","6","3","09","10","4","0","0","0","1","0","0"
"POINT (8.640265367000040 50.198236819000044)","Unfall 36281 (2017) Kat:3, Licht: 0","36281","3","3","5","09","07","4","0","0","0","1","0","0"
"POINT (8.607720723000057 50.059790744000054)","Unfall 36284 (2017) Kat:3, Licht: 0","36284","3","6","3","09","06","4","0","0","0","1","0","0"
"POINT (8.732737405000023 50.119436246000078)","Unfall 36300 (2017) Kat:3, Licht: 0","36300","3","6","2","09","16","7","0","0","0","1","0","1"
"POINT (8.629629841000053 50.115300567000077)","Unfall 36304 (2017) Kat:3, Licht: 0","36304","3","6","2","09","08","2","1","0","0","1","0","0"
"POINT (8.727469401000064 50.116851136000037)","Unfall 36305 (2017) Kat:3, Licht: 0","36305","3","2","3","09","08","2","1","0","1","0","0","0"
"POINT (8.670258300000057 50.138699813000073)","Unfall 36319 (2017) Kat:2, Licht: 2","36319","2","3","5","09","20","1","0","2","1","1","0","0"
"POINT (8.558115042000054 50.022400745000027)","Unfall 36321 (2017) Kat:3, Licht: 2","36321","3","2","5","09","00","3","1","2","1","0","0","0"
"POINT (8.659475848000056 50.207213963000072)","Unfall 36353 (2017) Kat:3, Licht: 0","36353","3","6","2","10","17","4","0","0","0","1","0","0"
"POINT (8.659689301000071 50.088060308000081)","Unfall 36355 (2017) Kat:3, Licht: 0","36355","3","6","2","10","09","4","0","0","0","1","0","0"
"POINT (8.709276776000024 50.111425891000067)","Unfall 36357 (2017) Kat:3, Licht: 1","36357","3","6","2","10","18","4","0","1","0","1","0","0"
"POINT (8.655353424000055 50.100087789000042)","Unfall 36359 (2017) Kat:3, Licht: 0","36359","3","3","5","10","13","4","0","0","1","1","0","0"
"POINT (8.705153751000069 50.144321539000032)","Unfall 36387 (2017) Kat:3, Licht: 0","36387","3","6","2","10","12","1","0","0","0","1","0","0"
"POINT (8.652667737000058 50.112867506000043)","Unfall 36408 (2017) Kat:3, Licht: 0","36408","3","5","1","10","09","7","0","0","1","1","0","0"
"POINT (8.738057350000076 50.131354886000054)","Unfall 36453 (2017) Kat:3, Licht: 0","36453","3","2","5","10","14","7","0","0","1","1","0","0"
"POINT (8.567830635000064 50.120701198000063)","Unfall 36456 (2017) Kat:3, Licht: 2","36456","3","2","5","10","23","3","0","2","0","1","0","1"
"POINT (8.703476170000045 50.143275133000031)","Unfall 36457 (2017) Kat:3, Licht: 0","36457","3","2","5","10","15","3","1","0","0","1","0","0"
"POINT (8.676625498000021 50.170729767000068)","Unfall 36526 (2017) Kat:3, Licht: 1","36526","3","1","4","10","17","2","1","1","0","1","0","0"
"POINT (8.649235755000063 50.161179635000053)","Unfall 36527 (2017) Kat:2, Licht: 0","36527","2","1","0","10","13","2","1","0","0","0","0","1"
"POINT (8.573664661000066 50.090022264000027)","Unfall 36528 (2017) Kat:3, Licht: 0","36528","3","1","8","10","17","2","1","0","0","0","0","0"
"POINT (8.715200325000069 50.123945856000034)","Unfall 36529 (2017) Kat:3, Licht: 0","36529","3","1","1","10","11","2","1","0","0","1","0","0"
"POINT (8.664609805000055 50.104267965000076)","Unfall 36530 (2017) Kat:3, Licht: 0","36530","3","6","1","10","12","2","1","0","0","1","0","0"
"POINT (8.613363440000057 50.056488602000059)","Unfall 36550 (2017) Kat:3, Licht: 2","36550","3","6","2","10","20","6","0","2","0","1","0","0"
"POINT (8.735023080000076 50.111583296000049)","Unfall 36551 (2017) Kat:3, Licht: 0","36551","3","6","2","10","16","6","0","0","0","1","0","0"
"POINT (8.654538314000035 50.078714518000027)","Unfall 36623 (2017) Kat:3, Licht: 0","36623","3","3","5","10","11","1","0","0","1","1","0","0"
"POINT (8.613263711000059 50.115045247000069)","Unfall 36636 (2017) Kat:3, Licht: 2","36636","3","1","9","10","00","5","0","2","0","0","0","1"
"POINT (8.546762238000042 50.120161505000056)","Unfall 36637 (2017) Kat:3, Licht: 0","36637","3","6","2","10","10","5","0","0","0","1","0","0"
"POINT (8.588220774000035 50.053443463000065)","Unfall 36638 (2017) Kat:3, Licht: 0","36638","3","6","2","10","09","5","0","0","0","1","0","0"
"POINT (8.587477514000057 50.053493395000032)","Unfall 36639 (2017) Kat:3, Licht: 0","36639","3","6","2","10","09","5","0","0","0","1","0","0"
"POINT (8.678627482000024 50.105738820000056)","Unfall 36644 (2017) Kat:3, Licht: 0","36644","3","1","1","10","15","4","0","0","0","1","0","0"
"POINT (8.601306167000075 50.112333292000073)","Unfall 36649 (2017) Kat:3, Licht: 0","36649","3","1","9","10","17","1","0","0","0","0","0","1"
"POINT (8.650406741000040 50.105388123000068)","Unfall 36658 (2017) Kat:3, Licht: 2","36658","3","4","6","10","19","4","0","2","1","0","1","0"
"POINT (8.761670231000039 50.116074231000027)","Unfall 36665 (2017) Kat:3, Licht: 1","36665","3","6","2","09","18","7","1","1","0","1","0","0"
"POINT (8.732350628000063 50.119238481000082)","Unfall 36666 (2017) Kat:3, Licht: 1","36666","3","6","2","09","18","7","1","1","0","1","0","0"
"POINT (8.483621810000045 50.091997215000049)","Unfall 36694 (2017) Kat:3, Licht: 2","36694","3","6","2","10","21","4","0","2","0","1","0","0"
"POINT (8.626793921000058 50.190219016000071)","Unfall 36695 (2017) Kat:3, Licht: 1","36695","3","6","2","10","18","4","0","1","0","1","0","0"
"POINT (8.584617221000030 50.052991415000065)","Unfall 36697 (2017) Kat:3, Licht: 2","36697","3","6","2","10","00","3","0","2","0","1","0","0"
"POINT (8.662930040000049 50.147339253000041)","Unfall 36720 (2017) Kat:3, Licht: 1","36720","3","3","5","10","07","3","1","1","1","1","0","0"
"POINT (8.536648632000038 50.116697561000080)","Unfall 36749 (2017) Kat:3, Licht: 0","36749","3","6","2","09","15","7","0","0","0","1","0","0"
"POINT (8.677460075000056 50.167179792000070)","Unfall 36798 (2017) Kat:2, Licht: 0","36798","2","4","6","09","08","6","1","0","0","1","1","0"
"POINT (8.651547363000077 50.140614928000048)","Unfall 36800 (2017) Kat:3, Licht: 1","36800","3","1","0","09","06","6","1","1","0","0","0","1"
"POINT (8.660295042000030 50.076480859000071)","Unfall 36802 (2017) Kat:3, Licht: 2","36802","3","6","2","09","06","6","1","2","0","1","0","0"
"POINT (8.670454858000028 50.097480107000081)","Unfall 36804 (2017) Kat:3, Licht: 2","36804","3","3","5","09","21","6","0","2","1","1","0","0"
"POINT (8.672465380000062 50.090210936000062)","Unfall 36806 (2017) Kat:3, Licht: 0","36806","3","6","2","09","18","6","0","0","0","1","0","0"
"POINT (8.693356780000045 50.129306179000082)","Unfall 36807 (2017) Kat:3, Licht: 0","36807","3","6","2","09","16","6","0","0","0","1","0","0"
"POINT (8.703597758000058 50.111127603000057)","Unfall 36808 (2017) Kat:2, Licht: 2","36808","2","7","6","09","23","6","0","2","0","1","1","0"
"POINT (8.736621571000057 50.121046955000054)","Unfall 36809 (2017) Kat:3, Licht: 0","36809","3","2","5","09","13","6","0","0","1","1","0","0"
"POINT (8.647333092000054 50.104172857000037)","Unfall 36810 (2017) Kat:3, Licht: 0","36810","3","2","5","09","07","6","1","0","1","1","0","0"
"POINT (8.666002911000021 50.148047332000033)","Unfall 36820 (2017) Kat:3, Licht: 0","36820","3","3","5","10","10","2","0","0","1","1","0","0"
"POINT (8.730722727000057 50.118482122000046)","Unfall 36821 (2017) Kat:3, Licht: 0","36821","3","6","2","10","14","2","0","0","0","1","0","0"
"POINT (8.677811401000042 50.105406167000069)","Unfall 36822 (2017) Kat:3, Licht: 1","36822","3","2","5","10","20","1","0","1","1","1","0","0"
"POINT (8.754394162000040 50.120050857000081)","Unfall 36823 (2017) Kat:3, Licht: 2","36823","3","2","5","10","22","2","0","2","1","1","0","0"
"POINT (8.534789383000032 50.076700652000056)","Unfall 36853 (2017) Kat:3, Licht: 2","36853","3","7","0","10","19","2","0","2","0","1","0","0"
"POINT (8.607580077000023 50.165347777000079)","Unfall 36854 (2017) Kat:2, Licht: 2","36854","2","6","2","10","22","2","0","2","0","1","0","0"
"POINT (8.592917736000061 50.133708626000043)","Unfall 36856 (2017) Kat:3, Licht: 0","36856","3","6","3","10","12","2","0","0","0","1","0","0"
"POINT (8.710361110000065 50.063061540000035)","Unfall 36858 (2017) Kat:3, Licht: 1","36858","3","6","2","10","18","2","0","1","0","1","0","0"
"POINT (8.632339957000056 50.054198616000065)","Unfall 36907 (2017) Kat:3, Licht: 0","36907","3","6","2","09","17","6","0","0","0","1","0","0"
"POINT (8.563334769000051 50.126873969000030)","Unfall 36911 (2017) Kat:3, Licht: 0","36911","3","6","2","09","10","6","0","0","0","1","0","0"
"POINT (8.604658429000040 50.053662888000076)","Unfall 36912 (2017) Kat:3, Licht: 2","36912","3","6","2","09","20","6","0","2","0","1","0","0"
"POINT (8.699319661000061 50.125000821000071)","Unfall 36926 (2017) Kat:3, Licht: 0","36926","3","3","5","10","09","5","0","0","1","1","0","0"
"POINT (8.702070234000075 50.203360707000058)","Unfall 36941 (2017) Kat:3, Licht: 0","36941","3","6","2","10","14","7","0","0","0","1","0","0"
"POINT (8.752026613000055 50.127040197000042)","Unfall 36942 (2017) Kat:3, Licht: 0","36942","3","6","2","10","16","7","1","0","0","1","0","0"
"POINT (8.730319438000038 50.119182310000042)","Unfall 36943 (2017) Kat:3, Licht: 1","36943","3","6","2","10","19","5","1","1","0","1","0","0"
"POINT (8.746706493000033 50.139242101000036)","Unfall 36971 (2017) Kat:3, Licht: 2","36971","3","6","2","10","23","7","0","2","0","1","0","0"
"POINT (8.663093135000054 50.108394062000059)","Unfall 37014 (2017) Kat:3, Licht: 0","37014","3","6","2","10","16","6","0","0","0","1","0","0"
"POINT (8.705587371000036 50.145792218000054)","Unfall 37045 (2017) Kat:3, Licht: 2","37045","3","6","2","11","16","2","1","2","0","1","0","0"
"POINT (8.605003001000057 50.055685179000079)","Unfall 37077 (2017) Kat:3, Licht: 0","37077","3","1","8","10","11","4","0","0","0","1","0","0"
"POINT (8.530460007000045 50.114245985000082)","Unfall 37078 (2017) Kat:3, Licht: 1","37078","3","6","3","10","06","4","1","1","0","1","0","0"
"POINT (8.549141714000029 50.121176143000071)","Unfall 37079 (2017) Kat:3, Licht: 0","37079","3","6","2","10","10","4","0","0","0","1","0","0"
"POINT (8.647931572000061 50.132677231000059)","Unfall 37110 (2017) Kat:3, Licht: 2","37110","3","1","8","11","06","1","1","2","0","1","0","0"
"POINT (8.643597545000034 50.199834387000067)","Unfall 37120 (2017) Kat:3, Licht: 1","37120","3","6","2","10","19","6","0","1","0","1","0","0"
"POINT (8.582975311000041 50.121287904000042)","Unfall 37122 (2017) Kat:3, Licht: 1","37122","3","6","2","10","19","6","0","1","0","1","0","0"
"POINT (8.565500927000073 50.051639236000028)","Unfall 37123 (2017) Kat:3, Licht: 2","37123","3","6","2","10","18","6","0","2","0","1","0","0"
"POINT (8.745557456000029 50.159530226000072)","Unfall 37175 (2017) Kat:3, Licht: 0","37175","3","2","2","11","10","7","0","0","0","1","0","0"
"POINT (8.743186637000065 50.158930267000073)","Unfall 37177 (2017) Kat:3, Licht: 2","37177","3","6","2","11","18","7","0","2","0","1","0","0"
"POINT (8.607166267000025 50.093340422000040)","Unfall 37196 (2017) Kat:3, Licht: 0","37196","3","3","5","11","11","6","0","0","1","1","0","0"
"POINT (8.653203731000076 50.073995870000033)","Unfall 37197 (2017) Kat:3, Licht: 2","37197","3","6","2","11","23","6","0","2","0","1","0","0"
"POINT (8.730536338000036 50.118603459000042)","Unfall 37198 (2017) Kat:2, Licht: 0","37198","2","3","5","11","15","6","0","0","0","1","0","1"
"POINT (8.653829822000034 50.121166511000069)","Unfall 37199 (2017) Kat:3, Licht: 0","37199","3","6","2","11","14","6","0","0","0","1","0","0"
"POINT (8.681104063000021 50.106734785000071)","Unfall 37202 (2017) Kat:3, Licht: 0","37202","3","6","2","10","14","2","1","0","0","1","0","1"
"POINT (8.706145956000057 50.145906556000057)","Unfall 37216 (2017) Kat:3, Licht: 0","37216","3","6","2","10","13","2","0","0","0","0","0","0"
"POINT (8.735766544000057 50.120692843000029)","Unfall 37217 (2017) Kat:3, Licht: 0","37217","3","3","5","10","17","2","0","0","1","1","0","0"
"POINT (8.659188259000075 50.110231322000061)","Unfall 37218 (2017) Kat:3, Licht: 2","37218","3","6","2","10","19","5","0","2","0","1","0","0"
"POINT (8.703326838000066 50.143772779000074)","Unfall 37233 (2017) Kat:3, Licht: 2","37233","3","6","2","11","18","6","0","2","0","1","0","0"
"POINT (8.733001651000052 50.116088263000051)","Unfall 37234 (2017) Kat:2, Licht: 2","37234","2","6","2","11","18","6","0","2","0","1","0","0"
"POINT (8.594517720000056 50.121723227000075)","Unfall 37238 (2017) Kat:2, Licht: 0","37238","2","6","2","11","11","6","0","0","0","0","0","0"
"POINT (8.545426545000055 50.119695245000059)","Unfall 37240 (2017) Kat:3, Licht: 0","37240","3","6","2","11","08","6","0","0","0","1","0","0"
"POINT (8.652326537000022 50.124908623000067)","Unfall 37251 (2017) Kat:2, Licht: 0","37251","2","6","4","11","14","5","0","0","1","0","0","0"
"POINT (8.698515082000029 50.139548537000053)","Unfall 37279 (2017) Kat:3, Licht: 0","37279","3","4","0","11","14","2","0","0","0","0","1","0"
"POINT (8.580266941000048 50.131771157000060)","Unfall 37297 (2017) Kat:3, Licht: 2","37297","3","6","2","11","18","3","0","2","0","1","0","0"
"POINT (8.740606710000066 50.122765294000033)","Unfall 37298 (2017) Kat:2, Licht: 0","37298","2","6","2","11","10","3","0","0","0","1","0","0"
"POINT (8.593053707000024 50.058021685000028)","Unfall 37316 (2017) Kat:3, Licht: 0","37316","3","6","3","11","09","4","0","0","0","1","0","0"
"POINT (8.606083441000067 50.115054498000063)","Unfall 37322 (2017) Kat:3, Licht: 2","37322","3","6","2","11","18","5","0","2","0","1","0","0"
"POINT (8.549020044000031 50.121133675000067)","Unfall 37323 (2017) Kat:2, Licht: 2","37323","2","6","3","11","23","5","0","2","0","1","0","0"
"POINT (8.745082063000041 50.138459552000029)","Unfall 37355 (2017) Kat:2, Licht: 2","37355","2","2","5","10","18","5","0","2","0","1","0","0"
"POINT (8.637947660000066 50.154229375000057)","Unfall 37387 (2017) Kat:3, Licht: 0","37387","3","6","3","11","13","4","0","0","0","1","0","0"
"POINT (8.753608785000040 50.127712888000076)","Unfall 37388 (2017) Kat:3, Licht: 0","37388","3","2","0","11","12","4","0","0","0","1","0","0"
"POINT (8.706403636000061 50.146212218000073)","Unfall 37389 (2017) Kat:3, Licht: 2","37389","3","6","4","11","18","4","0","2","1","0","0","0"
"POINT (8.648079393000046 50.104467962000058)","Unfall 37390 (2017) Kat:3, Licht: 2","37390","3","6","1","11","18","4","0","2","0","1","0","0"
"POINT (8.650684620000050 50.204256887000042)","Unfall 37408 (2017) Kat:2, Licht: 0","37408","2","7","0","10","13","5","0","0","0","1","0","0"
"POINT (8.731987024000034 50.118312638000077)","Unfall 37415 (2017) Kat:3, Licht: 0","37415","3","6","2","10","16","7","0","0","0","1","0","0"
"POINT (8.584390456000051 50.119740144000048)","Unfall 37417 (2017) Kat:3, Licht: 0","37417","3","6","2","11","15","3","0","0","0","1","0","0"
"POINT (8.525434122000036 50.099737714000071)","Unfall 37418 (2017) Kat:3, Licht: 0","37418","3","4","6","11","07","3","0","0","0","1","1","0"
"POINT (8.505607322000060 50.097187527000074)","Unfall 37442 (2017) Kat:3, Licht: 2","37442","3","3","5","10","22","4","0","2","0","1","0","1"
"POINT (8.629916041000058 50.168114468000056)","Unfall 37455 (2017) Kat:3, Licht: 2","37455","3","6","4","10","22","4","0","2","0","1","0","0"
"POINT (8.657778380000025 50.145981237000058)","Unfall 37462 (2017) Kat:3, Licht: 0","37462","3","6","2","10","17","6","0","0","0","1","0","0"
"POINT (8.647057783000037 50.139877145000071)","Unfall 37463 (2017) Kat:3, Licht: 0","37463","3","5","1","10","11","6","1","0","1","0","0","0"
"POINT (8.654167768000036 50.078127335000033)","Unfall 37464 (2017) Kat:3, Licht: 0","37464","3","1","0","10","10","6","1","0","0","0","0","1"
"POINT (8.692189474000031 50.105831293000051)","Unfall 37465 (2017) Kat:2, Licht: 0","37465","2","7","6","10","14","6","0","0","0","1","1","0"
"POINT (8.518072021000023 50.109685924000075)","Unfall 37477 (2017) Kat:3, Licht: 0","37477","3","6","2","11","16","4","0","0","0","1","0","0"
"POINT (8.631212648000030 50.055428199000062)","Unfall 37480 (2017) Kat:3, Licht: 0","37480","3","1","8","11","12","4","0","0","0","1","0","0"
"POINT (8.641655611000033 50.198819705000062)","Unfall 37491 (2017) Kat:3, Licht: 1","37491","3","6","2","11","17","4","0","1","0","1","0","0"