WKT,Name,OBJECTID,UKATEGORIE,UTYP1,UART,UMONAT,USTUNDE,UWOCHENTAG,STRZUSTAND,ULICHTVERH,ISTRAD,ISTPKW,ISTFUSS,ISTKRAD
"POINT (8.593143573000020 50.123832699000047)","Unfall 37493 (2017) Kat:3, Licht: 0","37493","3","6","2","11","16","4","0","0","0","1","0","0"
"POINT (8.595937092000042 50.131287141000030)","Unfall 37498 (2017) Kat:2, Licht: 0","37498","2","6","2","10","08","4","1","0","0","1","0","0"
"POINT (8.730046824000056 50.118205099000079)","Unfall 37500 (2017) Kat:3, Licht: 0","37500","3","6","2","10","16","4","0","0","0","1","0","0"
"POINT (8.590977594000037 50.053587401000073)","Unfall 37522 (2017) Kat:3, Licht: 0","37522","3","6","2","10","13","6","0","0","0","1","0","0"
"POINT (8.720855046000054 50.114391759000057)","Unfall 37526 (2017) Kat:3, Licht: 0","37526","3","2","5","10","13","4","0","0","0","1","0","1"
"POINT (8.591087543000072 50.123039195000047)","Unfall 37535 (2017) Kat:2, Licht: 0","37535","2","2","5","10","09","5","0","0","1","1","0","0"
"POINT (8.645844222000051 50.114005361000068)","Unfall 37536 (2017) Kat:3, Licht: 0","37536","3","3","5","10","15","5","0","0","1","1","0","0"
"POINT (8.668592115000024 50.143912397000065)","Unfall 37537 (2017) Kat:3, Licht: 1","37537","3","7","6","10","18","5","0","1","0","1","1","0"
"POINT (8.684325949000026 50.136663525000074)","Unfall 37538 (2017) Kat:3, Licht: 0","37538","3","3","5","10","15","5","0","0","1","1","0","0"
"POINT (8.737567298000045 50.121326295000074)","Unfall 37539 (2017) Kat:3, Licht: 0","37539","3","6","2","10","14","5","0","0","0","1","0","0"
"POINT (8.550400970000055 50.046620255000050)","Unfall 37554 (2017) Kat:3, Licht: 0","37554","3","2","3","10","13","2","0","0","0","1","0","0"
"POINT (8.684207463000064 50.131598216000043)","Unfall 37573 (2017) Kat:3, Licht: 2","37573","3","2","3","11","17","2","0","2","1","1","0","0"
"POINT (8.750827295000022 50.139185857000030)","Unfall 37634 (2017) Kat:3, Licht: 0","37634","3","6","2","10","17","5","0","0","0","1","0","0"
"POINT (8.539691681000022 50.117809137000052)","Unfall 37637 (2017) Kat:3, Licht: 2","37637","3","6","2","10","19","5","0","2","0","1","0","0"
"POINT (8.631959080000058 50.101881871000046)","Unfall 37653 (2017) Kat:3, Licht: 1","37653","3","2","5","10","19","1","0","1","1","1","0","0"
"POINT (8.631490473000042 50.101837102000047)","Unfall 37656 (2017) Kat:3, Licht: 1","37656","3","2","3","10","19","1","0","1","0","1","0","0"
"POINT (8.636323588000039 50.102296537000029)","Unfall 37689 (2017) Kat:3, Licht: 2","37689","3","2","3","10","01","7","0","2","0","1","0","0"
"POINT (8.717005285000028 50.064214361000040)","Unfall 37716 (2017) Kat:3, Licht: 0","37716","3","6","2","10","07","4","0","0","0","1","0","1"
"POINT (8.598262301000034 50.133584106000058)","Unfall 37723 (2017) Kat:3, Licht: 0","37723","3","6","2","11","08","3","0","0","0","1","0","0"
"POINT (8.666811421000034 50.100891915000034)","Unfall 37726 (2017) Kat:3, Licht: 0","37726","3","6","2","11","12","3","0","0","0","1","0","0"
"POINT (8.682421942000076 50.144887733000076)","Unfall 37728 (2017) Kat:3, Licht: 0","37728","3","3","5","10","08","3","0","0","0","1","0","0"
"POINT (8.676631909000037 50.132151731000079)","Unfall 37731 (2017) Kat:3, Licht: 0","37731","3","2","3","10","14","3","0","0","1","1","0","0"
"POINT (8.600351085000057 50.045044568000037)","Unfall 37748 (2017) Kat:3, Licht: 2","37748","3","6","2","10","20","7","0","2","0","1","0","0"
"POINT (8.534334358000024 50.023765482000044)","Unfall 37749 (2017) Kat:3, Licht: 0","37749","3","6","2","10","14","6","0","0","0","1","0","0"
"POINT (8.662452605000055 50.151572125000030)","Unfall 37765 (2017) Kat:3, Licht: 1","37765","3","2","3","10","08","6","0","1","1","1","0","0"
"POINT (8.611188985000069 50.125336023000045)","Unfall 37767 (2017) Kat:3, Licht: 0","37767","3","2","6","10","11","6","0","0","0","1","1","0"
"POINT (8.546554613000069 50.120273089000079)","Unfall 37772 (2017) Kat:3, Licht: 1","37772","3","6","2","10","18","3","0","1","0","1","0","0"
"POINT (8.587128191000033 50.117654212000048)","Unfall 37773 (2017) Kat:3, Licht: 0","37773","3","6","3","10","11","3","0","0","0","1","0","0"
"POINT (8.595530049000047 50.115018090000035)","Unfall 37774 (2017) Kat:3, Licht: 0","37774","3","6","3","10","19","3","0","0","0","1","0","0"
"POINT (8.699368889000027 50.101933743000075)","Unfall 37781 (2017) Kat:3, Licht: 2","37781","3","1","0","10","23","6","0","2","1","0","0","0"
"POINT (8.723762219000037 50.159433359000047)","Unfall 37784 (2017) Kat:3, Licht: 0","37784","3","2","5","10","08","6","0","0","0","1","0","1"
"POINT (8.725247473000025 50.115885808000030)","Unfall 37786 (2017) Kat:3, Licht: 0","37786","3","7","5","10","13","6","0","0","0","1","0","0"
"POINT (8.679891020000071 50.094515261000026)","Unfall 37795 (2017) Kat:3, Licht: 1","37795","3","6","3","10","06","2","0","1","0","1","0","0"
"POINT (8.608006153000076 50.102557159000071)","Unfall 37835 (2017) Kat:3, Licht: 2","37835","3","6","3","10","19","2","0","2","0","1","0","0"
"POINT (8.549042022000037 50.121141347000048)","Unfall 37857 (2017) Kat:3, Licht: 2","37857","3","6","2","11","17","7","0","2","0","1","0","0"
"POINT (8.607529952000050 50.127842056000077)","Unfall 37871 (2017) Kat:3, Licht: 1","37871","3","6","2","12","16","3","0","1","0","1","0","0"
"POINT (8.634322473000054 50.160095733000048)","Unfall 37886 (2017) Kat:3, Licht: 2","37886","3","2","5","11","19","6","0","2","0","1","0","0"
"POINT (8.664666454000042 50.107517138000048)","Unfall 37887 (2017) Kat:3, Licht: 0","37887","3","4","6","11","15","6","0","0","0","1","1","0"
"POINT (8.728904350000050 50.129258169000082)","Unfall 37900 (2017) Kat:3, Licht: 2","37900","3","6","2","12","19","6","0","2","0","1","0","0"
"POINT (8.601191392000033 50.111450074000061)","Unfall 37912 (2017) Kat:3, Licht: 2","37912","3","6","2","12","00","6","1","2","0","1","0","0"
"POINT (8.575944047000064 50.093510733000073)","Unfall 37927 (2017) Kat:3, Licht: 2","37927","3","6","2","11","04","5","2","2","0","1","0","0"
"POINT (8.654921325000032 50.111872838000068)","Unfall 37928 (2017) Kat:3, Licht: 2","37928","3","6","2","11","16","5","1","2","0","1","0","0"
"POINT (8.652334709000058 50.140433568000049)","Unfall 37929 (2017) Kat:3, Licht: 2","37929","3","3","5","11","17","5","1","2","0","1","0","0"
"POINT (8.667830960000060 50.099970540000072)","Unfall 37931 (2017) Kat:3, Licht: 2","37931","3","2","3","11","00","5","1","2","1","1","0","0"
"POINT (8.754333713000051 50.120070747000057)","Unfall 37934 (2017) Kat:2, Licht: 0","37934","2","7","0","11","08","5","1","0","1","0","0","0"
"POINT (8.733935625000072 50.119797891000076)","Unfall 37937 (2017) Kat:3, Licht: 2","37937","3","3","5","11","18","5","1","2","1","1","0","0"
"POINT (8.740199102000076 50.122601561000067)","Unfall 37940 (2017) Kat:3, Licht: 0","37940","3","6","2","11","17","5","2","0","0","1","0","0"
"POINT (8.590528414000062 50.133367692000036)","Unfall 37986 (2017) Kat:3, Licht: 2","37986","3","6","3","11","19","6","0","2","0","1","0","0"
"POINT (8.605425801000024 50.092430108000030)","Unfall 38016 (2017) Kat:3, Licht: 0","38016","3","3","5","11","15","5","0","0","0","1","0","0"
"POINT (8.617695189000074 50.100576285000045)","Unfall 38018 (2017) Kat:3, Licht: 0","38018","3","6","2","11","13","5","0","0","0","1","0","0"
"POINT (8.665564881000023 50.093233575000056)","Unfall 38020 (2017) Kat:3, Licht: 2","38020","3","6","2","11","20","5","0","2","0","1","0","0"
"POINT (8.680860014000075 50.106655117000059)","Unfall 38027 (2017) Kat:2, Licht: 0","38027","2","3","5","11","10","5","0","0","1","1","0","0"
"POINT (8.725457451000068 50.123986306000063)","Unfall 38045 (2017) Kat:3, Licht: 2","38045","3","6","2","11","19","3","0","2","0","1","0","0"
"POINT (8.564173835000077 50.050502921000032)","Unfall 38073 (2017) Kat:3, Licht: 0","38073","3","1","8","11","09","4","1","0","0","1","0","0"
"POINT (8.691914185000030 50.104707234000045)","Unfall 38089 (2017) Kat:3, Licht: 2","38089","3","6","3","11","18","2","1","2","0","1","0","0"
"POINT (8.654747299000064 50.192044640000063)","Unfall 38092 (2017) Kat:2, Licht: 0","38092","2","1","9","11","12","3","1","0","0","1","0","0"
"POINT (8.694250496000052 50.061170776000040)","Unfall 38098 (2017) Kat:3, Licht: 0","38098","3","6","2","11","09","5","0","0","0","1","0","0"
"POINT (8.581165389000034 50.053757359000031)","Unfall 38100 (2017) Kat:3, Licht: 0","38100","3","1","9","11","13","5","0","0","0","1","0","0"
"POINT (8.713969688000077 50.152780461000077)","Unfall 38110 (2017) Kat:3, Licht: 0","38110","3","6","2","11","16","4","0","0","0","1","0","0"
"POINT (8.753147325000043 50.120461126000066)","Unfall 38138 (2017) Kat:3, Licht: 2","38138","3","6","2","11","22","4","1","2","0","1","0","0"
"POINT (8.574129019000054 50.054244152000081)","Unfall 38173 (2017) Kat:3, Licht: 2","38173","3","6","2","11","18","4","1","2","0","1","0","0"
"POINT (8.605633849000071 50.161848830000054)","Unfall 38175 (2017) Kat:2, Licht: 2","38175","2","6","2","11","17","4","0","2","0","1","0","0"
"POINT (8.561602649000065 50.126220571000033)","Unfall 38176 (2017) Kat:3, Licht: 2","38176","3","6","2","11","18","4","1","2","0","1","0","0"
"POINT (8.708199116000060 50.062829533000070)","Unfall 38177 (2017) Kat:2, Licht: 2","38177","2","6","3","11","04","4","1","2","0","1","0","0"
"POINT (8.531535651000070 50.114345725000078)","Unfall 38178 (2017) Kat:3, Licht: 1","38178","3","6","2","11","16","4","1","1","0","1","0","0"
"POINT (8.740178654000033 50.093515923000041)","Unfall 38185 (2017) Kat:3, Licht: 0","38185","3","6","2","11","07","4","0","0","0","1","0","0"
"POINT (8.692038180000054 50.159708351000063)","Unfall 38188 (2017) Kat:3, Licht: 0","38188","3","6","2","11","08","4","0","0","0","1","0","0"
"POINT (8.565654262000066 50.051206937000075)","Unfall 38196 (2017) Kat:3, Licht: 0","38196","3","6","3","11","09","3","0","0","0","1","0","0"
"POINT (8.551516941000045 50.109066793000068)","Unfall 38224 (2017) Kat:3, Licht: 0","38224","3","3","5","12","09","7","1","0","0","1","0","0"
"POINT (8.629719730000034 50.128546181000047)","Unfall 38227 (2017) Kat:3, Licht: 2","38227","3","4","6","12","22","7","1","2","0","1","1","0"
"POINT (8.607104861000039 50.144608022000057)","Unfall 38230 (2017) Kat:3, Licht: 0","38230","3","7","6","11","15","3","0","0","0","1","1","0"
"POINT (8.696821727000042 50.104760066000040)","Unfall 38231 (2017) Kat:3, Licht: 0","38231","3","6","2","11","12","3","1","0","0","1","0","0"
"POINT (8.697051517000034 50.104606012000033)","Unfall 38234 (2017) Kat:3, Licht: 0","38234","3","6","3","11","12","3","1","0","0","0","0","1"
"POINT (8.687684593000029 50.107120250000037)","Unfall 38235 (2017) Kat:2, Licht: 1","38235","2","2","6","11","06","3","1","1","0","1","1","0"
"POINT (8.694314518000056 50.109050079000042)","Unfall 38236 (2017) Kat:3, Licht: 2","38236","3","2","5","11","21","3","0","2","1","1","0","0"
"POINT (8.665091776000054 50.106301965000057)","Unfall 38237 (2017) Kat:3, Licht: 0","38237","3","6","2","11","13","3","0","0","0","1","0","0"
"POINT (8.635344555000074 50.123966630000041)","Unfall 38254 (2017) Kat:3, Licht: 2","38254","3","1","2","11","00","3","0","2","0","1","0","1"
"POINT (8.664653505000047 50.104777021000075)","Unfall 38257 (2017) Kat:3, Licht: 2","38257","3","4","6","11","20","3","0","2","0","1","1","0"
"POINT (8.666421068000034 50.101388257000053)","Unfall 38260 (2017) Kat:3, Licht: 2","38260","3","7","3","11","00","3","0","2","0","1","0","0"
"POINT (8.606524187000048 50.104247830000077)","Unfall 38285 (2017) Kat:3, Licht: 0","38285","3","6","2","11","08","3","0","0","0","1","0","0"
"POINT (8.521966647000056 50.021915491000073)","Unfall 38287 (2017) Kat:3, Licht: 0","38287","3","6","4","11","12","2","0","0","0","0","0","0"
"POINT (8.711043713000038 50.063197156000058)","Unfall 38297 (2017) Kat:3, Licht: 0","38297","3","6","2","12","10","3","0","0","0","1","0","0"
"POINT (8.692772723000076 50.128993791000028)","Unfall 38308 (2017) Kat:3, Licht: 0","38308","3","3","5","11","08","1","0","0","0","1","0","0"
"POINT (8.683704481000063 50.131711943000028)","Unfall 38317 (2017) Kat:3, Licht: 0","38317","3","6","0","12","11","3","1","0","0","1","0","1"
"POINT (8.661068021000062 50.152862505000030)","Unfall 38322 (2017) Kat:3, Licht: 0","38322","3","4","6","11","13","2","0","0","0","0","1","0"
"POINT (8.703914458000043 50.172485023000036)","Unfall 38359 (2017) Kat:3, Licht: 0","38359","3","7","0","12","10","7","1","0","0","1","0","0"
"POINT (8.640212442000063 50.198205855000026)","Unfall 38383 (2017) Kat:3, Licht: 0","38383","3","6","2","11","16","3","1","0","0","1","0","0"
"POINT (8.714775239000062 50.064079439000068)","Unfall 38387 (2017) Kat:3, Licht: 2","38387","3","6","3","11","07","3","1","2","0","1","0","0"
"POINT (8.603927575000057 50.055422777000047)","Unfall 38388 (2017) Kat:3, Licht: 0","38388","3","7","0","11","08","2","0","0","0","0","0","0"
"POINT (8.614914737000049 50.096402298000044)","Unfall 38431 (2017) Kat:3, Licht: 0","38431","3","1","9","11","07","1","1","0","0","1","0","0"
"POINT (8.530920170000059 50.114414853000028)","Unfall 38437 (2017) Kat:2, Licht: 2","38437","2","6","3","12","16","3","0","2","0","1","0","0"
"POINT (8.579336741000077 50.123569497000062)","Unfall 38438 (2017) Kat:3, Licht: 2","38438","3","3","5","11","21","2","1","2","0","1","0","0"
"POINT (8.654634564000048 50.078789642000061)","Unfall 38439 (2017) Kat:3, Licht: 0","38439","3","3","5","11","08","2","0","0","1","1","0","0"
"POINT (8.690668089000042 50.102638423000030)","Unfall 38440 (2017) Kat:3, Licht: 2","38440","3","3","5","11","18","2","1","2","0","1","0","0"
"POINT (8.705520368000066 50.120039247000079)","Unfall 38441 (2017) Kat:3, Licht: 0","38441","3","2","3","11","15","2","1","0","1","0","0","0"
"POINT (8.730527575000053 50.118671324000047)","Unfall 38442 (2017) Kat:3, Licht: 0","38442","3","6","2","11","12","2","1","0","0","1","0","0"
"POINT (8.583025977000034 50.122476411000036)","Unfall 38466 (2017) Kat:3, Licht: 0","38466","3","6","4","11","16","1","1","0","0","1","0","0"
"POINT (8.642006078000065 50.199334821000036)","Unfall 38479 (2017) Kat:3, Licht: 1","38479","3","1","9","11","16","1","1","1","0","1","0","0"
"POINT (8.595571618000065 50.139343592000046)","Unfall 38496 (2017) Kat:3, Licht: 0","38496","3","6","2","11","13","7","1","0","0","1","0","0"
"POINT (8.697816798000076 50.126039290000051)","Unfall 38500 (2017) Kat:3, Licht: 2","38500","3","3","5","12","19","2","1","2","1","1","0","0"
"POINT (8.741591541000048 50.123160885000061)","Unfall 38504 (2017) Kat:3, Licht: 2","38504","3","3","5","11","18","7","1","2","1","1","0","0"
"POINT (8.500602534000052 50.097032811000076)","Unfall 38510 (2017) Kat:3, Licht: 2","38510","3","6","2","11","18","7","0","2","1","1","0","0"
"POINT (8.697570267000060 50.137982734000047)","Unfall 38512 (2017) Kat:3, Licht: 0","38512","3","3","5","11","15","7","0","0","1","1","0","0"
"POINT (8.497727991000033 50.096955011000034)","Unfall 38515 (2017) Kat:3, Licht: 0","38515","3","3","5","12","13","2","1","0","0","1","0","0"
"POINT (8.622009428000069 50.052330023000081)","Unfall 38523 (2017) Kat:3, Licht: 2","38523","3","6","2","11","05","2","0","2","0","1","0","0"
"POINT (8.645737940000061 50.058533163000050)","Unfall 38524 (2017) Kat:3, Licht: 2","38524","3","1","9","11","05","2","0","2","0","0","0","0"
"POINT (8.602848883000036 50.132329592000076)","Unfall 38525 (2017) Kat:3, Licht: 0","38525","3","6","2","11","15","2","1","0","0","1","0","0"
"POINT (8.535758043000044 50.116372218000038)","Unfall 38572 (2017) Kat:3, Licht: 0","38572","3","6","2","11","14","7","1","0","0","1","0","0"
"POINT (8.710370033000061 50.131868959000030)","Unfall 38591 (2017) Kat:3, Licht: 0","38591","3","1","0","12","15","6","1","0","0","0","0","1"
"POINT (8.670546793000028 50.198562899000081)","Unfall 38596 (2017) Kat:2, Licht: 0","38596","2","1","0","11","14","1","1","0","0","0","0","1"
"POINT (8.606912779000027 50.144783646000064)","Unfall 38616 (2017) Kat:3, Licht: 2","38616","3","1","9","11","17","6","1","2","0","1","0","0"
"POINT (8.652645651000057 50.112877254000068)","Unfall 38618 (2017) Kat:3, Licht: 0","38618","3","5","2","11","14","6","1","0","1","1","0","0"
"POINT (8.710807700000032 50.063150266000036)","Unfall 38648 (2017) Kat:3, Licht: 0","38648","3","6","2","11","15","4","0","0","0","1","0","0"
"POINT (8.505800821000037 50.097191097000064)","Unfall 38663 (2017) Kat:3, Licht: 0","38663","3","6","2","11","15","7","0","0","0","1","0","0"
"POINT (8.749732299000073 50.121584581000036)","Unfall 38665 (2017) Kat:3, Licht: 2","38665","3","6","2","11","18","7","0","2","0","1","0","0"
"POINT (8.699003616000027 50.061483579000026)","Unfall 38682 (2017) Kat:3, Licht: 0","38682","3","6","2","12","10","3","0","0","0","0","0","0"
"POINT (8.644670031000032 50.200876549000043)","Unfall 38708 (2017) Kat:3, Licht: 2","38708","3","6","2","11","07","6","1","2","0","1","0","0"
"POINT (8.534080408000023 50.114631426000074)","Unfall 38727 (2017) Kat:3, Licht: 2","38727","3","6","2","11","22","5","0","2","0","1","0","0"
"POINT (8.607166449000033 50.100331771000072)","Unfall 38728 (2017) Kat:3, Licht: 0","38728","3","7","0","11","10","5","0","0","0","0","0","0"
"POINT (8.618172477000030 50.088135317000081)","Unfall 38737 (2017) Kat:3, Licht: 0","38737","3","6","3","11","15","6","0","0","0","1","0","0"
"POINT (8.707037547000027 50.112747072000047)","Unfall 38738 (2017) Kat:3, Licht: 2","38738","3","3","5","11","21","6","1","2","0","1","0","1"
"POINT (8.634833966000031 50.194843608000042)","Unfall 38740 (2017) Kat:3, Licht: 0","38740","3","6","2","11","09","5","0","0","0","1","0","0"
"POINT (8.562538053000026 50.099357296000051)","Unfall 38741 (2017) Kat:3, Licht: 0","38741","3","3","3","11","08","5","0","0","0","1","0","0"
"POINT (8.695265462000066 50.133122487000037)","Unfall 38743 (2017) Kat:3, Licht: 0","38743","3","2","3","11","07","5","0","0","1","0","0","0"
"POINT (8.640849491000040 50.102715904000036)","Unfall 38744 (2017) Kat:3, Licht: 2","38744","3","6","2","11","17","5","1","2","0","1","0","0"
"POINT (8.637795109000024 50.102432844000077)","Unfall 38787 (2017) Kat:3, Licht: 0","38787","3","3","5","11","11","3","1","0","0","1","0","1"
"POINT (8.525321578000046 50.112546290000068)","Unfall 38789 (2017) Kat:3, Licht: 2","38789","3","6","2","11","17","4","0","2","0","1","0","0"
"POINT (8.608993588000033 50.062338015000080)","Unfall 38795 (2017) Kat:3, Licht: 2","38795","3","6","2","11","17","5","0","2","0","1","0","0"
"POINT (8.660748281000053 50.109553003000030)","Unfall 38805 (2017) Kat:3, Licht: 2","38805","3","3","5","11","19","3","0","2","0","1","0","0"
"POINT (8.738976893000029 50.090224216000081)","Unfall 38806 (2017) Kat:3, Licht: 0","38806","3","6","2","11","07","4","0","0","0","1","0","0"
"POINT (8.555053146000034 50.113676588000033)","Unfall 38807 (2017) Kat:3, Licht: 2","38807","3","3","5","11","17","4","1","2","0","1","0","0"
"POINT (8.605448733000060 50.091805064000027)","Unfall 38809 (2017) Kat:3, Licht: 0","38809","3","3","5","11","14","4","1","0","0","1","0","0"
"POINT (8.650760224000067 50.105527913000060)","Unfall 38811 (2017) Kat:3, Licht: 2","38811","3","4","6","11","18","4","1","2","0","1","1","0"
"POINT (8.708109798000066 50.062614228000029)","Unfall 38820 (2017) Kat:3, Licht: 2","38820","3","6","2","11","06","6","1","2","0","1","0","0"
"POINT (8.566543836000051 50.119656400000054)","Unfall 38828 (2017) Kat:3, Licht: 0","38828","3","6","2","11","13","5","0","0","0","1","0","0"
"POINT (8.670005841000034 50.175024347000033)","Unfall 38829 (2017) Kat:3, Licht: 2","38829","3","3","5","11","18","5","0","2","0","1","0","0"
"POINT (8.621908902000030 50.128159058000051)","Unfall 38858 (2017) Kat:3, Licht: 0","38858","3","1","9","12","13","1","2","0","0","1","0","0"
"POINT (8.614161158000059 50.097323446000075)","Unfall 38880 (2017) Kat:3, Licht: 2","38880","3","1","8","12","07","3","0","2","0","1","0","0"
"POINT (8.646568565000052 50.201387199000067)","Unfall 38912 (2017) Kat:3, Licht: 1","38912","3","6","2","12","07","4","0","1","0","1","0","0"
"POINT (8.553192906000049 50.101523025000063)","Unfall 38939 (2017) Kat:3, Licht: 2","38939","3","2","3","12","03","7","1","2","0","1","0","0"
"POINT (8.646064176000039 50.119541201000061)","Unfall 38940 (2017) Kat:3, Licht: 2","38940","3","4","6","12","17","7","1","2","0","1","1","0"
"POINT (8.573506219000024 50.089959882000073)","Unfall 38941 (2017) Kat:3, Licht: 0","38941","3","6","3","12","12","7","0","0","0","1","0","0"
"POINT (8.621439778000024 50.184818743000051)","Unfall 38953 (2017) Kat:3, Licht: 2","38953","3","6","2","12","17","3","0","2","0","1","0","0"
"POINT (8.511207380000030 50.073978898000064)","Unfall 38970 (2017) Kat:2, Licht: 0","38970","2","1","9","12","14","1","2","0","0","1","0","0"
"POINT (8.569564928000034 50.088549105000027)","Unfall 38971 (2017) Kat:3, Licht: 0","38971","3","6","2","12","09","1","0","0","0","1","0","0"
"POINT (8.533975589000022 50.114562246000048)","Unfall 38973 (2017) Kat:3, Licht: 2","38973","3","1","8","12","07","1","0","2","0","1","0","0"
"POINT (8.740886672000045 50.095572097000058)","Unfall 38977 (2017) Kat:3, Licht: 0","38977","3","1","9","12","14","1","2","0","0","1","0","0"
"POINT (8.695135374000074 50.132754510000041)","Unfall 38998 (2017) Kat:3, Licht: 0","38998","3","2","3","12","08","6","0","0","1","1","0","0"
"POINT (8.769604391000030 50.135873105000030)","Unfall 39000 (2017) Kat:2, Licht: 0","39000","2","3","5","12","13","6","1","0","0","1","0","0"
"POINT (8.597255088000054 50.146632487000034)","Unfall 39036 (2017) Kat:3, Licht: 0","39036","3","6","2","12","15","6","1","0","0","1","0","0"
"POINT (8.546284161000074 50.103771557000073)","Unfall 39038 (2017) Kat:3, Licht: 2","39038","3","4","6","12","17","4","1","2","0","0","1","0"
"POINT (8.721726514000068 50.105171925000036)","Unfall 39043 (2017) Kat:3, Licht: 2","39043","3","3","5","12","02","7","1","2","0","1","0","0"
"POINT (8.700901476000070 50.110561570000073)","Unfall 39044 (2017) Kat:3, Licht: 0","39044","3","6","2","12","15","7","1","0","0","1","0","0"
"POINT (8.609195818000046 50.052364155000078)","Unfall 39084 (2017) Kat:3, Licht: 2","39084","3","6","2","12","17","3","1","2","0","1","0","0"
"POINT (8.604014007000046 50.054391478000070)","Unfall 39085 (2017) Kat:3, Licht: 0","39085","3","6","2","12","15","3","0","0","0","1","0","0"
"POINT (8.647778727000059 50.141935220000050)","Unfall 39120 (2017) Kat:3, Licht: 0","39120","3","6","2","12","14","3","1","0","0","1","0","0"
"POINT (8.737675975000059 50.161372999000037)","Unfall 39129 (2017) Kat:3, Licht: 0","39129","3","1","4","12","08","7","2","0","0","0","0","0"
"POINT (8.632678443000032 50.088343723000037)","Unfall 39132 (2017) Kat:3, Licht: 0","39132","3","6","2","12","15","5","1","0","0","1","0","0"
"POINT (8.714493882000056 50.064034890000073)","Unfall 39135 (2017) Kat:3, Licht: 2","39135","3","6","9","12","23","7","0","2","0","1","0","0"
"POINT (8.615802644000041 50.052559555000073)","Unfall 39136 (2017) Kat:3, Licht: 2","39136","3","6","2","12","18","7","0","2","0","1","0","0"
"POINT (8.547285208000062 50.076892009000062)","Unfall 39138 (2017) Kat:3, Licht: 2","39138","3","6","2","12","19","7","0","2","0","1","0","0"
"POINT (8.654697173000045 50.192068375000076)","Unfall 39139 (2017) Kat:3, Licht: 2","39139","3","6","2","12","17","5","1","2","0","1","0","0"
"POINT (8.631157776000066 50.101805317000071)","Unfall 39178 (2017) Kat:2, Licht: 0","39178","2","3","5","12","12","4","1","0","0","0","0","1"
"POINT (8.607212169000036 50.057172189000028)","Unfall 39208 (2017) Kat:3, Licht: 2","39208","3","6","2","12","17","4","1","2","0","1","0","0"
"POINT (8.656907499000056 50.184709162000047)","Unfall 39218 (2017) Kat:3, Licht: 0","39218","3","1","8","12","13","6","1","0","0","1","0","0"
"POINT (8.516212761000077 50.069384226000068)","Unfall 39227 (2017) Kat:3, Licht: 2","39227","3","6","4","12","22","2","1","2","0","1","0","0"
"POINT (8.656156228000043 50.135349401000042)","Unfall 39229 (2017) Kat:3, Licht: 0","39229","3","6","2","12","09","2","1","0","0","1","0","0"
"POINT (8.599113082000031 50.135321058000045)","Unfall 39273 (2017) Kat:3, Licht: 2","39273","3","4","6","12","16","2","1","2","0","0","1","1"
"POINT (8.591050445000064 50.135420642000042)","Unfall 39274 (2017) Kat:3, Licht: 2","39274","3","6","9","12","20","4","1","2","0","1","0","0"
"POINT (8.640418135000061 50.198102011000060)","Unfall 39275 (2017) Kat:3, Licht: 0","39275","3","6","2","12","12","4","1","0","0","1","0","0"
"POINT (8.665135233000058 50.131581937000078)","Unfall 39276 (2017) Kat:3, Licht: 0","39276","3","6","3","12","13","2","1","0","0","1","0","0"
"POINT (8.740093587000047 50.100126891000059)","Unfall 39277 (2017) Kat:3, Licht: 0","39277","3","6","2","12","08","4","1","0","0","1","0","0"
"POINT (8.623272449000069 50.151187249000031)","Unfall 39279 (2017) Kat:2, Licht: 0","39279","2","2","5","12","10","3","1","0","0","1","0","1"
"POINT (8.585134724000056 50.134465897000041)","Unfall 39338 (2017) Kat:3, Licht: 2","39338","3","6","2","12","18","3","1","2","0","1","0","0"
"POINT (8.632938485000068 50.078158415000075)","Unfall 39339 (2017) Kat:3, Licht: 0","39339","3","2","5","12","08","3","0","0","0","0","0","0"
"POINT (8.687013299000057 50.098475825000037)","Unfall 39341 (2017) Kat:3, Licht: 2","39341","3","4","6","12","18","3","1","2","0","1","1","0"
"POINT (8.599814015000050 50.151280122000060)","Unfall 39357 (2017) Kat:3, Licht: 0","39357","3","6","2","12","07","6","1","0","0","1","0","0"
"POINT (8.535861064000073 50.116409853000050)","Unfall 39364 (2017) Kat:3, Licht: 2","39364","3","6","2","12","19","6","1","2","0","1","0","0"
"POINT (8.598223035000046 50.147905158000071)","Unfall 39381 (2017) Kat:3, Licht: 2","39381","3","6","2","12","16","6","1","2","0","1","0","0"
"POINT (8.760078963000069 50.129943177000030)","Unfall 39385 (2017) Kat:3, Licht: 2","39385","3","6","3","12","23","1","0","2","0","1","0","0"
"POINT (8.731609888000037 50.119016303000080)","Unfall 39389 (2017) Kat:3, Licht: 0","39389","3","3","5","12","10","1","0","0","0","1","0","0"
"POINT (8.699032309000074 50.102129460000072)","Unfall 39400 (2017) Kat:3, Licht: 1","39400","3","6","2","12","18","7","1","1","0","1","0","0"
"POINT (8.691426768000042 50.100128828000038)","Unfall 39403 (2017) Kat:3, Licht: 2","39403","3","7","8","12","02","7","1","2","0","1","0","0"
"POINT (8.629784414000028 50.101674108000054)","Unfall 39406 (2017) Kat:3, Licht: 2","39406","3","6","2","12","05","7","0","2","0","1","0","0"
"POINT (8.769323240000063 50.134192903000041)","Unfall 39421 (2017) Kat:3, Licht: 2","39421","3","7","5","12","22","5","1","2","1","1","0","0"
"POINT (8.698808843000052 50.140936981000038)","Unfall 39423 (2017) Kat:3, Licht: 0","39423","3","7","3","12","13","5","0","0","0","1","0","0"