WKT,Name,OBJECTID,UKATEGORIE,UTYP1,UART,UMONAT,USTUNDE,UWOCHENTAG,STRZUSTAND,ULICHTVERH,ISTRAD,ISTPKW,ISTFUSS,ISTKRAD
"POINT (8.644775964000075 50.103083076000075)","Unfall 39425 (2017) Kat:3, Licht: 1","39425","3","2","6","12","16","4","0","1","0","1","1","0"
"POINT (8.667608274000031 50.100213104000034)","Unfall 39431 (2017) Kat:3, Licht: 2","39431","3","6","1","12","18","2","0","2","1","1","0","0"
"POINT (8.645631053000045 50.097095629000080)","Unfall 39434 (2017) Kat:3, Licht: 2","39434","3","5","1","12","17","2","1","2","0","1","0","0"
"POINT (8.665441562000069 50.185128220000081)","Unfall 39446 (2017) Kat:3, Licht: 0","39446","3","7","3","12","08","3","1","0","1","1","0","0"
"POINT (8.648082568000064 50.202874715000064)","Unfall 39467 (2017) Kat:3, Licht: 0","39467","3","6","2","12","08","2","1","0","0","1","0","0"
"POINT (8.506874566000022 50.076739622000048)","Unfall 39498 (2017) Kat:3, Licht: 2","39498","3","6","2","12","00","2","1","2","0","1","0","0"
"POINT (8.653961702000061 50.182308691000060)","Unfall 39505 (2017) Kat:3, Licht: 2","39505","3","6","2","12","17","2","1","2","0","1","0","0"
"POINT (8.710897660000057 50.105229555000051)","Unfall 39509 (2017) Kat:3, Licht: 2","39509","3","6","1","12","18","6","1","2","0","1","0","0"
"POINT (8.752884943000026 50.120547460000068)","Unfall 39514 (2017) Kat:3, Licht: 0","39514","3","3","5","12","08","6","0","0","1","0","0","0"
"POINT (8.660611080000024 50.109468824000032)","Unfall 39515 (2017) Kat:2, Licht: 2","39515","2","3","5","12","05","1","1","2","0","1","0","0"
"POINT (8.602239827000062 50.109382262000054)","Unfall 39517 (2017) Kat:3, Licht: 2","39517","3","6","3","12","07","2","1","2","0","1","0","0"
"POINT (8.609027327000035 50.062405531000081)","Unfall 39520 (2017) Kat:3, Licht: 2","39520","3","6","3","12","05","2","1","2","0","1","0","0"
"POINT (8.700820591000024 50.112866165000071)","Unfall 39522 (2017) Kat:2, Licht: 2","39522","2","4","6","12","07","3","1","2","0","1","1","0"
"POINT (8.616896275000045 50.091807495000069)","Unfall 39539 (2017) Kat:3, Licht: 2","39539","3","1","9","12","20","1","0","2","0","1","0","0"
"POINT (8.740273776000038 50.131636701000048)","Unfall 39565 (2017) Kat:3, Licht: 2","39565","3","2","5","12","17","6","1","2","0","1","0","0"
"POINT (8.706151204000037 50.145596114000057)","Unfall 39576 (2017) Kat:3, Licht: 0","39576","3","3","5","12","09","5","0","0","0","1","0","0"
"POINT (8.731704678000028 50.119038368000076)","Unfall 39579 (2017) Kat:3, Licht: 0","39579","3","6","2","12","14","5","1","0","0","1","0","0"
"POINT (8.619196075000048 50.100668964000079)","Unfall 39580 (2017) Kat:3, Licht: 2","39580","3","6","2","12","21","7","1","2","0","1","0","0"
"POINT (8.652340129000038 50.071268978000035)","Unfall 39581 (2017) Kat:3, Licht: 1","39581","3","6","2","12","18","7","0","1","0","1","0","0"
"POINT (8.605015616000060 50.160726166000074)","Unfall 39632 (2017) Kat:1, Licht: 2","39632","1","1","9","12","01","7","0","2","0","1","0","0"
"POINT (8.675478860000055 50.150325667000061)","Unfall 39645 (2017) Kat:3, Licht: 0","39645","3","6","2","12","15","4","0","0","0","1","0","0"
"POINT (8.629044366000073 50.129430356000057)","Unfall 39646 (2017) Kat:3, Licht: 0","39646","3","3","5","12","15","4","0","0","0","1","0","0"
"POINT (8.723013535000064 50.115247917000033)","Unfall 39647 (2017) Kat:3, Licht: 0","39647","3","6","2","12","13","4","0","0","0","1","0","0"
"POINT (8.693479897000032 50.129003266000041)","Unfall 39648 (2017) Kat:3, Licht: 2","39648","3","6","3","12","20","4","1","2","0","1","0","0"
"POINT (8.607145929000069 50.096067949000030)","Unfall 39677 (2017) Kat:3, Licht: 1","39677","3","4","6","12","19","4","0","1","0","1","1","0"
"POINT (8.705798365000021 50.150329888000044)","Unfall 39697 (2017) Kat:3, Licht: 2","39697","3","1","8","12","22","4","0","2","0","1","0","0"
"POINT (8.731366647000073 50.119138055000064)","Unfall 39698 (2017) Kat:3, Licht: 0","39698","3","6","2","12","11","4","0","0","0","1","0","0"
"POINT (8.594931579000047 50.114685566000048)","Unfall 39723 (2017) Kat:3, Licht: 0","39723","3","1","8","12","15","4","1","0","0","1","0","0"
"POINT (8.533389776000036 50.114288343000055)","Unfall 39724 (2017) Kat:3, Licht: 1","39724","3","6","2","12","16","4","1","1","0","1","0","0"
"POINT (8.546549778000042 50.120271402000071)","Unfall 39725 (2017) Kat:3, Licht: 0","39725","3","6","2","12","13","4","1","0","0","1","0","0"
"POINT (8.657994943000062 50.145906665000041)","Unfall 39749 (2017) Kat:3, Licht: 2","39749","3","3","5","12","18","3","0","2","1","1","0","0"
"POINT (8.674519686000053 50.125820367000074)","Unfall 139187 (2017) Kat:2, Licht: 0","139187","2","7","3","01","09","2","0","0","0","1","0","1"
"POINT (8.667439985000044 50.112388880000026)","Unfall 139212 (2017) Kat:3, Licht: 0","139212","3","4","6","01","15","6","0","0","0","1","1","0"
"POINT (8.687244453000062 50.098605260000056)","Unfall 139220 (2017) Kat:2, Licht: 0","139220","2","4","6","01","09","6","0","0","0","1","1","0"
"POINT (8.695780296000066 50.112322743000050)","Unfall 139222 (2017) Kat:2, Licht: 2","139222","2","1","8","01","06","1","2","2","0","0","0","0"
"POINT (8.687957592000032 50.112576367000031)","Unfall 139346 (2017) Kat:3, Licht: 1","139346","3","2","5","01","08","2","2","1","0","1","0","0"
"POINT (8.547855218000052 50.099968860000047)","Unfall 139360 (2017) Kat:3, Licht: 0","139360","3","1","9","01","09","1","2","0","0","1","0","0"
"POINT (8.536203148000027 50.114509533000046)","Unfall 139361 (2017) Kat:3, Licht: 2","139361","3","3","5","01","07","2","1","2","0","1","0","0"
"POINT (8.675036695000074 50.124659233000045)","Unfall 139364 (2017) Kat:3, Licht: 0","139364","3","6","2","01","11","4","1","0","0","1","0","0"
"POINT (8.601810463000049 50.122505091000050)","Unfall 139447 (2017) Kat:3, Licht: 2","139447","3","2","5","01","18","2","0","2","1","1","0","0"
"POINT (8.649731233000068 50.197571192000055)","Unfall 139473 (2017) Kat:3, Licht: 2","139473","3","6","2","01","07","2","0","2","0","1","0","0"
"POINT (8.568074188000026 50.100856355000076)","Unfall 139605 (2017) Kat:3, Licht: 0","139605","3","3","5","01","15","5","0","0","0","1","0","0"
"POINT (8.631183131000057 50.158282925000037)","Unfall 139628 (2017) Kat:3, Licht: 0","139628","3","6","2","01","10","6","0","0","0","1","0","0"
"POINT (8.643546041000036 50.113008228000069)","Unfall 139629 (2017) Kat:3, Licht: 2","139629","3","6","2","01","18","6","0","2","0","1","0","0"
"POINT (8.694751668000038 50.155765276000068)","Unfall 139630 (2017) Kat:3, Licht: 0","139630","3","4","6","01","13","6","0","0","0","1","1","0"
"POINT (8.681174316000067 50.095194773000060)","Unfall 139631 (2017) Kat:3, Licht: 1","139631","3","6","2","01","07","6","0","1","0","1","0","0"
"POINT (8.668823084000053 50.148594915000047)","Unfall 139646 (2017) Kat:3, Licht: 2","139646","3","3","5","01","17","5","0","2","1","1","0","0"
"POINT (8.541802764000067 50.101674290000062)","Unfall 139666 (2017) Kat:2, Licht: 0","139666","2","4","6","01","15","4","0","0","0","1","1","0"
"POINT (8.619845656000052 50.160503671000072)","Unfall 139667 (2017) Kat:3, Licht: 0","139667","3","4","6","01","12","4","0","0","0","1","1","0"
"POINT (8.684872141000028 50.116582520000065)","Unfall 139668 (2017) Kat:2, Licht: 2","139668","2","2","5","01","19","4","0","2","1","1","0","0"
"POINT (8.668704630000036 50.115284375000044)","Unfall 139675 (2017) Kat:3, Licht: 0","139675","3","4","6","01","13","3","0","0","1","0","1","0"
"POINT (8.652510271000040 50.121929525000041)","Unfall 139676 (2017) Kat:3, Licht: 0","139676","3","7","3","01","11","3","0","0","0","1","0","0"
"POINT (8.687015012000074 50.150440438000032)","Unfall 139677 (2017) Kat:3, Licht: 0","139677","3","7","6","01","12","3","0","0","0","1","1","0"
"POINT (8.702105271000050 50.118139828000039)","Unfall 139678 (2017) Kat:3, Licht: 0","139678","3","5","1","01","12","3","0","0","1","1","0","0"
"POINT (8.683331095000028 50.120793970000079)","Unfall 139679 (2017) Kat:3, Licht: 2","139679","3","6","2","01","18","3","0","2","1","1","0","0"
"POINT (8.624320844000067 50.112609787000054)","Unfall 139690 (2017) Kat:2, Licht: 2","139690","2","5","1","01","01","2","2","2","0","1","0","1"
"POINT (8.598318442000050 50.097727218000045)","Unfall 139705 (2017) Kat:3, Licht: 0","139705","3","3","5","01","09","1","0","0","0","1","0","0"
"POINT (8.549435463000066 50.106549622000045)","Unfall 139711 (2017) Kat:3, Licht: 0","139711","3","3","5","01","15","7","0","0","0","1","0","0"
"POINT (8.669211056000052 50.138252656000077)","Unfall 139717 (2017) Kat:3, Licht: 1","139717","3","3","5","01","07","6","0","1","1","0","0","0"
"POINT (8.658936219000054 50.107647797000027)","Unfall 139718 (2017) Kat:3, Licht: 2","139718","3","3","5","01","01","6","0","2","0","1","0","0"
"POINT (8.603104081000026 50.101219347000040)","Unfall 139745 (2017) Kat:3, Licht: 0","139745","3","3","5","01","11","4","0","0","0","1","0","0"
"POINT (8.664884544000074 50.111231520000047)","Unfall 139746 (2017) Kat:3, Licht: 0","139746","3","2","3","01","09","4","0","0","1","1","0","0"
"POINT (8.666773423000052 50.107050359000027)","Unfall 139763 (2017) Kat:3, Licht: 0","139763","3","5","0","01","13","3","0","0","0","1","0","0"
"POINT (8.681512539000039 50.123081435000074)","Unfall 139764 (2017) Kat:3, Licht: 0","139764","3","7","6","01","16","3","0","0","0","1","1","0"
"POINT (8.693221112000060 50.114056055000049)","Unfall 139765 (2017) Kat:2, Licht: 0","139765","2","4","6","01","08","3","0","0","0","1","1","0"
"POINT (8.620254099000022 50.094854529000031)","Unfall 139783 (2017) Kat:3, Licht: 2","139783","3","1","0","01","19","2","1","2","0","0","0","1"
"POINT (8.664483238000059 50.138953508000043)","Unfall 139784 (2017) Kat:3, Licht: 0","139784","3","4","6","01","08","2","0","0","0","1","1","0"
"POINT (8.678506650000031 50.118700231000048)","Unfall 139785 (2017) Kat:3, Licht: 0","139785","3","6","3","01","12","2","0","0","0","1","0","0"
"POINT (8.630891352000049 50.160892114000035)","Unfall 139798 (2017) Kat:3, Licht: 0","139798","3","3","5","01","15","1","1","0","0","1","0","0"
"POINT (8.683727093000073 50.103473348000080)","Unfall 139806 (2017) Kat:3, Licht: 0","139806","3","3","5","01","15","7","0","0","0","1","0","0"
"POINT (8.666934213000047 50.112188393000054)","Unfall 139807 (2017) Kat:3, Licht: 2","139807","3","6","2","01","01","7","1","2","0","1","0","0"
"POINT (8.695118442000023 50.059265535000065)","Unfall 139812 (2017) Kat:3, Licht: 0","139812","3","3","5","01","11","7","1","0","1","1","0","0"
"POINT (8.664039977000073 50.137501220000047)","Unfall 139823 (2017) Kat:3, Licht: 1","139823","3","3","5","01","08","6","1","1","1","1","0","0"
"POINT (8.730351129000042 50.118653978000054)","Unfall 139824 (2017) Kat:3, Licht: 2","139824","3","6","2","01","06","6","1","2","0","1","0","0"
"POINT (8.695146665000038 50.127806259000067)","Unfall 139825 (2017) Kat:3, Licht: 2","139825","3","1","9","01","03","6","1","2","0","1","0","0"
"POINT (8.626721803000066 50.176103505000071)","Unfall 139840 (2017) Kat:3, Licht: 2","139840","3","3","5","01","19","5","1","2","0","1","0","0"
"POINT (8.656073896000066 50.115437727000028)","Unfall 139841 (2017) Kat:2, Licht: 2","139841","2","4","6","01","21","5","1","2","1","0","1","0"
"POINT (8.642428753000047 50.116804666000064)","Unfall 139842 (2017) Kat:3, Licht: 1","139842","3","2","3","01","16","5","1","1","0","1","0","0"
"POINT (8.690171068000041 50.127183493000075)","Unfall 139843 (2017) Kat:3, Licht: 0","139843","3","3","5","01","15","5","1","0","0","1","0","0"
"POINT (8.679591546000040 50.115631744000041)","Unfall 139844 (2017) Kat:3, Licht: 2","139844","3","7","5","01","19","5","1","2","1","1","0","0"
"POINT (8.643377567000073 50.102666244000034)","Unfall 139880 (2017) Kat:3, Licht: 0","139880","3","6","2","02","08","6","1","0","1","0","0","0"
"POINT (8.684012189000043 50.142000002000032)","Unfall 139901 (2017) Kat:3, Licht: 2","139901","3","4","6","02","18","5","1","2","0","1","1","0"
"POINT (8.706239385000060 50.127352903000030)","Unfall 139902 (2017) Kat:3, Licht: 0","139902","3","2","6","02","07","5","0","0","0","1","1","0"
"POINT (8.667864731000066 50.119854514000053)","Unfall 139903 (2017) Kat:3, Licht: 2","139903","3","3","5","02","19","5","1","2","1","1","0","0"
"POINT (8.677887455000075 50.167228969000064)","Unfall 139910 (2017) Kat:3, Licht: 2","139910","3","6","2","02","19","4","0","2","0","1","0","0"
"POINT (8.675790657000050 50.107530552000071)","Unfall 139911 (2017) Kat:3, Licht: 0","139911","3","2","3","02","14","4","0","0","1","1","0","0"
"POINT (8.692672342000037 50.115531544000078)","Unfall 139912 (2017) Kat:3, Licht: 0","139912","3","6","3","02","08","4","0","0","0","1","0","0"
"POINT (8.588284430000044 50.102972686000044)","Unfall 139925 (2017) Kat:3, Licht: 0","139925","3","3","5","02","15","3","0","0","1","1","0","0"
"POINT (8.595234622000021 50.129123340000035)","Unfall 139926 (2017) Kat:3, Licht: 0","139926","3","4","6","02","08","3","0","0","0","1","1","0"
"POINT (8.594744199000047 50.129265544000077)","Unfall 139927 (2017) Kat:3, Licht: 0","139927","3","4","6","02","08","3","0","0","0","1","1","0"
"POINT (8.749453542000026 50.154894299000034)","Unfall 139933 (2017) Kat:3, Licht: 0","139933","3","2","3","02","07","3","0","0","0","1","0","0"
"POINT (8.688542310000059 50.059792570000070)","Unfall 139938 (2017) Kat:3, Licht: 2","139938","3","6","3","02","17","2","0","2","1","1","0","0"
"POINT (8.665085880000049 50.110724251000079)","Unfall 139950 (2017) Kat:3, Licht: 2","139950","3","1","8","02","18","1","0","2","0","1","0","0"
"POINT (8.584479454000075 50.051679901000057)","Unfall 139955 (2017) Kat:3, Licht: 0","139955","3","7","7","02","12","7","0","0","0","1","0","0"
"POINT (8.670244793000052 50.114531668000041)","Unfall 139960 (2017) Kat:2, Licht: 0","139960","2","6","3","02","13","7","0","0","0","1","0","0"
"POINT (8.685593030000064 50.104568922000055)","Unfall 139961 (2017) Kat:3, Licht: 0","139961","3","6","2","02","11","7","0","0","1","1","0","0"
"POINT (8.687761329000068 50.109600498000077)","Unfall 139962 (2017) Kat:3, Licht: 2","139962","3","2","5","02","23","7","0","2","0","1","0","0"
"POINT (8.614564148000056 50.113368992000062)","Unfall 139970 (2017) Kat:3, Licht: 1","139970","3","3","5","02","17","6","0","1","0","1","0","0"
"POINT (8.708892756000068 50.130872697000029)","Unfall 139971 (2017) Kat:3, Licht: 0","139971","3","6","1","02","07","6","0","0","0","1","0","0"
"POINT (8.606940827000074 50.112497960000042)","Unfall 139982 (2017) Kat:3, Licht: 0","139982","3","6","2","02","15","5","0","0","0","1","0","0"
"POINT (8.681209743000068 50.122811412000033)","Unfall 139991 (2017) Kat:3, Licht: 2","139991","3","5","1","02","18","4","0","2","1","1","0","0"
"POINT (8.751107710000042 50.144733719000044)","Unfall 139996 (2017) Kat:3, Licht: 0","139996","3","2","3","02","13","4","0","0","1","1","0","0"
"POINT (8.630178690000037 50.177054745000078)","Unfall 139999 (2017) Kat:3, Licht: 0","139999","3","3","5","02","13","3","0","0","1","1","0","0"
"POINT (8.668756632000054 50.123385659000064)","Unfall 140000 (2017) Kat:3, Licht: 2","140000","3","3","5","02","19","3","0","2","1","1","0","0"
"POINT (8.649864712000067 50.079994270000043)","Unfall 140008 (2017) Kat:3, Licht: 0","140008","3","3","5","02","14","2","0","0","0","1","0","0"
"POINT (8.676605784000060 50.085336224000059)","Unfall 140009 (2017) Kat:3, Licht: 2","140009","3","2","5","02","18","2","0","2","1","1","0","0"
"POINT (8.660609073000046 50.096619521000036)","Unfall 140010 (2017) Kat:3, Licht: 0","140010","3","3","5","02","11","2","0","0","0","1","0","0"
"POINT (8.765749717000062 50.124331933000065)","Unfall 140011 (2017) Kat:3, Licht: 0","140011","3","3","5","02","12","2","0","0","0","1","0","0"
"POINT (8.716743286000053 50.132073221000041)","Unfall 140012 (2017) Kat:3, Licht: 2","140012","3","3","5","02","20","2","0","2","0","1","0","1"
"POINT (8.662476109000068 50.101300667000032)","Unfall 140030 (2017) Kat:2, Licht: 2","140030","2","2","6","02","18","7","1","2","0","1","1","0"
"POINT (8.674897226000041 50.124998666000067)","Unfall 140031 (2017) Kat:3, Licht: 2","140031","3","3","5","02","01","7","1","2","0","1","0","0"
"POINT (8.633934006000061 50.080483180000044)","Unfall 140047 (2017) Kat:3, Licht: 0","140047","3","3","5","02","13","6","1","0","1","0","0","0"
"POINT (8.684540439000045 50.096999310000058)","Unfall 140048 (2017) Kat:3, Licht: 2","140048","3","1","9","02","22","6","1","2","0","1","0","0"
"POINT (8.592930431000070 50.097508228000038)","Unfall 140065 (2017) Kat:3, Licht: 2","140065","3","3","5","02","22","5","0","2","0","1","0","0"
"POINT (8.680957313000022 50.165431920000060)","Unfall 140066 (2017) Kat:3, Licht: 2","140066","3","4","6","02","07","5","1","2","0","1","1","0"
"POINT (8.662152269000046 50.110123201000079)","Unfall 140067 (2017) Kat:3, Licht: 2","140067","3","6","3","02","20","5","0","2","1","1","0","0"
"POINT (8.679558286000031 50.117083192000052)","Unfall 140068 (2017) Kat:3, Licht: 0","140068","3","2","2","02","11","5","1","0","0","1","0","1"
"POINT (8.742486415000030 50.122261603000027)","Unfall 140085 (2017) Kat:3, Licht: 0","140085","3","3","5","02","13","4","0","0","0","1","0","0"
"POINT (8.647937040000045 50.055470783000032)","Unfall 140093 (2017) Kat:3, Licht: 2","140093","3","3","5","02","06","4","0","2","0","1","0","0"
"POINT (8.651569017000043 50.109027787000059)","Unfall 140098 (2017) Kat:3, Licht: 0","140098","3","2","5","01","08","3","0","0","1","1","0","0"
"POINT (8.601049676000059 50.127797897000050)","Unfall 140099 (2017) Kat:3, Licht: 0","140099","3","5","1","01","10","3","0","0","1","1","0","0"
"POINT (8.669946440000047 50.175075982000067)","Unfall 140111 (2017) Kat:3, Licht: 2","140111","3","3","5","01","07","2","2","2","0","1","0","0"
"POINT (8.717085270000041 50.130030325000064)","Unfall 140112 (2017) Kat:3, Licht: 2","140112","3","3","5","01","18","2","1","2","1","1","0","0"
"POINT (8.696367659000032 50.113458861000026)","Unfall 140113 (2017) Kat:2, Licht: 2","140113","2","4","6","01","19","2","1","2","0","1","1","0"
"POINT (8.618277156000033 50.103279108000038)","Unfall 140132 (2017) Kat:2, Licht: 0","140132","2","2","3","01","15","7","1","0","1","1","0","0"
"POINT (8.696602178000035 50.131537959000070)","Unfall 140133 (2017) Kat:3, Licht: 0","140133","3","3","5","01","13","7","0","0","1","1","0","0"
"POINT (8.666787379000027 50.111941992000027)","Unfall 140134 (2017) Kat:3, Licht: 2","140134","3","1","8","01","03","7","0","2","0","1","0","0"
"POINT (8.691771266000046 50.124924628000031)","Unfall 140151 (2017) Kat:3, Licht: 0","140151","3","7","6","03","13","3","1","0","1","0","1","0"
"POINT (8.506521308000060 50.094950716000028)","Unfall 140163 (2017) Kat:3, Licht: 0","140163","3","7","0","03","16","2","1","0","1","1","0","0"
"POINT (8.678841060000025 50.119975245000035)","Unfall 140164 (2017) Kat:3, Licht: 0","140164","3","2","6","03","10","2","0","0","0","1","1","0"
"POINT (8.671848422000039 50.116729202000045)","Unfall 140165 (2017) Kat:3, Licht: 0","140165","3","4","6","03","08","2","1","0","0","1","1","0"
"POINT (8.643650797000021 50.112728049000054)","Unfall 140186 (2017) Kat:3, Licht: 0","140186","3","3","5","03","10","1","0","0","0","1","0","0"
"POINT (8.622587981000038 50.107863544000054)","Unfall 140193 (2017) Kat:3, Licht: 0","140193","3","6","2","03","16","7","0","0","0","1","0","0"
"POINT (8.685963291000064 50.100460933000079)","Unfall 140194 (2017) Kat:3, Licht: 0","140194","3","7","1","03","12","7","0","0","1","1","0","0"
"POINT (8.670999389000031 50.116629243000034)","Unfall 140195 (2017) Kat:3, Licht: 0","140195","3","7","8","03","15","7","0","0","0","1","1","0"
"POINT (8.694427928000039 50.127854934000027)","Unfall 140196 (2017) Kat:3, Licht: 0","140196","3","2","3","03","14","7","0","0","0","1","0","0"
"POINT (8.538862643000073 50.102401645000043)","Unfall 140202 (2017) Kat:3, Licht: 0","140202","3","6","4","03","10","6","0","0","0","1","0","0"
"POINT (8.680280543000038 50.141339685000048)","Unfall 140203 (2017) Kat:3, Licht: 0","140203","3","3","5","03","13","6","0","0","0","1","0","0"
"POINT (8.669717329000036 50.111764390000076)","Unfall 140204 (2017) Kat:3, Licht: 0","140204","3","4","6","03","08","6","0","0","0","1","1","0"
"POINT (8.634941430000026 50.103842912000061)","Unfall 140205 (2017) Kat:3, Licht: 0","140205","3","3","5","03","16","6","0","0","1","1","0","0"
"POINT (8.690871560000062 50.122078448000082)","Unfall 140206 (2017) Kat:3, Licht: 0","140206","3","2","5","03","14","6","0","0","1","1","0","0"
"POINT (8.621210310000038 50.094560050000041)","Unfall 140220 (2017) Kat:3, Licht: 0","140220","3","2","2","03","10","5","0","0","0","1","0","0"
"POINT (8.610578961000044 50.143432750000045)","Unfall 140221 (2017) Kat:3, Licht: 0","140221","3","3","5","03","09","5","0","0","0","1","0","0"
"POINT (8.670233796000048 50.099863300000038)","Unfall 140222 (2017) Kat:3, Licht: 2","140222","3","3","5","03","20","5","0","2","0","1","0","0"
"POINT (8.675854358000038 50.120745524000029)","Unfall 140223 (2017) Kat:3, Licht: 2","140223","3","6","3","03","23","5","0","2","0","1","0","0"
"POINT (8.681794640000021 50.125217280000072)","Unfall 140224 (2017) Kat:3, Licht: 0","140224","3","2","3","03","17","5","0","0","1","1","0","0"
"POINT (8.710197180000023 50.118328957000074)","Unfall 140238 (2017) Kat:3, Licht: 2","140238","3","4","6","03","18","4","1","2","0","1","1","0"
"POINT (8.663509375000047 50.104876972000056)","Unfall 140239 (2017) Kat:3, Licht: 2","140239","3","5","0","03","18","4","1","2","1","1","0","0"
"POINT (8.633472957000038 50.103893296000081)","Unfall 140240 (2017) Kat:3, Licht: 0","140240","3","5","1","03","16","4","0","0","1","1","0","0"
"POINT (8.633644026000070 50.098807073000046)","Unfall 140241 (2017) Kat:3, Licht: 0","140241","3","2","3","03","06","4","1","0","1","1","0","0"
"POINT (8.586402506000070 50.058122442000069)","Unfall 140252 (2017) Kat:3, Licht: 0","140252","3","5","2","02","13","3","0","0","0","1","0","0"
"POINT (8.695213294000041 50.138629149000053)","Unfall 140259 (2017) Kat:3, Licht: 0","140259","3","3","5","02","07","3","1","0","1","1","0","0"
"POINT (8.624867202000075 50.131596967000064)","Unfall 140260 (2017) Kat:3, Licht: 0","140260","3","3","5","02","08","3","0","0","1","1","0","0"
"POINT (8.689215949000072 50.115615040000080)","Unfall 140261 (2017) Kat:3, Licht: 0","140261","3","2","6","02","10","3","0","0","0","1","1","0"
"POINT (8.679296707000049 50.121753181000031)","Unfall 140275 (2017) Kat:3, Licht: 0","140275","3","2","0","02","13","2","0","0","1","1","0","0"
"POINT (8.683927746000052 50.131665539000039)","Unfall 140276 (2017) Kat:3, Licht: 0","140276","3","3","5","02","15","2","0","0","0","1","0","0"
"POINT (8.696386553000025 50.113538415000050)","Unfall 140287 (2017) Kat:3, Licht: 0","140287","3","1","0","02","14","1","0","0","1","0","0","0"
"POINT (8.683320830000071 50.113320444000067)","Unfall 140288 (2017) Kat:3, Licht: 0","140288","3","7","6","02","17","1","0","0","0","1","1","0"
"POINT (8.589214129000027 50.096437027000036)","Unfall 140298 (2017) Kat:3, Licht: 0","140298","3","3","5","02","17","7","0","0","1","1","0","0"
"POINT (8.629366635000054 50.122013117000051)","Unfall 140299 (2017) Kat:3, Licht: 0","140299","3","2","3","02","15","7","0","0","0","1","0","0"
"POINT (8.546142592000024 50.101518623000061)","Unfall 140308 (2017) Kat:3, Licht: 0","140308","3","2","6","02","10","6","0","0","0","1","1","0"
"POINT (8.598964426000066 50.095952957000065)","Unfall 140309 (2017) Kat:3, Licht: 0","140309","3","3","5","02","15","6","0","0","0","1","0","0"
"POINT (8.643702086000076 50.118993442000033)","Unfall 140310 (2017) Kat:2, Licht: 0","140310","2","3","5","02","09","6","0","0","1","1","0","0"
"POINT (8.667540474000020 50.148341809000044)","Unfall 140311 (2017) Kat:3, Licht: 0","140311","3","3","5","02","15","6","0","0","1","1","0","0"
"POINT (8.674861392000025 50.107167599000036)","Unfall 140312 (2017) Kat:3, Licht: 0","140312","3","6","6","02","13","6","0","0","0","1","1","0"
"POINT (8.543542656000057 50.099644118000072)","Unfall 140322 (2017) Kat:3, Licht: 0","140322","3","6","3","02","09","5","1","0","1","0","0","0"
"POINT (8.542962416000023 50.114828333000048)","Unfall 140323 (2017) Kat:3, Licht: 2","140323","3","2","6","02","18","5","1","2","0","1","1","0"
"POINT (8.667444957000043 50.137345000000039)","Unfall 140324 (2017) Kat:3, Licht: 0","140324","3","6","3","02","15","5","0","0","1","1","0","0"
"POINT (8.668300067000075 50.133523045000061)","Unfall 140325 (2017) Kat:3, Licht: 0","140325","3","3","5","02","09","5","0","0","0","1","0","0"
"POINT (8.684176255000068 50.102724029000058)","Unfall 140326 (2017) Kat:3, Licht: 0","140326","3","3","5","02","12","5","0","0","0","1","0","0"
"POINT (8.707717848000073 50.118472164000082)","Unfall 140327 (2017) Kat:3, Licht: 0","140327","3","7","6","02","13","5","0","0","0","1","1","0"
"POINT (8.679025993000039 50.116803369000081)","Unfall 140328 (2017) Kat:3, Licht: 0","140328","3","6","3","02","08","5","0","0","1","1","0","0"
"POINT (8.656523292000031 50.148993741000027)","Unfall 140342 (2017) Kat:3, Licht: 2","140342","3","2","5","02","21","4","1","2","0","1","0","1"
"POINT (8.634935987000063 50.177943577000065)","Unfall 140355 (2017) Kat:3, Licht: 0","140355","3","3","5","02","08","3","1","0","0","1","0","0"
"POINT (8.690039746000025 50.102697521000039)","Unfall 140356 (2017) Kat:3, Licht: 0","140356","3","4","6","02","08","3","0","0","0","0","1","0"
"POINT (8.680197730000032 50.116573441000071)","Unfall 140357 (2017) Kat:3, Licht: 2","140357","3","5","1","02","20","3","0","2","1","1","0","0"
"POINT (8.647514711000042 50.085355486000026)","Unfall 140370 (2017) Kat:3, Licht: 2","140370","3","3","5","02","06","2","0","2","1","1","0","0"
"POINT (8.675834899000051 50.107436574000076)","Unfall 140382 (2017) Kat:3, Licht: 0","140382","3","7","2","02","13","1","0","0","0","1","0","0"
"POINT (8.610576890000061 50.095231152000053)","Unfall 140393 (2017) Kat:3, Licht: 0","140393","3","3","5","03","15","5","0","0","1","1","0","0"
"POINT (8.678650487000027 50.104197861000046)","Unfall 140394 (2017) Kat:3, Licht: 0","140394","3","6","2","03","12","5","0","0","0","1","0","0"
"POINT (8.694692758000031 50.119849544000033)","Unfall 140395 (2017) Kat:3, Licht: 0","140395","3","6","3","03","15","5","0","0","1","1","0","0"
"POINT (8.686070100000052 50.116407806000041)","Unfall 140396 (2017) Kat:3, Licht: 0","140396","3","5","1","03","13","5","0","0","1","1","0","0"
"POINT (8.675225642000044 50.109307980000040)","Unfall 140397 (2017) Kat:3, Licht: 0","140397","3","2","2","03","13","5","0","0","0","0","0","0"
"POINT (8.538712129000032 50.102701139000033)","Unfall 140412 (2017) Kat:3, Licht: 0","140412","3","3","5","03","06","5","0","0","0","1","0","0"
"POINT (8.614490146000037 50.091212303000077)","Unfall 140413 (2017) Kat:2, Licht: 0","140413","2","4","6","03","18","5","0","0","1","0","1","0"