WKT,Name,OBJECTID,UKATEGORIE,UTYP1,UART,UMONAT,USTUNDE,UWOCHENTAG,STRZUSTAND,ULICHTVERH,ISTRAD,ISTPKW,ISTFUSS,ISTKRAD
"POINT (8.600101573000075 50.092803909000054)","Unfall 140428 (2017) Kat:3, Licht: 0","140428","3","5","1","03","13","4","0","0","1","1","0","0"
"POINT (8.671950679000076 50.100570346000040)","Unfall 140429 (2017) Kat:3, Licht: 0","140429","3","2","3","03","15","4","0","0","1","1","0","0"
"POINT (8.680601156000023 50.122030636000034)","Unfall 140445 (2017) Kat:3, Licht: 0","140445","3","3","5","03","08","3","1","0","1","1","0","0"
"POINT (8.670749433000026 50.120000693000065)","Unfall 140446 (2017) Kat:3, Licht: 0","140446","3","6","2","03","09","3","0","0","0","1","0","0"
"POINT (8.564315671000031 50.107823348000068)","Unfall 140458 (2017) Kat:3, Licht: 0","140458","3","3","5","03","14","2","0","0","1","0","0","0"
"POINT (8.664637659000050 50.117489964000072)","Unfall 140459 (2017) Kat:2, Licht: 0","140459","2","3","5","03","16","2","0","0","0","1","0","1"
"POINT (8.671754894000060 50.113388207000071)","Unfall 140460 (2017) Kat:3, Licht: 0","140460","3","4","2","03","09","2","0","0","0","1","1","0"
"POINT (8.557046314000047 50.120147149000047)","Unfall 140473 (2017) Kat:3, Licht: 2","140473","3","1","1","03","18","1","0","2","0","1","0","0"
"POINT (8.648029992000033 50.121506858000032)","Unfall 140474 (2017) Kat:3, Licht: 2","140474","3","3","5","03","02","1","1","2","0","1","0","0"
"POINT (8.661764116000029 50.118518036000069)","Unfall 140481 (2017) Kat:3, Licht: 2","140481","3","6","2","03","18","7","1","2","0","1","0","0"
"POINT (8.625943250000034 50.113483368000061)","Unfall 140494 (2017) Kat:3, Licht: 0","140494","3","4","6","03","09","6","0","0","0","1","1","0"
"POINT (8.609492641000031 50.114833277000059)","Unfall 140495 (2017) Kat:2, Licht: 0","140495","2","3","5","03","11","6","0","0","0","1","0","0"
"POINT (8.650812952000024 50.121201891000055)","Unfall 140496 (2017) Kat:3, Licht: 0","140496","3","4","6","03","14","6","0","0","0","1","1","0"
"POINT (8.586797626000021 50.057554225000047)","Unfall 140503 (2017) Kat:3, Licht: 2","140503","3","3","5","03","22","5","0","2","0","1","0","0"
"POINT (8.681121031000032 50.166750299000057)","Unfall 140511 (2017) Kat:2, Licht: 0","140511","2","7","6","03","13","5","0","0","0","1","1","0"
"POINT (8.632846015000041 50.103823474000080)","Unfall 140512 (2017) Kat:2, Licht: 2","140512","2","1","0","03","23","5","0","2","1","0","0","0"
"POINT (8.667672003000064 50.121878044000027)","Unfall 140513 (2017) Kat:3, Licht: 0","140513","3","5","0","03","14","5","0","0","1","1","0","0"
"POINT (8.688272632000064 50.117685770000037)","Unfall 140514 (2017) Kat:3, Licht: 0","140514","3","7","3","03","13","5","0","0","0","1","0","0"
"POINT (8.688766549000036 50.143244156000037)","Unfall 140527 (2017) Kat:3, Licht: 0","140527","3","6","2","03","08","4","0","0","0","1","0","0"
"POINT (8.675689402000046 50.121922552000058)","Unfall 140528 (2017) Kat:3, Licht: 0","140528","3","6","3","03","14","4","0","0","0","1","0","0"
"POINT (8.683906839000031 50.116500816000041)","Unfall 140529 (2017) Kat:2, Licht: 0","140529","2","7","6","03","16","4","0","0","0","1","1","0"
"POINT (8.546537737000051 50.103705867000031)","Unfall 140552 (2017) Kat:3, Licht: 0","140552","3","2","5","03","11","3","0","0","1","1","0","0"
"POINT (8.623935086000074 50.110131211000066)","Unfall 140553 (2017) Kat:3, Licht: 0","140553","3","2","6","03","08","3","0","0","0","1","1","0"
"POINT (8.691909199000065 50.148305958000037)","Unfall 140554 (2017) Kat:3, Licht: 0","140554","3","3","5","03","09","3","0","0","0","1","0","0"
"POINT (8.692186389000028 50.114853595000056)","Unfall 140555 (2017) Kat:3, Licht: 0","140555","3","2","0","03","14","3","0","0","1","1","0","0"
"POINT (8.663251626000033 50.183128435000071)","Unfall 140570 (2017) Kat:3, Licht: 0","140570","3","3","5","03","07","2","0","0","0","1","0","0"
"POINT (8.661174768000024 50.154452761000073)","Unfall 140571 (2017) Kat:3, Licht: 0","140571","3","7","6","03","16","2","0","0","0","1","1","0"
"POINT (8.671421319000046 50.089368769000032)","Unfall 140572 (2017) Kat:3, Licht: 1","140572","3","3","5","03","18","2","0","1","1","1","0","0"
"POINT (8.705985705000046 50.145387075000031)","Unfall 140573 (2017) Kat:3, Licht: 2","140573","3","6","2","03","19","2","0","2","0","1","0","0"
"POINT (8.642793011000038 50.104357685000082)","Unfall 140574 (2017) Kat:3, Licht: 0","140574","3","6","1","03","15","2","0","0","0","1","0","1"
"POINT (8.686240760000032 50.124979787000029)","Unfall 140589 (2017) Kat:3, Licht: 0","140589","3","6","2","03","17","1","0","0","0","1","0","0"
"POINT (8.737650801000029 50.133037371000057)","Unfall 140591 (2017) Kat:3, Licht: 2","140591","3","1","1","03","04","1","0","2","0","1","0","0"
"POINT (8.646405636000054 50.159042083000031)","Unfall 140598 (2017) Kat:3, Licht: 0","140598","3","3","5","03","15","7","0","0","0","1","0","0"
"POINT (8.668299113000046 50.133534544000042)","Unfall 140599 (2017) Kat:3, Licht: 0","140599","3","6","2","03","12","7","0","0","0","1","0","0"
"POINT (8.688905394000074 50.118302969000069)","Unfall 140600 (2017) Kat:3, Licht: 0","140600","3","6","3","03","13","7","0","0","0","1","0","1"
"POINT (8.547266696000065 50.100523819000045)","Unfall 140615 (2017) Kat:3, Licht: 0","140615","3","3","5","03","12","6","0","0","0","1","0","0"
"POINT (8.650917400000026 50.113325605000057)","Unfall 140616 (2017) Kat:3, Licht: 0","140616","3","7","0","03","13","6","0","0","1","0","0","0"
"POINT (8.684596396000075 50.128259544000059)","Unfall 140617 (2017) Kat:3, Licht: 0","140617","3","2","5","03","07","6","0","0","1","1","0","0"
"POINT (8.640995254000075 50.122807550000061)","Unfall 140631 (2017) Kat:3, Licht: 0","140631","3","5","1","03","10","5","1","0","1","1","0","0"
"POINT (8.540892761000066 50.101452358000074)","Unfall 140643 (2017) Kat:2, Licht: 2","140643","2","4","6","03","18","4","1","2","0","0","1","0"
"POINT (8.580093841000064 50.082736278000027)","Unfall 140644 (2017) Kat:3, Licht: 2","140644","3","7","1","03","20","4","1","2","1","1","0","0"
"POINT (8.678932605000057 50.093985910000072)","Unfall 140645 (2017) Kat:2, Licht: 0","140645","2","1","0","03","17","4","1","0","1","0","0","0"
"POINT (8.656784657000060 50.119788371000027)","Unfall 140646 (2017) Kat:3, Licht: 2","140646","3","3","5","03","17","4","1","2","0","1","0","0"
"POINT (8.673368233000076 50.127263496000069)","Unfall 140647 (2017) Kat:1, Licht: 0","140647","1","7","3","03","07","4","1","0","0","0","0","1"
"POINT (8.686591057000044 50.127583040000047)","Unfall 140648 (2017) Kat:3, Licht: 1","140648","3","4","6","03","17","4","1","1","0","1","1","0"
"POINT (8.637144298000067 50.124609610000050)","Unfall 140675 (2017) Kat:3, Licht: 0","140675","3","5","1","04","10","4","0","0","0","1","0","0"
"POINT (8.666357482000024 50.090373654000075)","Unfall 140676 (2017) Kat:3, Licht: 0","140676","3","7","1","04","12","4","0","0","1","1","0","0"
"POINT (8.697870155000032 50.128463447000058)","Unfall 140677 (2017) Kat:3, Licht: 0","140677","3","6","2","04","17","4","0","0","0","1","0","1"
"POINT (8.671465786000056 50.127213822000044)","Unfall 140678 (2017) Kat:3, Licht: 2","140678","3","3","5","04","20","4","0","2","0","1","0","0"
"POINT (8.693003566000073 50.128811905000077)","Unfall 140679 (2017) Kat:3, Licht: 0","140679","3","6","2","04","10","4","0","0","0","1","0","0"
"POINT (8.564315671000031 50.107823348000068)","Unfall 140694 (2017) Kat:3, Licht: 0","140694","3","3","5","04","18","3","0","0","1","1","0","0"
"POINT (8.635529227000063 50.123868223000045)","Unfall 140695 (2017) Kat:3, Licht: 0","140695","3","6","2","04","17","3","0","0","0","1","0","0"
"POINT (8.680354143000045 50.102325802000053)","Unfall 140696 (2017) Kat:3, Licht: 0","140696","3","7","1","04","16","3","0","0","1","1","0","0"
"POINT (8.726240088000054 50.142345181000053)","Unfall 140697 (2017) Kat:3, Licht: 0","140697","3","3","5","04","18","3","0","0","0","1","0","1"
"POINT (8.545799399000032 50.100405329000068)","Unfall 140716 (2017) Kat:3, Licht: 0","140716","3","3","5","04","17","2","0","0","0","1","0","0"
"POINT (8.644189288000064 50.108621946000028)","Unfall 140717 (2017) Kat:3, Licht: 0","140717","3","5","8","04","18","2","0","0","1","0","0","0"
"POINT (8.670904361000055 50.131693670000061)","Unfall 140718 (2017) Kat:3, Licht: 0","140718","3","3","5","04","08","2","0","0","1","0","0","0"
"POINT (8.634260782000069 50.084724291000043)","Unfall 140719 (2017) Kat:3, Licht: 0","140719","3","4","6","04","18","2","0","0","0","1","1","0"
"POINT (8.653177315000050 50.091583911000043)","Unfall 140720 (2017) Kat:3, Licht: 0","140720","3","2","1","04","10","2","0","0","0","1","0","0"
"POINT (8.710107793000077 50.109873703000062)","Unfall 140750 (2017) Kat:2, Licht: 0","140750","2","7","5","04","10","7","0","0","1","1","0","0"
"POINT (8.641528959000027 50.105754119000039)","Unfall 140751 (2017) Kat:3, Licht: 0","140751","3","6","2","04","15","7","0","0","0","1","0","1"
"POINT (8.683485190000056 50.109291588000076)","Unfall 140752 (2017) Kat:3, Licht: 2","140752","3","1","0","04","22","7","0","2","1","0","0","0"
"POINT (8.542928484000072 50.114992011000027)","Unfall 140765 (2017) Kat:3, Licht: 0","140765","3","6","3","03","17","6","0","0","1","1","0","0"
"POINT (8.543051249000030 50.114838790000078)","Unfall 140766 (2017) Kat:3, Licht: 0","140766","3","3","5","03","18","6","0","0","1","1","0","0"
"POINT (8.670301736000056 50.122019654000042)","Unfall 140767 (2017) Kat:3, Licht: 0","140767","3","5","1","03","10","6","0","0","0","1","0","0"
"POINT (8.690167879000057 50.115714500000081)","Unfall 140768 (2017) Kat:3, Licht: 2","140768","3","7","1","03","23","6","0","2","0","1","0","0"
"POINT (8.668883941000047 50.106309797000051)","Unfall 140797 (2017) Kat:3, Licht: 0","140797","3","2","5","03","07","5","0","0","0","1","0","1"
"POINT (8.668765733000043 50.119956057000081)","Unfall 140798 (2017) Kat:3, Licht: 0","140798","3","3","5","03","09","5","0","0","0","1","0","0"
"POINT (8.685168747000034 50.109537315000068)","Unfall 140799 (2017) Kat:3, Licht: 0","140799","3","7","2","03","17","5","0","0","0","1","0","0"
"POINT (8.497913874000062 50.095038815000066)","Unfall 140824 (2017) Kat:3, Licht: 0","140824","3","3","5","03","15","4","0","0","0","1","0","0"
"POINT (8.629964271000063 50.101769816000058)","Unfall 140825 (2017) Kat:3, Licht: 2","140825","3","3","5","03","22","4","0","2","1","1","0","0"
"POINT (8.553034017000073 50.101496560000044)","Unfall 140841 (2017) Kat:3, Licht: 0","140841","3","3","5","03","18","3","0","0","0","1","0","0"
"POINT (8.645402045000026 50.113394753000080)","Unfall 140842 (2017) Kat:3, Licht: 0","140842","3","6","2","03","13","3","0","0","0","1","0","0"
"POINT (8.677319089000037 50.099425320000080)","Unfall 140843 (2017) Kat:3, Licht: 0","140843","3","3","5","03","09","3","0","0","1","1","0","0"
"POINT (8.706110598000066 50.144771413000058)","Unfall 140844 (2017) Kat:3, Licht: 0","140844","3","7","0","03","14","3","0","0","1","0","0","0"
"POINT (8.662086551000073 50.122161578000032)","Unfall 140845 (2017) Kat:3, Licht: 0","140845","3","3","5","03","15","3","0","0","1","1","0","0"
"POINT (8.569883210000057 50.127594344000045)","Unfall 140868 (2017) Kat:3, Licht: 0","140868","3","7","1","03","19","2","0","0","1","1","0","0"
"POINT (8.650021615000071 50.159360459000027)","Unfall 140869 (2017) Kat:3, Licht: 1","140869","3","3","5","03","19","2","0","1","1","1","0","0"
"POINT (8.668793173000040 50.152722211000025)","Unfall 140870 (2017) Kat:2, Licht: 0","140870","2","5","0","03","14","2","0","0","1","1","0","0"
"POINT (8.540687342000069 50.077264363000040)","Unfall 140871 (2017) Kat:3, Licht: 0","140871","3","6","3","03","15","2","0","0","1","0","0","0"
"POINT (8.704465541000047 50.098960843000043)","Unfall 140872 (2017) Kat:3, Licht: 0","140872","3","2","5","03","14","2","0","0","1","1","0","0"
"POINT (8.747256468000046 50.144013390000055)","Unfall 140886 (2017) Kat:3, Licht: 0","140886","3","4","6","03","18","2","0","0","0","1","1","0"
"POINT (8.628005285000029 50.096184322000056)","Unfall 140891 (2017) Kat:3, Licht: 2","140891","3","3","5","03","20","1","0","2","0","1","0","0"
"POINT (8.621248577000074 50.110834744000044)","Unfall 140892 (2017) Kat:2, Licht: 0","140892","2","6","3","03","14","1","0","0","1","0","0","0"
"POINT (8.684339426000065 50.096884209000052)","Unfall 140893 (2017) Kat:3, Licht: 0","140893","3","2","2","03","18","1","0","0","0","1","0","0"
"POINT (8.631121781000047 50.160395737000044)","Unfall 140906 (2017) Kat:3, Licht: 0","140906","3","6","2","03","13","7","0","0","0","1","0","0"
"POINT (8.687477973000057 50.117037943000071)","Unfall 140907 (2017) Kat:3, Licht: 0","140907","3","4","6","03","16","7","0","0","0","1","1","0"
"POINT (8.683205676000057 50.116480553000031)","Unfall 140908 (2017) Kat:3, Licht: 2","140908","3","2","5","03","02","7","0","2","0","1","0","0"
"POINT (8.693632346000072 50.144728620000080)","Unfall 140919 (2017) Kat:3, Licht: 0","140919","3","5","1","03","08","6","0","0","1","1","0","0"
"POINT (8.601181467000060 50.122441253000034)","Unfall 140920 (2017) Kat:3, Licht: 0","140920","3","3","5","03","07","6","0","0","0","1","0","0"
"POINT (8.685909902000049 50.103097366000043)","Unfall 140921 (2017) Kat:3, Licht: 2","140921","3","7","6","03","23","6","0","2","0","1","1","0"
"POINT (8.632687948000068 50.105569817000060)","Unfall 140922 (2017) Kat:3, Licht: 0","140922","3","6","0","03","12","6","0","0","1","1","0","0"
"POINT (8.669102131000045 50.121936100000028)","Unfall 140923 (2017) Kat:3, Licht: 0","140923","3","7","1","03","08","6","0","0","1","1","0","0"
"POINT (8.693021827000052 50.128823732000058)","Unfall 140924 (2017) Kat:3, Licht: 0","140924","3","6","2","03","07","6","0","0","0","1","0","0"
"POINT (8.618827015000022 50.149539963000052)","Unfall 140932 (2017) Kat:3, Licht: 0","140932","3","3","5","04","12","1","0","0","0","1","0","1"
"POINT (8.632707731000039 50.159496425000043)","Unfall 140947 (2017) Kat:3, Licht: 2","140947","3","1","9","04","04","7","0","2","0","1","0","0"
"POINT (8.663423192000039 50.110541778000027)","Unfall 140948 (2017) Kat:3, Licht: 0","140948","3","6","3","04","06","7","0","0","0","0","0","1"
"POINT (8.671980075000022 50.131686217000038)","Unfall 140949 (2017) Kat:3, Licht: 0","140949","3","1","8","04","19","7","0","0","0","0","0","0"
"POINT (8.673968381000066 50.110103750000064)","Unfall 140950 (2017) Kat:3, Licht: 2","140950","3","3","5","04","02","7","0","2","0","1","0","0"
"POINT (8.770538361000035 50.117396237000037)","Unfall 140962 (2017) Kat:3, Licht: 0","140962","3","5","1","04","08","6","0","0","1","1","0","0"
"POINT (8.660575221000045 50.118882478000046)","Unfall 140963 (2017) Kat:3, Licht: 0","140963","3","2","0","04","12","6","0","0","1","1","0","0"
"POINT (8.661969918000068 50.115961655000035)","Unfall 140974 (2017) Kat:2, Licht: 0","140974","2","2","5","04","08","5","0","0","1","0","0","0"
"POINT (8.749446116000058 50.132385323000051)","Unfall 140975 (2017) Kat:3, Licht: 0","140975","3","6","2","04","17","5","0","0","0","1","0","0"
"POINT (8.698749481000050 50.116192984000065)","Unfall 140976 (2017) Kat:3, Licht: 0","140976","3","6","1","04","17","5","0","0","0","1","0","0"
"POINT (8.675730719000057 50.107575360000055)","Unfall 140977 (2017) Kat:2, Licht: 0","140977","2","3","5","04","16","5","0","0","0","1","0","0"
"POINT (8.578883529000052 50.088017822000040)","Unfall 140992 (2017) Kat:3, Licht: 0","140992","3","6","4","04","16","4","0","0","0","1","0","0"
"POINT (8.680873500000075 50.101641721000078)","Unfall 140993 (2017) Kat:3, Licht: 0","140993","3","1","0","04","08","4","1","0","0","1","0","1"
"POINT (8.706810491000056 50.129611281000052)","Unfall 140994 (2017) Kat:3, Licht: 0","140994","3","6","0","04","12","4","0","0","0","1","0","0"
"POINT (8.665269845000069 50.108996934000061)","Unfall 140995 (2017) Kat:3, Licht: 0","140995","3","2","3","04","10","4","0","0","1","1","0","0"
"POINT (8.692651476000037 50.126299676000031)","Unfall 140996 (2017) Kat:3, Licht: 0","140996","3","6","4","04","19","4","0","0","1","1","0","1"
"POINT (8.684924099000057 50.119403626000064)","Unfall 140997 (2017) Kat:3, Licht: 0","140997","3","6","2","04","18","4","0","0","0","1","0","0"
"POINT (8.675865100000067 50.110955414000045)","Unfall 140998 (2017) Kat:3, Licht: 0","140998","3","5","1","04","13","4","0","0","1","1","0","0"
"POINT (8.655701147000059 50.107544447000066)","Unfall 141009 (2017) Kat:3, Licht: 0","141009","3","2","0","04","09","3","1","0","0","1","0","0"
"POINT (8.708901854000033 50.111873791000050)","Unfall 141010 (2017) Kat:3, Licht: 0","141010","3","7","0","04","13","3","1","0","1","0","0","0"
"POINT (8.671339174000025 50.113031912000054)","Unfall 141011 (2017) Kat:3, Licht: 0","141011","3","6","0","04","08","3","1","0","0","1","0","1"
"POINT (8.564939435000042 50.120666309000057)","Unfall 141027 (2017) Kat:3, Licht: 0","141027","3","3","5","04","19","2","0","0","1","1","0","0"
"POINT (8.548525455000060 50.108215895000058)","Unfall 141028 (2017) Kat:3, Licht: 0","141028","3","6","2","04","15","2","0","0","0","1","0","0"
"POINT (8.699214969000025 50.138822285000060)","Unfall 141029 (2017) Kat:3, Licht: 0","141029","3","2","2","04","18","2","0","0","0","1","0","0"
"POINT (8.607413355000062 50.058642398000075)","Unfall 141045 (2017) Kat:3, Licht: 2","141045","3","6","2","04","00","1","0","2","0","1","0","0"
"POINT (8.680957313000022 50.165431920000060)","Unfall 141051 (2017) Kat:3, Licht: 0","141051","3","6","2","04","17","7","1","0","0","1","0","0"
"POINT (8.650620929000070 50.113781626000048)","Unfall 141052 (2017) Kat:3, Licht: 0","141052","3","6","2","04","17","7","0","0","0","1","0","0"
"POINT (8.549165968000068 50.114853280000034)","Unfall 141065 (2017) Kat:3, Licht: 2","141065","3","7","1","04","21","6","0","2","0","1","0","0"
"POINT (8.644019839000066 50.102868226000055)","Unfall 141066 (2017) Kat:3, Licht: 0","141066","3","3","5","04","14","6","0","0","1","0","0","0"
"POINT (8.652814687000046 50.138915866000048)","Unfall 141080 (2017) Kat:3, Licht: 0","141080","3","3","5","04","07","5","1","0","0","1","0","1"
"POINT (8.665776743000038 50.116985375000070)","Unfall 141081 (2017) Kat:3, Licht: 0","141081","3","2","3","04","14","5","0","0","1","1","0","0"
"POINT (8.636223250000057 50.102319810000040)","Unfall 141092 (2017) Kat:3, Licht: 0","141092","3","6","2","04","17","4","0","0","0","1","0","0"
"POINT (8.692114360000062 50.127529902000049)","Unfall 141093 (2017) Kat:3, Licht: 0","141093","3","2","6","04","08","4","0","0","0","1","1","0"
"POINT (8.685941806000074 50.116883315000052)","Unfall 141094 (2017) Kat:3, Licht: 0","141094","3","3","5","04","14","4","0","0","1","1","0","0"
"POINT (8.632760909000069 50.114607805000048)","Unfall 141100 (2017) Kat:2, Licht: 0","141100","2","1","8","04","14","3","0","0","0","1","0","0"
"POINT (8.677392976000022 50.093151897000041)","Unfall 141101 (2017) Kat:3, Licht: 0","141101","3","6","2","04","13","3","0","0","0","1","0","0"
"POINT (8.718876930000022 50.098130244000060)","Unfall 141102 (2017) Kat:3, Licht: 0","141102","3","3","5","04","08","3","0","0","0","1","0","1"
"POINT (8.545986686000049 50.102304389000039)","Unfall 141116 (2017) Kat:2, Licht: 0","141116","2","7","6","04","13","2","0","0","0","1","1","0"
"POINT (8.571985802000029 50.097147737000057)","Unfall 141117 (2017) Kat:3, Licht: 0","141117","3","1","4","04","09","2","0","0","0","1","0","0"
"POINT (8.618780085000026 50.101157353000076)","Unfall 141118 (2017) Kat:3, Licht: 0","141118","3","1","2","04","16","2","0","0","0","1","0","1"
"POINT (8.642794521000042 50.091321775000040)","Unfall 141119 (2017) Kat:2, Licht: 0","141119","2","6","6","04","10","2","0","0","1","0","1","0"
"POINT (8.646906043000058 50.086829141000067)","Unfall 141120 (2017) Kat:3, Licht: 1","141120","3","6","2","04","20","2","0","1","0","1","0","0"
"POINT (8.634528140000043 50.105753894000031)","Unfall 141121 (2017) Kat:3, Licht: 0","141121","3","6","2","04","19","2","0","0","0","1","0","0"
"POINT (8.671236118000024 50.126830915000028)","Unfall 141122 (2017) Kat:3, Licht: 0","141122","3","6","2","04","18","2","0","0","0","1","0","0"
"POINT (8.754054368000027 50.132734712000058)","Unfall 141139 (2017) Kat:2, Licht: 0","141139","2","1","0","04","15","1","0","0","1","0","0","0"
"POINT (8.546363270000029 50.103619822000041)","Unfall 141159 (2017) Kat:3, Licht: 0","141159","3","3","5","04","11","7","0","0","1","1","0","0"
"POINT (8.651345811000056 50.114320022000072)","Unfall 141160 (2017) Kat:3, Licht: 0","141160","3","2","3","04","19","7","0","0","0","1","0","0"
"POINT (8.691195578000077 50.150805886000057)","Unfall 141161 (2017) Kat:3, Licht: 2","141161","3","7","1","04","21","7","0","2","0","1","0","0"
"POINT (8.676438779000023 50.120446041000037)","Unfall 141162 (2017) Kat:3, Licht: 0","141162","3","6","4","04","14","7","0","0","1","0","0","0"
"POINT (8.654522249000024 50.136181822000026)","Unfall 141172 (2017) Kat:3, Licht: 0","141172","3","5","1","04","16","6","0","0","1","1","0","0"
"POINT (8.679919480000024 50.102926144000037)","Unfall 141173 (2017) Kat:3, Licht: 0","141173","3","4","6","04","17","6","0","0","0","1","1","0"
"POINT (8.759081387000038 50.120931558000052)","Unfall 141174 (2017) Kat:3, Licht: 0","141174","3","3","5","04","16","6","0","0","1","1","0","0"
"POINT (8.668451575000063 50.131678584000042)","Unfall 141175 (2017) Kat:3, Licht: 0","141175","3","2","5","04","14","6","0","0","1","1","0","0"
"POINT (8.586304717000076 50.105624459000069)","Unfall 141192 (2017) Kat:3, Licht: 0","141192","3","1","1","04","10","5","0","0","0","1","0","1"
"POINT (8.608581733000051 50.147047553000050)","Unfall 141193 (2017) Kat:3, Licht: 0","141193","3","3","5","04","14","5","0","0","0","1","0","0"
"POINT (8.648042115000067 50.121469979000040)","Unfall 141194 (2017) Kat:3, Licht: 2","141194","3","3","5","04","21","5","0","2","1","0","0","0"
"POINT (8.700034944000038 50.116970379000065)","Unfall 141195 (2017) Kat:2, Licht: 0","141195","2","3","5","04","13","5","0","0","1","1","0","0"
"POINT (8.687968752000074 50.114097870000080)","Unfall 141196 (2017) Kat:3, Licht: 1","141196","3","3","0","04","20","5","0","1","1","1","0","0"
"POINT (8.497720907000030 50.096979450000049)","Unfall 141213 (2017) Kat:3, Licht: 0","141213","3","6","2","05","14","2","0","0","0","1","0","0"
"POINT (8.679302014000029 50.113742097000056)","Unfall 141214 (2017) Kat:2, Licht: 0","141214","2","7","6","05","12","2","0","0","1","0","1","0"
"POINT (8.500601796000069 50.097047175000057)","Unfall 141225 (2017) Kat:2, Licht: 0","141225","2","3","5","05","13","7","0","0","0","1","0","1"
"POINT (8.658994789000076 50.090229685000054)","Unfall 141226 (2017) Kat:2, Licht: 0","141226","2","1","8","05","19","7","0","0","1","0","0","0"
"POINT (8.680052415000034 50.102742541000055)","Unfall 141227 (2017) Kat:3, Licht: 0","141227","3","4","6","05","19","7","0","0","0","1","1","0"
"POINT (8.682591666000064 50.099465989000066)","Unfall 141228 (2017) Kat:3, Licht: 0","141228","3","3","5","05","10","7","0","0","0","1","0","1"
"POINT (8.671377975000041 50.116730721000067)","Unfall 141229 (2017) Kat:2, Licht: 0","141229","2","6","3","05","15","7","0","0","0","1","0","1"
"POINT (8.687843823000037 50.113511851000055)","Unfall 141230 (2017) Kat:3, Licht: 2","141230","3","4","6","05","03","7","0","2","0","1","1","0"
"POINT (8.627545228000031 50.097468641000034)","Unfall 141246 (2017) Kat:3, Licht: 0","141246","3","7","5","05","11","6","0","0","0","1","0","1"
"POINT (8.714288197000030 50.130573981000055)","Unfall 141247 (2017) Kat:3, Licht: 0","141247","3","6","6","05","19","6","0","0","0","1","1","0"
"POINT (8.674920569000051 50.124941853000053)","Unfall 141248 (2017) Kat:3, Licht: 0","141248","3","3","5","05","15","6","0","0","1","1","0","0"
"POINT (8.651835002000041 50.115680238000039)","Unfall 141262 (2017) Kat:3, Licht: 0","141262","3","6","2","05","06","5","1","0","0","1","0","0"
"POINT (8.664027608000026 50.154416151000078)","Unfall 141263 (2017) Kat:3, Licht: 0","141263","3","7","9","05","19","5","0","0","0","1","0","0"
"POINT (8.596282387000031 50.113281899000071)","Unfall 141285 (2017) Kat:3, Licht: 0","141285","3","3","5","05","13","4","1","0","1","0","0","0"
"POINT (8.664084380000077 50.143658566000056)","Unfall 141286 (2017) Kat:3, Licht: 0","141286","3","2","0","05","08","4","0","0","1","0","0","0"
"POINT (8.552936115000023 50.091409586000054)","Unfall 141287 (2017) Kat:3, Licht: 0","141287","3","1","0","05","07","4","1","0","0","0","0","1"
"POINT (8.703344713000035 50.127365480000037)","Unfall 141288 (2017) Kat:3, Licht: 0","141288","3","3","5","05","07","4","0","0","1","1","0","0"
"POINT (8.687828937000063 50.113714064000078)","Unfall 141289 (2017) Kat:3, Licht: 2","141289","3","4","6","05","21","4","1","2","0","0","1","0"
"POINT (8.688362096000049 50.117672276000064)","Unfall 141290 (2017) Kat:3, Licht: 0","141290","3","3","5","05","06","4","0","0","0","1","0","0"
"POINT (8.673966540000038 50.110066415000063)","Unfall 141291 (2017) Kat:3, Licht: 0","141291","3","6","3","05","16","4","1","0","0","1","0","0"
"POINT (8.553743009000073 50.115343780000046)","Unfall 141309 (2017) Kat:3, Licht: 2","141309","3","6","2","05","22","3","1","2","0","1","0","0"
"POINT (8.646058876000041 50.162132828000040)","Unfall 141310 (2017) Kat:3, Licht: 0","141310","3","2","3","05","16","3","1","0","1","1","0","0"
"POINT (8.634862552000072 50.158418910000080)","Unfall 141311 (2017) Kat:3, Licht: 0","141311","3","6","3","05","07","3","1","0","0","1","0","0"
"POINT (8.758042837000062 50.131767173000071)","Unfall 141312 (2017) Kat:3, Licht: 0","141312","3","3","5","05","14","3","1","0","1","1","0","0"
"POINT (8.635542466000061 50.105789432000051)","Unfall 141313 (2017) Kat:3, Licht: 0","141313","3","3","5","05","19","3","1","0","1","1","0","0"
"POINT (8.671468855000057 50.127209629000049)","Unfall 141314 (2017) Kat:3, Licht: 2","141314","3","2","5","05","20","3","1","2","0","1","0","0"
"POINT (8.687280168000029 50.119767267000043)","Unfall 141315 (2017) Kat:3, Licht: 0","141315","3","1","0","05","17","3","1","0","0","0","0","1"
"POINT (8.675778758000035 50.107527445000073)","Unfall 141316 (2017) Kat:3, Licht: 1","141316","3","2","3","05","19","3","1","1","1","0","0","0"
"POINT (8.747919460000048 50.157915899000045)","Unfall 141326 (2017) Kat:3, Licht: 0","141326","3","3","5","05","16","3","1","0","0","1","0","0"
"POINT (8.723780689000023 50.103175455000041)","Unfall 141334 (2017) Kat:3, Licht: 0","141334","3","1","0","05","15","2","1","0","0","0","0","1"
"POINT (8.658300661000055 50.103615447000038)","Unfall 141335 (2017) Kat:3, Licht: 0","141335","3","6","2","05","13","2","1","0","0","1","0","0"
"POINT (8.666408841000020 50.108150192000039)","Unfall 141336 (2017) Kat:3, Licht: 0","141336","3","5","1","05","09","2","1","0","1","1","0","0"