WKT,Name,OBJECTID,UKATEGORIE,UTYP1,UART,UMONAT,USTUNDE,UWOCHENTAG,STRZUSTAND,ULICHTVERH,ISTRAD,ISTPKW,ISTFUSS,ISTKRAD
"POINT (8.670822521000048 50.115416255000071)","Unfall 141337 (2017) Kat:3, Licht: 0","141337","3","3","5","05","10","2","1","0","1","0","0","0"
"POINT (8.675819444000069 50.107538072000068)","Unfall 141338 (2017) Kat:3, Licht: 2","141338","3","2","5","05","22","2","1","2","0","1","0","0"
"POINT (8.656274356000040 50.138138389000062)","Unfall 141346 (2017) Kat:2, Licht: 0","141346","2","3","5","04","18","1","0","0","1","1","0","0"
"POINT (8.648332924000044 50.114776134000067)","Unfall 141360 (2017) Kat:3, Licht: 0","141360","3","2","5","04","13","7","0","0","1","1","0","0"
"POINT (8.543158018000042 50.101964888000055)","Unfall 141379 (2017) Kat:3, Licht: 0","141379","3","4","6","04","09","6","0","0","0","1","1","0"
"POINT (8.506141282000044 50.084437228000070)","Unfall 141380 (2017) Kat:2, Licht: 0","141380","2","4","6","04","08","6","0","0","0","1","1","0"
"POINT (8.548403172000064 50.114774042000079)","Unfall 141381 (2017) Kat:2, Licht: 1","141381","2","2","5","04","05","6","0","1","0","1","0","1"
"POINT (8.653558522000026 50.080280783000035)","Unfall 141382 (2017) Kat:3, Licht: 0","141382","3","6","1","04","14","6","0","0","0","1","0","0"
"POINT (8.697689577000062 50.115861097000050)","Unfall 141383 (2017) Kat:3, Licht: 0","141383","3","2","5","04","16","6","0","0","1","1","0","0"
"POINT (8.679859367000063 50.117059371000039)","Unfall 141384 (2017) Kat:3, Licht: 0","141384","3","6","4","04","16","6","0","0","1","0","0","0"
"POINT (8.663690164000059 50.109083659000078)","Unfall 141397 (2017) Kat:3, Licht: 0","141397","3","4","6","04","19","5","0","0","0","1","1","1"
"POINT (8.665921749000063 50.116984158000037)","Unfall 141398 (2017) Kat:3, Licht: 0","141398","3","6","2","04","12","5","0","0","0","1","0","0"
"POINT (8.685885499000051 50.119838972000082)","Unfall 141399 (2017) Kat:3, Licht: 0","141399","3","6","3","04","08","5","0","0","0","1","0","0"
"POINT (8.691494512000077 50.120716557000037)","Unfall 141400 (2017) Kat:3, Licht: 0","141400","3","3","5","04","11","5","0","0","1","1","0","0"
"POINT (8.685729239000068 50.142431207000072)","Unfall 141423 (2017) Kat:3, Licht: 0","141423","3","3","6","04","19","4","0","0","1","0","1","0"
"POINT (8.690329208000037 50.147493360000055)","Unfall 141424 (2017) Kat:3, Licht: 0","141424","3","3","5","04","15","4","0","0","0","1","0","0"
"POINT (8.766800645000046 50.133560468000042)","Unfall 141425 (2017) Kat:3, Licht: 0","141425","3","6","3","04","06","4","0","0","1","0","0","0"
"POINT (8.747952476000023 50.157884946000081)","Unfall 141440 (2017) Kat:3, Licht: 0","141440","3","3","5","04","09","4","0","0","0","1","0","0"
"POINT (8.682203910000055 50.153431179000052)","Unfall 141446 (2017) Kat:3, Licht: 0","141446","3","6","3","04","16","3","0","0","1","1","0","0"
"POINT (8.624434385000029 50.140796848000036)","Unfall 141447 (2017) Kat:3, Licht: 0","141447","3","3","5","04","10","3","0","0","1","1","0","0"
"POINT (8.666603986000041 50.094109656000057)","Unfall 141448 (2017) Kat:3, Licht: 0","141448","3","6","2","04","10","3","0","0","0","1","0","0"
"POINT (8.675872000000027 50.120727551000073)","Unfall 141449 (2017) Kat:3, Licht: 0","141449","3","6","2","04","08","3","0","0","1","0","0","0"
"POINT (8.690871918000028 50.122078882000039)","Unfall 141450 (2017) Kat:3, Licht: 0","141450","3","2","5","04","13","3","0","0","1","1","0","0"
"POINT (8.687745596000070 50.114819994000072)","Unfall 141451 (2017) Kat:3, Licht: 0","141451","3","6","3","04","07","3","0","0","1","0","0","0"
"POINT (8.688043984000046 50.110109473000080)","Unfall 141452 (2017) Kat:2, Licht: 0","141452","2","4","6","04","15","3","0","0","1","0","1","0"
"POINT (8.655962135000038 50.108443568000041)","Unfall 141468 (2017) Kat:3, Licht: 0","141468","3","3","5","04","08","2","0","0","0","1","0","1"
"POINT (8.671915579000029 50.110738864000041)","Unfall 141469 (2017) Kat:3, Licht: 0","141469","3","6","3","04","14","2","0","0","0","1","0","0"
"POINT (8.565715029000046 50.123807726000052)","Unfall 141497 (2017) Kat:3, Licht: 0","141497","3","3","5","05","15","1","0","0","0","1","0","0"
"POINT (8.667716093000024 50.099908736000032)","Unfall 141498 (2017) Kat:3, Licht: 0","141498","3","3","5","05","18","1","0","0","1","0","0","0"
"POINT (8.669620051000038 50.108692630000064)","Unfall 141499 (2017) Kat:3, Licht: 0","141499","3","3","5","05","19","1","0","0","1","1","0","0"
"POINT (8.516024147000053 50.082766231000051)","Unfall 141519 (2017) Kat:3, Licht: 0","141519","3","5","1","05","11","6","1","0","0","1","0","0"
"POINT (8.707964668000045 50.167386411000052)","Unfall 141520 (2017) Kat:2, Licht: 1","141520","2","3","5","05","05","6","1","1","1","1","0","0"
"POINT (8.626954503000036 50.180319839000049)","Unfall 141521 (2017) Kat:3, Licht: 0","141521","3","3","5","05","13","6","1","0","1","1","0","0"
"POINT (8.760255482000048 50.145693508000079)","Unfall 141532 (2017) Kat:3, Licht: 0","141532","3","3","5","05","07","6","1","0","0","1","0","1"
"POINT (8.659855911000022 50.149524833000044)","Unfall 141545 (2017) Kat:3, Licht: 2","141545","3","1","1","05","22","5","0","2","0","1","0","0"
"POINT (8.722944911000070 50.102713831000074)","Unfall 141546 (2017) Kat:3, Licht: 2","141546","3","3","5","05","21","5","0","2","1","1","0","0"
"POINT (8.687104932000068 50.115605546000040)","Unfall 141547 (2017) Kat:3, Licht: 0","141547","3","6","6","05","11","5","0","0","0","1","1","0"
"POINT (8.510447782000028 50.097153553000055)","Unfall 141577 (2017) Kat:3, Licht: 0","141577","3","3","0","05","09","4","0","0","1","1","0","0"
"POINT (8.662184153000055 50.110255567000081)","Unfall 141578 (2017) Kat:3, Licht: 0","141578","3","6","2","05","19","4","0","0","0","1","0","0"
"POINT (8.681548795000026 50.141569229000027)","Unfall 141579 (2017) Kat:3, Licht: 0","141579","3","6","4","05","13","4","0","0","1","1","0","0"
"POINT (8.684135320000053 50.097510934000070)","Unfall 141580 (2017) Kat:3, Licht: 2","141580","3","6","2","05","21","4","0","2","0","1","0","1"
"POINT (8.686304532000065 50.101383004000070)","Unfall 141581 (2017) Kat:3, Licht: 0","141581","3","3","5","05","12","4","0","0","0","1","0","1"
"POINT (8.700888969000062 50.126018792000082)","Unfall 141582 (2017) Kat:3, Licht: 0","141582","3","7","2","05","08","4","0","0","1","1","0","0"
"POINT (8.671939521000070 50.113682572000073)","Unfall 141583 (2017) Kat:3, Licht: 0","141583","3","6","2","05","18","4","0","0","0","1","0","1"
"POINT (8.692439419000039 50.109824082000046)","Unfall 141584 (2017) Kat:3, Licht: 0","141584","3","5","1","05","15","4","0","0","1","1","0","0"
"POINT (8.642528349000031 50.142934173000071)","Unfall 141607 (2017) Kat:2, Licht: 0","141607","2","7","7","05","16","3","0","0","1","0","0","0"
"POINT (8.620951577000028 50.111238443000047)","Unfall 141608 (2017) Kat:3, Licht: 0","141608","3","3","5","05","18","3","0","0","0","1","0","0"
"POINT (8.714173240000037 50.093382454000050)","Unfall 141609 (2017) Kat:3, Licht: 0","141609","3","7","0","05","16","3","0","0","0","0","0","1"
"POINT (8.684116548000077 50.102709989000061)","Unfall 141610 (2017) Kat:3, Licht: 0","141610","3","3","5","05","09","3","0","0","0","1","0","0"
"POINT (8.680678836000027 50.101707220000037)","Unfall 141611 (2017) Kat:3, Licht: 2","141611","3","3","5","05","23","3","0","2","1","1","0","0"
"POINT (8.700641954000048 50.128901324000026)","Unfall 141612 (2017) Kat:3, Licht: 0","141612","3","6","2","05","17","3","0","0","0","1","0","0"
"POINT (8.731727917000058 50.111523951000038)","Unfall 141613 (2017) Kat:3, Licht: 0","141613","3","3","5","05","14","3","0","0","0","0","0","0"
"POINT (8.550918486000057 50.084342584000069)","Unfall 141614 (2017) Kat:3, Licht: 2","141614","3","1","0","05","23","3","0","2","0","0","0","0"
"POINT (8.623313987000074 50.148382405000063)","Unfall 141631 (2017) Kat:3, Licht: 0","141631","3","6","4","05","09","2","0","0","1","0","0","0"
"POINT (8.654132652000044 50.158654255000044)","Unfall 141632 (2017) Kat:3, Licht: 0","141632","3","3","5","05","07","2","0","0","1","1","0","0"
"POINT (8.704409215000055 50.127912177000042)","Unfall 141633 (2017) Kat:3, Licht: 0","141633","3","4","0","05","10","2","0","0","0","1","1","0"
"POINT (8.709102335000068 50.109198943000081)","Unfall 141634 (2017) Kat:2, Licht: 0","141634","2","2","3","05","16","2","0","0","1","0","0","0"
"POINT (8.665743650000024 50.108644701000060)","Unfall 141635 (2017) Kat:3, Licht: 0","141635","3","7","1","05","15","2","0","0","1","1","0","0"
"POINT (8.756418788000076 50.158888904000037)","Unfall 141647 (2017) Kat:2, Licht: 0","141647","2","6","6","05","06","2","0","0","1","0","1","0"
"POINT (8.694923023000058 50.113398847000042)","Unfall 141652 (2017) Kat:3, Licht: 2","141652","3","3","5","05","22","1","0","2","0","1","0","0"
"POINT (8.701762743000074 50.118231755000068)","Unfall 141653 (2017) Kat:3, Licht: 2","141653","3","2","5","05","23","1","0","2","1","0","0","0"
"POINT (8.671028257000046 50.115460105000068)","Unfall 141654 (2017) Kat:3, Licht: 2","141654","3","2","5","05","02","1","0","2","1","1","0","0"
"POINT (8.681574106000028 50.108971457000052)","Unfall 141655 (2017) Kat:3, Licht: 0","141655","3","6","2","05","19","1","0","0","0","1","0","0"
"POINT (8.597405113000036 50.100226795000026)","Unfall 141667 (2017) Kat:3, Licht: 0","141667","3","6","2","05","16","7","0","0","0","1","0","0"
"POINT (8.627447283000038 50.106083903000069)","Unfall 141668 (2017) Kat:2, Licht: 0","141668","2","4","6","05","14","7","0","0","0","1","1","0"
"POINT (8.675537771000052 50.110654127000032)","Unfall 141669 (2017) Kat:3, Licht: 2","141669","3","2","5","05","00","7","0","2","0","1","0","1"
"POINT (8.537804460000075 50.104492071000038)","Unfall 141682 (2017) Kat:3, Licht: 0","141682","3","6","2","05","15","6","0","0","0","1","0","0"
"POINT (8.630134194000050 50.177096227000050)","Unfall 141683 (2017) Kat:3, Licht: 0","141683","3","4","6","05","12","6","0","0","0","1","1","0"
"POINT (8.638795459000050 50.116858686000057)","Unfall 141684 (2017) Kat:3, Licht: 0","141684","3","4","6","05","07","6","1","0","0","0","1","0"
"POINT (8.672274879000042 50.148368635000054)","Unfall 141685 (2017) Kat:3, Licht: 0","141685","3","4","6","05","19","6","0","0","0","1","1","0"
"POINT (8.678251091000050 50.137073815000065)","Unfall 141686 (2017) Kat:3, Licht: 0","141686","3","7","0","05","17","6","0","0","1","0","0","0"
"POINT (8.669878708000056 50.115626837000036)","Unfall 141687 (2017) Kat:3, Licht: 0","141687","3","2","5","05","16","6","0","0","0","1","0","0"
"POINT (8.675847727000075 50.129045856000062)","Unfall 141688 (2017) Kat:3, Licht: 0","141688","3","3","5","05","16","6","0","0","1","1","0","0"
"POINT (8.542899916000067 50.101921317000063)","Unfall 141716 (2017) Kat:3, Licht: 1","141716","3","3","5","05","20","5","0","1","1","1","0","0"
"POINT (8.628012773000023 50.096157644000073)","Unfall 141717 (2017) Kat:3, Licht: 0","141717","3","3","5","05","12","5","0","0","0","1","0","1"
"POINT (8.666230606000056 50.087037889000044)","Unfall 141718 (2017) Kat:3, Licht: 0","141718","3","3","5","05","15","5","0","0","0","1","0","1"
"POINT (8.686031896000031 50.116879128000051)","Unfall 141719 (2017) Kat:3, Licht: 0","141719","3","3","0","05","11","5","0","0","1","1","0","0"
"POINT (8.745049648000077 50.123428551000075)","Unfall 141720 (2017) Kat:3, Licht: 0","141720","3","3","5","05","15","5","0","0","0","1","0","0"
"POINT (8.544780483000068 50.102158082000074)","Unfall 141736 (2017) Kat:3, Licht: 0","141736","3","6","2","05","16","4","0","0","0","1","0","1"
"POINT (8.629289345000075 50.084038371000076)","Unfall 141737 (2017) Kat:2, Licht: 1","141737","2","3","5","05","21","4","0","1","1","1","0","0"
"POINT (8.700377836000030 50.124006318000056)","Unfall 141738 (2017) Kat:3, Licht: 0","141738","3","2","3","05","16","4","0","0","1","1","0","0"
"POINT (8.577107613000067 50.052793148000035)","Unfall 141754 (2017) Kat:3, Licht: 0","141754","3","3","5","05","09","3","0","0","0","1","0","0"
"POINT (8.562705276000031 50.106791314000077)","Unfall 141758 (2017) Kat:3, Licht: 0","141758","3","3","5","05","11","3","0","0","0","1","0","0"
"POINT (8.650335623000046 50.115305405000072)","Unfall 141759 (2017) Kat:3, Licht: 0","141759","3","3","5","05","19","3","0","0","1","1","0","0"
"POINT (8.678603334000059 50.116827808000039)","Unfall 141760 (2017) Kat:3, Licht: 0","141760","3","6","2","05","11","3","0","0","0","1","0","0"
"POINT (8.680212402000052 50.117150976000062)","Unfall 141761 (2017) Kat:3, Licht: 0","141761","3","6","2","05","16","3","0","0","0","1","0","0"
"POINT (8.723756019000064 50.103161903000057)","Unfall 141774 (2017) Kat:3, Licht: 1","141774","3","6","4","06","05","1","1","1","0","1","0","0"
"POINT (8.737326756000073 50.138436698000078)","Unfall 141784 (2017) Kat:2, Licht: 0","141784","2","1","9","06","11","1","1","0","0","1","0","0"
"POINT (8.580726279000032 50.101512118000073)","Unfall 141786 (2017) Kat:3, Licht: 2","141786","3","7","6","06","21","7","1","2","0","1","1","0"
"POINT (8.651912421000077 50.088983573000064)","Unfall 141787 (2017) Kat:3, Licht: 2","141787","3","5","9","06","23","7","1","2","0","1","0","0"
"POINT (8.687348050000026 50.105316359000028)","Unfall 141788 (2017) Kat:3, Licht: 2","141788","3","3","5","06","00","7","1","2","1","1","0","0"
"POINT (8.679937044000042 50.120487050000065)","Unfall 141789 (2017) Kat:3, Licht: 0","141789","3","6","6","06","10","7","0","0","1","0","1","0"
"POINT (8.676035582000054 50.107594528000050)","Unfall 141790 (2017) Kat:3, Licht: 0","141790","3","6","2","06","16","7","1","0","1","1","0","0"
"POINT (8.677994309000042 50.149246413000071)","Unfall 141811 (2017) Kat:3, Licht: 0","141811","3","6","3","06","13","6","0","0","0","1","0","1"
"POINT (8.654157201000032 50.079571355000041)","Unfall 141812 (2017) Kat:3, Licht: 0","141812","3","7","6","06","15","6","0","0","0","1","1","0"
"POINT (8.651024361000054 50.083688680000080)","Unfall 141813 (2017) Kat:3, Licht: 0","141813","3","6","3","06","11","6","0","0","1","1","0","0"
"POINT (8.675867232000030 50.107550554000056)","Unfall 141814 (2017) Kat:3, Licht: 0","141814","3","2","0","06","18","6","0","0","1","1","0","0"
"POINT (8.690487973000074 50.102817607000077)","Unfall 141815 (2017) Kat:3, Licht: 0","141815","3","6","0","06","18","6","1","0","0","0","0","1"
"POINT (8.688253189000022 50.126907330000051)","Unfall 141816 (2017) Kat:3, Licht: 0","141816","3","7","0","06","11","6","0","0","1","1","0","0"
"POINT (8.584178149000024 50.051550528000064)","Unfall 141838 (2017) Kat:2, Licht: 0","141838","2","7","6","06","11","5","0","0","0","0","1","0"
"POINT (8.544982871000059 50.101162581000040)","Unfall 141842 (2017) Kat:3, Licht: 0","141842","3","3","5","06","21","5","0","0","0","1","0","1"
"POINT (8.671004064000044 50.115251867000040)","Unfall 141843 (2017) Kat:2, Licht: 0","141843","2","4","6","06","17","5","0","0","0","0","1","0"
"POINT (8.625738748000060 50.133997020000038)","Unfall 141844 (2017) Kat:3, Licht: 0","141844","3","7","0","06","10","5","0","0","1","0","0","0"
"POINT (8.619558749000021 50.087658154000053)","Unfall 141845 (2017) Kat:3, Licht: 0","141845","3","1","8","06","15","5","0","0","0","1","0","0"
"POINT (8.768065010000044 50.125266331000034)","Unfall 141846 (2017) Kat:3, Licht: 0","141846","3","3","5","06","17","5","0","0","1","1","0","0"
"POINT (8.636370915000043 50.099882790000038)","Unfall 141847 (2017) Kat:3, Licht: 0","141847","3","6","2","06","15","5","0","0","0","1","0","0"
"POINT (8.679954328000065 50.117130426000074)","Unfall 141848 (2017) Kat:2, Licht: 0","141848","2","6","2","06","11","5","0","0","0","1","0","0"
"POINT (8.564571050000041 50.121126112000070)","Unfall 141864 (2017) Kat:3, Licht: 0","141864","3","3","5","05","16","4","0","0","0","1","0","1"
"POINT (8.618815407000056 50.101008252000042)","Unfall 141865 (2017) Kat:3, Licht: 0","141865","3","5","0","05","20","4","0","0","1","1","0","0"
"POINT (8.690180164000026 50.104029728000057)","Unfall 141866 (2017) Kat:3, Licht: 2","141866","3","6","3","05","23","4","0","2","0","1","0","1"
"POINT (8.638950767000040 50.107599869000069)","Unfall 141867 (2017) Kat:3, Licht: 0","141867","3","1","0","05","07","4","0","0","1","0","0","0"
"POINT (8.671026330000075 50.115427234000038)","Unfall 141868 (2017) Kat:3, Licht: 0","141868","3","2","3","05","17","4","0","0","1","0","0","0"
"POINT (8.672198071000025 50.131457625000053)","Unfall 141869 (2017) Kat:2, Licht: 0","141869","2","6","2","05","11","4","1","0","0","1","0","0"
"POINT (8.671028922000062 50.115471436000064)","Unfall 141870 (2017) Kat:3, Licht: 0","141870","3","7","4","05","20","4","0","0","1","0","0","0"
"POINT (8.650006840000060 50.123211791000074)","Unfall 141886 (2017) Kat:3, Licht: 0","141886","3","4","6","05","09","3","0","0","1","0","1","0"
"POINT (8.638206626000056 50.087034520000032)","Unfall 141887 (2017) Kat:3, Licht: 0","141887","3","7","0","05","10","3","0","0","1","1","0","0"
"POINT (8.689664597000046 50.105068068000037)","Unfall 141888 (2017) Kat:3, Licht: 0","141888","3","6","3","05","18","3","1","0","0","1","0","1"
"POINT (8.669758042000069 50.129444554000031)","Unfall 141889 (2017) Kat:3, Licht: 0","141889","3","6","2","05","15","3","1","0","0","1","0","0"
"POINT (8.695511982000028 50.120205999000063)","Unfall 141890 (2017) Kat:3, Licht: 0","141890","3","3","5","05","19","3","0","0","1","1","0","0"
"POINT (8.685491216000060 50.128854452000041)","Unfall 141891 (2017) Kat:3, Licht: 0","141891","3","2","5","05","15","3","0","0","1","1","0","0"
"POINT (8.671550972000034 50.113434196000071)","Unfall 141892 (2017) Kat:3, Licht: 0","141892","3","6","0","05","15","3","1","0","0","1","0","1"
"POINT (8.598543822000067 50.110983369000053)","Unfall 141912 (2017) Kat:2, Licht: 0","141912","2","2","5","05","10","2","0","0","0","1","0","1"
"POINT (8.641479498000024 50.127997803000028)","Unfall 141913 (2017) Kat:3, Licht: 0","141913","3","3","5","05","06","2","0","0","1","1","0","0"
"POINT (8.646472432000053 50.128783475000034)","Unfall 141914 (2017) Kat:2, Licht: 0","141914","2","3","5","05","14","2","0","0","1","1","0","0"
"POINT (8.648867151000047 50.108658154000068)","Unfall 141915 (2017) Kat:3, Licht: 0","141915","3","6","4","05","17","2","0","0","1","1","0","0"
"POINT (8.704309999000031 50.127624517000072)","Unfall 141916 (2017) Kat:3, Licht: 0","141916","3","6","2","05","07","2","0","0","0","1","0","0"
"POINT (8.624873404000027 50.105519121000043)","Unfall 141917 (2017) Kat:3, Licht: 0","141917","3","5","1","05","12","2","0","0","1","1","0","0"
"POINT (8.669093709000038 50.121938207000028)","Unfall 141918 (2017) Kat:3, Licht: 0","141918","3","7","0","05","12","2","0","0","1","0","0","0"
"POINT (8.675254349000056 50.124129643000060)","Unfall 141937 (2017) Kat:3, Licht: 0","141937","3","3","5","05","18","1","0","0","0","1","0","0"
"POINT (8.541821378000066 50.101678830000026)","Unfall 141946 (2017) Kat:2, Licht: 0","141946","2","4","6","05","17","7","0","0","0","1","1","0"
"POINT (8.675702426000044 50.107504062000032)","Unfall 141947 (2017) Kat:3, Licht: 1","141947","3","2","5","05","21","7","0","1","1","1","0","0"
"POINT (8.622340478000069 50.101058304000048)","Unfall 141965 (2017) Kat:3, Licht: 0","141965","3","7","5","05","17","6","0","0","1","1","0","0"
"POINT (8.640766709000047 50.086412665000069)","Unfall 141966 (2017) Kat:3, Licht: 2","141966","3","7","1","05","21","6","0","2","0","1","0","0"
"POINT (8.695147405000057 50.127805868000053)","Unfall 141967 (2017) Kat:3, Licht: 0","141967","3","7","0","05","18","6","0","0","0","1","0","0"
"POINT (8.724263984000061 50.127056108000033)","Unfall 141977 (2017) Kat:1, Licht: 2","141977","1","7","6","05","23","6","0","2","0","0","1","0"
"POINT (8.653631260000054 50.080194587000051)","Unfall 141982 (2017) Kat:3, Licht: 0","141982","3","7","2","05","17","5","0","0","0","1","0","0"
"POINT (8.683063634000064 50.098838789000069)","Unfall 141983 (2017) Kat:2, Licht: 0","141983","2","2","5","05","18","5","0","0","0","1","0","0"
"POINT (8.700078005000023 50.121028715000080)","Unfall 141984 (2017) Kat:3, Licht: 0","141984","3","1","0","05","13","5","0","0","0","0","0","1"
"POINT (8.653972114000055 50.097179714000049)","Unfall 141985 (2017) Kat:3, Licht: 2","141985","3","1","9","05","04","5","0","2","0","1","0","0"
"POINT (8.675737837000042 50.107564855000078)","Unfall 141986 (2017) Kat:3, Licht: 2","141986","3","3","5","05","23","5","0","2","0","1","0","1"
"POINT (8.663366734000022 50.185030303000076)","Unfall 142003 (2017) Kat:2, Licht: 0","142003","2","3","5","05","12","4","0","0","1","0","0","0"
"POINT (8.698905817000025 50.120123869000054)","Unfall 142004 (2017) Kat:3, Licht: 0","142004","3","3","0","05","07","4","0","0","1","1","0","0"
"POINT (8.669453536000049 50.108756590000041)","Unfall 142005 (2017) Kat:3, Licht: 0","142005","3","7","6","05","14","4","0","0","0","1","1","0"
"POINT (8.650605529000075 50.084298194000041)","Unfall 142030 (2017) Kat:3, Licht: 0","142030","3","7","6","05","14","3","0","0","0","0","1","0"
"POINT (8.651438360000043 50.082818130000078)","Unfall 142031 (2017) Kat:3, Licht: 0","142031","3","3","5","05","08","3","0","0","1","1","0","0"
"POINT (8.679727861000060 50.119464724000068)","Unfall 142032 (2017) Kat:3, Licht: 0","142032","3","2","3","05","12","3","0","0","1","0","0","0"
"POINT (8.675690560000021 50.121939101000066)","Unfall 142033 (2017) Kat:3, Licht: 0","142033","3","2","6","05","17","3","0","0","0","1","1","0"
"POINT (8.747758271000066 50.132262372000071)","Unfall 142053 (2017) Kat:3, Licht: 0","142053","3","6","2","05","16","2","0","0","0","1","0","0"
"POINT (8.662203237000028 50.110024226000064)","Unfall 142054 (2017) Kat:3, Licht: 0","142054","3","6","2","05","13","2","0","0","0","1","0","0"
"POINT (8.655289602000039 50.119874238000079)","Unfall 142055 (2017) Kat:3, Licht: 0","142055","3","2","2","05","15","2","0","0","0","1","0","1"
"POINT (8.572286177000024 50.053574674000060)","Unfall 142060 (2017) Kat:3, Licht: 0","142060","3","7","6","06","19","1","0","0","0","1","1","0"
"POINT (8.560054541000056 50.106938063000030)","Unfall 142065 (2017) Kat:3, Licht: 0","142065","3","6","4","06","19","1","0","0","0","1","0","0"
"POINT (8.670824128000049 50.108075752000047)","Unfall 142066 (2017) Kat:3, Licht: 0","142066","3","5","1","06","10","1","0","0","1","1","0","0"
"POINT (8.687130668000066 50.117138592000060)","Unfall 142078 (2017) Kat:3, Licht: 0","142078","3","6","6","06","12","7","0","0","0","1","1","0"
"POINT (8.670983757000045 50.115148708000049)","Unfall 142097 (2017) Kat:3, Licht: 0","142097","3","6","2","06","16","6","0","0","0","1","0","0"
"POINT (8.679020176000051 50.097569294000039)","Unfall 142098 (2017) Kat:2, Licht: 0","142098","2","3","5","06","16","6","0","0","0","1","0","1"
"POINT (8.545716411000058 50.114494717000071)","Unfall 142111 (2017) Kat:3, Licht: 0","142111","3","5","1","06","07","5","0","0","0","1","0","1"
"POINT (8.671394372000066 50.087742428000070)","Unfall 142112 (2017) Kat:3, Licht: 0","142112","3","3","5","06","13","5","0","0","0","1","0","0"
"POINT (8.763948281000069 50.135775173000070)","Unfall 142113 (2017) Kat:3, Licht: 0","142113","3","6","2","06","10","5","0","0","0","1","0","0"
"POINT (8.680467234000048 50.122098455000071)","Unfall 142114 (2017) Kat:3, Licht: 0","142114","3","3","5","06","19","5","1","0","1","0","0","1"
"POINT (8.555519529000037 50.024223651000057)","Unfall 142122 (2017) Kat:2, Licht: 0","142122","2","3","5","06","14","4","0","0","0","1","0","0"
"POINT (8.577284258000077 50.097595882000064)","Unfall 142130 (2017) Kat:3, Licht: 0","142130","3","7","6","06","19","4","0","0","0","1","1","0"
"POINT (8.694373549000034 50.157189403000075)","Unfall 142131 (2017) Kat:2, Licht: 0","142131","2","7","6","06","17","4","0","0","1","0","1","0"
"POINT (8.628819526000029 50.121838412000045)","Unfall 142132 (2017) Kat:3, Licht: 0","142132","3","2","3","06","18","4","0","0","1","1","0","0"
"POINT (8.759123145000046 50.130453194000040)","Unfall 142133 (2017) Kat:3, Licht: 0","142133","3","4","6","06","19","4","0","0","0","1","1","0"
"POINT (8.667072470000051 50.119005237000067)","Unfall 142134 (2017) Kat:3, Licht: 0","142134","3","2","5","06","19","4","0","0","1","1","0","0"
"POINT (8.694184347000032 50.127811906000034)","Unfall 142135 (2017) Kat:3, Licht: 0","142135","3","7","0","06","15","4","0","0","0","1","0","0"
"POINT (8.674809256000060 50.110391038000046)","Unfall 142136 (2017) Kat:3, Licht: 0","142136","3","4","6","06","11","4","0","0","1","0","1","0"
"POINT (8.616173009000022 50.114370929000074)","Unfall 142162 (2017) Kat:3, Licht: 0","142162","3","6","3","06","13","3","0","0","0","1","0","0"
"POINT (8.652309560000049 50.126270814000065)","Unfall 142163 (2017) Kat:3, Licht: 0","142163","3","7","2","06","17","3","0","0","0","0","0","1"
"POINT (8.695405191000077 50.104818159000047)","Unfall 142164 (2017) Kat:3, Licht: 0","142164","3","6","3","06","14","3","0","0","0","1","0","0"
"POINT (8.668160909000051 50.118465060000062)","Unfall 142165 (2017) Kat:3, Licht: 0","142165","3","5","1","06","08","3","0","0","1","0","0","0"
"POINT (8.692073964000031 50.127462593000075)","Unfall 142166 (2017) Kat:3, Licht: 0","142166","3","2","5","06","13","3","0","0","1","1","0","0"
"POINT (8.679883876000076 50.117023198000027)","Unfall 142167 (2017) Kat:3, Licht: 0","142167","3","6","2","06","15","3","0","0","0","1","0","0"
"POINT (8.754005665000022 50.150914596000064)","Unfall 142183 (2017) Kat:3, Licht: 0","142183","3","7","5","06","10","3","0","0","0","1","0","0"
"POINT (8.585505530000035 50.051924218000067)","Unfall 142184 (2017) Kat:2, Licht: 0","142184","2","4","6","06","17","2","0","0","0","1","1","0"
"POINT (8.565723109000032 50.124073912000028)","Unfall 142194 (2017) Kat:3, Licht: 0","142194","3","6","2","06","13","2","0","0","0","1","0","0"
"POINT (8.654077771000061 50.119933827000068)","Unfall 142195 (2017) Kat:3, Licht: 0","142195","3","3","5","06","11","2","0","0","0","1","0","1"
"POINT (8.659148533000064 50.144977705000031)","Unfall 142196 (2017) Kat:3, Licht: 1","142196","3","6","2","06","21","2","0","1","0","0","0","1"
"POINT (8.606171916000051 50.127218597000081)","Unfall 142197 (2017) Kat:3, Licht: 0","142197","3","7","0","06","19","2","0","0","0","0","0","0"
"POINT (8.674560611000061 50.125747332000060)","Unfall 142198 (2017) Kat:3, Licht: 0","142198","3","5","1","06","15","2","0","0","1","1","0","0"
"POINT (8.613211018000072 50.134319868000034)","Unfall 142214 (2017) Kat:3, Licht: 0","142214","3","3","5","06","18","1","0","0","1","1","0","0"
"POINT (8.692723497000031 50.127569626000081)","Unfall 142215 (2017) Kat:3, Licht: 0","142215","3","7","1","06","10","1","0","0","0","1","0","0"
"POINT (8.690785705000053 50.121949371000028)","Unfall 142216 (2017) Kat:3, Licht: 0","142216","3","6","0","06","10","1","0","0","0","1","0","1"