WKT,Name,OBJECTID,UKATEGORIE,UTYP1,UART,UMONAT,USTUNDE,UWOCHENTAG,STRZUSTAND,ULICHTVERH,ISTRAD,ISTPKW,ISTFUSS,ISTKRAD
"POINT (8.614070962000028 50.129339493000032)","Unfall 142244 (2017) Kat:3, Licht: 0","142244","3","3","5","06","15","6","0","0","0","1","0","0"
"POINT (8.702253164000069 50.103545851000035)","Unfall 142245 (2017) Kat:3, Licht: 1","142245","3","6","4","06","21","6","1","1","0","1","0","1"
"POINT (8.675772311000060 50.120876817000067)","Unfall 142246 (2017) Kat:2, Licht: 0","142246","2","3","5","06","17","6","1","0","1","1","0","0"
"POINT (8.697590030000072 50.124574997000082)","Unfall 142247 (2017) Kat:3, Licht: 0","142247","3","3","5","06","08","6","0","0","1","1","0","0"
"POINT (8.685854865000067 50.116825184000049)","Unfall 142248 (2017) Kat:3, Licht: 0","142248","3","3","0","06","09","6","0","0","0","0","0","1"
"POINT (8.592382705000034 50.034165096000038)","Unfall 142262 (2017) Kat:2, Licht: 0","142262","2","6","2","06","16","5","0","0","0","1","0","0"
"POINT (8.598680619000049 50.092180606000056)","Unfall 142267 (2017) Kat:3, Licht: 0","142267","3","2","5","06","20","5","0","0","0","1","0","1"
"POINT (8.630141252000044 50.084563021000065)","Unfall 142268 (2017) Kat:3, Licht: 0","142268","3","6","2","06","18","5","0","0","0","1","0","0"
"POINT (8.677730529000030 50.105498174000047)","Unfall 142269 (2017) Kat:3, Licht: 0","142269","3","6","2","06","09","5","0","0","0","0","0","1"
"POINT (8.755994796000039 50.124002962000077)","Unfall 142270 (2017) Kat:3, Licht: 0","142270","3","6","2","06","12","5","0","0","0","1","0","0"
"POINT (8.708591861000059 50.111391096000034)","Unfall 142271 (2017) Kat:3, Licht: 0","142271","3","3","5","06","17","5","0","0","1","1","0","0"
"POINT (8.657349522000061 50.103203567000037)","Unfall 142272 (2017) Kat:3, Licht: 0","142272","3","4","6","06","20","5","0","0","1","0","1","0"
"POINT (8.666733820000047 50.116664258000071)","Unfall 142273 (2017) Kat:3, Licht: 0","142273","3","7","0","06","09","5","0","0","1","1","0","0"
"POINT (8.664573059000077 50.190961424000079)","Unfall 142298 (2017) Kat:3, Licht: 0","142298","3","6","4","06","13","4","0","0","0","1","0","0"
"POINT (8.666432829000030 50.114690480000036)","Unfall 142299 (2017) Kat:3, Licht: 0","142299","3","7","0","06","11","4","1","0","0","1","0","0"
"POINT (8.671070040000075 50.108137993000071)","Unfall 142300 (2017) Kat:3, Licht: 0","142300","3","5","1","06","18","4","0","0","1","1","0","0"
"POINT (8.587391221000075 50.057201550000059)","Unfall 142315 (2017) Kat:3, Licht: 0","142315","3","6","2","06","17","3","0","0","0","1","0","0"
"POINT (8.541149804000042 50.109714007000036)","Unfall 142319 (2017) Kat:3, Licht: 0","142319","3","7","1","06","11","3","0","0","0","1","0","0"
"POINT (8.628810573000067 50.087155188000054)","Unfall 142320 (2017) Kat:3, Licht: 0","142320","3","7","0","06","09","3","0","0","0","1","0","0"
"POINT (8.670870913000044 50.118905305000055)","Unfall 142321 (2017) Kat:3, Licht: 0","142321","3","6","2","06","17","3","0","0","0","1","0","0"
"POINT (8.657534010000063 50.119574675000081)","Unfall 142322 (2017) Kat:3, Licht: 0","142322","3","3","5","06","13","3","0","0","1","1","0","0"
"POINT (8.696270500000026 50.121499507000067)","Unfall 142351 (2017) Kat:3, Licht: 0","142351","3","3","5","06","21","6","0","0","1","1","0","0"
"POINT (8.643739071000027 50.112732188000052)","Unfall 142369 (2017) Kat:3, Licht: 0","142369","3","3","5","06","12","5","0","0","0","1","0","0"
"POINT (8.629197492000060 50.084448660000078)","Unfall 142370 (2017) Kat:3, Licht: 0","142370","3","2","6","06","06","5","1","0","0","1","1","0"
"POINT (8.575846531000025 50.089121405000071)","Unfall 142371 (2017) Kat:3, Licht: 2","142371","3","3","5","06","22","5","0","2","1","1","0","0"
"POINT (8.694355516000030 50.065691181000034)","Unfall 142372 (2017) Kat:3, Licht: 0","142372","3","6","2","06","16","5","0","0","0","1","0","0"
"POINT (8.695237444000043 50.114899933000061)","Unfall 142373 (2017) Kat:2, Licht: 0","142373","2","4","6","06","19","5","1","0","0","0","1","0"
"POINT (8.679144266000037 50.117005546000030)","Unfall 142374 (2017) Kat:3, Licht: 0","142374","3","3","5","06","11","5","1","0","0","0","0","1"
"POINT (8.588410721000059 50.052822923000065)","Unfall 142392 (2017) Kat:3, Licht: 0","142392","3","7","6","06","08","4","0","0","0","1","1","0"
"POINT (8.648818634000065 50.087093855000035)","Unfall 142398 (2017) Kat:3, Licht: 0","142398","3","6","2","06","15","4","0","0","0","1","0","0"
"POINT (8.704671144000031 50.103812668000046)","Unfall 142399 (2017) Kat:3, Licht: 0","142399","3","6","0","06","08","4","1","0","1","1","0","0"
"POINT (8.705993670000055 50.125894581000068)","Unfall 142400 (2017) Kat:3, Licht: 0","142400","3","5","3","06","14","4","0","0","1","1","0","0"
"POINT (8.697554338000032 50.128414145000079)","Unfall 142401 (2017) Kat:3, Licht: 0","142401","3","3","5","06","08","4","1","0","0","1","0","1"
"POINT (8.703461557000026 50.127435087000038)","Unfall 142402 (2017) Kat:2, Licht: 0","142402","2","7","0","06","08","4","0","0","0","1","0","1"
"POINT (8.688381656000047 50.117697097000075)","Unfall 142403 (2017) Kat:3, Licht: 0","142403","3","3","5","06","12","4","0","0","0","1","0","0"
"POINT (8.652148164000039 50.185201805000077)","Unfall 142434 (2017) Kat:3, Licht: 0","142434","3","3","5","06","08","3","0","0","0","1","0","1"
"POINT (8.709502977000057 50.108603821000031)","Unfall 142435 (2017) Kat:3, Licht: 0","142435","3","6","3","06","11","3","0","0","1","1","0","0"
"POINT (8.663195705000021 50.123325602000079)","Unfall 142436 (2017) Kat:3, Licht: 0","142436","3","3","5","06","18","3","0","0","1","1","0","0"
"POINT (8.551831116000074 50.046966518000033)","Unfall 142452 (2017) Kat:2, Licht: 0","142452","2","2","5","06","16","2","0","0","0","1","0","1"
"POINT (8.534665002000054 50.114114235000045)","Unfall 142460 (2017) Kat:3, Licht: 0","142460","3","3","5","06","19","2","0","0","0","1","0","0"
"POINT (8.669671797000035 50.166004946000044)","Unfall 142461 (2017) Kat:3, Licht: 0","142461","3","3","5","06","20","2","0","0","1","1","0","0"
"POINT (8.666051625000023 50.093599881000046)","Unfall 142476 (2017) Kat:3, Licht: 0","142476","3","3","5","06","15","1","0","0","1","1","0","0"
"POINT (8.675752318000036 50.120908812000039)","Unfall 142477 (2017) Kat:3, Licht: 2","142477","3","3","5","06","00","1","0","2","1","1","0","0"
"POINT (8.668674721000059 50.131510785000046)","Unfall 142478 (2017) Kat:2, Licht: 0","142478","2","6","3","06","07","1","0","0","0","1","0","1"
"POINT (8.514560261000042 50.078788660000043)","Unfall 142488 (2017) Kat:3, Licht: 0","142488","3","3","5","06","14","7","0","0","0","1","0","0"
"POINT (8.648353523000026 50.114697927000066)","Unfall 142489 (2017) Kat:3, Licht: 0","142489","3","3","5","06","05","7","0","0","0","1","0","0"
"POINT (8.675850653000055 50.109377910000035)","Unfall 142490 (2017) Kat:3, Licht: 0","142490","3","6","3","06","15","7","0","0","0","1","0","0"
"POINT (8.553584696000030 50.100455334000060)","Unfall 142509 (2017) Kat:3, Licht: 0","142509","3","2","0","06","10","6","0","0","1","0","0","1"
"POINT (8.639163765000035 50.081581910000068)","Unfall 142510 (2017) Kat:3, Licht: 0","142510","3","2","5","06","18","6","0","0","0","1","0","0"
"POINT (8.546924118000050 50.093956383000034)","Unfall 142511 (2017) Kat:2, Licht: 0","142511","2","1","0","06","19","6","0","0","1","0","0","0"
"POINT (8.671247363000020 50.094482743000071)","Unfall 142512 (2017) Kat:3, Licht: 0","142512","3","7","0","06","13","6","0","0","1","0","0","0"
"POINT (8.695828209000069 50.133934761000035)","Unfall 142513 (2017) Kat:3, Licht: 0","142513","3","3","5","06","07","6","0","0","1","1","0","0"
"POINT (8.675740699000073 50.107560632000059)","Unfall 142514 (2017) Kat:3, Licht: 0","142514","3","2","5","06","18","6","0","0","1","1","0","0"
"POINT (8.732635921000053 50.138873850000039)","Unfall 142540 (2017) Kat:3, Licht: 0","142540","3","2","5","06","17","6","0","0","0","1","0","1"
"POINT (8.590042040000071 50.132641281000076)","Unfall 142542 (2017) Kat:3, Licht: 0","142542","3","6","2","06","06","6","0","0","0","1","0","0"
"POINT (8.638378919000047 50.156766374000028)","Unfall 142549 (2017) Kat:3, Licht: 0","142549","3","5","1","06","18","5","1","0","0","1","0","0"
"POINT (8.651933517000032 50.108858971000075)","Unfall 142550 (2017) Kat:3, Licht: 0","142550","3","7","8","06","18","5","0","0","1","0","0","0"
"POINT (8.643423532000043 50.115998436000041)","Unfall 142551 (2017) Kat:3, Licht: 0","142551","3","3","5","06","16","5","0","0","1","1","0","0"
"POINT (8.665847189000033 50.111624635000055)","Unfall 142552 (2017) Kat:3, Licht: 0","142552","3","6","0","06","09","5","0","0","0","1","0","1"
"POINT (8.630834107000055 50.084591430000046)","Unfall 142553 (2017) Kat:3, Licht: 0","142553","3","5","0","06","16","5","0","0","1","1","0","0"
"POINT (8.658036335000077 50.101716639000074)","Unfall 142554 (2017) Kat:3, Licht: 0","142554","3","6","2","06","16","5","0","0","0","1","0","0"
"POINT (8.625350614000070 50.104866806000075)","Unfall 142555 (2017) Kat:2, Licht: 2","142555","2","3","5","06","02","5","0","2","0","1","0","0"
"POINT (8.666839175000064 50.120432285000049)","Unfall 142556 (2017) Kat:3, Licht: 0","142556","3","5","1","06","14","5","0","0","1","1","0","0"
"POINT (8.647163483000043 50.115528510000047)","Unfall 142576 (2017) Kat:3, Licht: 0","142576","3","6","1","06","11","4","0","0","1","1","0","0"
"POINT (8.652197596000065 50.116744472000050)","Unfall 142577 (2017) Kat:2, Licht: 0","142577","2","2","3","06","16","4","0","0","1","0","0","0"
"POINT (8.645723637000060 50.117357833000028)","Unfall 142578 (2017) Kat:2, Licht: 0","142578","2","2","3","06","09","4","0","0","1","0","0","0"
"POINT (8.677841998000076 50.105371337000065)","Unfall 142579 (2017) Kat:3, Licht: 0","142579","3","6","3","06","08","4","0","0","0","1","0","1"
"POINT (8.723246846000052 50.161689369000044)","Unfall 142580 (2017) Kat:3, Licht: 0","142580","3","6","4","06","06","4","0","0","0","1","0","1"
"POINT (8.754191255000023 50.146881613000062)","Unfall 142598 (2017) Kat:3, Licht: 0","142598","3","6","4","06","17","4","0","0","1","1","0","0"
"POINT (8.684491312000034 50.142302042000040)","Unfall 142607 (2017) Kat:3, Licht: 0","142607","3","6","3","06","06","3","0","0","1","1","0","0"
"POINT (8.687770630000046 50.107202700000073)","Unfall 142608 (2017) Kat:3, Licht: 0","142608","3","3","5","06","18","3","0","0","0","1","0","1"
"POINT (8.742906039000047 50.122438813000031)","Unfall 142609 (2017) Kat:3, Licht: 0","142609","3","3","5","06","12","3","0","0","0","1","0","1"
"POINT (8.685060082000064 50.116625438000028)","Unfall 142610 (2017) Kat:3, Licht: 0","142610","3","7","6","06","16","3","0","0","1","0","1","0"
"POINT (8.549995222000064 50.046544245000064)","Unfall 142635 (2017) Kat:2, Licht: 0","142635","2","7","0","06","06","2","0","0","0","0","0","1"
"POINT (8.626770245000046 50.098411908000060)","Unfall 142636 (2017) Kat:3, Licht: 0","142636","3","4","6","06","07","2","0","0","0","1","1","0"
"POINT (8.695780296000066 50.112322743000050)","Unfall 142637 (2017) Kat:3, Licht: 0","142637","3","1","0","06","17","2","0","0","0","0","0","1"
"POINT (8.658429242000068 50.119370910000043)","Unfall 142638 (2017) Kat:3, Licht: 0","142638","3","5","1","06","19","2","0","0","1","1","0","0"
"POINT (8.590624552000065 50.032198673000039)","Unfall 142655 (2017) Kat:3, Licht: 0","142655","3","1","0","06","11","5","1","0","0","0","0","1"
"POINT (8.757151587000067 50.132987922000041)","Unfall 142656 (2017) Kat:3, Licht: 0","142656","3","2","5","06","08","6","0","0","0","1","0","1"
"POINT (8.546937764000063 50.105312891000040)","Unfall 142664 (2017) Kat:2, Licht: 0","142664","2","4","6","06","16","6","0","0","0","1","1","0"
"POINT (8.683216528000060 50.102498384000057)","Unfall 142666 (2017) Kat:3, Licht: 0","142666","3","5","1","06","10","6","0","0","1","1","0","0"
"POINT (8.590710365000064 50.097948714000040)","Unfall 142684 (2017) Kat:2, Licht: 0","142684","2","2","6","07","14","3","0","0","0","1","1","0"
"POINT (8.638505356000053 50.186350313000048)","Unfall 142685 (2017) Kat:3, Licht: 0","142685","3","3","5","07","13","3","0","0","1","1","0","0"
"POINT (8.616223637000076 50.107348940000065)","Unfall 142686 (2017) Kat:3, Licht: 0","142686","3","4","6","07","08","3","0","0","0","1","1","0"
"POINT (8.708066197000051 50.099714918000075)","Unfall 142687 (2017) Kat:2, Licht: 0","142687","2","3","5","07","19","3","0","0","1","1","0","0"
"POINT (8.763293438000062 50.152476565000029)","Unfall 142702 (2017) Kat:2, Licht: 0","142702","2","7","0","07","19","3","0","0","1","0","0","0"
"POINT (8.638366644000030 50.084882235000066)","Unfall 142712 (2017) Kat:2, Licht: 0","142712","2","3","5","07","20","2","0","0","1","1","0","0"
"POINT (8.681171189000054 50.122606065000070)","Unfall 142713 (2017) Kat:3, Licht: 0","142713","3","4","2","07","07","2","0","0","0","1","1","1"
"POINT (8.684134135000022 50.112680004000026)","Unfall 142714 (2017) Kat:3, Licht: 0","142714","3","3","5","07","16","2","0","0","1","1","0","0"
"POINT (8.684267351000074 50.112285442000029)","Unfall 142729 (2017) Kat:3, Licht: 2","142729","3","2","5","07","22","1","0","2","1","1","0","0"
"POINT (8.663266169000053 50.186335574000054)","Unfall 142741 (2017) Kat:2, Licht: 0","142741","2","4","6","07","21","7","0","0","0","1","1","0"
"POINT (8.674106792000032 50.090646372000037)","Unfall 142742 (2017) Kat:3, Licht: 2","142742","3","6","6","07","22","7","0","2","0","0","1","0"
"POINT (8.600298485000053 50.092256221000071)","Unfall 142759 (2017) Kat:3, Licht: 0","142759","3","7","6","07","12","6","0","0","0","1","1","0"
"POINT (8.633075349000023 50.123469797000041)","Unfall 142760 (2017) Kat:3, Licht: 2","142760","3","1","8","07","03","6","1","2","0","1","0","0"
"POINT (8.583345598000051 50.085449957000037)","Unfall 142761 (2017) Kat:3, Licht: 0","142761","3","1","0","07","10","6","0","0","1","0","0","0"
"POINT (8.749772723000035 50.121508585000072)","Unfall 142762 (2017) Kat:2, Licht: 0","142762","2","2","3","07","18","6","0","0","1","0","0","0"
"POINT (8.684006518000047 50.120565715000055)","Unfall 142763 (2017) Kat:3, Licht: 0","142763","3","7","0","07","07","6","0","0","1","0","0","0"
"POINT (8.679130276000024 50.116969277000067)","Unfall 142764 (2017) Kat:2, Licht: 0","142764","2","3","5","07","13","6","0","0","0","1","0","1"
"POINT (8.672224058000040 50.166446121000035)","Unfall 142787 (2017) Kat:3, Licht: 0","142787","3","2","5","07","09","5","0","0","1","1","0","0"
"POINT (8.648449649000042 50.114899368000067)","Unfall 142788 (2017) Kat:3, Licht: 0","142788","3","2","3","07","16","5","0","0","0","1","0","0"
"POINT (8.678526498000053 50.151979835000077)","Unfall 142789 (2017) Kat:3, Licht: 1","142789","3","1","1","07","04","5","0","1","0","1","0","0"
"POINT (8.767317735000063 50.115209547000063)","Unfall 142790 (2017) Kat:3, Licht: 0","142790","3","6","2","07","15","5","0","0","0","1","0","0"
"POINT (8.634763967000026 50.188381019000076)","Unfall 142806 (2017) Kat:2, Licht: 0","142806","2","7","0","07","11","4","0","0","1","0","0","0"
"POINT (8.652860956000041 50.159890897000082)","Unfall 142807 (2017) Kat:3, Licht: 0","142807","3","6","6","07","16","4","0","0","1","0","1","0"
"POINT (8.652409206000073 50.141101142000082)","Unfall 142808 (2017) Kat:3, Licht: 0","142808","3","3","5","07","10","4","0","0","1","1","0","0"
"POINT (8.685439107000036 50.142575022000074)","Unfall 142809 (2017) Kat:3, Licht: 0","142809","3","7","0","07","08","4","0","0","1","0","0","0"
"POINT (8.652808909000044 50.066021907000049)","Unfall 142810 (2017) Kat:3, Licht: 0","142810","3","1","8","07","17","4","0","0","0","1","0","0"
"POINT (8.669830387000047 50.129348597000046)","Unfall 142811 (2017) Kat:3, Licht: 0","142811","3","7","5","07","20","4","0","0","0","1","0","1"
"POINT (8.676289032000057 50.111315932000082)","Unfall 142812 (2017) Kat:3, Licht: 0","142812","3","5","1","07","11","4","0","0","1","1","0","0"
"POINT (8.533710331000066 50.108204148000027)","Unfall 142826 (2017) Kat:2, Licht: 0","142826","2","4","6","07","21","3","0","0","0","0","1","0"
"POINT (8.626160049000021 50.098233557000071)","Unfall 142827 (2017) Kat:3, Licht: 0","142827","3","5","1","07","20","3","0","0","0","1","0","0"
"POINT (8.592180687000052 50.099898221000046)","Unfall 142828 (2017) Kat:3, Licht: 0","142828","3","6","2","07","15","3","0","0","0","1","0","0"
"POINT (8.690187491000074 50.143548928000030)","Unfall 142829 (2017) Kat:2, Licht: 0","142829","2","6","2","07","16","3","0","0","1","0","0","0"
"POINT (8.689379744000064 50.102558760000079)","Unfall 142830 (2017) Kat:3, Licht: 1","142830","3","2","5","07","20","3","0","1","0","1","0","0"
"POINT (8.680202487000031 50.121067264000033)","Unfall 142831 (2017) Kat:3, Licht: 0","142831","3","4","6","07","14","3","0","0","1","0","1","0"
"POINT (8.668061178000073 50.122017774000028)","Unfall 142832 (2017) Kat:3, Licht: 0","142832","3","4","6","07","18","3","0","0","1","0","1","0"
"POINT (8.607110632000058 50.093175032000033)","Unfall 142848 (2017) Kat:3, Licht: 0","142848","3","3","5","07","09","2","0","0","0","1","0","0"
"POINT (8.607009498000025 50.095239489000051)","Unfall 142849 (2017) Kat:3, Licht: 0","142849","3","6","2","07","16","2","0","0","0","1","0","0"
"POINT (8.618827015000022 50.149539963000052)","Unfall 142850 (2017) Kat:3, Licht: 0","142850","3","3","5","07","20","2","0","0","0","1","0","1"
"POINT (8.658408879000035 50.103142361000039)","Unfall 142851 (2017) Kat:1, Licht: 2","142851","1","1","8","07","00","2","0","2","0","0","0","1"
"POINT (8.676473469000030 50.120323513000073)","Unfall 142852 (2017) Kat:2, Licht: 0","142852","2","7","3","07","15","2","0","0","0","1","0","1"
"POINT (8.607248797000068 50.094055156000081)","Unfall 142872 (2017) Kat:3, Licht: 0","142872","3","3","5","07","11","1","0","0","1","1","0","0"
"POINT (8.636055305000070 50.085919397000055)","Unfall 142873 (2017) Kat:3, Licht: 0","142873","3","3","5","07","14","1","0","0","0","1","0","0"
"POINT (8.681075856000064 50.095160868000050)","Unfall 142874 (2017) Kat:3, Licht: 0","142874","3","2","5","07","18","1","0","0","0","1","0","0"
"POINT (8.675665244000072 50.120925687000067)","Unfall 142875 (2017) Kat:3, Licht: 1","142875","3","3","5","07","21","1","0","1","1","1","0","0"
"POINT (8.665310648000059 50.191904691000047)","Unfall 142887 (2017) Kat:3, Licht: 0","142887","3","1","1","07","06","7","0","0","0","1","0","0"
"POINT (8.621349946000066 50.121262381000065)","Unfall 142888 (2017) Kat:3, Licht: 0","142888","3","7","8","07","17","7","1","0","0","1","0","0"
"POINT (8.700561786000037 50.111923745000070)","Unfall 142889 (2017) Kat:2, Licht: 0","142889","2","4","6","07","09","7","1","0","0","1","1","0"
"POINT (8.665895690000070 50.106828177000068)","Unfall 142890 (2017) Kat:3, Licht: 0","142890","3","7","6","07","18","7","0","0","0","1","1","0"
"POINT (8.694504774000052 50.128155204000052)","Unfall 142891 (2017) Kat:3, Licht: 2","142891","3","2","3","07","00","7","0","2","1","1","0","0"
"POINT (8.684039504000054 50.091990878000047)","Unfall 142901 (2017) Kat:3, Licht: 0","142901","3","6","1","06","07","6","0","0","1","1","0","0"
"POINT (8.657081437000045 50.163230082000041)","Unfall 142904 (2017) Kat:3, Licht: 2","142904","3","1","8","06","03","6","0","2","0","1","0","0"
"POINT (8.574662629000045 50.103401956000027)","Unfall 142919 (2017) Kat:3, Licht: 2","142919","3","1","9","07","23","6","0","2","0","1","0","0"
"POINT (8.598742265000055 50.096564513000033)","Unfall 142920 (2017) Kat:3, Licht: 0","142920","3","2","5","07","13","6","0","0","0","1","0","1"
"POINT (8.645928768000033 50.124514061000070)","Unfall 142921 (2017) Kat:3, Licht: 0","142921","3","3","0","07","10","6","0","0","0","0","0","1"
"POINT (8.643018297000026 50.117202594000048)","Unfall 142922 (2017) Kat:3, Licht: 2","142922","3","3","5","07","00","6","1","2","0","1","0","0"
"POINT (8.660699145000024 50.096661433000065)","Unfall 142923 (2017) Kat:3, Licht: 0","142923","3","6","2","07","13","6","0","0","0","1","0","0"
"POINT (8.679434058000027 50.114600333000055)","Unfall 142929 (2017) Kat:3, Licht: 0","142929","3","7","5","07","10","6","0","0","1","1","0","0"
"POINT (8.673214203000043 50.109776643000032)","Unfall 142930 (2017) Kat:2, Licht: 2","142930","2","7","0","07","03","6","1","2","1","0","0","0"
"POINT (8.630073228000072 50.152579991000039)","Unfall 142951 (2017) Kat:3, Licht: 0","142951","3","3","5","07","17","5","0","0","0","1","0","0"
"POINT (8.644320594000021 50.108583473000067)","Unfall 142952 (2017) Kat:2, Licht: 0","142952","2","2","3","07","12","5","1","0","1","1","0","0"
"POINT (8.551706026000034 50.100585741000032)","Unfall 142967 (2017) Kat:3, Licht: 0","142967","3","7","4","07","20","4","0","0","1","1","0","0"
"POINT (8.643706766000037 50.112730673000044)","Unfall 142968 (2017) Kat:3, Licht: 0","142968","3","2","5","07","17","4","0","0","0","1","0","0"
"POINT (8.637582254000051 50.104334658000028)","Unfall 142969 (2017) Kat:3, Licht: 0","142969","3","7","0","07","18","4","0","0","1","0","0","0"
"POINT (8.667672268000047 50.107277868000040)","Unfall 142970 (2017) Kat:3, Licht: 0","142970","3","6","2","07","14","4","0","0","0","1","0","0"
"POINT (8.682579479000026 50.126090207000061)","Unfall 142971 (2017) Kat:3, Licht: 0","142971","3","6","2","07","17","4","0","0","0","1","0","0"
"POINT (8.540892761000066 50.101452358000074)","Unfall 142982 (2017) Kat:3, Licht: 0","142982","3","4","6","07","18","3","1","0","0","1","1","0"
"POINT (8.658491388000073 50.099606534000031)","Unfall 142983 (2017) Kat:3, Licht: 0","142983","3","6","2","07","18","3","1","0","0","1","0","0"
"POINT (8.655329239000025 50.115462574000048)","Unfall 142993 (2017) Kat:3, Licht: 0","142993","3","3","5","07","15","2","0","0","0","1","0","0"
"POINT (8.768034117000070 50.126883686000042)","Unfall 142994 (2017) Kat:3, Licht: 2","142994","3","2","2","07","21","2","0","2","0","1","0","0"
"POINT (8.666095769000037 50.111726294000050)","Unfall 142995 (2017) Kat:3, Licht: 0","142995","3","6","2","07","09","2","0","0","0","1","0","0"
"POINT (8.635467378000044 50.105852143000050)","Unfall 142996 (2017) Kat:3, Licht: 0","142996","3","3","5","07","08","2","1","0","1","1","0","0"
"POINT (8.668000520000021 50.108280839000031)","Unfall 143007 (2017) Kat:3, Licht: 0","143007","3","3","5","07","18","1","0","0","1","0","0","0"
"POINT (8.568443282000033 50.102127703000065)","Unfall 143017 (2017) Kat:2, Licht: 0","143017","2","4","6","07","12","7","0","0","0","1","1","0"
"POINT (8.598583040000051 50.111007033000078)","Unfall 143018 (2017) Kat:3, Licht: 0","143018","3","3","5","07","16","7","1","0","1","1","0","0"
"POINT (8.684184712000047 50.091794439000068)","Unfall 143019 (2017) Kat:3, Licht: 0","143019","3","5","1","07","11","7","0","0","1","1","0","0"
"POINT (8.695643195000059 50.122419835000073)","Unfall 143020 (2017) Kat:3, Licht: 0","143020","3","1","1","07","11","7","1","0","1","1","0","0"
"POINT (8.675244988000031 50.113843433000056)","Unfall 143021 (2017) Kat:3, Licht: 0","143021","3","7","5","07","15","7","1","0","1","1","0","0"
"POINT (8.573882909000076 50.052687282000079)","Unfall 143028 (2017) Kat:3, Licht: 0","143028","3","3","5","07","14","6","0","0","0","1","0","0"
"POINT (8.650816802000065 50.113955625000074)","Unfall 143032 (2017) Kat:3, Licht: 0","143032","3","2","3","07","09","6","0","0","1","1","0","0"
"POINT (8.660098592000054 50.160809367000070)","Unfall 143033 (2017) Kat:3, Licht: 0","143033","3","1","0","07","11","6","0","0","1","0","0","0"
"POINT (8.668103670000050 50.108307070000080)","Unfall 143034 (2017) Kat:3, Licht: 2","143034","3","4","6","07","22","6","0","2","0","1","1","0"
"POINT (8.672745218000046 50.109595922000040)","Unfall 143035 (2017) Kat:3, Licht: 0","143035","3","4","0","07","17","6","0","0","1","0","1","0"
"POINT (8.653018034000070 50.065921903000060)","Unfall 143072 (2017) Kat:3, Licht: 0","143072","3","7","0","07","18","4","1","0","0","1","1","0"
"POINT (8.628749640000024 50.087648092000052)","Unfall 143073 (2017) Kat:3, Licht: 0","143073","3","6","2","07","13","4","0","0","0","1","0","0"
"POINT (8.691265406000071 50.166314378000038)","Unfall 143086 (2017) Kat:3, Licht: 2","143086","3","1","8","07","01","3","0","2","0","1","0","0"
"POINT (8.684714637000070 50.100942247000035)","Unfall 143087 (2017) Kat:3, Licht: 0","143087","3","7","4","07","15","3","0","0","0","1","0","1"
"POINT (8.672457935000068 50.113249525000072)","Unfall 143088 (2017) Kat:3, Licht: 0","143088","3","4","6","07","16","3","0","0","0","1","1","0"
"POINT (8.631958314000030 50.113017548000073)","Unfall 143109 (2017) Kat:3, Licht: 0","143109","3","6","3","07","17","2","0","0","0","1","0","1"
"POINT (8.669795092000072 50.123503687000039)","Unfall 143110 (2017) Kat:3, Licht: 0","143110","3","3","5","07","15","2","0","0","1","1","0","0"
"POINT (8.670372144000055 50.135881939000058)","Unfall 143125 (2017) Kat:3, Licht: 0","143125","3","4","6","07","19","1","0","0","0","1","1","0"
"POINT (8.724427638000066 50.098617525000066)","Unfall 143126 (2017) Kat:1, Licht: 0","143126","1","1","0","07","15","1","0","0","1","0","0","0"
"POINT (8.680177857000047 50.138551492000033)","Unfall 143147 (2017) Kat:3, Licht: 0","143147","3","7","1","07","12","6","0","0","0","1","0","0"
"POINT (8.678154826000025 50.119168253000055)","Unfall 143148 (2017) Kat:3, Licht: 0","143148","3","5","3","07","21","6","1","0","1","1","0","0"
"POINT (8.596500496000033 50.110455213000080)","Unfall 143159 (2017) Kat:2, Licht: 0","143159","2","6","3","07","15","5","0","0","1","0","0","1"
"POINT (8.715093892000027 50.124227477000034)","Unfall 143160 (2017) Kat:3, Licht: 0","143160","3","1","0","07","13","5","0","0","1","0","0","0"
"POINT (8.677915646000031 50.167204795000032)","Unfall 143169 (2017) Kat:3, Licht: 0","143169","3","3","5","08","14","7","0","0","1","1","0","0"
"POINT (8.676407986000072 50.120363880000070)","Unfall 143170 (2017) Kat:3, Licht: 0","143170","3","6","2","08","13","7","1","0","0","1","0","0"
"POINT (8.694958906000068 50.113355787000046)","Unfall 143171 (2017) Kat:3, Licht: 2","143171","3","6","2","08","01","7","1","2","0","1","0","0"
"POINT (8.684044076000021 50.126301204000072)","Unfall 143172 (2017) Kat:2, Licht: 0","143172","2","2","5","08","10","7","1","0","0","1","0","1"
"POINT (8.672072309000043 50.109336665000058)","Unfall 143192 (2017) Kat:3, Licht: 0","143192","3","2","6","08","12","6","1","0","0","1","1","0"
"POINT (8.679548663000048 50.117952615000036)","Unfall 143193 (2017) Kat:3, Licht: 0","143193","3","3","5","08","13","6","1","0","1","1","0","0"
"POINT (8.690545175000068 50.129036116000066)","Unfall 143194 (2017) Kat:3, Licht: 0","143194","3","3","5","08","10","6","1","0","0","1","0","0"
"POINT (8.675651614000060 50.107692094000072)","Unfall 143195 (2017) Kat:3, Licht: 0","143195","3","6","2","08","20","6","1","0","0","1","0","0"