WKT,Name,OBJECTID,UKATEGORIE,UTYP1,UART,UMONAT,USTUNDE,UWOCHENTAG,STRZUSTAND,ULICHTVERH,ISTRAD,ISTPKW,ISTFUSS,ISTKRAD
"POINT (8.682522972000072 50.117626907000044)","Unfall 143196 (2017) Kat:3, Licht: 0","143196","3","6","3","08","18","6","1","0","0","1","0","1"
"POINT (8.624262645000044 50.175465469000073)","Unfall 143214 (2017) Kat:3, Licht: 0","143214","3","7","1","08","15","5","1","0","0","0","0","1"
"POINT (8.648380069000041 50.123630599000080)","Unfall 143215 (2017) Kat:3, Licht: 1","143215","3","5","1","08","18","5","1","1","1","1","0","0"
"POINT (8.648086222000075 50.105736837000052)","Unfall 143216 (2017) Kat:3, Licht: 0","143216","3","3","5","08","14","5","1","0","1","1","0","0"
"POINT (8.675006256000074 50.124733316000061)","Unfall 143217 (2017) Kat:3, Licht: 0","143217","3","6","2","08","10","5","1","0","0","1","0","1"
"POINT (8.661129297000059 50.118715015000078)","Unfall 143218 (2017) Kat:3, Licht: 0","143218","3","6","2","08","18","5","1","0","0","1","0","0"
"POINT (8.664670663000038 50.117476962000069)","Unfall 143219 (2017) Kat:3, Licht: 0","143219","3","1","0","08","18","5","1","0","0","0","0","1"
"POINT (8.692490193000026 50.109336491000079)","Unfall 143220 (2017) Kat:3, Licht: 0","143220","3","3","5","08","11","5","1","0","0","1","0","0"
"POINT (8.534762219000072 50.108428812000056)","Unfall 143239 (2017) Kat:3, Licht: 0","143239","3","6","3","08","16","4","0","0","1","0","0","0"
"POINT (8.542265272000066 50.097140136000064)","Unfall 143240 (2017) Kat:3, Licht: 0","143240","3","2","5","08","15","4","0","0","1","1","0","0"
"POINT (8.648730920000048 50.159661400000061)","Unfall 143241 (2017) Kat:3, Licht: 0","143241","3","3","5","08","18","4","0","0","1","0","0","0"
"POINT (8.702935977000038 50.089369961000045)","Unfall 143242 (2017) Kat:3, Licht: 2","143242","3","6","4","08","21","4","0","2","0","1","0","0"
"POINT (8.709917215000075 50.126848490000043)","Unfall 143243 (2017) Kat:3, Licht: 0","143243","3","3","5","08","15","4","0","0","1","1","0","0"
"POINT (8.699798537000049 50.122232693000058)","Unfall 143244 (2017) Kat:3, Licht: 0","143244","3","6","2","08","07","4","0","0","1","1","0","0"
"POINT (8.694224676000033 50.157728886000029)","Unfall 143258 (2017) Kat:3, Licht: 0","143258","3","1","8","08","19","3","0","0","0","1","0","0"
"POINT (8.673941950000028 50.123978865000026)","Unfall 143259 (2017) Kat:2, Licht: 0","143259","2","3","5","08","09","3","0","0","1","1","0","0"
"POINT (8.690329888000065 50.120081727000070)","Unfall 143260 (2017) Kat:3, Licht: 0","143260","3","7","1","08","11","3","0","0","0","1","0","0"
"POINT (8.754783239000062 50.144968421000044)","Unfall 143270 (2017) Kat:2, Licht: 0","143270","2","2","5","08","16","3","0","0","0","1","0","0"
"POINT (8.660951658000045 50.181356443000027)","Unfall 143273 (2017) Kat:3, Licht: 2","143273","3","5","1","08","21","2","0","2","1","1","0","0"
"POINT (8.716561978000073 50.127996839000048)","Unfall 143274 (2017) Kat:3, Licht: 0","143274","3","3","0","08","16","2","0","0","0","1","0","0"
"POINT (8.631149737000044 50.176273139000045)","Unfall 143290 (2017) Kat:3, Licht: 0","143290","3","7","1","08","10","1","0","0","0","1","0","0"
"POINT (8.628920462000053 50.086266068000043)","Unfall 143291 (2017) Kat:3, Licht: 0","143291","3","6","3","08","09","1","0","0","0","1","0","0"
"POINT (8.637330263000024 50.107050185000048)","Unfall 143292 (2017) Kat:2, Licht: 0","143292","2","4","6","08","18","1","0","0","0","1","1","0"
"POINT (8.698937382000054 50.120084531000032)","Unfall 143302 (2017) Kat:3, Licht: 0","143302","3","3","5","08","15","7","1","0","1","1","0","0"
"POINT (8.715262319000033 50.116898697000067)","Unfall 143303 (2017) Kat:3, Licht: 0","143303","3","4","6","08","19","7","0","0","0","1","1","0"
"POINT (8.694665853000061 50.128070112000046)","Unfall 143304 (2017) Kat:3, Licht: 0","143304","3","3","5","08","13","7","0","0","1","1","0","0"
"POINT (8.586750668000036 50.057601930000033)","Unfall 143314 (2017) Kat:3, Licht: 2","143314","3","7","5","08","22","6","0","2","0","1","0","1"
"POINT (8.687322216000041 50.125317766000080)","Unfall 143318 (2017) Kat:3, Licht: 0","143318","3","3","5","08","17","6","0","0","1","1","0","0"
"POINT (8.598849246000043 50.111062054000058)","Unfall 143339 (2017) Kat:3, Licht: 0","143339","3","6","2","08","12","5","0","0","0","1","0","0"
"POINT (8.648869664000074 50.136655931000064)","Unfall 143340 (2017) Kat:2, Licht: 0","143340","2","7","4","08","11","5","0","0","0","1","0","1"
"POINT (8.674420772000076 50.116850033000048)","Unfall 143341 (2017) Kat:3, Licht: 0","143341","3","3","5","08","13","5","0","0","1","1","0","0"
"POINT (8.544226236000043 50.107288555000082)","Unfall 143360 (2017) Kat:3, Licht: 0","143360","3","2","3","08","13","4","0","0","0","1","0","0"
"POINT (8.638539229000060 50.186362006000081)","Unfall 143361 (2017) Kat:2, Licht: 0","143361","2","3","5","08","08","4","0","0","1","1","0","0"
"POINT (8.651870923000047 50.122225048000075)","Unfall 143362 (2017) Kat:3, Licht: 0","143362","3","2","2","08","09","4","0","0","0","1","0","0"
"POINT (8.658420898000031 50.101194715000076)","Unfall 143363 (2017) Kat:3, Licht: 2","143363","3","3","0","08","22","4","0","2","1","1","0","0"
"POINT (8.674079466000023 50.120902067000031)","Unfall 143364 (2017) Kat:3, Licht: 0","143364","3","5","1","08","16","4","0","0","1","1","0","0"
"POINT (8.646291653000048 50.116488362000041)","Unfall 143386 (2017) Kat:3, Licht: 0","143386","3","7","0","08","18","3","0","0","1","1","0","0"
"POINT (8.741309822000062 50.121054503000039)","Unfall 143387 (2017) Kat:3, Licht: 0","143387","3","7","0","08","14","3","1","0","0","0","0","1"
"POINT (8.662307363000025 50.122167623000053)","Unfall 143388 (2017) Kat:3, Licht: 0","143388","3","5","1","08","20","3","0","0","1","1","0","0"
"POINT (8.590668836000020 50.098082024000064)","Unfall 143406 (2017) Kat:3, Licht: 0","143406","3","2","5","07","08","2","0","0","0","1","0","0"
"POINT (8.699726998000074 50.105544568000028)","Unfall 143407 (2017) Kat:2, Licht: 0","143407","2","4","6","07","17","2","0","0","0","1","1","0"
"POINT (8.677073478000068 50.098380790000078)","Unfall 143408 (2017) Kat:3, Licht: 1","143408","3","5","1","07","21","2","0","1","1","1","0","0"
"POINT (8.698016274000054 50.115461856000081)","Unfall 143409 (2017) Kat:3, Licht: 0","143409","3","6","0","07","10","2","0","0","1","1","0","0"
"POINT (8.675672151000072 50.121657721000076)","Unfall 143410 (2017) Kat:2, Licht: 0","143410","2","6","3","07","12","2","0","0","0","1","0","1"
"POINT (8.739694040000074 50.140070267000056)","Unfall 143420 (2017) Kat:3, Licht: 0","143420","3","3","5","07","15","2","0","0","0","1","0","0"
"POINT (8.661335083000040 50.180989355000065)","Unfall 143429 (2017) Kat:3, Licht: 0","143429","3","6","4","07","19","7","0","0","1","0","0","1"
"POINT (8.675244873000054 50.113843120000070)","Unfall 143430 (2017) Kat:3, Licht: 0","143430","3","3","5","07","12","7","0","0","1","1","0","0"
"POINT (8.598928782000030 50.096051095000064)","Unfall 143440 (2017) Kat:2, Licht: 0","143440","2","4","6","08","07","5","0","0","0","1","1","0"
"POINT (8.596903988000065 50.105438488000061)","Unfall 143441 (2017) Kat:3, Licht: 0","143441","3","5","1","08","08","5","0","0","0","1","0","0"
"POINT (8.582983720000073 50.084491667000066)","Unfall 143442 (2017) Kat:3, Licht: 0","143442","3","3","5","08","18","5","0","0","0","1","0","0"
"POINT (8.642148095000039 50.086483844000043)","Unfall 143443 (2017) Kat:2, Licht: 0","143443","2","2","5","08","15","5","0","0","0","1","0","1"
"POINT (8.656572844000039 50.148436093000043)","Unfall 143458 (2017) Kat:3, Licht: 0","143458","3","6","2","08","19","4","0","0","0","1","0","0"
"POINT (8.664120745000048 50.137463017000073)","Unfall 143459 (2017) Kat:3, Licht: 0","143459","3","3","5","08","11","4","0","0","0","1","0","0"
"POINT (8.706391824000036 50.133804108000049)","Unfall 143460 (2017) Kat:3, Licht: 0","143460","3","3","0","08","11","4","0","0","0","1","0","1"
"POINT (8.746017438000024 50.155150498000069)","Unfall 143480 (2017) Kat:3, Licht: 0","143480","3","2","5","08","19","4","0","0","1","1","0","0"
"POINT (8.734362930000032 50.128605152000034)","Unfall 143481 (2017) Kat:3, Licht: 0","143481","3","3","5","08","09","4","0","0","0","1","0","0"
"POINT (8.600265000000036 50.092349441000067)","Unfall 143493 (2017) Kat:3, Licht: 0","143493","3","4","6","08","08","3","0","0","0","1","1","0"
"POINT (8.640601509000021 50.162439614000050)","Unfall 143494 (2017) Kat:3, Licht: 0","143494","3","3","5","08","17","3","0","0","1","1","0","0"
"POINT (8.714344135000033 50.127943969000057)","Unfall 143495 (2017) Kat:3, Licht: 0","143495","3","3","5","08","10","3","0","0","0","1","0","0"
"POINT (8.698297938000053 50.119710612000063)","Unfall 143496 (2017) Kat:3, Licht: 0","143496","3","3","5","08","07","3","0","0","1","1","0","0"
"POINT (8.710202647000074 50.109669691000079)","Unfall 143497 (2017) Kat:3, Licht: 0","143497","3","2","3","08","07","3","0","0","0","1","0","1"
"POINT (8.625951819000022 50.103105653000057)","Unfall 143498 (2017) Kat:3, Licht: 0","143498","3","3","5","08","19","3","0","0","0","1","0","1"
"POINT (8.673894910000058 50.126553741000066)","Unfall 143499 (2017) Kat:3, Licht: 0","143499","3","6","3","08","19","3","0","0","0","1","0","0"
"POINT (8.648801671000058 50.123923867000030)","Unfall 143515 (2017) Kat:3, Licht: 0","143515","3","3","1","08","18","2","0","0","0","1","0","1"
"POINT (8.649909191000063 50.124640823000050)","Unfall 143516 (2017) Kat:3, Licht: 0","143516","3","3","5","08","17","2","0","0","1","1","0","0"
"POINT (8.683849401000032 50.129978680000079)","Unfall 143517 (2017) Kat:3, Licht: 1","143517","3","3","5","08","20","2","0","1","1","1","0","0"
"POINT (8.675771758000053 50.120877701000040)","Unfall 143518 (2017) Kat:3, Licht: 0","143518","3","3","5","08","10","2","0","0","1","1","0","0"
"POINT (8.763044103000027 50.152300990000072)","Unfall 143527 (2017) Kat:3, Licht: 0","143527","3","1","1","08","17","2","0","0","1","1","0","0"
"POINT (8.623996857000066 50.096055700000079)","Unfall 143530 (2017) Kat:3, Licht: 1","143530","3","4","0","08","20","1","0","1","0","0","1","1"
"POINT (8.651476933000026 50.190668683000069)","Unfall 143531 (2017) Kat:3, Licht: 2","143531","3","3","5","08","22","1","0","2","1","1","0","0"
"POINT (8.656173104000061 50.196856420000074)","Unfall 143545 (2017) Kat:3, Licht: 2","143545","3","3","5","08","21","7","1","2","0","1","0","0"
"POINT (8.758111181000061 50.131749140000068)","Unfall 143546 (2017) Kat:3, Licht: 0","143546","3","3","5","08","14","7","0","0","0","1","0","1"
"POINT (8.676368474000071 50.118097065000029)","Unfall 143547 (2017) Kat:3, Licht: 2","143547","3","1","8","08","02","7","0","2","0","1","0","0"
"POINT (8.557851078000056 50.102443119000043)","Unfall 143566 (2017) Kat:3, Licht: 0","143566","3","6","2","08","15","6","0","0","0","1","0","0"
"POINT (8.643674661000034 50.112729168000044)","Unfall 143567 (2017) Kat:3, Licht: 0","143567","3","2","5","08","19","6","1","0","0","1","0","0"
"POINT (8.646040138000046 50.116873364000071)","Unfall 143568 (2017) Kat:3, Licht: 1","143568","3","1","1","08","20","6","1","1","0","1","0","1"
"POINT (8.652851817000055 50.190160372000037)","Unfall 143598 (2017) Kat:3, Licht: 0","143598","3","2","5","08","18","5","0","0","0","1","0","0"
"POINT (8.642456162000030 50.117539172000079)","Unfall 143599 (2017) Kat:3, Licht: 0","143599","3","5","1","08","09","5","0","0","1","1","0","0"
"POINT (8.679673479000030 50.097104129000058)","Unfall 143600 (2017) Kat:3, Licht: 0","143600","3","1","0","08","09","5","0","0","1","0","0","0"
"POINT (8.705497578000063 50.131129178000037)","Unfall 143601 (2017) Kat:3, Licht: 0","143601","3","4","6","08","16","5","0","0","0","0","1","0"
"POINT (8.666040196000040 50.102555382000048)","Unfall 143602 (2017) Kat:3, Licht: 0","143602","3","3","5","08","18","5","0","0","1","1","0","0"
"POINT (8.672385270000063 50.128920234000077)","Unfall 143603 (2017) Kat:3, Licht: 0","143603","3","7","5","08","08","5","0","0","1","1","0","0"
"POINT (8.600516730000038 50.111492326000075)","Unfall 143622 (2017) Kat:3, Licht: 0","143622","3","2","5","08","15","4","0","0","1","1","0","0"
"POINT (8.590507444000025 50.098450984000067)","Unfall 143623 (2017) Kat:3, Licht: 0","143623","3","3","5","08","15","4","0","0","0","1","0","0"
"POINT (8.643695926000021 50.112730165000073)","Unfall 143624 (2017) Kat:3, Licht: 0","143624","3","2","5","08","16","4","0","0","0","1","0","1"
"POINT (8.692212600000062 50.143979479000052)","Unfall 143625 (2017) Kat:3, Licht: 0","143625","3","3","5","08","15","4","0","0","0","1","0","0"
"POINT (8.625654611000073 50.121110794000060)","Unfall 143626 (2017) Kat:3, Licht: 0","143626","3","2","6","08","09","4","0","0","0","1","1","0"
"POINT (8.638481388000059 50.083855181000047)","Unfall 143627 (2017) Kat:3, Licht: 0","143627","3","2","5","08","08","4","0","0","0","1","0","0"
"POINT (8.717272526000045 50.105523560000051)","Unfall 143628 (2017) Kat:3, Licht: 0","143628","3","6","4","08","13","4","0","0","1","1","0","0"
"POINT (8.679226912000047 50.116652147000082)","Unfall 143629 (2017) Kat:3, Licht: 0","143629","3","2","5","08","17","4","0","0","1","1","0","0"
"POINT (8.548605516000066 50.101708805000044)","Unfall 143647 (2017) Kat:2, Licht: 0","143647","2","4","6","08","13","3","0","0","0","1","1","0"
"POINT (8.622527305000062 50.177551351000034)","Unfall 143648 (2017) Kat:3, Licht: 0","143648","3","7","0","08","07","3","0","0","0","0","1","0"
"POINT (8.649944313000049 50.159379866000052)","Unfall 143649 (2017) Kat:3, Licht: 0","143649","3","3","5","08","08","3","0","0","1","0","0","0"
"POINT (8.646148195000023 50.086746512000047)","Unfall 143650 (2017) Kat:3, Licht: 0","143650","3","6","2","08","07","3","0","0","0","1","0","0"
"POINT (8.672937178000041 50.109669896000071)","Unfall 143651 (2017) Kat:2, Licht: 0","143651","2","4","6","08","08","3","0","0","1","0","1","0"
"POINT (8.604554351000047 50.093947509000031)","Unfall 143676 (2017) Kat:3, Licht: 0","143676","3","7","6","08","15","2","0","0","1","0","1","0"
"POINT (8.633897949000073 50.155064805000052)","Unfall 143677 (2017) Kat:3, Licht: 0","143677","3","7","0","08","16","2","0","0","1","1","0","0"
"POINT (8.649480814000071 50.159494874000075)","Unfall 143678 (2017) Kat:3, Licht: 0","143678","3","3","5","08","08","2","0","0","0","1","0","1"
"POINT (8.644988692000027 50.120342158000028)","Unfall 143679 (2017) Kat:3, Licht: 0","143679","3","6","4","08","14","2","0","0","0","1","0","0"
"POINT (8.672448646000021 50.116727228000059)","Unfall 143680 (2017) Kat:3, Licht: 0","143680","3","3","5","08","06","2","0","0","1","1","0","0"
"POINT (8.699721489000069 50.123654257000055)","Unfall 143681 (2017) Kat:3, Licht: 0","143681","3","3","5","08","06","2","0","0","1","1","0","0"
"POINT (8.668442207000055 50.131792670000038)","Unfall 143704 (2017) Kat:3, Licht: 0","143704","3","2","3","08","11","1","0","0","1","1","0","0"
"POINT (8.697155091000070 50.086546843000065)","Unfall 143705 (2017) Kat:3, Licht: 0","143705","3","3","5","08","17","1","0","0","1","1","0","0"
"POINT (8.694290982000041 50.109215576000054)","Unfall 143706 (2017) Kat:2, Licht: 0","143706","2","6","3","08","18","1","0","0","0","1","0","1"
"POINT (8.690045727000040 50.160314050000068)","Unfall 143716 (2017) Kat:3, Licht: 0","143716","3","3","5","09","10","3","0","0","0","1","0","1"
"POINT (8.646822731000043 50.126442232000045)","Unfall 143717 (2017) Kat:3, Licht: 0","143717","3","6","3","09","09","3","0","0","1","1","0","0"
"POINT (8.760317618000045 50.119730452000056)","Unfall 143718 (2017) Kat:3, Licht: 0","143718","3","2","5","09","13","3","0","0","0","0","0","1"
"POINT (8.687730758000043 50.109398233000036)","Unfall 143719 (2017) Kat:3, Licht: 2","143719","3","6","2","09","22","3","0","2","0","1","0","0"
"POINT (8.561456920000069 50.049262603000045)","Unfall 143738 (2017) Kat:3, Licht: 0","143738","3","6","2","09","17","2","0","0","0","1","0","0"
"POINT (8.639750153000023 50.161569035000070)","Unfall 143747 (2017) Kat:3, Licht: 0","143747","3","4","6","09","16","2","0","0","0","1","1","0"
"POINT (8.610196339000027 50.125891927000055)","Unfall 143748 (2017) Kat:3, Licht: 0","143748","3","2","6","09","12","2","0","0","0","1","1","0"
"POINT (8.639429001000053 50.089472396000076)","Unfall 143749 (2017) Kat:3, Licht: 0","143749","3","4","6","09","16","2","0","0","0","1","1","0"
"POINT (8.665223957000023 50.111230977000048)","Unfall 143750 (2017) Kat:3, Licht: 0","143750","3","2","3","09","12","2","0","0","0","1","0","1"
"POINT (8.668408121000027 50.108090969000045)","Unfall 143751 (2017) Kat:3, Licht: 0","143751","3","1","0","09","13","2","0","0","1","0","0","0"
"POINT (8.534539330000030 50.108484125000075)","Unfall 143767 (2017) Kat:3, Licht: 2","143767","3","7","0","09","00","1","0","2","1","0","0","0"
"POINT (8.655680135000068 50.095015707000073)","Unfall 143768 (2017) Kat:3, Licht: 2","143768","3","1","9","09","05","1","0","2","0","1","0","0"
"POINT (8.668443995000075 50.099136725000051)","Unfall 143769 (2017) Kat:3, Licht: 0","143769","3","6","2","09","16","1","0","0","0","1","0","1"
"POINT (8.689958694000040 50.119825451000054)","Unfall 143770 (2017) Kat:3, Licht: 0","143770","3","3","5","09","12","1","0","0","0","1","0","0"
"POINT (8.683747590000053 50.142121317000033)","Unfall 143781 (2017) Kat:3, Licht: 0","143781","3","6","2","09","16","7","1","0","0","1","0","0"
"POINT (8.665513497000063 50.136847021000051)","Unfall 143782 (2017) Kat:3, Licht: 0","143782","3","2","5","09","16","7","1","0","1","1","0","0"
"POINT (8.681480651000072 50.094414018000066)","Unfall 143783 (2017) Kat:3, Licht: 0","143783","3","4","6","09","18","7","0","0","0","1","1","0"
"POINT (8.674951003000047 50.125005670000064)","Unfall 143784 (2017) Kat:3, Licht: 0","143784","3","3","5","09","18","7","0","0","0","1","0","0"
"POINT (8.695638268000039 50.115767222000045)","Unfall 143799 (2017) Kat:3, Licht: 0","143799","3","6","3","09","10","6","0","0","0","1","0","0"
"POINT (8.655531689000043 50.102383314000065)","Unfall 143800 (2017) Kat:3, Licht: 0","143800","3","4","6","09","16","6","0","0","0","0","1","1"
"POINT (8.671344753000028 50.112978432000034)","Unfall 143801 (2017) Kat:2, Licht: 2","143801","2","1","6","09","23","6","1","2","0","1","1","0"
"POINT (8.752523184000040 50.155123838000065)","Unfall 143820 (2017) Kat:3, Licht: 1","143820","3","6","2","09","18","6","0","1","0","1","0","0"
"POINT (8.588700609000057 50.125719430000061)","Unfall 143827 (2017) Kat:3, Licht: 0","143827","3","1","4","08","13","5","0","0","0","1","0","1"
"POINT (8.538936847000059 50.102255289000027)","Unfall 143828 (2017) Kat:3, Licht: 0","143828","3","6","2","08","18","5","0","0","1","1","0","0"
"POINT (8.683694920000050 50.201801452000041)","Unfall 143829 (2017) Kat:3, Licht: 0","143829","3","1","9","08","20","5","0","0","0","1","0","0"
"POINT (8.643789296000023 50.112734543000045)","Unfall 143830 (2017) Kat:3, Licht: 0","143830","3","2","5","08","17","5","0","0","0","1","0","0"
"POINT (8.614558062000072 50.113379012000053)","Unfall 143831 (2017) Kat:3, Licht: 0","143831","3","3","5","08","09","5","1","0","0","1","0","0"
"POINT (8.606316181000068 50.127234362000081)","Unfall 143832 (2017) Kat:3, Licht: 0","143832","3","6","2","08","11","5","0","0","0","1","0","0"
"POINT (8.748310870000069 50.132307178000076)","Unfall 143833 (2017) Kat:3, Licht: 0","143833","3","2","5","08","19","5","0","0","0","1","0","0"
"POINT (8.702786074000073 50.119193876000054)","Unfall 143834 (2017) Kat:3, Licht: 0","143834","3","6","3","08","07","5","1","0","1","1","0","0"
"POINT (8.548245192000024 50.102000195000073)","Unfall 143854 (2017) Kat:3, Licht: 0","143854","3","1","0","08","17","4","0","0","1","0","0","0"
"POINT (8.599386118000041 50.093836791000058)","Unfall 143855 (2017) Kat:3, Licht: 0","143855","3","6","0","08","09","4","0","0","0","1","1","0"
"POINT (8.670383046000040 50.145701520000046)","Unfall 143856 (2017) Kat:3, Licht: 0","143856","3","7","9","08","09","4","0","0","0","1","0","0"
"POINT (8.678899687000069 50.117832398000076)","Unfall 143857 (2017) Kat:3, Licht: 0","143857","3","2","5","08","10","4","0","0","1","0","0","0"
"POINT (8.660782867000023 50.118822508000051)","Unfall 143876 (2017) Kat:2, Licht: 0","143876","2","4","6","08","08","3","0","0","1","0","1","0"
"POINT (8.692523784000059 50.131713971000067)","Unfall 143877 (2017) Kat:3, Licht: 0","143877","3","7","1","08","16","3","0","0","0","1","0","1"
"POINT (8.642311509000024 50.120090752000067)","Unfall 143903 (2017) Kat:3, Licht: 2","143903","3","5","0","08","20","2","0","2","1","1","0","0"
"POINT (8.544154156000047 50.107254886000078)","Unfall 143923 (2017) Kat:3, Licht: 0","143923","3","6","3","08","16","1","0","0","0","1","0","1"
"POINT (8.669958689000055 50.139643185000068)","Unfall 143924 (2017) Kat:2, Licht: 2","143924","2","3","5","08","02","1","0","2","0","1","0","0"
"POINT (8.638279647000047 50.086331993000044)","Unfall 143936 (2017) Kat:3, Licht: 0","143936","3","2","5","08","16","7","0","0","0","1","0","1"
"POINT (8.662073674000055 50.122195210000029)","Unfall 143937 (2017) Kat:3, Licht: 0","143937","3","3","5","08","18","7","0","0","1","1","0","0"
"POINT (8.687901744000044 50.114862414000072)","Unfall 143938 (2017) Kat:3, Licht: 0","143938","3","4","6","08","09","7","0","0","0","1","1","0"
"POINT (8.731385914000043 50.140327802000058)","Unfall 143949 (2017) Kat:3, Licht: 0","143949","3","4","4","08","14","7","0","0","0","1","1","1"
"POINT (8.506166544000053 50.089159839000047)","Unfall 143961 (2017) Kat:3, Licht: 0","143961","3","2","2","08","18","6","1","0","1","0","0","1"
"POINT (8.614115369000047 50.114263557000072)","Unfall 143962 (2017) Kat:3, Licht: 0","143962","3","3","5","08","17","6","1","0","0","1","0","0"
"POINT (8.648032930000056 50.121475593000071)","Unfall 143963 (2017) Kat:3, Licht: 0","143963","3","2","5","08","18","6","0","0","1","0","0","0"
"POINT (8.663855714000022 50.091691110000056)","Unfall 143992 (2017) Kat:3, Licht: 0","143992","3","2","0","09","15","4","0","0","1","1","0","0"
"POINT (8.539217277000034 50.101370028000076)","Unfall 144009 (2017) Kat:3, Licht: 0","144009","3","3","5","09","15","3","0","0","1","0","0","0"
"POINT (8.540738393000027 50.104139290000035)","Unfall 144010 (2017) Kat:3, Licht: 0","144010","3","4","6","09","16","3","0","0","0","1","1","0"
"POINT (8.667018526000049 50.196669480000025)","Unfall 144011 (2017) Kat:3, Licht: 0","144011","3","4","6","09","16","3","0","0","0","1","1","0"
"POINT (8.666490743000054 50.191900468000028)","Unfall 144012 (2017) Kat:3, Licht: 2","144012","3","6","3","09","20","3","0","2","0","1","0","1"
"POINT (8.614549171000022 50.113393645000031)","Unfall 144013 (2017) Kat:2, Licht: 0","144013","2","2","5","09","14","3","1","0","0","1","0","1"
"POINT (8.675113405000047 50.140002619000029)","Unfall 144014 (2017) Kat:3, Licht: 0","144014","3","5","1","09","15","3","1","0","1","1","0","0"
"POINT (8.702604286000053 50.096053487000063)","Unfall 144015 (2017) Kat:3, Licht: 0","144015","3","6","2","09","10","3","0","0","0","1","0","0"
"POINT (8.752413096000055 50.145555793000028)","Unfall 144038 (2017) Kat:3, Licht: 0","144038","3","6","4","09","15","3","0","0","0","1","0","0"
"POINT (8.566264201000024 50.101200534000043)","Unfall 144044 (2017) Kat:3, Licht: 0","144044","3","6","2","09","16","2","0","0","0","1","0","0"
"POINT (8.707957622000038 50.202360806000058)","Unfall 144045 (2017) Kat:3, Licht: 2","144045","3","6","0","09","05","2","1","2","0","0","0","0"
"POINT (8.684105758000044 50.100725266000040)","Unfall 144046 (2017) Kat:3, Licht: 0","144046","3","1","1","09","14","2","0","0","1","1","0","0"
"POINT (8.770287380000070 50.116949010000042)","Unfall 144047 (2017) Kat:3, Licht: 0","144047","3","2","2","09","08","2","0","0","1","1","0","0"
"POINT (8.680512006000072 50.117209317000061)","Unfall 144048 (2017) Kat:2, Licht: 0","144048","2","3","3","09","18","2","0","0","1","1","0","0"
"POINT (8.621798630000058 50.110297608000053)","Unfall 144060 (2017) Kat:3, Licht: 0","144060","3","3","6","09","17","1","1","0","0","1","1","0"
"POINT (8.668320281000035 50.113000613000054)","Unfall 144061 (2017) Kat:3, Licht: 0","144061","3","6","3","09","18","1","1","0","1","1","0","0"
"POINT (8.703084481000076 50.127412888000038)","Unfall 144075 (2017) Kat:2, Licht: 0","144075","2","4","6","09","11","7","0","0","0","1","1","0"
"POINT (8.659259296000073 50.187377791000074)","Unfall 144089 (2017) Kat:2, Licht: 0","144089","2","3","5","09","16","6","1","0","1","1","0","0"
"POINT (8.665868060000037 50.149718322000069)","Unfall 144090 (2017) Kat:3, Licht: 0","144090","3","2","2","09","10","6","0","0","0","1","0","0"
"POINT (8.650838566000061 50.083959064000055)","Unfall 144091 (2017) Kat:3, Licht: 0","144091","3","3","5","09","15","6","0","0","1","1","0","0"
"POINT (8.671241958000053 50.105162813000049)","Unfall 144092 (2017) Kat:3, Licht: 0","144092","3","2","3","09","08","6","1","0","0","1","0","1"
"POINT (8.646672568000042 50.125158647000035)","Unfall 144109 (2017) Kat:2, Licht: 1","144109","2","4","6","09","18","5","1","1","0","0","1","1"
"POINT (8.642923608000046 50.080460461000030)","Unfall 144110 (2017) Kat:3, Licht: 0","144110","3","4","6","09","13","5","1","0","0","1","1","0"
"POINT (8.744491013000072 50.124018518000071)","Unfall 144111 (2017) Kat:3, Licht: 0","144111","3","4","6","09","10","5","1","0","0","1","1","0"
"POINT (8.665029401000027 50.111153634000061)","Unfall 144112 (2017) Kat:3, Licht: 0","144112","3","4","6","09","16","5","0","0","0","0","1","0"
"POINT (8.681344560000071 50.123693407000076)","Unfall 144113 (2017) Kat:2, Licht: 0","144113","2","6","3","09","18","5","1","0","1","0","0","0"
"POINT (8.738200844000062 50.128258287000051)","Unfall 144122 (2017) Kat:3, Licht: 1","144122","3","4","6","09","19","5","1","1","0","1","1","0"
"POINT (8.648291951000033 50.140390265000065)","Unfall 144130 (2017) Kat:3, Licht: 0","144130","3","7","6","09","13","4","1","0","1","0","1","0"
"POINT (8.604998978000026 50.053618849000031)","Unfall 144146 (2017) Kat:2, Licht: 0","144146","2","6","2","09","16","4","0","0","0","1","0","0"
"POINT (8.657371292000050 50.111248486000079)","Unfall 144151 (2017) Kat:3, Licht: 0","144151","3","3","5","09","12","3","0","0","0","1","0","0"
"POINT (8.656639075000044 50.118994647000079)","Unfall 144152 (2017) Kat:3, Licht: 0","144152","3","3","5","09","08","3","1","0","0","1","0","0"
"POINT (8.647710410000059 50.113856916000032)","Unfall 144153 (2017) Kat:3, Licht: 0","144153","3","3","5","09","18","3","1","0","1","1","0","0"
"POINT (8.677775802000042 50.140704769000081)","Unfall 144154 (2017) Kat:3, Licht: 0","144154","3","4","6","09","16","3","0","0","0","1","1","0"
"POINT (8.636657963000062 50.087390315000050)","Unfall 144155 (2017) Kat:3, Licht: 0","144155","3","7","6","09","16","3","0","0","1","0","1","0"