WKT,Name,OBJECTID,UKATEGORIE,UTYP1,UART,UMONAT,USTUNDE,UWOCHENTAG,STRZUSTAND,ULICHTVERH,ISTRAD,ISTPKW,ISTFUSS,ISTKRAD
"POINT (8.678396670000041 50.140849281000044)","Unfall 145057 (2017) Kat:3, Licht: 1","145057","3","5","1","10","17","3","0","1","1","1","0","0"
"POINT (8.727659592000066 50.145782516000054)","Unfall 145058 (2017) Kat:3, Licht: 0","145058","3","6","6","10","15","3","0","0","0","1","1","0"
"POINT (8.690547747000039 50.184367830000042)","Unfall 145077 (2017) Kat:3, Licht: 2","145077","3","6","5","10","17","2","0","2","1","1","0","0"
"POINT (8.658664803000022 50.095714466000061)","Unfall 145078 (2017) Kat:3, Licht: 2","145078","3","2","5","10","19","2","0","2","1","1","0","0"
"POINT (8.632869212000060 50.155956566000043)","Unfall 145091 (2017) Kat:3, Licht: 0","145091","3","6","2","10","14","1","1","0","0","1","0","0"
"POINT (8.528451509000036 50.100979746000064)","Unfall 145110 (2017) Kat:3, Licht: 2","145110","3","7","6","11","23","5","0","2","0","0","1","0"
"POINT (8.648733152000034 50.144290691000037)","Unfall 145111 (2017) Kat:3, Licht: 2","145111","3","6","4","11","18","5","0","2","1","1","0","0"
"POINT (8.667934244000037 50.122397767000052)","Unfall 145112 (2017) Kat:2, Licht: 0","145112","2","3","5","11","13","5","0","0","1","0","0","0"
"POINT (8.687847156000032 50.119329051000079)","Unfall 145114 (2017) Kat:2, Licht: 0","145114","2","5","1","11","09","5","0","0","1","1","0","0"
"POINT (8.701532461000056 50.153256245000080)","Unfall 145124 (2017) Kat:3, Licht: 1","145124","3","3","5","11","07","4","0","1","1","1","0","0"
"POINT (8.639150588000064 50.081599966000056)","Unfall 145125 (2017) Kat:3, Licht: 1","145125","3","3","5","11","17","4","0","1","0","1","0","0"
"POINT (8.685349556000062 50.116694957000050)","Unfall 145126 (2017) Kat:3, Licht: 0","145126","3","1","0","11","07","4","1","0","0","0","0","1"
"POINT (8.666592277000063 50.115335584000036)","Unfall 145151 (2017) Kat:3, Licht: 0","145151","3","4","6","11","09","3","1","0","0","1","1","0"
"POINT (8.656304713000054 50.113757440000029)","Unfall 145152 (2017) Kat:3, Licht: 0","145152","3","1","0","11","13","3","1","0","0","0","0","1"
"POINT (8.655067526000039 50.080145986000048)","Unfall 145153 (2017) Kat:3, Licht: 0","145153","3","6","1","11","12","3","1","0","0","1","0","0"
"POINT (8.692446352000047 50.106877145000055)","Unfall 145154 (2017) Kat:3, Licht: 0","145154","3","3","5","11","12","3","1","0","0","0","0","0"
"POINT (8.687303684000028 50.100736844000039)","Unfall 145155 (2017) Kat:3, Licht: 2","145155","3","1","3","11","16","3","1","2","1","1","0","0"
"POINT (8.769330651000075 50.120007210000040)","Unfall 145156 (2017) Kat:3, Licht: 2","145156","3","6","0","11","20","3","0","2","0","1","0","0"
"POINT (8.709843169000067 50.127722889000040)","Unfall 145157 (2017) Kat:3, Licht: 0","145157","3","3","0","11","09","3","1","0","1","1","0","0"
"POINT (8.675735633000045 50.107568106000031)","Unfall 145158 (2017) Kat:3, Licht: 0","145158","3","3","5","11","08","3","0","0","1","0","0","0"
"POINT (8.663596408000046 50.137712846000056)","Unfall 145172 (2017) Kat:3, Licht: 0","145172","3","5","1","11","08","2","1","0","0","1","0","0"
"POINT (8.683039699000062 50.098828074000039)","Unfall 145173 (2017) Kat:3, Licht: 0","145173","3","3","5","11","11","2","1","0","0","1","0","0"
"POINT (8.667099633000021 50.098502539000037)","Unfall 145174 (2017) Kat:3, Licht: 1","145174","3","6","3","11","08","2","0","1","0","1","0","1"
"POINT (8.756378668000025 50.132924691000028)","Unfall 145175 (2017) Kat:3, Licht: 0","145175","3","3","5","11","16","2","1","0","1","1","0","0"
"POINT (8.674358441000038 50.124927348000028)","Unfall 145176 (2017) Kat:3, Licht: 0","145176","3","7","0","11","12","2","1","0","1","0","0","0"
"POINT (8.683261271000049 50.114729056000044)","Unfall 145177 (2017) Kat:3, Licht: 0","145177","3","7","6","11","12","2","0","0","1","0","1","0"
"POINT (8.625645675000044 50.181985131000033)","Unfall 145212 (2017) Kat:2, Licht: 2","145212","2","3","5","11","21","6","0","2","0","0","0","1"
"POINT (8.680443819000061 50.102201944000058)","Unfall 145213 (2017) Kat:3, Licht: 0","145213","3","4","0","11","12","6","0","0","0","0","1","0"
"POINT (8.690034670000046 50.101556939000034)","Unfall 145214 (2017) Kat:3, Licht: 0","145214","3","7","0","11","16","6","0","0","1","1","0","0"
"POINT (8.676730481000050 50.106519644000059)","Unfall 145215 (2017) Kat:2, Licht: 2","145215","2","6","2","11","18","6","0","2","0","1","0","1"
"POINT (8.690167246000044 50.115586374000031)","Unfall 145216 (2017) Kat:3, Licht: 0","145216","3","3","5","11","11","6","0","0","1","1","0","0"
"POINT (8.569199402000038 50.099953690000063)","Unfall 145236 (2017) Kat:3, Licht: 0","145236","3","3","5","11","15","5","0","0","0","1","0","0"
"POINT (8.625291491000041 50.134469478000028)","Unfall 145237 (2017) Kat:3, Licht: 0","145237","3","4","6","11","16","5","0","0","0","1","1","0"
"POINT (8.689335073000052 50.118168816000036)","Unfall 145238 (2017) Kat:3, Licht: 2","145238","3","1","0","11","21","5","0","2","0","0","0","1"
"POINT (8.608895831000041 50.125169151000080)","Unfall 145258 (2017) Kat:2, Licht: 0","145258","2","3","0","11","08","4","0","0","0","1","0","0"
"POINT (8.636587286000065 50.087665855000068)","Unfall 145259 (2017) Kat:3, Licht: 1","145259","3","7","9","11","16","4","1","1","1","1","0","0"
"POINT (8.671693990000051 50.087837458000081)","Unfall 145260 (2017) Kat:3, Licht: 0","145260","3","3","5","11","10","4","0","0","1","0","0","0"
"POINT (8.671446768000067 50.087716452000052)","Unfall 145261 (2017) Kat:3, Licht: 2","145261","3","3","5","11","20","4","0","2","0","1","0","0"
"POINT (8.712572414000022 50.111776897000027)","Unfall 145262 (2017) Kat:3, Licht: 2","145262","3","3","5","11","22","4","0","2","1","1","0","0"
"POINT (8.633089059000042 50.102851137000073)","Unfall 145263 (2017) Kat:3, Licht: 0","145263","3","3","5","11","07","4","0","0","0","1","0","1"
"POINT (8.564279535000026 50.052668544000028)","Unfall 145276 (2017) Kat:3, Licht: 0","145276","3","1","8","11","12","3","0","0","0","1","0","0"
"POINT (8.691022660000044 50.143890509000073)","Unfall 145280 (2017) Kat:3, Licht: 0","145280","3","2","5","11","13","3","0","0","1","1","0","0"
"POINT (8.655418554000050 50.143541610000057)","Unfall 145281 (2017) Kat:3, Licht: 0","145281","3","3","5","11","07","3","0","0","1","1","0","0"
"POINT (8.661927144000060 50.193063763000055)","Unfall 145297 (2017) Kat:3, Licht: 0","145297","3","3","5","11","12","2","0","0","0","1","0","1"
"POINT (8.651002346000041 50.121633614000075)","Unfall 145298 (2017) Kat:3, Licht: 0","145298","3","4","6","11","14","2","0","0","0","1","1","0"
"POINT (8.687757624000028 50.114682641000059)","Unfall 145299 (2017) Kat:3, Licht: 0","145299","3","6","6","11","14","2","0","0","0","0","1","0"
"POINT (8.589997330000074 50.132726365000053)","Unfall 145316 (2017) Kat:3, Licht: 0","145316","3","6","2","11","12","2","0","0","0","1","0","0"
"POINT (8.656783938000046 50.165383142000053)","Unfall 145325 (2017) Kat:3, Licht: 0","145325","3","6","4","11","13","7","1","0","0","1","0","0"
"POINT (8.541242036000028 50.112785830000064)","Unfall 145335 (2017) Kat:3, Licht: 1","145335","3","6","2","11","07","6","1","1","1","0","0","0"
"POINT (8.691373479000049 50.154416729000047)","Unfall 145336 (2017) Kat:3, Licht: 1","145336","3","6","3","11","16","6","1","1","0","1","0","0"
"POINT (8.652749836000055 50.138930076000065)","Unfall 145337 (2017) Kat:3, Licht: 1","145337","3","2","5","11","07","6","1","1","1","1","0","0"
"POINT (8.630562511000051 50.084580294000034)","Unfall 145338 (2017) Kat:3, Licht: 0","145338","3","2","6","11","10","6","1","0","0","1","1","0"
"POINT (8.687841812000045 50.123100308000062)","Unfall 145339 (2017) Kat:3, Licht: 0","145339","3","3","5","11","07","6","0","0","1","0","0","0"
"POINT (8.675855962000071 50.107547611000030)","Unfall 145340 (2017) Kat:3, Licht: 0","145340","3","2","3","11","11","6","1","0","1","1","0","0"
"POINT (8.548558859000025 50.101687175000052)","Unfall 145361 (2017) Kat:3, Licht: 0","145361","3","4","6","12","14","5","0","0","0","0","1","0"
"POINT (8.632156951000070 50.084645658000056)","Unfall 145362 (2017) Kat:3, Licht: 0","145362","3","7","0","12","13","5","0","0","1","0","0","0"
"POINT (8.636461817000054 50.101214512000070)","Unfall 145363 (2017) Kat:3, Licht: 0","145363","3","2","6","12","10","5","0","0","0","1","1","0"
"POINT (8.685509470000056 50.109452689000079)","Unfall 145364 (2017) Kat:3, Licht: 0","145364","3","6","2","12","11","5","0","0","0","1","0","0"
"POINT (8.687643208000054 50.117291663000060)","Unfall 145365 (2017) Kat:3, Licht: 2","145365","3","6","2","12","21","5","1","2","1","1","0","0"
"POINT (8.688013356000056 50.114770239000052)","Unfall 145366 (2017) Kat:2, Licht: 0","145366","2","4","0","12","09","5","0","0","0","0","1","0"
"POINT (8.765721022000037 50.124334380000050)","Unfall 145374 (2017) Kat:2, Licht: 0","145374","2","3","5","12","11","4","0","0","0","1","0","0"
"POINT (8.673747998000067 50.106676519000075)","Unfall 145375 (2017) Kat:2, Licht: 2","145375","2","4","6","12","17","4","0","2","0","1","1","0"
"POINT (8.737035745000071 50.129218895000065)","Unfall 145385 (2017) Kat:3, Licht: 0","145385","3","7","0","12","08","4","1","0","1","0","0","0"
"POINT (8.665807545000064 50.089174012000058)","Unfall 145389 (2017) Kat:3, Licht: 0","145389","3","3","5","12","09","3","0","0","1","1","0","0"
"POINT (8.651715585000034 50.143722103000073)","Unfall 145408 (2017) Kat:3, Licht: 0","145408","3","7","0","12","10","2","1","0","1","1","0","0"
"POINT (8.690215849000026 50.086462435000044)","Unfall 145409 (2017) Kat:3, Licht: 2","145409","3","6","6","12","21","2","1","2","0","1","1","0"
"POINT (8.667649261000065 50.112534313000026)","Unfall 145410 (2017) Kat:3, Licht: 0","145410","3","6","2","12","15","2","1","0","0","1","0","0"
"POINT (8.671726730000046 50.113360393000050)","Unfall 145411 (2017) Kat:3, Licht: 0","145411","3","6","2","12","13","2","0","0","0","1","0","0"
"POINT (8.679574796000054 50.103398955000046)","Unfall 145433 (2017) Kat:3, Licht: 0","145433","3","3","5","12","10","1","1","0","0","1","0","0"
"POINT (8.664728938000053 50.138871465000079)","Unfall 145441 (2017) Kat:3, Licht: 0","145441","3","4","6","12","11","7","0","0","0","1","1","0"
"POINT (8.682192623000049 50.100043358000050)","Unfall 145442 (2017) Kat:3, Licht: 2","145442","3","6","2","12","18","7","0","2","0","1","0","0"
"POINT (8.694899131000057 50.113427518000037)","Unfall 145443 (2017) Kat:3, Licht: 2","145443","3","3","5","12","04","7","1","2","0","1","0","0"
"POINT (8.661658836000072 50.104808986000080)","Unfall 145460 (2017) Kat:3, Licht: 2","145460","3","6","0","12","19","6","0","2","1","0","0","0"
"POINT (8.635291724000069 50.107457008000040)","Unfall 145461 (2017) Kat:3, Licht: 2","145461","3","1","0","12","01","6","0","2","0","1","0","0"
"POINT (8.692569528000036 50.114891987000078)","Unfall 145462 (2017) Kat:2, Licht: 0","145462","2","5","1","12","15","6","0","0","1","1","0","0"
"POINT (8.548375009000040 50.114771116000043)","Unfall 145485 (2017) Kat:3, Licht: 0","145485","3","3","5","11","14","5","1","0","0","1","0","0"
"POINT (8.665884735000077 50.113466422000045)","Unfall 145486 (2017) Kat:3, Licht: 2","145486","3","4","0","11","19","5","1","2","1","0","1","0"
"POINT (8.659750769000027 50.119015956000055)","Unfall 145487 (2017) Kat:3, Licht: 0","145487","3","2","5","11","11","5","0","0","1","1","0","0"
"POINT (8.718892909000033 50.141001225000082)","Unfall 145504 (2017) Kat:3, Licht: 1","145504","3","4","6","11","16","4","0","1","0","1","1","0"
"POINT (8.643819128000075 50.106662749000066)","Unfall 145505 (2017) Kat:3, Licht: 2","145505","3","2","5","11","19","4","1","2","1","0","0","0"
"POINT (8.684212443000035 50.118017909000059)","Unfall 145506 (2017) Kat:3, Licht: 0","145506","3","6","2","11","09","4","1","0","0","1","0","0"
"POINT (8.609264588000031 50.126789683000027)","Unfall 145533 (2017) Kat:3, Licht: 0","145533","3","3","5","11","09","3","1","0","1","0","0","0"
"POINT (8.658220665000044 50.103518085000076)","Unfall 145534 (2017) Kat:3, Licht: 0","145534","3","1","0","11","11","3","1","0","1","0","0","0"
"POINT (8.655410834000065 50.141506763000052)","Unfall 145557 (2017) Kat:2, Licht: 0","145557","2","5","0","11","08","2","0","0","0","1","0","1"
"POINT (8.681515588000025 50.101003627000068)","Unfall 145558 (2017) Kat:3, Licht: 0","145558","3","1","0","11","09","2","0","0","1","0","0","0"
"POINT (8.705550000000073 50.124990128000036)","Unfall 145559 (2017) Kat:3, Licht: 1","145559","3","5","1","11","07","2","0","1","1","1","0","0"
"POINT (8.663267733000055 50.105514126000060)","Unfall 145560 (2017) Kat:3, Licht: 0","145560","3","6","2","11","09","2","0","0","1","0","0","0"
"POINT (8.673718214000076 50.126745077000066)","Unfall 145561 (2017) Kat:3, Licht: 0","145561","3","2","2","11","12","2","1","0","0","1","0","0"
"POINT (8.681613211000069 50.117936567000072)","Unfall 145562 (2017) Kat:3, Licht: 0","145562","3","5","5","11","09","2","1","0","0","1","0","0"
"POINT (8.569623242000034 50.050554242000032)","Unfall 145581 (2017) Kat:3, Licht: 0","145581","3","4","6","11","08","7","1","0","0","1","1","0"
"POINT (8.687724625000044 50.109601972000064)","Unfall 145584 (2017) Kat:3, Licht: 2","145584","3","6","2","11","18","7","1","2","0","1","0","0"
"POINT (8.679990302000022 50.117132531000038)","Unfall 145585 (2017) Kat:3, Licht: 2","145585","3","6","2","11","19","7","0","2","0","1","0","0"
"POINT (8.671934171000032 50.113674042000071)","Unfall 145586 (2017) Kat:3, Licht: 0","145586","3","7","6","11","13","7","0","0","0","1","1","0"
"POINT (8.705306662000055 50.124873634000039)","Unfall 145603 (2017) Kat:3, Licht: 0","145603","3","5","3","11","08","6","0","0","1","1","0","0"
"POINT (8.698449795000045 50.138952285000073)","Unfall 145604 (2017) Kat:3, Licht: 2","145604","3","6","2","11","19","6","1","2","0","1","0","0"
"POINT (8.718565178000063 50.125918942000055)","Unfall 145605 (2017) Kat:3, Licht: 0","145605","3","6","0","11","11","6","1","0","1","0","0","0"
"POINT (8.583286186000066 50.106983675000038)","Unfall 145623 (2017) Kat:3, Licht: 0","145623","3","2","5","12","09","1","0","0","0","1","0","0"
"POINT (8.502798050000024 50.093232976000081)","Unfall 145627 (2017) Kat:3, Licht: 1","145627","3","3","5","12","17","7","1","1","1","1","0","0"
"POINT (8.756232655000076 50.132912749000070)","Unfall 145628 (2017) Kat:3, Licht: 0","145628","3","3","5","12","10","7","0","0","0","1","0","0"
"POINT (8.690100680000057 50.102713850000043)","Unfall 145636 (2017) Kat:3, Licht: 0","145636","3","4","6","12","12","6","1","0","0","0","1","0"
"POINT (8.643087012000024 50.116823958000055)","Unfall 145651 (2017) Kat:3, Licht: 2","145651","3","4","6","12","17","5","1","2","0","1","1","0"
"POINT (8.680282888000022 50.153406790000076)","Unfall 145652 (2017) Kat:3, Licht: 0","145652","3","3","5","12","08","5","0","0","1","1","0","0"
"POINT (8.733270189000052 50.117781661000038)","Unfall 145653 (2017) Kat:2, Licht: 2","145653","2","4","6","12","06","5","1","2","0","1","1","0"
"POINT (8.713565908000021 50.110775723000074)","Unfall 145654 (2017) Kat:3, Licht: 2","145654","3","4","6","12","18","5","1","2","0","1","1","0"
"POINT (8.671564617000058 50.127082957000027)","Unfall 145655 (2017) Kat:3, Licht: 2","145655","3","2","5","12","21","5","1","2","0","1","0","0"
"POINT (8.585121963000063 50.052940930000034)","Unfall 145671 (2017) Kat:2, Licht: 0","145671","2","3","5","12","14","4","1","0","0","1","0","0"
"POINT (8.636114024000051 50.188636445000043)","Unfall 145676 (2017) Kat:3, Licht: 0","145676","3","7","6","12","09","4","1","0","0","1","1","0"
"POINT (8.633717920000038 50.081404118000080)","Unfall 145677 (2017) Kat:3, Licht: 2","145677","3","4","6","12","17","4","1","2","0","1","1","0"
"POINT (8.668690406000053 50.123538194000048)","Unfall 145678 (2017) Kat:3, Licht: 1","145678","3","3","5","12","16","4","0","1","1","1","0","0"
"POINT (8.667207345000065 50.121821805000081)","Unfall 145679 (2017) Kat:3, Licht: 2","145679","3","3","5","12","23","4","1","2","0","1","0","0"
"POINT (8.747913708000056 50.157920604000026)","Unfall 145690 (2017) Kat:3, Licht: 0","145690","3","3","5","12","09","4","1","0","0","1","0","0"
"POINT (8.668506241000046 50.201670396000054)","Unfall 145698 (2017) Kat:3, Licht: 0","145698","3","6","1","12","12","3","0","0","0","1","0","0"
"POINT (8.695550623000031 50.146187311000062)","Unfall 145699 (2017) Kat:3, Licht: 2","145699","3","3","5","12","19","3","1","2","0","1","0","0"
"POINT (8.597608347000062 50.128557738000040)","Unfall 145700 (2017) Kat:3, Licht: 1","145700","3","3","5","12","08","3","1","1","0","1","0","0"
"POINT (8.670799600000066 50.115381890000037)","Unfall 145701 (2017) Kat:3, Licht: 0","145701","3","2","5","12","09","3","0","0","1","1","0","0"
"POINT (8.716686846000073 50.123446635000050)","Unfall 145716 (2017) Kat:3, Licht: 2","145716","3","3","5","12","17","2","1","2","1","1","0","0"
"POINT (8.665873072000068 50.119547116000035)","Unfall 145717 (2017) Kat:3, Licht: 2","145717","3","7","0","12","01","2","0","2","0","1","0","0"
"POINT (8.747610921000046 50.144083539000064)","Unfall 145726 (2017) Kat:3, Licht: 0","145726","3","2","0","12","09","2","1","0","0","1","0","1"
"POINT (8.548853947000055 50.108383713000080)","Unfall 145734 (2017) Kat:3, Licht: 2","145734","3","4","6","12","21","7","0","2","0","1","1","0"
"POINT (8.653025905000050 50.196846585000060)","Unfall 145735 (2017) Kat:3, Licht: 0","145735","3","6","2","12","12","7","1","0","0","1","0","0"
"POINT (8.683098017000077 50.098824671000045)","Unfall 145736 (2017) Kat:3, Licht: 2","145736","3","3","5","12","01","7","1","2","0","1","0","0"
"POINT (8.683986365000067 50.113073895000070)","Unfall 145737 (2017) Kat:3, Licht: 0","145737","3","3","5","12","13","7","0","0","0","1","0","0"
"POINT (8.546132837000073 50.101527202000057)","Unfall 145749 (2017) Kat:3, Licht: 0","145749","3","1","0","12","14","6","1","0","0","1","0","0"
"POINT (8.694503951000058 50.144551902000046)","Unfall 145750 (2017) Kat:3, Licht: 0","145750","3","2","6","12","08","6","1","0","0","1","1","0"
"POINT (8.714423871000065 50.130968858000074)","Unfall 145751 (2017) Kat:3, Licht: 2","145751","3","6","2","12","19","6","1","2","1","1","0","0"
"POINT (8.747765281000056 50.122209103000046)","Unfall 145752 (2017) Kat:3, Licht: 2","145752","3","2","3","12","22","6","1","2","0","1","0","0"
"POINT (8.682473797000057 50.115583563000030)","Unfall 145753 (2017) Kat:3, Licht: 0","145753","3","5","1","12","19","6","0","0","1","0","0","0"
"POINT (8.676547039000070 50.116325788000040)","Unfall 145754 (2017) Kat:3, Licht: 0","145754","3","6","3","12","10","6","1","0","0","1","0","0"
"POINT (8.595733283000072 50.134218719000046)","Unfall 145769 (2017) Kat:3, Licht: 0","145769","3","6","3","12","08","6","0","0","0","1","0","0"
"POINT (8.644692440000029 50.122363393000057)","Unfall 145773 (2017) Kat:3, Licht: 2","145773","3","4","6","12","18","5","1","2","0","1","1","0"
"POINT (8.658551353000064 50.189467799000056)","Unfall 145794 (2017) Kat:3, Licht: 2","145794","3","4","6","12","06","4","0","2","0","1","1","0"
"POINT (8.772096280000028 50.121441573000027)","Unfall 145795 (2017) Kat:3, Licht: 1","145795","3","7","6","12","16","4","1","1","0","1","1","0"
"POINT (8.678094629000043 50.119254959000045)","Unfall 145796 (2017) Kat:3, Licht: 2","145796","3","7","3","12","19","4","1","2","0","1","0","1"
"POINT (8.575193247000073 50.104610115000071)","Unfall 145798 (2017) Kat:3, Licht: 0","145798","3","6","2","12","15","4","0","0","0","1","0","0"
"POINT (8.659793402000048 50.116017055000043)","Unfall 145807 (2017) Kat:3, Licht: 2","145807","3","2","5","12","07","3","0","2","1","1","0","0"
"POINT (8.673972986000024 50.139682557000071)","Unfall 145808 (2017) Kat:3, Licht: 1","145808","3","2","5","12","16","3","0","1","1","1","0","0"
"POINT (8.681208128000037 50.095206416000053)","Unfall 145809 (2017) Kat:2, Licht: 2","145809","2","4","6","12","20","3","0","2","0","1","1","0"
"POINT (8.672037326000066 50.131643757000063)","Unfall 145810 (2017) Kat:2, Licht: 0","145810","2","2","5","12","08","3","0","0","1","1","0","0"
"POINT (8.592194666000069 50.137706174000073)","Unfall 145820 (2017) Kat:3, Licht: 2","145820","3","6","2","12","17","3","1","2","0","1","0","0"
"POINT (8.615521669000032 50.128693052000074)","Unfall 145824 (2017) Kat:3, Licht: 2","145824","3","3","5","12","16","2","0","2","1","1","0","0"
"POINT (8.687917854000034 50.114740808000079)","Unfall 145825 (2017) Kat:3, Licht: 2","145825","3","3","5","12","17","2","0","2","1","0","0","0"
"POINT (8.685937320000051 50.112231336000036)","Unfall 145826 (2017) Kat:3, Licht: 0","145826","3","3","0","12","10","2","1","0","1","0","0","0"
"POINT (8.642982459000052 50.174182476000055)","Unfall 145839 (2017) Kat:3, Licht: 0","145839","3","1","4","12","12","1","2","0","0","1","0","0"
"POINT (8.618372314000055 50.169103736000068)","Unfall 145846 (2017) Kat:3, Licht: 2","145846","3","7","0","12","17","7","1","2","0","1","1","0"
"POINT (8.746415058000025 50.132155094000041)","Unfall 145847 (2017) Kat:2, Licht: 2","145847","2","1","7","12","02","7","2","2","0","1","0","0"
"POINT (8.690360641000041 50.122064384000055)","Unfall 145848 (2017) Kat:3, Licht: 2","145848","3","3","4","12","01","7","1","2","1","1","0","0"
"POINT (8.562654246000022 50.117332135000026)","Unfall 145861 (2017) Kat:3, Licht: 0","145861","3","4","6","12","13","6","0","0","0","1","1","0"
"POINT (8.595140742000069 50.084089279000068)","Unfall 145862 (2017) Kat:3, Licht: 2","145862","3","5","1","12","20","6","1","2","0","1","0","0"
"POINT (8.553703843000051 50.083720733000064)","Unfall 146091 (2017) Kat:3, Licht: 1","146091","3","6","2","12","18","7","1","1","0","1","0","0"
"POINT (8.680377875000033 50.102293024000062)","Unfall 146092 (2017) Kat:3, Licht: 0","146092","3","4","6","12","11","7","1","0","0","1","1","0"
"POINT (8.673117997000077 50.100932525000076)","Unfall 146093 (2017) Kat:3, Licht: 0","146093","3","1","0","12","14","7","1","0","1","0","0","0"
"POINT (8.692519967000067 50.109279712000045)","Unfall 146094 (2017) Kat:3, Licht: 2","146094","3","2","2","12","17","7","1","2","0","1","0","0"
"POINT (8.687811164000038 50.113955494000038)","Unfall 146102 (2017) Kat:3, Licht: 0","146102","3","4","3","12","15","6","0","0","0","1","1","0"
"POINT (8.685850040000048 50.118118232000029)","Unfall 146103 (2017) Kat:3, Licht: 0","146103","3","4","6","12","09","6","0","0","0","0","1","0"
"POINT (8.596555709000029 50.102624413000058)","Unfall 146113 (2017) Kat:3, Licht: 0","146113","3","3","5","12","10","5","1","0","1","1","0","0"
"POINT (8.666100344000029 50.145411502000059)","Unfall 146114 (2017) Kat:3, Licht: 2","146114","3","5","1","12","20","5","0","2","0","1","0","0"
"POINT (8.660603348000052 50.096616857000072)","Unfall 146115 (2017) Kat:2, Licht: 0","146115","2","3","5","12","08","5","0","0","0","1","0","0"
"POINT (8.683928442000024 50.131413292000047)","Unfall 146116 (2017) Kat:3, Licht: 0","146116","3","6","3","12","15","5","1","0","1","0","0","0"
"POINT (8.663154025000040 50.101494924000065)","Unfall 146124 (2017) Kat:3, Licht: 2","146124","3","4","6","12","21","4","1","2","0","1","1","0"
"POINT (8.683770321000054 50.107182812000076)","Unfall 146127 (2017) Kat:3, Licht: 1","146127","3","4","6","12","16","3","1","1","0","1","1","0"
"POINT (8.690900070000055 50.124171081000043)","Unfall 146128 (2017) Kat:3, Licht: 2","146128","3","6","0","12","21","3","0","2","1","1","0","0"
"POINT (8.624684792000039 50.107558025000060)","Unfall 146134 (2017) Kat:3, Licht: 2","146134","3","1","8","12","21","2","0","2","0","1","0","0"
"POINT (8.587206983000044 50.055504985000027)","Unfall 26549 (2018) Kat:3, Licht: 2","26549","3","2","6","01","17","2","1","2","0","1","1","0"
"POINT (8.543943456000022 50.072206733000030)","Unfall 26550 (2018) Kat:3, Licht: 2","26550","3","1","8","01","17","6","1","2","0","1","0","0"
"POINT (8.635848733000046 50.088764185000059)","Unfall 26561 (2018) Kat:3, Licht: 2","26561","3","6","2","01","16","6","1","2","0","1","0","0"
"POINT (8.543192530000056 50.076792657000055)","Unfall 26563 (2018) Kat:3, Licht: 0","26563","3","1","8","01","13","5","1","0","0","0","0","0"
"POINT (8.616705594000052 50.181899019000070)","Unfall 26577 (2018) Kat:3, Licht: 2","26577","3","6","2","01","01","3","1","2","0","1","0","0"
"POINT (8.648759162000033 50.119999119000056)","Unfall 26591 (2018) Kat:3, Licht: 0","26591","3","3","3","01","15","5","1","0","0","1","0","0"
"POINT (8.730520721000062 50.118724408000048)","Unfall 26613 (2018) Kat:3, Licht: 0","26613","3","6","2","01","10","3","1","0","0","1","0","0"
"POINT (8.664992812000037 50.103943678000064)","Unfall 26624 (2018) Kat:3, Licht: 0","26624","3","3","5","01","10","5","1","0","1","1","0","0"
"POINT (8.669117648000054 50.106163450000054)","Unfall 26640 (2018) Kat:3, Licht: 0","26640","3","3","5","01","07","4","0","0","0","1","0","0"
"POINT (8.670770152000046 50.097735377000049)","Unfall 26644 (2018) Kat:3, Licht: 1","26644","3","3","5","01","06","6","1","1","0","1","0","0"
"POINT (8.605756772000063 50.180922860000067)","Unfall 26646 (2018) Kat:3, Licht: 2","26646","3","2","2","01","17","5","1","2","0","1","0","0"
"POINT (8.537793565000072 50.111347732000070)","Unfall 26669 (2018) Kat:3, Licht: 0","26669","3","2","6","01","14","3","0","0","0","1","1","0"
"POINT (8.670505303000027 50.138723644000038)","Unfall 26673 (2018) Kat:2, Licht: 2","26673","2","3","5","01","21","5","1","2","0","1","0","0"
"POINT (8.616671004000068 50.114918776000081)","Unfall 26691 (2018) Kat:3, Licht: 2","26691","3","6","2","01","18","5","1","2","0","1","0","0"
"POINT (8.677877817000024 50.105433242000061)","Unfall 26703 (2018) Kat:3, Licht: 1","26703","3","2","5","01","05","4","1","1","0","1","0","1"
"POINT (8.733434939000063 50.114685878000046)","Unfall 26739 (2018) Kat:2, Licht: 0","26739","2","6","2","01","08","2","0","0","0","1","0","0"
"POINT (8.556135297000026 50.051220309000030)","Unfall 26749 (2018) Kat:3, Licht: 2","26749","3","7","9","01","00","6","1","2","0","1","0","0"
"POINT (8.571856374000049 50.090438647000042)","Unfall 26757 (2018) Kat:3, Licht: 2","26757","3","1","9","01","05","7","0","2","0","1","0","0"
"POINT (8.602544551000051 50.057660386000066)","Unfall 26768 (2018) Kat:3, Licht: 0","26768","3","6","3","01","11","5","0","0","0","1","0","0"
"POINT (8.698216216000049 50.138967172000036)","Unfall 26776 (2018) Kat:3, Licht: 0","26776","3","7","3","01","10","3","0","0","0","1","0","0"
"POINT (8.733768566000038 50.119723462000081)","Unfall 26778 (2018) Kat:3, Licht: 0","26778","3","6","3","01","09","3","0","0","0","1","0","0"
"POINT (8.695132341000033 50.113362207000080)","Unfall 26793 (2018) Kat:3, Licht: 2","26793","3","6","2","01","23","7","0","2","0","1","0","1"