WKT,Name,OBJECTID,UKATEGORIE,UTYP1,UART,UMONAT,USTUNDE,UWOCHENTAG,STRZUSTAND,ULICHTVERH,ISTRAD,ISTPKW,ISTFUSS,ISTKRAD
"POINT (8.551077800000030 50.102727630000061)","Unfall 26817 (2018) Kat:2, Licht: 2","26817","2","4","6","01","19","2","0","2","0","1","1","0"
"POINT (8.756339507000064 50.119320335000054)","Unfall 26820 (2018) Kat:3, Licht: 1","26820","3","6","2","01","08","2","0","1","0","1","0","0"
"POINT (8.680929887000048 50.061335429000053)","Unfall 26828 (2018) Kat:3, Licht: 2","26828","3","6","3","01","06","5","1","2","0","1","0","0"
"POINT (8.761713240000063 50.116047980000076)","Unfall 26864 (2018) Kat:3, Licht: 2","26864","3","3","5","01","18","5","1","2","1","1","0","0"
"POINT (8.590009978000069 50.132716047000031)","Unfall 26870 (2018) Kat:2, Licht: 0","26870","2","6","2","01","09","6","1","0","0","1","0","0"
"POINT (8.580856536000056 50.121811593000075)","Unfall 26871 (2018) Kat:3, Licht: 0","26871","3","1","4","01","16","2","0","0","0","1","0","0"
"POINT (8.486644156000068 50.084708229000057)","Unfall 26895 (2018) Kat:3, Licht: 0","26895","3","1","9","01","14","1","0","0","0","1","0","0"
"POINT (8.672967368000059 50.149381907000077)","Unfall 26915 (2018) Kat:3, Licht: 0","26915","3","7","6","01","11","7","0","0","0","1","0","0"
"POINT (8.742735222000022 50.149113949000082)","Unfall 26928 (2018) Kat:3, Licht: 0","26928","3","3","5","01","12","5","0","0","0","1","0","0"
"POINT (8.507432477000066 50.105976434000070)","Unfall 26947 (2018) Kat:2, Licht: 2","26947","2","6","2","01","00","7","0","2","0","1","0","0"
"POINT (8.686039662000042 50.097930568000038)","Unfall 26958 (2018) Kat:3, Licht: 2","26958","3","7","3","01","19","1","0","2","0","1","0","0"
"POINT (8.578444792000028 50.125464395000051)","Unfall 26971 (2018) Kat:2, Licht: 2","26971","2","6","3","01","20","7","1","2","0","1","0","0"
"POINT (8.539587969000024 50.117771255000036)","Unfall 26973 (2018) Kat:3, Licht: 1","26973","3","6","2","01","16","7","1","1","0","1","0","0"
"POINT (8.537369571000056 50.116960920000054)","Unfall 26974 (2018) Kat:3, Licht: 0","26974","3","6","2","01","14","7","1","0","0","1","0","0"
"POINT (8.743861549000030 50.095343658000047)","Unfall 26977 (2018) Kat:3, Licht: 1","26977","3","6","2","01","16","7","1","1","0","1","0","0"
"POINT (8.610767163000048 50.146231298000032)","Unfall 26991 (2018) Kat:3, Licht: 2","26991","3","3","5","01","19","1","0","2","0","1","0","0"
"POINT (8.668546463000041 50.142491386000074)","Unfall 26993 (2018) Kat:3, Licht: 2","26993","3","4","6","01","06","4","1","2","1","0","1","0"
"POINT (8.610725249000041 50.052783467000040)","Unfall 26994 (2018) Kat:3, Licht: 0","26994","3","6","2","01","16","6","0","0","0","1","0","0"
"POINT (8.717071397000041 50.113228668000033)","Unfall 27034 (2018) Kat:3, Licht: 0","27034","3","3","5","01","13","3","0","0","0","1","0","0"
"POINT (8.701999016000059 50.142334969000046)","Unfall 27048 (2018) Kat:3, Licht: 0","27048","3","4","6","01","13","7","1","0","0","1","1","0"
"POINT (8.690346396000052 50.147461442000065)","Unfall 27057 (2018) Kat:3, Licht: 0","27057","3","2","5","01","12","6","0","0","0","1","0","0"
"POINT (8.776791541000023 50.137610705000043)","Unfall 27075 (2018) Kat:1, Licht: 2","27075","1","7","3","01","23","6","0","2","0","1","0","1"
"POINT (8.608197109000059 50.061346080000078)","Unfall 27085 (2018) Kat:3, Licht: 2","27085","3","6","3","01","23","1","1","2","0","1","0","0"
"POINT (8.664984673000049 50.104340231000037)","Unfall 27094 (2018) Kat:2, Licht: 0","27094","2","4","6","01","12","2","1","0","0","1","1","0"
"POINT (8.664909692000038 50.103044424000075)","Unfall 27100 (2018) Kat:3, Licht: 0","27100","3","3","5","01","14","6","0","0","0","1","0","0"
"POINT (8.559940681000057 50.101684376000037)","Unfall 27128 (2018) Kat:3, Licht: 1","27128","3","4","6","01","07","4","1","1","0","1","1","0"
"POINT (8.570562934000066 50.098816815000077)","Unfall 27130 (2018) Kat:3, Licht: 2","27130","3","2","5","01","17","4","1","2","0","1","0","0"
"POINT (8.688675328000045 50.062127067000063)","Unfall 27131 (2018) Kat:3, Licht: 2","27131","3","2","5","01","17","4","1","2","0","1","0","0"
"POINT (8.731731576000072 50.119044630000076)","Unfall 27136 (2018) Kat:3, Licht: 2","27136","3","6","2","01","18","4","0","2","0","1","0","0"
"POINT (8.708583001000022 50.111445307000054)","Unfall 27139 (2018) Kat:3, Licht: 2","27139","3","2","2","01","19","4","1","2","0","1","0","0"
"POINT (8.703568195000059 50.150074891000031)","Unfall 27179 (2018) Kat:3, Licht: 0","27179","3","1","9","01","09","3","1","0","0","1","0","0"
"POINT (8.706151204000037 50.145596114000057)","Unfall 27203 (2018) Kat:3, Licht: 0","27203","3","7","5","01","13","1","0","0","0","1","0","0"
"POINT (8.666843279000034 50.094311522000055)","Unfall 27245 (2018) Kat:3, Licht: 0","27245","3","6","2","01","11","2","0","0","0","1","0","0"
"POINT (8.684207463000064 50.131598216000043)","Unfall 27255 (2018) Kat:3, Licht: 2","27255","3","3","5","01","22","3","1","2","0","1","0","0"
"POINT (8.590012831000024 50.132713719000037)","Unfall 27258 (2018) Kat:3, Licht: 2","27258","3","6","2","01","18","4","0","2","0","1","0","0"
"POINT (8.644128515000034 50.133082916000035)","Unfall 27278 (2018) Kat:2, Licht: 2","27278","2","6","2","01","17","4","0","2","0","1","0","0"
"POINT (8.605073535000031 50.114837423000040)","Unfall 27289 (2018) Kat:3, Licht: 2","27289","3","6","3","01","07","3","1","2","0","1","0","0"
"POINT (8.711056691000067 50.122723216000054)","Unfall 27297 (2018) Kat:3, Licht: 2","27297","3","3","5","01","18","3","1","2","1","0","0","0"
"POINT (8.672017564000043 50.131662025000026)","Unfall 27300 (2018) Kat:3, Licht: 2","27300","3","4","6","01","21","3","1","2","0","1","1","0"
"POINT (8.545356187000039 50.104711722000047)","Unfall 27326 (2018) Kat:3, Licht: 0","27326","3","2","6","01","15","3","0","0","0","1","1","0"
"POINT (8.504542557000036 50.104740639000056)","Unfall 27351 (2018) Kat:3, Licht: 0","27351","3","6","3","02","09","4","0","0","0","1","0","0"
"POINT (8.723813617000076 50.159457878000069)","Unfall 27364 (2018) Kat:3, Licht: 0","27364","3","6","2","02","13","3","0","0","0","1","0","0"
"POINT (8.544389095000042 50.105462889000080)","Unfall 27376 (2018) Kat:3, Licht: 0","27376","3","6","2","02","10","2","0","0","0","1","0","0"
"POINT (8.570070866000037 50.123175917000026)","Unfall 27380 (2018) Kat:3, Licht: 2","27380","3","6","2","01","17","4","1","2","0","1","0","0"
"POINT (8.613192376000029 50.098033077000082)","Unfall 27383 (2018) Kat:3, Licht: 0","27383","3","6","2","01","16","3","0","0","0","1","0","0"
"POINT (8.613169710000022 50.175086960000044)","Unfall 27386 (2018) Kat:3, Licht: 2","27386","3","6","2","01","18","3","0","2","0","1","0","0"
"POINT (8.602538204000041 50.108923177000065)","Unfall 27389 (2018) Kat:3, Licht: 1","27389","3","6","3","01","16","3","0","1","0","1","0","0"
"POINT (8.599118666000038 50.042576531000066)","Unfall 27394 (2018) Kat:3, Licht: 2","27394","3","6","3","01","21","3","0","2","0","1","0","0"
"POINT (8.712288383000043 50.136351991000026)","Unfall 27397 (2018) Kat:3, Licht: 2","27397","3","6","2","01","18","4","1","2","0","1","0","0"
"POINT (8.666632323000044 50.190331317000073)","Unfall 27423 (2018) Kat:3, Licht: 0","27423","3","4","6","01","15","2","0","0","0","1","1","0"
"POINT (8.636808640000027 50.196214293000025)","Unfall 27425 (2018) Kat:3, Licht: 0","27425","3","6","3","02","10","2","1","0","0","1","0","0"
"POINT (8.562182158000042 50.049603973000046)","Unfall 27447 (2018) Kat:3, Licht: 1","27447","3","6","2","01","16","4","1","1","0","1","0","0"
"POINT (8.679155430000037 50.132175284000027)","Unfall 27457 (2018) Kat:3, Licht: 2","27457","3","6","2","02","18","2","1","2","0","1","0","0"
"POINT (8.602789154000050 50.143185117000030)","Unfall 27461 (2018) Kat:3, Licht: 2","27461","3","2","2","01","21","4","1","2","0","1","0","0"
"POINT (8.651361366000060 50.204646500000081)","Unfall 27473 (2018) Kat:3, Licht: 1","27473","3","6","2","01","07","2","0","1","0","1","0","0"
"POINT (8.647337660000062 50.104174662000048)","Unfall 27481 (2018) Kat:3, Licht: 0","27481","3","2","0","01","07","4","1","0","0","1","0","1"
"POINT (8.705591003000052 50.145426495000038)","Unfall 27486 (2018) Kat:3, Licht: 0","27486","3","6","2","01","10","4","1","0","0","1","0","0"
"POINT (8.681111481000073 50.106737206000048)","Unfall 27490 (2018) Kat:3, Licht: 1","27490","3","6","3","01","18","1","0","1","0","1","0","0"
"POINT (8.682712978000041 50.095739732000027)","Unfall 27493 (2018) Kat:3, Licht: 0","27493","3","5","1","01","09","1","0","0","0","1","0","0"
"POINT (8.710785628000053 50.122797054000046)","Unfall 27553 (2018) Kat:3, Licht: 2","27553","3","3","6","02","05","1","1","2","0","1","1","0"
"POINT (8.761749083000041 50.116026102000035)","Unfall 27565 (2018) Kat:3, Licht: 0","27565","3","6","2","02","14","5","0","0","0","1","0","0"
"POINT (8.669053649000034 50.099318219000054)","Unfall 27574 (2018) Kat:3, Licht: 0","27574","3","1","6","01","12","4","1","0","0","0","1","1"
"POINT (8.755085336000036 50.143050429000027)","Unfall 27594 (2018) Kat:2, Licht: 0","27594","2","2","5","02","09","6","1","0","0","1","0","0"
"POINT (8.548602136000056 50.120987806000073)","Unfall 27595 (2018) Kat:3, Licht: 2","27595","3","6","2","02","17","3","0","2","0","1","0","0"
"POINT (8.521638249000034 50.097360514000059)","Unfall 27600 (2018) Kat:3, Licht: 2","27600","3","1","8","01","20","3","0","2","0","1","0","0"
"POINT (8.682585571000061 50.164006709000034)","Unfall 27610 (2018) Kat:2, Licht: 0","27610","2","6","2","01","13","3","0","0","0","1","0","0"
"POINT (8.658995071000049 50.154721599000027)","Unfall 27616 (2018) Kat:3, Licht: 0","27616","3","3","5","01","16","3","0","0","0","1","0","0"
"POINT (8.603901991000043 50.086933224000063)","Unfall 27626 (2018) Kat:3, Licht: 2","27626","3","6","0","01","22","3","0","2","0","1","0","1"
"POINT (8.683755555000062 50.131701327000030)","Unfall 27631 (2018) Kat:3, Licht: 0","27631","3","2","3","01","16","3","0","0","1","1","0","0"
"POINT (8.684211993000076 50.131632765000063)","Unfall 27637 (2018) Kat:3, Licht: 0","27637","3","2","5","01","11","3","0","0","1","1","0","0"
"POINT (8.692164692000063 50.144031686000062)","Unfall 27640 (2018) Kat:2, Licht: 0","27640","2","4","6","02","16","2","0","0","0","1","1","0"
"POINT (8.551397271000042 50.105440829000031)","Unfall 27645 (2018) Kat:3, Licht: 0","27645","3","7","0","01","15","4","1","0","1","0","0","0"
"POINT (8.565715029000046 50.123807726000052)","Unfall 27649 (2018) Kat:3, Licht: 2","27649","3","3","5","01","17","6","1","2","0","1","0","1"
"POINT (8.712161896000055 50.111562730000060)","Unfall 27666 (2018) Kat:3, Licht: 2","27666","3","6","2","01","17","4","1","2","0","1","0","0"
"POINT (8.631237652000039 50.055429509000078)","Unfall 27696 (2018) Kat:3, Licht: 2","27696","3","6","2","02","18","5","1","2","0","1","0","0"
"POINT (8.604460244000052 50.159232358000054)","Unfall 27714 (2018) Kat:3, Licht: 0","27714","3","6","2","01","12","6","0","0","0","1","0","0"
"POINT (8.725925530000041 50.064592241000071)","Unfall 27718 (2018) Kat:3, Licht: 2","27718","3","6","2","02","17","1","1","2","0","1","0","0"
"POINT (8.681158598000025 50.159778186000040)","Unfall 27743 (2018) Kat:3, Licht: 2","27743","3","3","5","02","06","5","1","2","0","1","0","0"
"POINT (8.614174590000062 50.177336865000029)","Unfall 27753 (2018) Kat:3, Licht: 0","27753","3","6","2","01","07","4","1","0","0","1","0","0"
"POINT (8.634441925000033 50.078522336000049)","Unfall 27755 (2018) Kat:3, Licht: 1","27755","3","3","5","01","17","4","1","1","1","1","0","0"
"POINT (8.601471135000054 50.047273075000078)","Unfall 27773 (2018) Kat:2, Licht: 0","27773","2","6","3","02","13","3","0","0","0","1","0","0"
"POINT (8.747210735000067 50.139467724000042)","Unfall 27775 (2018) Kat:3, Licht: 2","27775","3","2","2","01","20","5","1","2","0","1","0","0"
"POINT (8.541840409000031 50.099937010000076)","Unfall 27796 (2018) Kat:3, Licht: 0","27796","3","3","5","02","12","2","1","0","0","1","0","0"
"POINT (8.530145451000067 50.114375631000030)","Unfall 27807 (2018) Kat:3, Licht: 0","27807","3","1","9","02","15","5","1","0","0","1","0","0"
"POINT (8.695318096000051 50.113369083000066)","Unfall 27827 (2018) Kat:3, Licht: 2","27827","3","6","3","02","19","5","1","2","0","1","0","0"
"POINT (8.654353036000032 50.078570024000044)","Unfall 27854 (2018) Kat:3, Licht: 2","27854","3","1","9","02","04","1","0","2","0","1","0","0"
"POINT (8.684232994000070 50.131791586000077)","Unfall 27855 (2018) Kat:2, Licht: 2","27855","2","2","6","02","18","1","1","2","0","1","1","0"
"POINT (8.555400212000052 50.051199030000078)","Unfall 27877 (2018) Kat:3, Licht: 0","27877","3","6","2","02","14","4","0","0","0","1","0","0"
"POINT (8.687038072000064 50.160147883000036)","Unfall 27887 (2018) Kat:3, Licht: 0","27887","3","6","2","02","16","4","0","0","0","1","0","0"
"POINT (8.731413390000057 50.118970550000029)","Unfall 27903 (2018) Kat:3, Licht: 2","27903","3","6","3","02","21","7","0","2","0","1","0","0"
"POINT (8.601591085000052 50.111123260000056)","Unfall 27922 (2018) Kat:3, Licht: 2","27922","3","6","2","02","17","5","1","2","0","1","0","0"
"POINT (8.603728235000062 50.057281289000059)","Unfall 27935 (2018) Kat:3, Licht: 2","27935","3","1","9","02","06","4","0","2","0","1","0","0"
"POINT (8.654806079000025 50.132261320000055)","Unfall 27944 (2018) Kat:2, Licht: 2","27944","2","4","6","02","18","7","0","2","0","1","1","0"
"POINT (8.681261772000028 50.159828461000075)","Unfall 27947 (2018) Kat:3, Licht: 0","27947","3","3","5","02","09","4","0","0","0","1","0","0"
"POINT (8.754368118000059 50.120059392000030)","Unfall 27955 (2018) Kat:3, Licht: 2","27955","3","3","5","02","01","6","0","2","0","1","0","0"
"POINT (8.741140926000071 50.122751957000048)","Unfall 27959 (2018) Kat:3, Licht: 2","27959","3","2","5","02","06","3","0","2","1","1","0","0"
"POINT (8.619330062000074 50.087860978000037)","Unfall 27990 (2018) Kat:3, Licht: 2","27990","3","6","2","02","19","6","0","2","0","1","0","0"
"POINT (8.549063818000036 50.121148955000081)","Unfall 27992 (2018) Kat:3, Licht: 2","27992","3","6","2","02","19","6","1","2","0","1","0","0"
"POINT (8.526255940000056 50.112889249000034)","Unfall 28000 (2018) Kat:3, Licht: 0","28000","3","6","2","02","17","4","0","0","0","1","0","0"
"POINT (8.725303595000071 50.115904896000075)","Unfall 28005 (2018) Kat:2, Licht: 0","28005","2","4","6","02","15","5","1","0","0","1","1","0"
"POINT (8.666434410000022 50.147967265000034)","Unfall 28009 (2018) Kat:3, Licht: 2","28009","3","2","5","02","18","5","0","2","0","1","0","0"
"POINT (8.636466531000053 50.124169546000076)","Unfall 28010 (2018) Kat:2, Licht: 0","28010","2","2","5","02","16","4","1","0","1","1","0","0"
"POINT (8.691558653000072 50.100536506000026)","Unfall 28011 (2018) Kat:3, Licht: 2","28011","3","2","3","02","18","5","0","2","0","1","0","0"
"POINT (8.703420124000047 50.099845546000040)","Unfall 28013 (2018) Kat:2, Licht: 0","28013","2","1","0","02","08","5","1","0","1","0","0","0"
"POINT (8.687847449000060 50.112534115000074)","Unfall 28015 (2018) Kat:3, Licht: 2","28015","3","2","3","02","23","5","0","2","0","1","0","0"
"POINT (8.733237294000048 50.115101592000030)","Unfall 28053 (2018) Kat:3, Licht: 0","28053","3","6","2","02","09","4","0","0","0","1","0","0"
"POINT (8.709435208000059 50.111313464000034)","Unfall 28067 (2018) Kat:3, Licht: 0","28067","3","7","0","02","13","3","2","0","1","0","0","0"
"POINT (8.552188763000061 50.110883500000057)","Unfall 28068 (2018) Kat:3, Licht: 0","28068","3","3","5","03","15","6","0","0","0","1","0","0"
"POINT (8.622643107000044 50.154280607000032)","Unfall 28080 (2018) Kat:3, Licht: 2","28080","3","7","0","02","23","3","0","2","0","1","0","0"
"POINT (8.665161148000038 50.106690503000038)","Unfall 28091 (2018) Kat:3, Licht: 0","28091","3","3","5","02","16","2","0","0","0","1","0","0"
"POINT (8.603903069000069 50.158705732000044)","Unfall 28105 (2018) Kat:3, Licht: 0","28105","3","6","2","02","13","4","0","0","0","1","0","0"
"POINT (8.537786515000050 50.111353967000070)","Unfall 28138 (2018) Kat:3, Licht: 1","28138","3","2","6","03","06","6","0","1","0","1","1","0"
"POINT (8.732030222000049 50.118627526000068)","Unfall 28139 (2018) Kat:3, Licht: 0","28139","3","6","2","02","14","4","0","0","0","1","0","0"
"POINT (8.650241185000027 50.064742161000026)","Unfall 28183 (2018) Kat:3, Licht: 2","28183","3","3","5","03","19","7","0","2","0","1","0","0"
"POINT (8.745435419000046 50.152954843000032)","Unfall 28188 (2018) Kat:3, Licht: 0","28188","3","6","2","02","08","3","0","0","0","1","0","0"
"POINT (8.642570561000071 50.102875384000072)","Unfall 28211 (2018) Kat:2, Licht: 2","28211","2","6","3","03","19","7","0","2","0","1","0","0"
"POINT (8.701438910000036 50.122953661000054)","Unfall 28214 (2018) Kat:2, Licht: 2","28214","2","6","6","03","22","6","2","2","0","1","1","0"
"POINT (8.709624737000070 50.099107491000041)","Unfall 28217 (2018) Kat:3, Licht: 2","28217","3","1","9","02","02","3","0","2","0","1","0","0"
"POINT (8.574702310000021 50.094387744000073)","Unfall 28222 (2018) Kat:3, Licht: 1","28222","3","2","5","02","06","6","0","1","0","1","0","0"
"POINT (8.597873591000052 50.133672788000069)","Unfall 28234 (2018) Kat:3, Licht: 0","28234","3","6","2","02","08","2","0","0","0","1","0","0"
"POINT (8.593145538000044 50.123829638000075)","Unfall 28240 (2018) Kat:3, Licht: 0","28240","3","6","2","02","07","4","0","0","0","1","0","0"
"POINT (8.619810596000036 50.100705085000072)","Unfall 28244 (2018) Kat:3, Licht: 2","28244","3","2","5","02","20","2","0","2","1","0","0","0"
"POINT (8.602528036000024 50.108938823000074)","Unfall 28260 (2018) Kat:3, Licht: 0","28260","3","6","3","03","06","7","2","0","0","1","0","0"
"POINT (8.646510999000043 50.056064034000030)","Unfall 28262 (2018) Kat:3, Licht: 2","28262","3","6","2","02","19","3","0","2","0","1","0","0"
"POINT (8.554389917000037 50.047809753000081)","Unfall 28288 (2018) Kat:2, Licht: 0","28288","2","3","5","02","17","4","0","0","0","1","0","0"
"POINT (8.707658291000030 50.111359342000071)","Unfall 28291 (2018) Kat:3, Licht: 0","28291","3","6","2","02","08","3","0","0","0","1","0","0"
"POINT (8.552691040000070 50.111373316000027)","Unfall 28292 (2018) Kat:3, Licht: 0","28292","3","2","3","03","12","6","0","0","1","1","0","0"
"POINT (8.655135604000066 50.079340766000030)","Unfall 28308 (2018) Kat:2, Licht: 2","28308","2","3","5","02","18","5","0","2","0","1","0","1"
"POINT (8.633961785000054 50.194568464000042)","Unfall 28332 (2018) Kat:3, Licht: 0","28332","3","6","2","02","15","6","0","0","0","1","0","0"
"POINT (8.648525345000053 50.104644298000039)","Unfall 28334 (2018) Kat:3, Licht: 0","28334","3","3","4","02","08","3","0","0","0","1","0","1"
"POINT (8.741500887000029 50.133982915000047)","Unfall 28341 (2018) Kat:3, Licht: 0","28341","3","7","0","02","17","5","0","0","1","0","0","0"
"POINT (8.570589154000061 50.098820855000042)","Unfall 28353 (2018) Kat:3, Licht: 2","28353","3","3","5","02","20","3","0","2","0","1","0","0"
"POINT (8.590334099000074 50.128542542000048)","Unfall 28358 (2018) Kat:3, Licht: 0","28358","3","6","2","02","11","4","0","0","0","1","0","0"
"POINT (8.626752613000065 50.101384350000046)","Unfall 28362 (2018) Kat:3, Licht: 0","28362","3","3","5","02","15","6","0","0","1","1","0","0"
"POINT (8.659009510000033 50.131865689000051)","Unfall 28364 (2018) Kat:3, Licht: 2","28364","3","7","2","02","05","3","0","2","0","1","0","0"
"POINT (8.727678327000035 50.106772068000055)","Unfall 28369 (2018) Kat:2, Licht: 2","28369","2","1","1","03","04","7","2","2","0","1","0","0"
"POINT (8.656457939000063 50.107780085000059)","Unfall 28372 (2018) Kat:3, Licht: 0","28372","3","3","6","03","10","6","0","0","0","1","1","0"
"POINT (8.610387825000032 50.100815622000027)","Unfall 28374 (2018) Kat:3, Licht: 0","28374","3","6","2","02","08","4","0","0","0","1","0","0"
"POINT (8.650923165000052 50.195576140000071)","Unfall 28378 (2018) Kat:2, Licht: 0","28378","2","6","3","03","07","5","0","0","0","1","0","0"
"POINT (8.537464558000067 50.101372291000075)","Unfall 28380 (2018) Kat:3, Licht: 0","28380","3","7","3","02","07","2","0","0","0","1","0","0"
"POINT (8.694481079000070 50.131224047000046)","Unfall 28386 (2018) Kat:3, Licht: 0","28386","3","3","5","02","08","4","0","0","1","1","0","0"
"POINT (8.747294468000064 50.139509893000081)","Unfall 28399 (2018) Kat:3, Licht: 0","28399","3","3","5","03","15","7","1","0","0","1","0","0"
"POINT (8.545304914000042 50.104688546000034)","Unfall 28400 (2018) Kat:3, Licht: 0","28400","3","2","6","02","16","2","0","0","0","1","1","0"
"POINT (8.600464803000023 50.111880107000047)","Unfall 28415 (2018) Kat:3, Licht: 0","28415","3","6","3","03","08","7","2","0","0","1","0","0"
"POINT (8.639359534000050 50.197706843000049)","Unfall 28417 (2018) Kat:3, Licht: 0","28417","3","6","3","02","09","3","2","0","0","1","0","0"
"POINT (8.547343035000040 50.102659812000070)","Unfall 28437 (2018) Kat:3, Licht: 0","28437","3","1","0","02","11","5","0","0","1","0","0","0"
"POINT (8.601217440000028 50.153343060000054)","Unfall 28445 (2018) Kat:3, Licht: 0","28445","3","6","2","03","16","2","0","0","0","1","0","0"
"POINT (8.625691197000037 50.151429322000070)","Unfall 28449 (2018) Kat:3, Licht: 0","28449","3","7","0","03","16","5","0","0","0","1","0","0"
"POINT (8.698606105000067 50.139708635000034)","Unfall 28467 (2018) Kat:3, Licht: 0","28467","3","6","2","03","17","3","0","0","0","1","0","0"
"POINT (8.670264484000029 50.138654424000038)","Unfall 28471 (2018) Kat:3, Licht: 2","28471","3","6","3","03","19","6","1","2","0","1","0","0"
"POINT (8.677541676000033 50.105297070000063)","Unfall 28489 (2018) Kat:3, Licht: 0","28489","3","6","2","03","16","6","1","0","0","1","0","0"
"POINT (8.657364230000042 50.083647381000048)","Unfall 28508 (2018) Kat:3, Licht: 0","28508","3","1","9","03","09","7","1","0","0","1","0","0"
"POINT (8.584048041000074 50.135348597000075)","Unfall 28515 (2018) Kat:3, Licht: 0","28515","3","6","2","03","18","4","1","0","0","1","0","0"
"POINT (8.640000031000056 50.198081580000064)","Unfall 28523 (2018) Kat:3, Licht: 0","28523","3","6","3","03","07","2","0","0","0","1","0","0"
"POINT (8.743501393000031 50.157732060000058)","Unfall 28524 (2018) Kat:3, Licht: 0","28524","3","1","4","03","16","2","0","0","0","1","0","0"
"POINT (8.748892993000027 50.146086649000040)","Unfall 28525 (2018) Kat:3, Licht: 0","28525","3","6","2","03","15","5","0","0","0","1","0","0"
"POINT (8.654322269000033 50.077904269000044)","Unfall 28532 (2018) Kat:3, Licht: 0","28532","3","6","3","03","09","6","1","0","0","1","0","0"
"POINT (8.510745990000032 50.081885692000071)","Unfall 28535 (2018) Kat:3, Licht: 0","28535","3","3","5","03","10","2","0","0","0","1","0","0"
"POINT (8.534090811000056 50.023733083000081)","Unfall 28538 (2018) Kat:3, Licht: 0","28538","3","2","2","03","11","1","0","0","0","1","0","0"
"POINT (8.608734996000067 50.062422544000071)","Unfall 28544 (2018) Kat:3, Licht: 1","28544","3","1","9","03","06","1","2","1","0","1","0","0"
"POINT (8.683024183000043 50.131852399000081)","Unfall 28554 (2018) Kat:3, Licht: 0","28554","3","6","3","03","16","3","0","0","0","1","0","0"
"POINT (8.757471215000066 50.124571533000051)","Unfall 28558 (2018) Kat:3, Licht: 2","28558","3","2","6","03","19","6","1","2","0","1","1","0"
"POINT (8.504893402000050 50.097164613000075)","Unfall 28561 (2018) Kat:3, Licht: 0","28561","3","7","0","03","06","7","1","0","0","1","0","0"
"POINT (8.732120518000045 50.117901819000053)","Unfall 28568 (2018) Kat:2, Licht: 0","28568","2","6","1","03","12","7","0","0","0","1","0","0"
"POINT (8.544208640000022 50.107374855000046)","Unfall 28579 (2018) Kat:1, Licht: 0","28579","1","4","6","03","15","2","1","0","0","0","1","0"
"POINT (8.712591656000029 50.111693443000036)","Unfall 28590 (2018) Kat:3, Licht: 0","28590","3","6","2","03","11","3","1","0","0","1","0","0"
"POINT (8.733871084000043 50.119769137000048)","Unfall 28604 (2018) Kat:3, Licht: 0","28604","3","3","5","03","15","4","0","0","1","1","0","0"
"POINT (8.633319334000021 50.102011814000036)","Unfall 28626 (2018) Kat:3, Licht: 0","28626","3","2","3","03","15","7","0","0","0","1","0","0"
"POINT (8.605681765000043 50.100152093000077)","Unfall 28629 (2018) Kat:2, Licht: 1","28629","2","4","6","03","05","5","1","1","0","0","1","0"
"POINT (8.601241082000058 50.111830791000045)","Unfall 28637 (2018) Kat:3, Licht: 0","28637","3","6","3","03","07","2","1","0","0","1","0","0"
"POINT (8.662079450000022 50.131607358000053)","Unfall 28644 (2018) Kat:3, Licht: 0","28644","3","6","2","03","09","3","0","0","0","1","0","0"
"POINT (8.764030655000056 50.160372820000077)","Unfall 28648 (2018) Kat:3, Licht: 0","28648","3","3","5","03","14","6","1","0","0","1","0","0"
"POINT (8.568755288000034 50.052087599000060)","Unfall 28653 (2018) Kat:2, Licht: 0","28653","2","6","2","03","15","3","1","0","0","0","0","0"
"POINT (8.742257905000031 50.135251051000068)","Unfall 28661 (2018) Kat:3, Licht: 0","28661","3","5","1","03","14","6","0","0","1","1","0","0"
"POINT (8.654514019000033 50.144817855000042)","Unfall 28670 (2018) Kat:3, Licht: 0","28670","3","6","2","03","15","6","0","0","0","1","0","0"
"POINT (8.652638906000050 50.143282994000060)","Unfall 28674 (2018) Kat:3, Licht: 0","28674","3","6","2","03","12","4","0","0","0","1","0","0"
"POINT (8.573872358000074 50.089744543000052)","Unfall 28700 (2018) Kat:3, Licht: 1","28700","3","6","2","03","05","1","2","1","0","1","0","0"
"POINT (8.762372118000030 50.130879490000041)","Unfall 28701 (2018) Kat:3, Licht: 0","28701","3","3","5","03","14","7","1","0","1","1","0","0"
"POINT (8.526862481000023 50.100393372000042)","Unfall 28722 (2018) Kat:3, Licht: 0","28722","3","5","1","03","13","2","0","0","1","1","0","0"
"POINT (8.712457666000034 50.124961174000077)","Unfall 28741 (2018) Kat:3, Licht: 0","28741","3","2","5","03","17","3","0","0","1","1","0","0"
"POINT (8.594899876000056 50.114713157000040)","Unfall 28746 (2018) Kat:3, Licht: 0","28746","3","1","9","03","16","3","1","0","0","1","0","0"
"POINT (8.624984785000038 50.101193538000075)","Unfall 28766 (2018) Kat:3, Licht: 2","28766","3","3","5","03","21","1","2","2","0","1","0","0"
"POINT (8.536128215000076 50.116507447000060)","Unfall 28775 (2018) Kat:3, Licht: 2","28775","3","6","2","03","18","6","1","2","0","1","0","0"
"POINT (8.666540558000065 50.189115626000046)","Unfall 28779 (2018) Kat:2, Licht: 2","28779","2","4","6","03","22","3","1","2","0","1","1","0"
"POINT (8.731470376000061 50.118968494000057)","Unfall 28787 (2018) Kat:2, Licht: 0","28787","2","1","2","03","12","7","1","0","0","1","0","1"
"POINT (8.722462742000062 50.140390248000074)","Unfall 28789 (2018) Kat:3, Licht: 1","28789","3","4","6","03","07","6","1","1","0","1","1","0"