WKT,Name,OBJECTID,UKATEGORIE,UTYP1,UART,UMONAT,USTUNDE,UWOCHENTAG,STRZUSTAND,ULICHTVERH,ISTRAD,ISTPKW,ISTFUSS,ISTKRAD
"POINT (8.647202520000064 50.056781909000051)","Unfall 30604 (2018) Kat:3, Licht: 0","30604","3","6","2","04","08","1","1","0","0","1","0","0"
"POINT (8.728678246000072 50.121384881000040)","Unfall 30621 (2018) Kat:3, Licht: 0","30621","3","6","2","05","15","2","0","0","0","1","0","0"
"POINT (8.639883213000076 50.102626397000051)","Unfall 30652 (2018) Kat:3, Licht: 0","30652","3","7","5","05","19","6","0","0","0","1","0","0"
"POINT (8.695377743000051 50.132969132000028)","Unfall 30656 (2018) Kat:3, Licht: 0","30656","3","6","2","04","17","5","0","0","0","1","0","0"
"POINT (8.634919257000036 50.203176829000029)","Unfall 30664 (2018) Kat:3, Licht: 2","30664","3","1","9","04","00","2","0","2","0","1","0","0"
"POINT (8.618468598000050 50.121509490000051)","Unfall 30669 (2018) Kat:3, Licht: 0","30669","3","6","2","05","17","4","0","0","0","1","0","0"
"POINT (8.600163456000075 50.151429336000035)","Unfall 30675 (2018) Kat:3, Licht: 0","30675","3","6","2","04","13","7","0","0","0","1","0","0"
"POINT (8.705120233000059 50.120376176000036)","Unfall 30693 (2018) Kat:3, Licht: 0","30693","3","3","5","05","17","7","0","0","1","1","0","0"
"POINT (8.703002398000024 50.121571558000028)","Unfall 30700 (2018) Kat:2, Licht: 0","30700","2","6","3","05","11","6","0","0","0","1","0","1"
"POINT (8.675815709000062 50.149753483000040)","Unfall 30734 (2018) Kat:2, Licht: 0","30734","2","3","5","05","16","5","0","0","1","1","0","0"
"POINT (8.755169345000070 50.142993379000075)","Unfall 30740 (2018) Kat:3, Licht: 0","30740","3","2","2","05","14","3","0","0","1","1","0","0"
"POINT (8.740050648000022 50.122541926000054)","Unfall 30761 (2018) Kat:3, Licht: 0","30761","3","6","2","05","18","1","1","0","0","1","0","0"
"POINT (8.675231584000073 50.170649735000040)","Unfall 30779 (2018) Kat:3, Licht: 2","30779","3","1","8","05","22","7","0","2","0","1","0","0"
"POINT (8.782151061000036 50.173766615000034)","Unfall 30780 (2018) Kat:2, Licht: 0","30780","2","3","5","05","12","5","0","0","1","1","0","0"
"POINT (8.666299244000072 50.131549963000055)","Unfall 30804 (2018) Kat:3, Licht: 0","30804","3","6","2","05","10","3","0","0","0","1","0","0"
"POINT (8.653826200000026 50.192443429000036)","Unfall 30828 (2018) Kat:2, Licht: 0","30828","2","1","9","05","17","5","0","0","0","0","0","1"
"POINT (8.740222702000040 50.122611041000027)","Unfall 30830 (2018) Kat:2, Licht: 2","30830","2","1","0","05","23","2","0","2","0","0","0","1"
"POINT (8.648316226000077 50.058750405000069)","Unfall 30833 (2018) Kat:3, Licht: 0","30833","3","6","2","05","15","5","0","0","0","1","0","0"
"POINT (8.601129330000049 50.110961932000066)","Unfall 30854 (2018) Kat:3, Licht: 0","30854","3","6","3","05","06","6","0","0","0","1","0","0"
"POINT (8.631515325000066 50.055315974000052)","Unfall 30860 (2018) Kat:3, Licht: 0","30860","3","6","2","05","18","4","0","0","0","1","0","0"
"POINT (8.656324127000062 50.135355746000073)","Unfall 30875 (2018) Kat:3, Licht: 0","30875","3","6","2","05","09","6","0","0","0","1","0","0"
"POINT (8.653905276000046 50.120689958000071)","Unfall 30883 (2018) Kat:3, Licht: 0","30883","3","6","2","05","18","4","0","0","0","1","0","0"
"POINT (8.705372851000050 50.151121590000059)","Unfall 30892 (2018) Kat:3, Licht: 0","30892","3","7","0","05","15","2","1","0","0","1","0","0"
"POINT (8.667453174000059 50.100345230000073)","Unfall 30906 (2018) Kat:3, Licht: 0","30906","3","6","2","05","17","3","0","0","0","1","0","0"
"POINT (8.554649059000042 50.047612589000039)","Unfall 30915 (2018) Kat:3, Licht: 0","30915","3","1","0","05","19","4","1","0","0","0","0","0"
"POINT (8.570594148000055 50.098821625000028)","Unfall 30922 (2018) Kat:3, Licht: 0","30922","3","3","0","05","10","4","0","0","0","0","0","0"
"POINT (8.613095609000027 50.138257771000042)","Unfall 30924 (2018) Kat:3, Licht: 0","30924","3","3","5","05","15","4","1","0","1","0","0","0"
"POINT (8.696497610000051 50.135776162000070)","Unfall 30932 (2018) Kat:3, Licht: 0","30932","3","2","5","05","11","4","0","0","0","1","0","0"
"POINT (8.755387892000044 50.142839505000040)","Unfall 30949 (2018) Kat:3, Licht: 0","30949","3","6","8","05","17","4","0","0","1","0","0","0"
"POINT (8.734944988000052 50.100368981000031)","Unfall 30952 (2018) Kat:3, Licht: 0","30952","3","1","1","05","18","4","1","0","0","1","0","1"
"POINT (8.698950774000025 50.140787422000074)","Unfall 30958 (2018) Kat:3, Licht: 0","30958","3","6","2","05","14","3","0","0","0","1","0","0"
"POINT (8.693966435000050 50.129611180000040)","Unfall 30963 (2018) Kat:2, Licht: 0","30963","2","4","6","05","09","6","0","0","0","0","1","0"
"POINT (8.561333552000065 50.126298591000079)","Unfall 30964 (2018) Kat:3, Licht: 0","30964","3","6","2","05","16","2","0","0","0","1","0","0"
"POINT (8.664631308000026 50.107546646000060)","Unfall 30977 (2018) Kat:2, Licht: 0","30977","2","7","6","05","19","1","0","0","0","0","1","0"
"POINT (8.702054487000055 50.122372969000025)","Unfall 30986 (2018) Kat:3, Licht: 0","30986","3","6","2","05","11","7","0","0","0","1","0","0"
"POINT (8.686846041000024 50.106312337000077)","Unfall 31006 (2018) Kat:2, Licht: 2","31006","2","3","5","05","22","4","0","2","1","1","0","0"
"POINT (8.744875549000028 50.138242976000072)","Unfall 31008 (2018) Kat:2, Licht: 0","31008","2","3","6","05","15","3","0","0","0","0","1","0"
"POINT (8.614784838000048 50.133221002000028)","Unfall 31012 (2018) Kat:2, Licht: 0","31012","2","7","8","05","07","7","0","0","0","1","0","0"
"POINT (8.560556448000057 50.125762409000060)","Unfall 31025 (2018) Kat:3, Licht: 0","31025","3","6","2","05","15","4","0","0","0","1","0","0"
"POINT (8.635812840000028 50.158573463000039)","Unfall 31032 (2018) Kat:3, Licht: 0","31032","3","6","1","05","16","6","0","0","0","1","0","0"
"POINT (8.690743459000032 50.102463696000029)","Unfall 31042 (2018) Kat:3, Licht: 2","31042","3","6","2","05","01","1","0","2","0","1","0","0"
"POINT (8.548950269000045 50.121109321000063)","Unfall 31091 (2018) Kat:3, Licht: 0","31091","3","6","2","05","17","5","0","0","0","1","0","0"
"POINT (8.694306519000065 50.109106297000039)","Unfall 31092 (2018) Kat:3, Licht: 0","31092","3","3","5","05","20","6","0","0","0","1","0","0"
"POINT (8.731835156000045 50.118524300000047)","Unfall 31095 (2018) Kat:3, Licht: 2","31095","3","6","3","05","03","1","0","2","0","1","0","0"
"POINT (8.655774956000073 50.077791094000077)","Unfall 31121 (2018) Kat:3, Licht: 0","31121","3","7","8","05","17","2","0","0","0","1","0","0"
"POINT (8.642393774000027 50.119706049000058)","Unfall 31132 (2018) Kat:3, Licht: 0","31132","3","7","1","05","17","5","0","0","1","1","0","0"
"POINT (8.635798381000029 50.102247614000078)","Unfall 31139 (2018) Kat:3, Licht: 0","31139","3","6","2","05","17","3","0","0","0","1","0","0"
"POINT (8.620165226000040 50.100727330000041)","Unfall 31146 (2018) Kat:3, Licht: 0","31146","3","7","4","05","13","6","0","0","1","0","0","0"
"POINT (8.700985686000024 50.110579267000048)","Unfall 31147 (2018) Kat:3, Licht: 0","31147","3","2","2","05","14","1","0","0","0","1","0","0"
"POINT (8.628741257000058 50.101574438000057)","Unfall 31170 (2018) Kat:3, Licht: 0","31170","3","4","6","05","15","4","0","0","0","1","1","0"
"POINT (8.573295920000021 50.054123645000061)","Unfall 31193 (2018) Kat:3, Licht: 0","31193","3","6","2","05","15","4","0","0","0","1","0","0"
"POINT (8.572243966000031 50.052734562000069)","Unfall 31194 (2018) Kat:3, Licht: 0","31194","3","6","2","05","17","6","0","0","0","1","0","0"
"POINT (8.591046255000038 50.127336004000028)","Unfall 31195 (2018) Kat:3, Licht: 0","31195","3","6","3","05","15","4","0","0","0","1","0","0"
"POINT (8.643858663000060 50.057279336000079)","Unfall 31201 (2018) Kat:3, Licht: 0","31201","3","6","2","05","17","4","0","0","0","1","0","0"
"POINT (8.589885373000072 50.132818379000071)","Unfall 31221 (2018) Kat:3, Licht: 0","31221","3","6","2","05","13","4","0","0","0","1","0","0"
"POINT (8.761390810000023 50.130478824000079)","Unfall 31257 (2018) Kat:3, Licht: 0","31257","3","2","2","05","15","6","0","0","0","1","0","0"
"POINT (8.549010564000071 50.121130366000045)","Unfall 31285 (2018) Kat:3, Licht: 2","31285","3","6","2","05","22","6","0","2","0","1","0","0"
"POINT (8.711469875000034 50.123388867000074)","Unfall 31290 (2018) Kat:2, Licht: 0","31290","2","7","1","05","17","5","0","0","0","0","0","0"
"POINT (8.656071190000034 50.081234146000043)","Unfall 31312 (2018) Kat:3, Licht: 0","31312","3","6","8","05","15","2","0","0","1","0","0","0"
"POINT (8.747746218000032 50.125465884000050)","Unfall 31329 (2018) Kat:3, Licht: 0","31329","3","6","0","05","21","7","0","0","0","1","0","0"
"POINT (8.651826727000071 50.140419926000050)","Unfall 31334 (2018) Kat:3, Licht: 0","31334","3","6","2","05","17","3","0","0","0","1","0","0"
"POINT (8.655325169000037 50.079753911000068)","Unfall 31339 (2018) Kat:3, Licht: 0","31339","3","6","2","05","18","3","0","0","0","1","0","0"
"POINT (8.762379173000056 50.130882371000041)","Unfall 31341 (2018) Kat:3, Licht: 0","31341","3","3","5","05","16","3","0","0","1","1","0","0"
"POINT (8.599512034000043 50.114227392000032)","Unfall 31342 (2018) Kat:3, Licht: 0","31342","3","6","3","05","09","4","0","0","0","1","0","0"
"POINT (8.605427238000061 50.092390967000028)","Unfall 31349 (2018) Kat:3, Licht: 0","31349","3","3","5","05","19","4","1","0","0","1","0","0"
"POINT (8.723843043000045 50.159471916000030)","Unfall 31350 (2018) Kat:3, Licht: 0","31350","3","6","2","05","09","3","0","0","0","1","0","0"
"POINT (8.706115990000058 50.111628759000041)","Unfall 31357 (2018) Kat:2, Licht: 0","31357","2","1","0","05","13","3","0","0","1","0","0","0"
"POINT (8.632426799000029 50.101926553000055)","Unfall 31360 (2018) Kat:3, Licht: 0","31360","3","7","2","05","17","3","0","0","1","1","0","0"
"POINT (8.565061488000026 50.126689176000070)","Unfall 31364 (2018) Kat:3, Licht: 0","31364","3","6","2","05","17","6","0","0","0","1","0","0"
"POINT (8.635225364000064 50.195072014000061)","Unfall 31368 (2018) Kat:3, Licht: 0","31368","3","6","2","05","17","4","0","0","0","1","0","0"
"POINT (8.736080066000056 50.110564698000076)","Unfall 31372 (2018) Kat:3, Licht: 0","31372","3","6","3","05","10","6","0","0","0","1","0","0"
"POINT (8.699378192000040 50.141046023000058)","Unfall 31412 (2018) Kat:2, Licht: 0","31412","2","1","0","05","19","3","0","0","0","1","0","1"
"POINT (8.613781342000038 50.137502099000073)","Unfall 31432 (2018) Kat:3, Licht: 0","31432","3","6","2","05","13","6","0","0","0","1","0","0"
"POINT (8.616480816000035 50.181529235000028)","Unfall 31443 (2018) Kat:3, Licht: 0","31443","3","6","2","05","08","3","0","0","0","1","0","0"
"POINT (8.725230469000053 50.115880025000081)","Unfall 31479 (2018) Kat:3, Licht: 0","31479","3","2","2","05","13","3","0","0","0","1","0","1"
"POINT (8.684193539000034 50.131601800000055)","Unfall 31480 (2018) Kat:3, Licht: 2","31480","3","3","5","05","00","1","0","2","0","1","0","0"
"POINT (8.695773317000032 50.102074769000069)","Unfall 31487 (2018) Kat:3, Licht: 2","31487","3","6","3","05","21","1","0","2","0","1","0","1"
"POINT (8.736142070000028 50.120848370000033)","Unfall 31508 (2018) Kat:3, Licht: 1","31508","3","2","5","05","19","4","1","1","1","1","0","0"
"POINT (8.607252239000047 50.164744559000042)","Unfall 31520 (2018) Kat:3, Licht: 0","31520","3","6","3","06","08","3","0","0","0","1","0","0"
"POINT (8.625861336000071 50.101278317000038)","Unfall 31524 (2018) Kat:3, Licht: 0","31524","3","6","2","06","14","6","0","0","0","1","0","0"
"POINT (8.691522662000068 50.100657091000073)","Unfall 31532 (2018) Kat:3, Licht: 0","31532","3","3","5","06","12","7","0","0","0","1","0","0"
"POINT (8.639245067000047 50.081649894000066)","Unfall 31545 (2018) Kat:3, Licht: 0","31545","3","3","6","06","15","5","0","0","0","1","1","0"
"POINT (8.511924118000025 50.082901637000077)","Unfall 31547 (2018) Kat:3, Licht: 1","31547","3","6","2","06","19","2","1","1","0","1","0","1"
"POINT (8.679480724000030 50.111213419000080)","Unfall 31554 (2018) Kat:3, Licht: 0","31554","3","3","5","06","17","4","0","0","1","1","0","0"
"POINT (8.655023808000067 50.112633240000036)","Unfall 31555 (2018) Kat:2, Licht: 0","31555","2","6","3","06","13","4","0","0","0","1","0","0"
"POINT (8.707444516000066 50.062682613000050)","Unfall 31600 (2018) Kat:3, Licht: 0","31600","3","6","2","06","08","2","0","0","0","1","0","0"
"POINT (8.616691655000068 50.087879892000046)","Unfall 31604 (2018) Kat:3, Licht: 0","31604","3","6","2","06","17","3","0","0","0","1","0","0"
"POINT (8.587661165000043 50.053586113000051)","Unfall 31618 (2018) Kat:3, Licht: 0","31618","3","7","0","06","19","5","0","0","0","0","0","0"
"POINT (8.733986065000067 50.100374235000061)","Unfall 31633 (2018) Kat:3, Licht: 0","31633","3","5","5","06","10","2","0","0","0","1","0","0"
"POINT (8.749070451000023 50.140611947000082)","Unfall 31643 (2018) Kat:3, Licht: 0","31643","3","1","0","06","18","4","0","0","1","0","0","0"
"POINT (8.731972440000050 50.118662533000077)","Unfall 31644 (2018) Kat:3, Licht: 0","31644","3","6","2","06","08","5","0","0","0","1","0","0"
"POINT (8.711113454000042 50.105118286000049)","Unfall 31647 (2018) Kat:3, Licht: 2","31647","3","2","1","06","22","7","0","2","0","1","0","0"
"POINT (8.687769011000057 50.107192939000072)","Unfall 31671 (2018) Kat:3, Licht: 0","31671","3","2","0","06","15","6","0","0","1","0","0","0"
"POINT (8.644237553000039 50.119230923000032)","Unfall 31673 (2018) Kat:3, Licht: 0","31673","3","3","5","06","15","3","0","0","1","1","0","0"
"POINT (8.555568792000031 50.102309795000053)","Unfall 31680 (2018) Kat:3, Licht: 0","31680","3","3","5","06","17","1","0","0","1","1","0","0"
"POINT (8.534016541000028 50.115819163000026)","Unfall 31683 (2018) Kat:3, Licht: 0","31683","3","6","2","06","14","4","0","0","0","1","0","0"
"POINT (8.728926685000033 50.162546283000040)","Unfall 31698 (2018) Kat:3, Licht: 0","31698","3","6","0","06","17","6","0","0","0","1","0","1"
"POINT (8.604658509000046 50.053663046000054)","Unfall 31705 (2018) Kat:3, Licht: 0","31705","3","7","9","06","17","6","0","0","0","1","0","0"
"POINT (8.661039390000042 50.109408225000038)","Unfall 31721 (2018) Kat:3, Licht: 0","31721","3","6","2","06","08","5","0","0","0","0","0","1"
"POINT (8.529991984000048 50.101461367000070)","Unfall 31723 (2018) Kat:3, Licht: 0","31723","3","7","4","06","08","2","0","0","0","1","0","0"
"POINT (8.665839130000052 50.186520795000035)","Unfall 31726 (2018) Kat:3, Licht: 0","31726","3","6","2","06","17","2","0","0","1","1","0","0"
"POINT (8.697156160000077 50.061406381000040)","Unfall 31732 (2018) Kat:2, Licht: 0","31732","2","6","3","06","07","2","0","0","0","1","0","1"
"POINT (8.557838774000061 50.102332712000077)","Unfall 31736 (2018) Kat:3, Licht: 0","31736","3","5","1","06","12","5","0","0","0","1","0","0"
"POINT (8.681577548000064 50.164889136000056)","Unfall 31746 (2018) Kat:3, Licht: 0","31746","3","6","2","06","18","4","0","0","0","1","0","0"
"POINT (8.672375195000029 50.090148605000081)","Unfall 31750 (2018) Kat:2, Licht: 2","31750","2","4","6","06","22","4","0","2","0","1","1","0"
"POINT (8.733644772000048 50.119664733000036)","Unfall 31761 (2018) Kat:3, Licht: 0","31761","3","6","2","06","14","6","0","0","0","1","0","0"
"POINT (8.726808461000076 50.122892701000069)","Unfall 31769 (2018) Kat:3, Licht: 2","31769","3","3","5","06","03","6","1","2","1","1","0","0"
"POINT (8.659743049000042 50.109115691000056)","Unfall 31776 (2018) Kat:3, Licht: 0","31776","3","6","2","06","15","6","0","0","0","1","0","0"
"POINT (8.533996008000031 50.115803975000063)","Unfall 31782 (2018) Kat:3, Licht: 0","31782","3","6","2","06","13","2","0","0","0","1","0","0"
"POINT (8.660941163000075 50.102328334000049)","Unfall 31786 (2018) Kat:3, Licht: 0","31786","3","6","0","06","17","3","0","0","0","1","0","1"
"POINT (8.592811453000024 50.053225241000064)","Unfall 31806 (2018) Kat:3, Licht: 0","31806","3","6","2","06","18","7","0","0","0","1","0","0"
"POINT (8.700178464000032 50.113043802000050)","Unfall 31813 (2018) Kat:3, Licht: 0","31813","3","3","5","06","09","2","0","0","1","1","0","0"
"POINT (8.743291485000043 50.095671523000078)","Unfall 31827 (2018) Kat:3, Licht: 0","31827","3","6","2","06","10","2","0","0","0","1","0","0"
"POINT (8.670155739000052 50.097068498000056)","Unfall 31829 (2018) Kat:3, Licht: 0","31829","3","6","3","06","10","7","0","0","0","1","0","1"
"POINT (8.592170647000046 50.137675869000077)","Unfall 31830 (2018) Kat:3, Licht: 0","31830","3","6","2","06","14","6","0","0","0","1","0","0"
"POINT (8.668899700000054 50.096046158000036)","Unfall 31831 (2018) Kat:2, Licht: 0","31831","2","6","3","06","10","7","0","0","0","1","0","1"
"POINT (8.529932487000053 50.114238584000077)","Unfall 31834 (2018) Kat:3, Licht: 0","31834","3","3","5","06","13","3","0","0","0","1","0","0"
"POINT (8.694540140000072 50.105393122000066)","Unfall 31859 (2018) Kat:3, Licht: 2","31859","3","6","2","06","23","1","0","2","0","1","0","0"
"POINT (8.690237994000029 50.130298977000052)","Unfall 31861 (2018) Kat:3, Licht: 0","31861","3","6","2","06","15","1","0","0","0","1","0","0"
"POINT (8.517681157000027 50.091955332000055)","Unfall 31873 (2018) Kat:2, Licht: 0","31873","2","1","0","06","14","1","0","0","1","0","0","0"
"POINT (8.536723940000059 50.116725071000076)","Unfall 31906 (2018) Kat:3, Licht: 0","31906","3","6","2","06","15","6","0","0","0","1","0","0"
"POINT (8.702058604000058 50.122350931000028)","Unfall 31909 (2018) Kat:3, Licht: 0","31909","3","1","0","06","20","3","0","0","0","1","0","1"
"POINT (8.684378171000049 50.139944824000054)","Unfall 31912 (2018) Kat:3, Licht: 2","31912","3","5","1","06","22","5","0","2","0","1","0","1"
"POINT (8.652168009000036 50.106084444000032)","Unfall 31921 (2018) Kat:3, Licht: 0","31921","3","3","5","06","21","4","0","0","1","1","0","0"
"POINT (8.725174538000033 50.125190358000054)","Unfall 31933 (2018) Kat:3, Licht: 2","31933","3","3","5","06","01","1","0","2","0","1","0","0"
"POINT (8.645463296000060 50.103566662000048)","Unfall 31960 (2018) Kat:2, Licht: 0","31960","2","6","2","06","11","2","0","0","0","1","0","0"
"POINT (8.665512873000068 50.185389568000062)","Unfall 31968 (2018) Kat:3, Licht: 0","31968","3","2","6","05","15","5","0","0","0","1","1","0"
"POINT (8.552987805000043 50.101454413000056)","Unfall 31974 (2018) Kat:2, Licht: 0","31974","2","7","0","06","13","3","0","0","1","0","0","0"
"POINT (8.647556584000029 50.057099413000060)","Unfall 31988 (2018) Kat:3, Licht: 0","31988","3","6","2","06","17","5","0","0","0","1","0","0"
"POINT (8.729870098000049 50.165470166000034)","Unfall 32007 (2018) Kat:2, Licht: 0","32007","2","3","5","05","07","5","0","0","0","1","0","0"
"POINT (8.724292617000060 50.115561044000060)","Unfall 32015 (2018) Kat:3, Licht: 0","32015","3","7","0","06","20","5","1","0","1","0","0","0"
"POINT (8.648315980000064 50.056566367000073)","Unfall 32026 (2018) Kat:3, Licht: 0","32026","3","6","3","06","12","6","0","0","0","1","0","0"
"POINT (8.547344934000023 50.102657854000029)","Unfall 32043 (2018) Kat:3, Licht: 0","32043","3","3","5","06","12","6","0","0","1","1","0","0"
"POINT (8.555368794000060 50.113984275000064)","Unfall 32052 (2018) Kat:3, Licht: 0","32052","3","2","5","06","12","5","0","0","1","1","0","0"
"POINT (8.609023372000024 50.101954581000030)","Unfall 32055 (2018) Kat:3, Licht: 0","32055","3","1","9","05","17","5","1","0","0","1","0","0"
"POINT (8.664672046000021 50.103039797000065)","Unfall 32062 (2018) Kat:2, Licht: 0","32062","2","2","3","06","20","7","0","0","0","1","0","0"
"POINT (8.532392209000022 50.040650305000042)","Unfall 32063 (2018) Kat:3, Licht: 0","32063","3","2","5","06","18","2","1","0","0","1","0","0"
"POINT (8.567604376000077 50.098382665000031)","Unfall 32069 (2018) Kat:3, Licht: 0","32069","3","7","2","06","06","6","0","0","1","1","0","0"
"POINT (8.642223089000026 50.102843188000065)","Unfall 32093 (2018) Kat:3, Licht: 0","32093","3","6","2","06","14","5","0","0","0","1","0","0"
"POINT (8.585708673000056 50.123583817000053)","Unfall 32095 (2018) Kat:3, Licht: 0","32095","3","7","1","06","15","2","0","0","0","1","0","0"
"POINT (8.625759991000052 50.101268508000032)","Unfall 32098 (2018) Kat:3, Licht: 0","32098","3","3","5","06","11","2","0","0","1","1","0","0"
"POINT (8.712041973000055 50.134985740000047)","Unfall 32100 (2018) Kat:2, Licht: 0","32100","2","6","0","06","15","5","0","0","0","0","0","0"
"POINT (8.725881045000051 50.122941175000051)","Unfall 32103 (2018) Kat:3, Licht: 0","32103","3","3","5","06","18","4","0","0","1","1","0","0"
"POINT (8.669924199000036 50.105590101000075)","Unfall 32113 (2018) Kat:3, Licht: 0","32113","3","3","5","06","14","6","0","0","1","1","0","0"
"POINT (8.560645173000069 50.101624028000060)","Unfall 32139 (2018) Kat:3, Licht: 0","32139","3","6","2","05","15","4","0","0","0","1","0","0"
"POINT (8.617293186000040 50.079686239000068)","Unfall 32143 (2018) Kat:3, Licht: 0","32143","3","6","0","06","21","2","0","0","0","1","0","0"
"POINT (8.728981919000034 50.162629258000038)","Unfall 32151 (2018) Kat:3, Licht: 0","32151","3","6","2","05","17","4","0","0","0","1","0","1"
"POINT (8.718976529000031 50.064440968000042)","Unfall 32152 (2018) Kat:3, Licht: 0","32152","3","6","3","06","17","2","0","0","0","1","0","0"
"POINT (8.698017892000053 50.139093044000049)","Unfall 32155 (2018) Kat:3, Licht: 0","32155","3","6","2","05","10","4","0","0","0","1","0","0"
"POINT (8.727321326000038 50.100508621000074)","Unfall 32157 (2018) Kat:3, Licht: 0","32157","3","4","6","06","17","3","0","0","0","1","1","0"
"POINT (8.695518740000068 50.133276396000042)","Unfall 32162 (2018) Kat:3, Licht: 0","32162","3","6","2","05","08","4","0","0","1","0","0","0"
"POINT (8.712876972000061 50.111805504000074)","Unfall 32174 (2018) Kat:3, Licht: 0","32174","3","3","5","05","10","4","0","0","0","1","0","0"
"POINT (8.527822148000041 50.113277926000080)","Unfall 32179 (2018) Kat:3, Licht: 0","32179","3","1","9","06","18","7","1","0","0","1","0","0"
"POINT (8.717802934000076 50.138958246000072)","Unfall 32186 (2018) Kat:3, Licht: 0","32186","3","4","6","06","08","2","0","0","0","1","1","0"
"POINT (8.682421016000035 50.107040178000034)","Unfall 32201 (2018) Kat:3, Licht: 2","32201","3","4","6","06","22","7","1","2","0","1","1","0"
"POINT (8.608033128000045 50.060415957000032)","Unfall 32202 (2018) Kat:3, Licht: 0","32202","3","6","3","06","06","6","0","0","0","1","0","0"
"POINT (8.725687924000056 50.126058653000030)","Unfall 32204 (2018) Kat:3, Licht: 0","32204","3","6","2","06","07","3","1","0","0","1","0","0"
"POINT (8.594021457000054 50.140272603000028)","Unfall 32208 (2018) Kat:3, Licht: 0","32208","3","6","2","06","18","6","0","0","0","1","0","0"
"POINT (8.563657161000037 50.127120363000074)","Unfall 32216 (2018) Kat:3, Licht: 0","32216","3","1","0","06","16","5","0","0","0","0","0","1"
"POINT (8.600639618000059 50.131188880000082)","Unfall 32232 (2018) Kat:3, Licht: 0","32232","3","6","0","06","08","1","1","0","0","0","0","1"
"POINT (8.654567529000076 50.078737321000062)","Unfall 32246 (2018) Kat:3, Licht: 0","32246","3","3","5","06","14","1","0","0","1","1","0","0"
"POINT (8.714755346000061 50.063882076000027)","Unfall 32257 (2018) Kat:3, Licht: 0","32257","3","6","2","06","08","6","0","0","0","1","0","0"
"POINT (8.669015093000041 50.141847623000046)","Unfall 32279 (2018) Kat:3, Licht: 0","32279","3","5","1","06","10","3","1","0","1","1","0","0"
"POINT (8.670859086000064 50.137177729000030)","Unfall 32283 (2018) Kat:3, Licht: 0","32283","3","6","3","06","09","3","0","0","1","1","0","0"
"POINT (8.634678636000047 50.160126273000060)","Unfall 32286 (2018) Kat:3, Licht: 0","32286","3","6","2","06","15","5","0","0","0","1","0","0"
"POINT (8.629342038000061 50.128847340000050)","Unfall 32295 (2018) Kat:3, Licht: 1","32295","3","4","6","06","21","4","0","1","0","0","1","1"
"POINT (8.669412190000060 50.106340926000030)","Unfall 32329 (2018) Kat:3, Licht: 2","32329","3","6","2","06","22","2","1","2","0","1","0","1"
"POINT (8.665993262000029 50.087117910000075)","Unfall 32332 (2018) Kat:3, Licht: 0","32332","3","3","5","06","16","2","0","0","1","1","0","0"
"POINT (8.521448527000075 50.097549243000060)","Unfall 32345 (2018) Kat:3, Licht: 0","32345","3","6","2","06","10","3","0","0","0","0","0","1"
"POINT (8.561508162000052 50.126179187000048)","Unfall 32375 (2018) Kat:2, Licht: 0","32375","2","1","2","06","08","2","0","0","0","0","0","1"
"POINT (8.709821448000071 50.149650559000065)","Unfall 32377 (2018) Kat:2, Licht: 0","32377","2","3","5","06","15","7","0","0","1","1","0","0"
"POINT (8.706993673000056 50.128378687000065)","Unfall 32379 (2018) Kat:3, Licht: 0","32379","3","1","0","06","15","7","0","0","0","1","0","0"
"POINT (8.683822983000027 50.131687313000043)","Unfall 32386 (2018) Kat:3, Licht: 0","32386","3","6","2","06","15","3","0","0","0","1","0","0"
"POINT (8.705574762000026 50.142507597000076)","Unfall 32400 (2018) Kat:3, Licht: 0","32400","3","6","2","06","08","5","0","0","0","1","0","0"
"POINT (8.679231032000075 50.094144199000027)","Unfall 32409 (2018) Kat:2, Licht: 0","32409","2","1","0","06","09","1","1","0","1","0","0","0"
"POINT (8.672566279000023 50.108196691000046)","Unfall 32424 (2018) Kat:3, Licht: 0","32424","3","2","0","06","17","1","0","0","1","0","0","1"
"POINT (8.639968343000021 50.161822872000073)","Unfall 32428 (2018) Kat:2, Licht: 0","32428","2","2","3","06","19","6","0","0","0","1","0","1"
"POINT (8.711331161000032 50.123267648000080)","Unfall 32437 (2018) Kat:3, Licht: 0","32437","3","6","3","07","18","6","0","0","0","1","0","0"
"POINT (8.611532509000028 50.172122496000043)","Unfall 32445 (2018) Kat:3, Licht: 0","32445","3","6","2","06","09","4","0","0","0","1","0","0"
"POINT (8.557464802000027 50.048432353000067)","Unfall 32456 (2018) Kat:2, Licht: 0","32456","2","3","5","06","08","3","0","0","0","1","0","0"
"POINT (8.649419373000058 50.197890558000040)","Unfall 32459 (2018) Kat:3, Licht: 0","32459","3","6","3","06","12","7","0","0","0","1","0","0"
"POINT (8.751187509000033 50.144822582000074)","Unfall 32464 (2018) Kat:3, Licht: 0","32464","3","1","0","07","13","7","1","0","0","0","0","1"
"POINT (8.642919586000062 50.199773615000026)","Unfall 32470 (2018) Kat:3, Licht: 0","32470","3","6","2","06","15","6","0","0","0","1","0","0"
"POINT (8.683370779000029 50.142514574000074)","Unfall 32478 (2018) Kat:3, Licht: 0","32478","3","7","0","07","17","3","0","0","0","0","0","1"
"POINT (8.731531279000024 50.118829250000033)","Unfall 32480 (2018) Kat:3, Licht: 0","32480","3","6","2","07","19","7","0","0","0","1","0","1"
"POINT (8.664911088000054 50.103041333000078)","Unfall 32503 (2018) Kat:3, Licht: 0","32503","3","7","3","07","14","4","0","0","0","1","0","0"