WKT,Name,OBJECTID,UKATEGORIE,UTYP1,UART,UMONAT,USTUNDE,UWOCHENTAG,STRZUSTAND,ULICHTVERH,ISTRAD,ISTPKW,ISTFUSS,ISTKRAD
"POINT (8.680372735000049 50.159265068000082)","Unfall 32508 (2018) Kat:3, Licht: 0","32508","3","3","5","07","08","2","0","0","0","1","0","0"
"POINT (8.635045592000040 50.160419118000050)","Unfall 32511 (2018) Kat:3, Licht: 0","32511","3","3","5","07","12","4","0","0","0","1","0","0"
"POINT (8.701309261000063 50.123288330000037)","Unfall 32521 (2018) Kat:3, Licht: 0","32521","3","6","3","07","17","3","0","0","0","1","0","0"
"POINT (8.658205607000070 50.108472401000029)","Unfall 32534 (2018) Kat:3, Licht: 0","32534","3","2","5","07","18","4","1","0","0","1","0","0"
"POINT (8.652902723000068 50.192170242000032)","Unfall 32540 (2018) Kat:3, Licht: 0","32540","3","6","2","07","15","6","0","0","0","1","0","0"
"POINT (8.683343442000023 50.142608202000076)","Unfall 32544 (2018) Kat:2, Licht: 0","32544","2","7","1","07","15","6","0","0","1","1","0","0"
"POINT (8.601915608000070 50.091231579000066)","Unfall 32545 (2018) Kat:3, Licht: 0","32545","3","4","0","06","14","3","0","0","0","0","1","1"
"POINT (8.705951890000051 50.145676352000066)","Unfall 32547 (2018) Kat:3, Licht: 2","32547","3","3","5","06","23","3","0","2","0","1","0","0"
"POINT (8.604027097000028 50.052399708000053)","Unfall 32549 (2018) Kat:3, Licht: 2","32549","3","1","8","07","21","6","0","2","0","1","0","0"
"POINT (8.692890718000058 50.129277899000044)","Unfall 32550 (2018) Kat:3, Licht: 0","32550","3","3","5","06","07","6","0","0","1","1","0","0"
"POINT (8.696624984000039 50.109168352000040)","Unfall 32556 (2018) Kat:3, Licht: 2","32556","3","6","2","07","01","1","0","2","0","1","0","0"
"POINT (8.664652428000068 50.103954799000064)","Unfall 32561 (2018) Kat:3, Licht: 0","32561","3","6","3","06","14","3","0","0","0","1","0","1"
"POINT (8.585591147000059 50.134247181000035)","Unfall 32570 (2018) Kat:3, Licht: 0","32570","3","6","2","06","17","5","0","0","0","1","0","0"
"POINT (8.660383396000043 50.102062990000036)","Unfall 32572 (2018) Kat:3, Licht: 0","32572","3","6","3","06","12","3","0","0","0","1","0","1"
"POINT (8.690316935000055 50.147516148000079)","Unfall 32575 (2018) Kat:3, Licht: 0","32575","3","6","2","07","13","2","0","0","0","1","0","0"
"POINT (8.650662877000059 50.105489379000062)","Unfall 32581 (2018) Kat:3, Licht: 0","32581","3","2","3","06","09","3","0","0","1","1","0","0"
"POINT (8.688403336000022 50.112570732000052)","Unfall 32587 (2018) Kat:3, Licht: 0","32587","3","6","3","07","15","2","0","0","0","1","0","0"
"POINT (8.483033182000042 50.096475926000039)","Unfall 32602 (2018) Kat:3, Licht: 0","32602","3","6","2","07","20","5","0","0","0","1","0","0"
"POINT (8.657265950000067 50.111289421000038)","Unfall 32607 (2018) Kat:3, Licht: 0","32607","3","3","5","06","19","7","0","0","0","1","0","0"
"POINT (8.647926588000075 50.061364622000042)","Unfall 32629 (2018) Kat:3, Licht: 0","32629","3","3","5","07","17","5","0","0","0","1","0","0"
"POINT (8.529277688000036 50.101247293000029)","Unfall 32659 (2018) Kat:3, Licht: 0","32659","3","7","0","07","21","4","0","0","0","1","0","0"
"POINT (8.608317546000023 50.166231064000044)","Unfall 32665 (2018) Kat:3, Licht: 0","32665","3","6","2","06","10","5","0","0","0","1","0","0"
"POINT (8.671467752000069 50.131651570000031)","Unfall 32675 (2018) Kat:3, Licht: 0","32675","3","6","2","07","12","3","0","0","0","1","0","0"
"POINT (8.682455944000026 50.131962826000063)","Unfall 32695 (2018) Kat:3, Licht: 0","32695","3","2","5","07","16","5","0","0","1","1","0","0"
"POINT (8.494423596000047 50.101064193000070)","Unfall 32702 (2018) Kat:3, Licht: 0","32702","3","6","2","07","16","3","0","0","0","1","0","0"
"POINT (8.706971744000043 50.120787036000081)","Unfall 32719 (2018) Kat:3, Licht: 0","32719","3","6","2","07","15","2","0","0","0","1","0","0"
"POINT (8.708642508000025 50.126108257000055)","Unfall 32722 (2018) Kat:3, Licht: 0","32722","3","5","1","07","11","4","0","0","1","1","0","0"
"POINT (8.493868534000058 50.100858787000050)","Unfall 32729 (2018) Kat:3, Licht: 0","32729","3","6","2","07","14","7","0","0","0","1","0","0"
"POINT (8.741897856000037 50.100724462000073)","Unfall 32735 (2018) Kat:3, Licht: 2","32735","3","7","1","06","22","5","0","2","1","0","0","0"
"POINT (8.695024878000027 50.132441942000071)","Unfall 32736 (2018) Kat:2, Licht: 0","32736","2","3","0","07","14","1","0","0","1","0","0","0"
"POINT (8.590037935000055 50.132527384000070)","Unfall 32739 (2018) Kat:3, Licht: 0","32739","3","6","2","07","16","1","0","0","0","1","0","0"
"POINT (8.742368781000039 50.151203661000068)","Unfall 32742 (2018) Kat:3, Licht: 0","32742","3","7","8","07","08","5","0","0","0","1","0","0"
"POINT (8.691788417000055 50.129396876000044)","Unfall 32750 (2018) Kat:3, Licht: 0","32750","3","6","2","07","18","6","0","0","0","1","0","0"
"POINT (8.687701561000040 50.107178470000065)","Unfall 32754 (2018) Kat:3, Licht: 0","32754","3","2","5","07","15","6","0","0","0","1","0","1"
"POINT (8.741542037000045 50.122915162000027)","Unfall 32774 (2018) Kat:3, Licht: 0","32774","3","3","5","06","07","6","0","0","1","1","0","0"
"POINT (8.740103587000021 50.122563192000030)","Unfall 32784 (2018) Kat:3, Licht: 0","32784","3","6","2","06","09","5","0","0","0","1","0","0"
"POINT (8.664984258000061 50.104214350000063)","Unfall 32789 (2018) Kat:3, Licht: 0","32789","3","3","6","07","18","2","0","0","0","0","1","1"
"POINT (8.628953231000025 50.087969997000073)","Unfall 32790 (2018) Kat:3, Licht: 0","32790","3","6","2","07","17","7","0","0","0","1","0","0"
"POINT (8.574488659000053 50.053142386000047)","Unfall 32795 (2018) Kat:3, Licht: 0","32795","3","6","2","06","17","3","0","0","0","1","0","0"
"POINT (8.695293785000047 50.133202607000044)","Unfall 32813 (2018) Kat:3, Licht: 0","32813","3","6","2","07","10","6","0","0","0","1","0","0"
"POINT (8.736970156000041 50.082677639000053)","Unfall 32844 (2018) Kat:3, Licht: 0","32844","3","7","3","06","12","4","0","0","0","1","0","0"
"POINT (8.725070434000031 50.131078917000082)","Unfall 32859 (2018) Kat:2, Licht: 0","32859","2","1","9","07","18","2","0","0","0","1","0","1"
"POINT (8.728652398000065 50.121676167000032)","Unfall 32871 (2018) Kat:3, Licht: 0","32871","3","6","2","06","11","4","0","0","0","1","0","0"
"POINT (8.691230790000077 50.091783847000045)","Unfall 32872 (2018) Kat:3, Licht: 0","32872","3","4","6","07","16","5","0","0","0","1","1","0"
"POINT (8.483687738000072 50.094466602000068)","Unfall 32875 (2018) Kat:2, Licht: 2","32875","2","1","9","07","00","7","0","2","0","0","0","1"
"POINT (8.733778080000036 50.100375321000058)","Unfall 32877 (2018) Kat:3, Licht: 0","32877","3","1","0","07","14","4","0","0","1","0","0","0"
"POINT (8.714973930000042 50.063916408000068)","Unfall 32878 (2018) Kat:2, Licht: 0","32878","2","6","2","07","14","3","0","0","0","0","0","0"
"POINT (8.564064067000061 50.127170442000079)","Unfall 32899 (2018) Kat:3, Licht: 0","32899","3","1","8","06","05","7","0","0","0","0","0","1"
"POINT (8.724053996000066 50.064992290000077)","Unfall 32901 (2018) Kat:3, Licht: 0","32901","3","6","2","07","13","4","0","0","0","1","0","0"
"POINT (8.534165128000041 50.114556379000078)","Unfall 32921 (2018) Kat:3, Licht: 0","32921","3","6","2","07","12","7","0","0","0","1","0","0"
"POINT (8.565860787000077 50.118971633000058)","Unfall 32922 (2018) Kat:3, Licht: 0","32922","3","6","2","06","17","2","0","0","0","1","0","0"
"POINT (8.763794861000065 50.135905497000067)","Unfall 32933 (2018) Kat:3, Licht: 0","32933","3","2","0","06","15","2","0","0","0","1","0","0"
"POINT (8.613316750000024 50.070993644000055)","Unfall 32942 (2018) Kat:3, Licht: 0","32942","3","6","2","07","07","3","0","0","0","1","0","0"
"POINT (8.506890199000054 50.076727147000042)","Unfall 32944 (2018) Kat:3, Licht: 0","32944","3","6","2","07","12","7","1","0","0","1","0","0"
"POINT (8.639599944000054 50.161694890000035)","Unfall 32952 (2018) Kat:2, Licht: 0","32952","2","4","6","07","20","2","0","0","0","1","1","0"
"POINT (8.669946440000047 50.175075982000067)","Unfall 32954 (2018) Kat:3, Licht: 0","32954","3","3","5","07","14","4","0","0","0","1","0","0"
"POINT (8.697234715000036 50.109374833000061)","Unfall 32962 (2018) Kat:3, Licht: 0","32962","3","4","6","07","15","3","0","0","1","0","1","0"
"POINT (8.735360261000039 50.120524577000026)","Unfall 32975 (2018) Kat:3, Licht: 0","32975","3","3","5","07","18","4","0","0","1","1","0","0"
"POINT (8.502001455000027 50.092279303000055)","Unfall 32981 (2018) Kat:3, Licht: 0","32981","3","3","5","07","17","6","0","0","0","1","0","1"
"POINT (8.633275708000042 50.102007647000050)","Unfall 32993 (2018) Kat:3, Licht: 2","32993","3","6","2","06","23","6","0","2","0","1","0","1"
"POINT (8.691532763000055 50.100633677000076)","Unfall 32999 (2018) Kat:3, Licht: 0","32999","3","1","8","07","08","1","0","0","0","1","0","0"
"POINT (8.572173403000022 50.090514498000061)","Unfall 33030 (2018) Kat:2, Licht: 0","33030","2","7","0","07","08","2","0","0","0","0","0","0"
"POINT (8.607581471000060 50.094691139000076)","Unfall 33040 (2018) Kat:3, Licht: 0","33040","3","1","1","07","15","2","0","0","0","1","0","0"
"POINT (8.754959961000054 50.143135748000077)","Unfall 33049 (2018) Kat:3, Licht: 0","33049","3","2","6","07","16","1","0","0","0","1","1","0"
"POINT (8.491771541000048 50.095611584000039)","Unfall 33052 (2018) Kat:3, Licht: 0","33052","3","2","2","06","17","7","0","0","0","0","0","1"
"POINT (8.694173678000027 50.109289749000027)","Unfall 33093 (2018) Kat:2, Licht: 0","33093","2","3","5","07","13","6","0","0","1","1","0","0"
"POINT (8.595422595000059 50.119869117000064)","Unfall 33113 (2018) Kat:3, Licht: 0","33113","3","6","2","06","09","2","0","0","0","1","0","0"
"POINT (8.712333345000047 50.137860926000030)","Unfall 33116 (2018) Kat:3, Licht: 0","33116","3","1","8","06","10","7","0","0","0","1","0","0"
"POINT (8.708510613000044 50.111339299000065)","Unfall 33137 (2018) Kat:3, Licht: 0","33137","3","2","5","07","11","3","0","0","1","1","0","0"
"POINT (8.619463204000056 50.088094645000069)","Unfall 33167 (2018) Kat:3, Licht: 0","33167","3","6","3","07","17","2","0","0","0","1","0","0"
"POINT (8.639526142000022 50.147111307000046)","Unfall 33169 (2018) Kat:3, Licht: 0","33169","3","6","3","07","06","4","0","0","0","1","0","0"
"POINT (8.649671594000040 50.197294548000059)","Unfall 33177 (2018) Kat:2, Licht: 0","33177","2","6","2","07","16","7","0","0","0","1","0","1"
"POINT (8.716773620000026 50.064184902000079)","Unfall 33181 (2018) Kat:3, Licht: 0","33181","3","6","2","07","18","4","0","0","0","1","0","0"
"POINT (8.543801314000064 50.107737908000047)","Unfall 33184 (2018) Kat:3, Licht: 0","33184","3","6","3","07","11","1","0","0","0","1","0","0"
"POINT (8.662676829000077 50.108580054000072)","Unfall 33199 (2018) Kat:3, Licht: 0","33199","3","5","0","07","13","6","0","0","1","1","0","0"
"POINT (8.678066157000046 50.169955607000077)","Unfall 33203 (2018) Kat:2, Licht: 2","33203","2","1","8","07","22","3","1","2","0","1","0","0"
"POINT (8.687752608000039 50.107193699000049)","Unfall 33204 (2018) Kat:3, Licht: 0","33204","3","7","0","07","16","6","0","0","0","1","1","0"
"POINT (8.543095606000065 50.075203616000067)","Unfall 33208 (2018) Kat:3, Licht: 0","33208","3","7","8","07","11","6","0","0","0","0","0","0"
"POINT (8.620565607000060 50.121331968000050)","Unfall 33219 (2018) Kat:2, Licht: 0","33219","2","6","3","06","17","1","0","0","1","1","0","0"
"POINT (8.698107067000024 50.138736828000049)","Unfall 33222 (2018) Kat:3, Licht: 0","33222","3","6","2","06","16","1","0","0","0","1","0","0"
"POINT (8.547721054000022 50.099318656000037)","Unfall 33225 (2018) Kat:3, Licht: 0","33225","3","6","3","06","12","6","0","0","1","0","0","0"
"POINT (8.717899041000067 50.113509459000056)","Unfall 33236 (2018) Kat:3, Licht: 0","33236","3","6","2","06","16","5","0","0","0","1","0","0"
"POINT (8.743734387000075 50.123935001000063)","Unfall 33241 (2018) Kat:3, Licht: 0","33241","3","2","5","07","11","2","0","0","0","1","0","0"
"POINT (8.716077791000032 50.112891560000037)","Unfall 33257 (2018) Kat:3, Licht: 2","33257","3","4","6","07","04","7","0","2","0","1","1","0"
"POINT (8.590935949000027 50.134489599000062)","Unfall 33269 (2018) Kat:3, Licht: 0","33269","3","1","9","07","14","5","0","0","0","1","0","0"
"POINT (8.684581722000075 50.131622932000028)","Unfall 33278 (2018) Kat:3, Licht: 0","33278","3","6","2","07","12","1","0","0","0","1","0","0"
"POINT (8.506290719000049 50.105371985000033)","Unfall 33294 (2018) Kat:3, Licht: 0","33294","3","6","2","07","18","5","0","0","0","1","0","0"
"POINT (8.670505643000070 50.138721238000073)","Unfall 33320 (2018) Kat:3, Licht: 0","33320","3","7","3","06","13","4","0","0","0","1","0","0"
"POINT (8.573150059000056 50.090198693000048)","Unfall 33321 (2018) Kat:3, Licht: 0","33321","3","6","2","07","11","5","0","0","0","1","0","0"
"POINT (8.654756330000055 50.112788660000035)","Unfall 33326 (2018) Kat:3, Licht: 0","33326","3","2","5","07","07","4","0","0","1","1","0","0"
"POINT (8.678750504000050 50.061148427000035)","Unfall 33328 (2018) Kat:3, Licht: 0","33328","3","6","3","07","17","4","0","0","0","1","0","0"
"POINT (8.612974914000063 50.070911358000046)","Unfall 33340 (2018) Kat:3, Licht: 0","33340","3","6","3","07","09","2","0","0","0","0","0","0"
"POINT (8.687653332000025 50.107198290000042)","Unfall 33341 (2018) Kat:3, Licht: 0","33341","3","2","5","07","18","3","0","0","1","1","0","0"
"POINT (8.533955490000039 50.115774007000027)","Unfall 33351 (2018) Kat:3, Licht: 0","33351","3","6","2","07","07","4","0","0","0","1","0","0"
"POINT (8.697144921000074 50.109344429000032)","Unfall 33383 (2018) Kat:3, Licht: 0","33383","3","2","5","07","06","2","0","0","1","1","0","0"
"POINT (8.589946183000052 50.132768090000070)","Unfall 33389 (2018) Kat:3, Licht: 0","33389","3","6","2","07","13","2","0","0","0","1","0","0"
"POINT (8.741336572000023 50.133979851000049)","Unfall 33410 (2018) Kat:3, Licht: 0","33410","3","7","0","07","19","4","0","0","0","1","1","0"
"POINT (8.653822614000035 50.192410069000061)","Unfall 33433 (2018) Kat:3, Licht: 0","33433","3","1","9","07","18","1","0","0","0","1","0","0"
"POINT (8.715893895000022 50.112829166000040)","Unfall 33438 (2018) Kat:3, Licht: 0","33438","3","2","2","06","06","6","0","0","0","1","0","1"
"POINT (8.688049014000058 50.130576438000048)","Unfall 33447 (2018) Kat:3, Licht: 0","33447","3","4","6","06","14","5","0","0","0","1","1","0"
"POINT (8.628212336000047 50.101523857000075)","Unfall 33452 (2018) Kat:3, Licht: 0","33452","3","3","5","07","15","2","0","0","0","1","0","0"
"POINT (8.511252213000034 50.096974611000064)","Unfall 33458 (2018) Kat:3, Licht: 0","33458","3","6","2","06","19","7","0","0","0","1","0","0"
"POINT (8.602496244000065 50.155665151000051)","Unfall 33481 (2018) Kat:3, Licht: 0","33481","3","6","2","07","13","6","0","0","0","1","0","0"
"POINT (8.552513698000041 50.106676925000045)","Unfall 33485 (2018) Kat:3, Licht: 0","33485","3","5","1","07","12","2","0","0","1","1","0","0"
"POINT (8.744112522000023 50.123960994000072)","Unfall 33490 (2018) Kat:3, Licht: 0","33490","3","6","3","07","10","5","0","0","0","1","0","1"
"POINT (8.592052843000033 50.115977936000036)","Unfall 33495 (2018) Kat:2, Licht: 2","33495","2","6","1","07","00","6","0","2","0","1","0","0"
"POINT (8.716299841000023 50.064124655000057)","Unfall 33518 (2018) Kat:3, Licht: 0","33518","3","6","2","07","08","2","0","0","0","1","0","0"
"POINT (8.724839998000050 50.127263004000042)","Unfall 33531 (2018) Kat:3, Licht: 0","33531","3","3","0","07","06","5","0","0","1","1","0","0"
"POINT (8.513365893000071 50.107962925000038)","Unfall 33546 (2018) Kat:3, Licht: 0","33546","3","6","2","07","16","6","0","0","0","1","0","0"
"POINT (8.656607607000069 50.134509550000075)","Unfall 33564 (2018) Kat:2, Licht: 0","33564","2","1","0","07","08","4","0","0","0","0","0","1"
"POINT (8.685274656000047 50.097502123000027)","Unfall 33566 (2018) Kat:3, Licht: 0","33566","3","6","3","07","13","4","0","0","0","1","0","0"
"POINT (8.719464516000073 50.123091494000050)","Unfall 33568 (2018) Kat:3, Licht: 0","33568","3","2","3","07","16","4","0","0","1","0","0","0"
"POINT (8.713488433000066 50.111890967000079)","Unfall 33569 (2018) Kat:3, Licht: 0","33569","3","3","5","07","08","4","0","0","0","1","0","0"
"POINT (8.755369261000055 50.142852609000045)","Unfall 33607 (2018) Kat:3, Licht: 0","33607","3","3","5","07","05","4","0","0","1","1","0","0"
"POINT (8.604977097000074 50.114712673000042)","Unfall 33615 (2018) Kat:3, Licht: 0","33615","3","1","8","07","19","4","1","0","0","1","0","0"
"POINT (8.672422059000041 50.099027825000064)","Unfall 33630 (2018) Kat:3, Licht: 0","33630","3","7","3","07","19","3","0","0","0","1","0","1"
"POINT (8.745219399000064 50.124429191000047)","Unfall 33632 (2018) Kat:3, Licht: 0","33632","3","3","5","07","13","3","0","0","1","0","0","0"
"POINT (8.540349416000026 50.118049379000070)","Unfall 33638 (2018) Kat:3, Licht: 0","33638","3","6","2","07","18","2","0","0","0","1","0","0"
"POINT (8.748483797000063 50.146285347000060)","Unfall 33643 (2018) Kat:3, Licht: 0","33643","3","1","9","07","19","2","0","0","0","1","0","0"
"POINT (8.708006682000075 50.139585886000077)","Unfall 33678 (2018) Kat:2, Licht: 2","33678","2","7","7","07","22","3","0","2","0","1","0","0"
"POINT (8.649298983000051 50.203235553000070)","Unfall 33680 (2018) Kat:3, Licht: 0","33680","3","3","5","07","20","3","0","0","0","1","0","0"
"POINT (8.576714929000048 50.094330390000039)","Unfall 33681 (2018) Kat:3, Licht: 0","33681","3","6","2","07","16","5","0","0","0","1","0","0"
"POINT (8.616568208000047 50.077509753000072)","Unfall 33683 (2018) Kat:2, Licht: 0","33683","2","6","3","07","08","3","0","0","0","1","0","0"
"POINT (8.647208934000048 50.056787661000044)","Unfall 33684 (2018) Kat:3, Licht: 0","33684","3","6","2","07","15","3","0","0","0","1","0","0"
"POINT (8.646572247000051 50.201388278000081)","Unfall 33688 (2018) Kat:3, Licht: 0","33688","3","6","2","07","17","3","0","0","0","1","0","0"
"POINT (8.629095043000064 50.129544013000043)","Unfall 33691 (2018) Kat:3, Licht: 0","33691","3","3","5","07","08","5","0","0","1","1","0","0"
"POINT (8.721601331000045 50.114645620000033)","Unfall 33695 (2018) Kat:3, Licht: 0","33695","3","6","2","07","13","5","0","0","0","1","0","0"
"POINT (8.730935968000040 50.118153745000029)","Unfall 33701 (2018) Kat:3, Licht: 0","33701","3","6","2","07","15","5","0","0","0","1","0","0"
"POINT (8.628342214000043 50.101536278000026)","Unfall 33704 (2018) Kat:3, Licht: 0","33704","3","6","2","07","09","5","0","0","0","1","0","1"
"POINT (8.653942800000039 50.119916091000050)","Unfall 33708 (2018) Kat:2, Licht: 0","33708","2","3","5","07","17","2","0","0","1","1","0","0"
"POINT (8.664921315000072 50.103018706000057)","Unfall 33710 (2018) Kat:3, Licht: 0","33710","3","3","5","07","11","2","0","0","0","1","0","0"
"POINT (8.641633193000075 50.198697828000036)","Unfall 33767 (2018) Kat:3, Licht: 0","33767","3","6","2","07","18","2","0","0","0","1","0","0"
"POINT (8.495867702000055 50.101598832000036)","Unfall 33769 (2018) Kat:3, Licht: 0","33769","3","6","3","07","18","2","0","0","0","1","0","0"
"POINT (8.694296739000038 50.109175047000065)","Unfall 33776 (2018) Kat:3, Licht: 0","33776","3","3","5","07","09","1","0","0","0","1","0","0"
"POINT (8.727751544000057 50.145430100000056)","Unfall 33779 (2018) Kat:2, Licht: 1","33779","2","1","8","07","21","6","0","1","0","0","0","1"
"POINT (8.687769011000057 50.107192939000072)","Unfall 33785 (2018) Kat:3, Licht: 0","33785","3","2","0","07","18","1","0","0","0","1","0","1"
"POINT (8.606035865000024 50.055765401000031)","Unfall 33814 (2018) Kat:3, Licht: 0","33814","3","6","0","08","08","6","0","0","0","1","0","0"
"POINT (8.703074705000063 50.113047409000046)","Unfall 33816 (2018) Kat:3, Licht: 2","33816","3","2","0","08","21","5","0","2","1","0","0","1"
"POINT (8.629807411000058 50.101676305000069)","Unfall 33818 (2018) Kat:3, Licht: 0","33818","3","7","5","08","14","5","0","0","0","1","0","1"
"POINT (8.683927746000052 50.131665539000039)","Unfall 33823 (2018) Kat:3, Licht: 0","33823","3","2","5","08","19","3","0","0","1","1","0","0"
"POINT (8.617868449000071 50.088624255000070)","Unfall 33875 (2018) Kat:3, Licht: 0","33875","3","6","3","08","19","6","0","0","0","1","0","0"
"POINT (8.731409841000072 50.118969724000067)","Unfall 33892 (2018) Kat:3, Licht: 0","33892","3","3","5","08","19","3","0","0","0","1","0","0"
"POINT (8.615152970000054 50.052311147000069)","Unfall 33897 (2018) Kat:3, Licht: 0","33897","3","6","2","08","18","5","0","0","0","1","0","0"
"POINT (8.738639293000063 50.160534750000068)","Unfall 33921 (2018) Kat:2, Licht: 0","33921","2","1","4","08","11","7","0","0","0","1","0","0"
"POINT (8.669294123000043 50.098636746000068)","Unfall 33923 (2018) Kat:3, Licht: 0","33923","3","2","3","08","12","4","0","0","1","1","0","0"
"POINT (8.542875632000062 50.118972043000042)","Unfall 33926 (2018) Kat:3, Licht: 0","33926","3","6","2","08","17","6","0","0","0","1","0","0"
"POINT (8.707576076000066 50.111357207000026)","Unfall 33927 (2018) Kat:3, Licht: 0","33927","3","6","3","08","17","4","0","0","0","1","0","0"
"POINT (8.668889329000024 50.106025872000032)","Unfall 33939 (2018) Kat:3, Licht: 0","33939","3","6","3","08","08","6","0","0","1","0","0","0"
"POINT (8.557282537000049 50.102482380000026)","Unfall 33945 (2018) Kat:3, Licht: 0","33945","3","6","2","08","09","2","0","0","0","1","0","0"
"POINT (8.663733513000068 50.103596857000070)","Unfall 33959 (2018) Kat:3, Licht: 0","33959","3","3","5","08","13","3","0","0","1","1","0","0"
"POINT (8.677869437000027 50.105429825000044)","Unfall 33995 (2018) Kat:3, Licht: 0","33995","3","2","5","07","16","3","0","0","0","1","0","1"
"POINT (8.626653393000026 50.101374875000033)","Unfall 33999 (2018) Kat:3, Licht: 0","33999","3","3","5","07","20","3","0","0","1","1","0","0"
"POINT (8.656588102000058 50.156439364000050)","Unfall 34008 (2018) Kat:3, Licht: 0","34008","3","5","1","08","09","3","0","0","1","1","0","0"
"POINT (8.744947316000037 50.138434294000035)","Unfall 34047 (2018) Kat:3, Licht: 0","34047","3","6","2","07","17","3","0","0","0","1","0","1"
"POINT (8.747143641000037 50.139435116000072)","Unfall 34050 (2018) Kat:3, Licht: 0","34050","3","6","2","07","15","3","0","0","0","1","0","0"
"POINT (8.591037803000063 50.100048638000032)","Unfall 34053 (2018) Kat:3, Licht: 0","34053","3","6","2","08","16","6","0","0","0","1","0","0"
"POINT (8.723728481000023 50.100716940000041)","Unfall 34059 (2018) Kat:3, Licht: 2","34059","3","2","3","08","23","6","0","2","1","1","0","0"
"POINT (8.666741477000073 50.094225642000026)","Unfall 34067 (2018) Kat:3, Licht: 0","34067","3","6","2","08","16","6","0","0","0","1","0","0"
"POINT (8.757014624000021 50.118920829000047)","Unfall 34081 (2018) Kat:3, Licht: 0","34081","3","2","2","08","06","6","0","0","0","1","0","0"
"POINT (8.531871708000040 50.114950259000068)","Unfall 34082 (2018) Kat:3, Licht: 2","34082","3","6","2","07","21","3","0","2","0","1","0","0"
"POINT (8.602617148000036 50.155884663000052)","Unfall 34088 (2018) Kat:3, Licht: 0","34088","3","6","2","07","17","3","0","0","0","1","0","0"
"POINT (8.665103281000029 50.104130347000080)","Unfall 34091 (2018) Kat:3, Licht: 0","34091","3","7","6","08","11","6","0","0","0","1","1","0"
"POINT (8.658430974000055 50.101134097000056)","Unfall 34095 (2018) Kat:3, Licht: 0","34095","3","6","2","08","10","6","0","0","0","1","0","0"
"POINT (8.664926083000069 50.103008158000080)","Unfall 34103 (2018) Kat:3, Licht: 0","34103","3","6","3","08","19","3","0","0","1","1","0","0"
"POINT (8.701084520000052 50.113031812000031)","Unfall 34123 (2018) Kat:2, Licht: 0","34123","2","4","6","08","17","7","0","0","1","0","1","0"
"POINT (8.657680571000071 50.078603027000042)","Unfall 34127 (2018) Kat:3, Licht: 0","34127","3","6","2","08","14","5","0","0","0","1","0","0"
"POINT (8.653696642000057 50.205766853000057)","Unfall 34136 (2018) Kat:3, Licht: 0","34136","3","6","2","08","08","4","0","0","0","1","0","0"
"POINT (8.684010487000023 50.132908103000034)","Unfall 34139 (2018) Kat:3, Licht: 0","34139","3","3","5","07","13","2","0","0","1","0","0","0"
"POINT (8.720627288000060 50.139361775000054)","Unfall 34141 (2018) Kat:3, Licht: 0","34141","3","7","0","07","14","2","0","0","0","1","0","1"
"POINT (8.651970523000045 50.106006375000050)","Unfall 34143 (2018) Kat:3, Licht: 0","34143","3","6","3","07","09","2","0","0","0","1","0","1"
"POINT (8.693025883000075 50.128888499000027)","Unfall 34146 (2018) Kat:3, Licht: 0","34146","3","3","5","07","14","2","0","0","0","1","0","0"
"POINT (8.668835001000048 50.148535908000042)","Unfall 34147 (2018) Kat:3, Licht: 0","34147","3","3","5","08","19","3","0","0","1","1","0","0"
"POINT (8.729641091000076 50.117926351000051)","Unfall 34157 (2018) Kat:2, Licht: 0","34157","2","6","3","08","17","4","0","0","0","1","0","0"
"POINT (8.685911957000030 50.112388395000039)","Unfall 34163 (2018) Kat:2, Licht: 0","34163","2","3","5","08","07","5","0","0","0","1","0","1"
"POINT (8.647733246000030 50.176572108000073)","Unfall 34164 (2018) Kat:3, Licht: 0","34164","3","1","8","08","09","1","0","0","0","1","0","0"
"POINT (8.644118346000028 50.202199762000077)","Unfall 34166 (2018) Kat:3, Licht: 0","34166","3","1","9","08","08","1","0","0","0","0","0","1"
"POINT (8.701061999000046 50.110595305000061)","Unfall 34179 (2018) Kat:3, Licht: 0","34179","3","3","0","08","21","1","0","0","1","1","0","0"
"POINT (8.618743645000052 50.100672599000063)","Unfall 34185 (2018) Kat:2, Licht: 0","34185","2","4","6","08","11","2","1","0","0","1","1","0"
"POINT (8.599650127000075 50.053145071000074)","Unfall 34192 (2018) Kat:3, Licht: 0","34192","3","6","2","08","11","6","0","0","0","1","0","0"
"POINT (8.672015922000071 50.133888615000046)","Unfall 34194 (2018) Kat:3, Licht: 2","34194","3","1","1","08","00","7","0","2","0","1","0","0"
"POINT (8.659846275000064 50.088367276000042)","Unfall 34197 (2018) Kat:3, Licht: 0","34197","3","6","3","08","16","7","0","0","0","1","0","1"
"POINT (8.687672737000071 50.107079575000057)","Unfall 34201 (2018) Kat:3, Licht: 2","34201","3","1","0","08","02","7","0","2","0","1","0","0"
"POINT (8.664969694000035 50.104078322000078)","Unfall 34203 (2018) Kat:3, Licht: 0","34203","3","3","5","08","13","7","0","0","0","1","0","0"
"POINT (8.700855705000038 50.101401469000052)","Unfall 34216 (2018) Kat:3, Licht: 0","34216","3","6","1","08","14","4","0","0","1","1","0","0"
"POINT (8.591803868000056 50.134900544000061)","Unfall 34218 (2018) Kat:3, Licht: 0","34218","3","6","2","08","16","2","1","0","0","1","0","0"
"POINT (8.678172933000042 50.105553540000074)","Unfall 34247 (2018) Kat:3, Licht: 0","34247","3","6","3","08","18","1","0","0","0","1","0","0"
"POINT (8.687225700000056 50.106590972000049)","Unfall 34248 (2018) Kat:2, Licht: 1","34248","2","1","7","08","05","5","0","1","1","0","0","0"