WKT,Name,OBJECTID,UKATEGORIE,UTYP1,UART,UMONAT,USTUNDE,UWOCHENTAG,STRZUSTAND,ULICHTVERH,ISTRAD,ISTPKW,ISTFUSS,ISTKRAD
"POINT (8.742005642000038 50.158587440000076)","Unfall 34258 (2018) Kat:3, Licht: 0","34258","3","2","2","08","17","7","0","0","0","1","0","0"
"POINT (8.602001988000041 50.110434119000047)","Unfall 34265 (2018) Kat:2, Licht: 0","34265","2","6","0","08","15","7","0","0","0","1","0","1"
"POINT (8.538600043000031 50.112372840000035)","Unfall 34267 (2018) Kat:2, Licht: 0","34267","2","7","6","08","10","6","0","0","0","1","1","0"
"POINT (8.666631352000024 50.190038715000071)","Unfall 34303 (2018) Kat:3, Licht: 0","34303","3","3","5","08","18","6","0","0","1","1","0","0"
"POINT (8.680391223000072 50.106461883000065)","Unfall 34307 (2018) Kat:3, Licht: 1","34307","3","7","6","08","20","6","0","1","0","1","1","0"
"POINT (8.695137273000057 50.101862613000037)","Unfall 34325 (2018) Kat:3, Licht: 0","34325","3","4","6","08","08","4","0","0","0","1","1","0"
"POINT (8.665132320000055 50.107443323000041)","Unfall 34331 (2018) Kat:3, Licht: 0","34331","3","7","0","08","11","5","0","0","1","1","1","0"
"POINT (8.693837038000027 50.059638749000044)","Unfall 34339 (2018) Kat:3, Licht: 0","34339","3","7","0","08","17","4","0","0","1","1","0","0"
"POINT (8.557845113000042 50.102423590000058)","Unfall 34351 (2018) Kat:3, Licht: 0","34351","3","3","5","08","11","2","1","0","0","0","0","1"
"POINT (8.754313273000037 50.142847935000077)","Unfall 34364 (2018) Kat:3, Licht: 0","34364","3","4","6","08","13","6","0","0","0","0","1","0"
"POINT (8.647452980000026 50.202507213000047)","Unfall 34400 (2018) Kat:3, Licht: 0","34400","3","1","9","08","10","6","0","0","0","0","0","0"
"POINT (8.644837517000042 50.103115089000028)","Unfall 34406 (2018) Kat:3, Licht: 0","34406","3","6","0","08","16","4","0","0","0","1","0","1"
"POINT (8.710333622000064 50.149570838000045)","Unfall 34413 (2018) Kat:3, Licht: 0","34413","3","3","5","08","10","1","0","0","1","1","0","0"
"POINT (8.622173545000067 50.157296841000061)","Unfall 34434 (2018) Kat:2, Licht: 0","34434","2","7","6","08","07","5","0","0","1","0","1","0"
"POINT (8.642072357000075 50.095972926000059)","Unfall 34435 (2018) Kat:3, Licht: 0","34435","3","7","5","08","19","2","0","0","1","0","0","0"
"POINT (8.677524003000031 50.183045699000047)","Unfall 34437 (2018) Kat:3, Licht: 0","34437","3","6","2","08","17","5","0","0","0","1","0","0"
"POINT (8.691253678000066 50.090124751000076)","Unfall 34441 (2018) Kat:3, Licht: 0","34441","3","6","2","08","16","5","0","0","0","1","0","0"
"POINT (8.652615205000075 50.059952716000055)","Unfall 34444 (2018) Kat:3, Licht: 0","34444","3","6","2","08","09","6","0","0","0","0","0","0"
"POINT (8.697676520000073 50.138246283000058)","Unfall 34445 (2018) Kat:3, Licht: 0","34445","3","3","5","08","19","5","0","0","1","1","0","0"
"POINT (8.710621131000039 50.150019193000048)","Unfall 34446 (2018) Kat:3, Licht: 0","34446","3","2","3","08","09","5","0","0","1","1","0","0"
"POINT (8.659150222000051 50.108874586000070)","Unfall 34452 (2018) Kat:3, Licht: 0","34452","3","5","1","08","07","5","0","0","0","0","0","1"
"POINT (8.695264635000058 50.103811766000035)","Unfall 34473 (2018) Kat:3, Licht: 0","34473","3","6","3","08","11","4","0","0","0","1","0","0"
"POINT (8.514711231000035 50.108641670000054)","Unfall 34502 (2018) Kat:3, Licht: 1","34502","3","6","2","08","19","2","1","1","0","1","0","0"
"POINT (8.647332642000038 50.104172679000044)","Unfall 34504 (2018) Kat:3, Licht: 0","34504","3","2","5","08","06","3","0","0","1","1","0","0"
"POINT (8.728754333000040 50.117241015000047)","Unfall 34505 (2018) Kat:2, Licht: 0","34505","2","6","8","08","12","5","0","0","0","1","0","1"
"POINT (8.650957545000040 50.105605940000032)","Unfall 34522 (2018) Kat:3, Licht: 0","34522","3","7","3","08","16","6","0","0","0","1","0","1"
"POINT (8.530121774000065 50.114308045000030)","Unfall 34528 (2018) Kat:3, Licht: 0","34528","3","3","3","08","19","5","0","0","0","1","0","0"
"POINT (8.660686355000053 50.089188513000067)","Unfall 34542 (2018) Kat:2, Licht: 0","34542","2","6","2","08","19","1","0","0","0","1","0","1"
"POINT (8.646036512000023 50.134853527000075)","Unfall 34551 (2018) Kat:2, Licht: 0","34551","2","7","5","08","18","4","0","0","0","1","0","0"
"POINT (8.654958197000042 50.077339817000052)","Unfall 34554 (2018) Kat:3, Licht: 0","34554","3","6","2","08","10","4","0","0","0","1","0","0"
"POINT (8.635956572000055 50.088778497000078)","Unfall 34556 (2018) Kat:3, Licht: 0","34556","3","7","2","08","07","4","0","0","0","1","0","1"
"POINT (8.680371691000062 50.094786751000072)","Unfall 34560 (2018) Kat:2, Licht: 1","34560","2","1","0","08","06","4","1","1","1","0","0","0"
"POINT (8.698229196000057 50.138994566000065)","Unfall 34563 (2018) Kat:3, Licht: 0","34563","3","6","2","08","13","4","0","0","0","1","0","0"
"POINT (8.704770954000026 50.120033391000050)","Unfall 34564 (2018) Kat:3, Licht: 0","34564","3","3","5","08","15","4","0","0","0","1","0","1"
"POINT (8.511063971000056 50.088383605000047)","Unfall 34581 (2018) Kat:3, Licht: 0","34581","3","3","0","08","16","6","1","0","0","1","0","1"
"POINT (8.665662003000023 50.101871025000037)","Unfall 34591 (2018) Kat:3, Licht: 0","34591","3","6","2","08","19","4","0","0","0","1","0","0"
"POINT (8.695280181000044 50.104903084000057)","Unfall 34595 (2018) Kat:3, Licht: 2","34595","3","6","2","08","21","3","0","2","0","1","0","0"
"POINT (8.717648294000071 50.113424390000034)","Unfall 34596 (2018) Kat:3, Licht: 2","34596","3","2","3","08","02","7","0","2","0","0","0","0"
"POINT (8.709973041000069 50.131548387000066)","Unfall 34600 (2018) Kat:3, Licht: 0","34600","3","6","2","08","13","3","0","0","0","1","0","0"
"POINT (8.670786085000032 50.097706484000071)","Unfall 34602 (2018) Kat:3, Licht: 0","34602","3","7","0","08","13","6","0","0","0","1","0","0"
"POINT (8.646708020000062 50.103919358000041)","Unfall 34604 (2018) Kat:3, Licht: 0","34604","3","6","3","08","08","3","0","0","0","1","0","0"
"POINT (8.700367171000039 50.141533816000049)","Unfall 34608 (2018) Kat:3, Licht: 0","34608","3","6","2","08","16","3","0","0","0","1","0","0"
"POINT (8.542907579000030 50.118983710000066)","Unfall 34636 (2018) Kat:3, Licht: 0","34636","3","6","2","08","16","4","1","0","0","1","0","0"
"POINT (8.568160285000033 50.121437573000037)","Unfall 34670 (2018) Kat:3, Licht: 0","34670","3","3","5","08","08","6","0","0","1","1","0","0"
"POINT (8.677790669000046 50.168222383000057)","Unfall 34688 (2018) Kat:3, Licht: 0","34688","3","3","5","08","18","4","0","0","1","1","0","0"
"POINT (8.590038789000062 50.132551065000030)","Unfall 34694 (2018) Kat:3, Licht: 0","34694","3","6","2","08","12","6","0","0","0","1","0","0"
"POINT (8.642105478000076 50.102832290000038)","Unfall 34696 (2018) Kat:3, Licht: 0","34696","3","5","1","08","08","3","0","0","1","1","0","0"
"POINT (8.528696190000062 50.107741208000050)","Unfall 34699 (2018) Kat:3, Licht: 0","34699","3","3","5","08","15","2","0","0","1","1","0","0"
"POINT (8.623263742000063 50.091128982000043)","Unfall 34700 (2018) Kat:3, Licht: 2","34700","3","5","1","08","21","2","0","2","0","1","0","0"
"POINT (8.623466737000058 50.091152428000044)","Unfall 34702 (2018) Kat:2, Licht: 0","34702","2","5","1","08","18","2","0","0","0","1","0","0"
"POINT (8.730425641000068 50.119011101000069)","Unfall 34704 (2018) Kat:3, Licht: 0","34704","3","6","3","08","17","2","0","0","0","1","0","1"
"POINT (8.733384402000070 50.114796614000056)","Unfall 34705 (2018) Kat:3, Licht: 0","34705","3","6","2","08","15","3","0","0","0","1","0","0"
"POINT (8.708728301000065 50.111441241000080)","Unfall 34708 (2018) Kat:3, Licht: 0","34708","3","3","5","08","14","2","0","0","1","1","0","0"
"POINT (8.731114667000043 50.119166107000069)","Unfall 34712 (2018) Kat:3, Licht: 0","34712","3","6","2","08","14","2","0","0","0","0","0","1"
"POINT (8.632088751000026 50.088278237000054)","Unfall 34725 (2018) Kat:3, Licht: 1","34725","3","6","2","08","06","1","0","1","0","1","0","0"
"POINT (8.601532219000035 50.114719306000040)","Unfall 34739 (2018) Kat:3, Licht: 2","34739","3","1","9","08","02","1","0","2","0","1","0","0"
"POINT (8.674528187000021 50.100942665000048)","Unfall 34743 (2018) Kat:3, Licht: 0","34743","3","6","2","08","13","2","0","0","0","1","0","0"
"POINT (8.583027364000031 50.053163997000070)","Unfall 34749 (2018) Kat:3, Licht: 0","34749","3","7","5","08","18","3","0","0","0","1","0","0"
"POINT (8.706189712000025 50.145643019000033)","Unfall 34756 (2018) Kat:3, Licht: 1","34756","3","3","5","08","19","7","0","1","0","1","0","0"
"POINT (8.601577463000069 50.053060486000049)","Unfall 34760 (2018) Kat:3, Licht: 1","34760","3","6","2","08","05","2","0","1","0","1","0","0"
"POINT (8.602907598000058 50.057494038000073)","Unfall 34762 (2018) Kat:3, Licht: 1","34762","3","6","3","08","05","2","0","1","0","1","0","0"
"POINT (8.717850869000074 50.113371216000075)","Unfall 34779 (2018) Kat:3, Licht: 2","34779","3","7","6","08","21","4","0","2","0","1","1","0"
"POINT (8.636131398000032 50.088801699000044)","Unfall 34787 (2018) Kat:3, Licht: 0","34787","3","6","2","08","14","6","0","0","0","1","0","0"
"POINT (8.603662907000057 50.143506956000067)","Unfall 34793 (2018) Kat:3, Licht: 0","34793","3","7","0","08","10","3","0","0","0","1","1","0"
"POINT (8.586536067000054 50.134151605000056)","Unfall 34802 (2018) Kat:3, Licht: 0","34802","3","6","2","08","16","2","0","0","0","1","0","0"
"POINT (8.655697253000028 50.112230520000026)","Unfall 34807 (2018) Kat:3, Licht: 0","34807","3","7","1","08","19","1","0","0","0","1","0","0"
"POINT (8.642414497000061 50.102860923000037)","Unfall 34827 (2018) Kat:3, Licht: 0","34827","3","2","2","08","13","5","0","0","1","1","0","0"
"POINT (8.731980298000053 50.118409783000061)","Unfall 34855 (2018) Kat:3, Licht: 2","34855","3","6","2","08","23","4","0","2","0","1","0","0"
"POINT (8.546352844000069 50.103710246000048)","Unfall 34859 (2018) Kat:3, Licht: 0","34859","3","6","2","08","13","6","1","0","0","1","0","0"
"POINT (8.592547014000047 50.138150716000041)","Unfall 34866 (2018) Kat:3, Licht: 0","34866","3","6","2","08","16","4","0","0","0","1","0","0"
"POINT (8.536770689000036 50.116742149000061)","Unfall 34872 (2018) Kat:3, Licht: 0","34872","3","6","2","08","16","4","0","0","0","1","0","0"
"POINT (8.597450345000027 50.100300044000051)","Unfall 34877 (2018) Kat:3, Licht: 0","34877","3","2","2","08","14","4","0","0","0","1","0","0"
"POINT (8.661078991000068 50.102393901000028)","Unfall 34881 (2018) Kat:3, Licht: 0","34881","3","6","3","08","10","6","0","0","0","1","0","0"
"POINT (8.706902802000059 50.120518211000046)","Unfall 34887 (2018) Kat:3, Licht: 0","34887","3","3","5","08","14","3","0","0","1","1","0","0"
"POINT (8.646886101000064 50.097484189000056)","Unfall 34900 (2018) Kat:3, Licht: 0","34900","3","3","5","08","16","4","0","0","1","1","0","0"
"POINT (8.657322724000039 50.156367105000072)","Unfall 34917 (2018) Kat:3, Licht: 0","34917","3","2","3","08","12","1","0","0","1","1","0","0"
"POINT (8.616515271000026 50.056022125000027)","Unfall 34931 (2018) Kat:3, Licht: 2","34931","3","6","2","08","21","1","0","2","0","1","0","0"
"POINT (8.653918923000049 50.075759162000054)","Unfall 34945 (2018) Kat:3, Licht: 0","34945","3","6","2","08","16","7","0","0","0","1","0","0"
"POINT (8.654151340000055 50.076492883000071)","Unfall 34947 (2018) Kat:3, Licht: 0","34947","3","6","2","08","14","7","0","0","0","1","0","0"
"POINT (8.672403466000048 50.090390144000025)","Unfall 34948 (2018) Kat:3, Licht: 0","34948","3","6","2","08","16","7","0","0","0","1","0","0"
"POINT (8.690533503000040 50.107070558000032)","Unfall 34951 (2018) Kat:3, Licht: 2","34951","3","6","3","08","22","7","0","2","0","1","0","1"
"POINT (8.651859072000036 50.188850431000049)","Unfall 34953 (2018) Kat:3, Licht: 0","34953","3","3","5","08","15","6","0","0","0","1","0","0"
"POINT (8.695040802000051 50.132106649000036)","Unfall 34955 (2018) Kat:3, Licht: 2","34955","3","2","3","08","01","7","0","2","0","1","0","1"
"POINT (8.719547304000059 50.114068789000044)","Unfall 34958 (2018) Kat:3, Licht: 2","34958","3","6","2","08","22","7","0","2","0","1","0","0"
"POINT (8.671901100000071 50.131659811000077)","Unfall 34961 (2018) Kat:3, Licht: 0","34961","3","6","2","08","17","7","0","0","0","1","0","1"
"POINT (8.698730552000029 50.139960972000040)","Unfall 34970 (2018) Kat:3, Licht: 0","34970","3","3","5","08","06","4","0","0","1","1","0","0"
"POINT (8.731818592000025 50.118442775000062)","Unfall 34976 (2018) Kat:3, Licht: 0","34976","3","6","2","08","08","6","0","0","0","1","0","0"
"POINT (8.583432031000029 50.090517267000052)","Unfall 34982 (2018) Kat:3, Licht: 0","34982","3","6","4","08","17","3","0","0","0","1","0","0"
"POINT (8.648270756000045 50.178731357000061)","Unfall 34986 (2018) Kat:3, Licht: 0","34986","3","6","2","08","07","3","0","0","0","1","0","0"
"POINT (8.764252747000057 50.160212409000053)","Unfall 34999 (2018) Kat:3, Licht: 0","34999","3","6","2","08","09","5","0","0","0","1","0","1"
"POINT (8.691113046000055 50.098061404000077)","Unfall 35015 (2018) Kat:2, Licht: 0","35015","2","7","5","08","11","5","0","0","1","1","0","0"
"POINT (8.731766546000074 50.118469039000047)","Unfall 35022 (2018) Kat:3, Licht: 0","35022","3","6","2","08","16","2","0","0","0","1","0","0"
"POINT (8.732877052000049 50.131067295000037)","Unfall 35031 (2018) Kat:3, Licht: 0","35031","3","3","5","09","09","3","0","0","1","1","0","0"
"POINT (8.618932845000074 50.132277817000045)","Unfall 35053 (2018) Kat:3, Licht: 1","35053","3","6","3","09","19","7","0","1","0","1","0","0"
"POINT (8.750777526000036 50.161305032000030)","Unfall 35061 (2018) Kat:3, Licht: 0","35061","3","6","2","09","17","2","0","0","0","1","0","0"
"POINT (8.664613656000029 50.107561466000050)","Unfall 35072 (2018) Kat:3, Licht: 0","35072","3","6","3","09","10","1","0","0","0","1","0","1"
"POINT (8.672293161000027 50.098912092000035)","Unfall 35088 (2018) Kat:3, Licht: 2","35088","3","3","5","09","21","2","1","2","0","1","0","0"
"POINT (8.731992658000024 50.118231275000028)","Unfall 35092 (2018) Kat:3, Licht: 0","35092","3","6","2","09","09","5","0","0","0","1","0","0"
"POINT (8.635026997000068 50.160414336000031)","Unfall 35095 (2018) Kat:3, Licht: 0","35095","3","3","5","09","17","2","0","0","0","1","0","0"
"POINT (8.703628351000020 50.143129530000067)","Unfall 35109 (2018) Kat:3, Licht: 0","35109","3","6","2","09","18","4","0","0","0","1","0","0"
"POINT (8.647215414000073 50.056793472000038)","Unfall 35117 (2018) Kat:3, Licht: 0","35117","3","6","2","09","08","4","0","0","0","1","0","0"
"POINT (8.533934136000028 50.114836886000035)","Unfall 35125 (2018) Kat:3, Licht: 0","35125","3","6","2","09","15","7","0","0","0","1","0","0"
"POINT (8.513998427000047 50.084682040000075)","Unfall 35155 (2018) Kat:3, Licht: 2","35155","3","2","3","08","21","6","0","2","1","0","0","0"
"POINT (8.726262079000037 50.142413185000066)","Unfall 35158 (2018) Kat:3, Licht: 2","35158","3","1","8","08","05","6","0","2","0","0","0","1"
"POINT (8.712559105000025 50.111575590000029)","Unfall 35163 (2018) Kat:3, Licht: 0","35163","3","4","6","08","08","6","0","0","0","0","1","0"
"POINT (8.592632570000035 50.138271614000075)","Unfall 35166 (2018) Kat:3, Licht: 0","35166","3","6","3","09","17","5","0","0","0","1","0","0"
"POINT (8.657989453000027 50.100924071000065)","Unfall 35167 (2018) Kat:3, Licht: 0","35167","3","2","5","08","11","6","0","0","0","1","0","1"
"POINT (8.616095758000029 50.115001534000044)","Unfall 35180 (2018) Kat:3, Licht: 0","35180","3","1","8","09","13","1","0","0","0","1","0","0"
"POINT (8.628201183000044 50.101522790000047)","Unfall 35183 (2018) Kat:3, Licht: 2","35183","3","3","5","09","05","2","1","2","1","1","0","0"
"POINT (8.706872798000063 50.146466823000026)","Unfall 35206 (2018) Kat:3, Licht: 2","35206","3","6","2","09","20","5","0","2","0","1","0","0"
"POINT (8.604418982000027 50.159157419000053)","Unfall 35217 (2018) Kat:3, Licht: 0","35217","3","6","2","09","15","4","0","0","0","1","0","0"
"POINT (8.718626963000077 50.064407601000028)","Unfall 35220 (2018) Kat:3, Licht: 0","35220","3","6","2","09","15","2","0","0","0","1","0","0"
"POINT (8.533805639000036 50.115658999000061)","Unfall 35234 (2018) Kat:3, Licht: 0","35234","3","3","5","09","11","2","0","0","0","1","0","0"
"POINT (8.685817607000047 50.131584970000063)","Unfall 35235 (2018) Kat:2, Licht: 1","35235","2","3","5","09","06","3","0","1","0","1","0","1"
"POINT (8.724793537000039 50.115731418000053)","Unfall 35237 (2018) Kat:3, Licht: 0","35237","3","6","3","09","09","4","0","0","0","1","0","0"
"POINT (8.528111530000047 50.113570217000074)","Unfall 35244 (2018) Kat:3, Licht: 0","35244","3","6","2","09","17","2","0","0","0","1","0","0"
"POINT (8.604587133000052 50.159948043000043)","Unfall 35255 (2018) Kat:3, Licht: 2","35255","3","7","0","09","22","2","0","2","0","1","0","0"
"POINT (8.657017287000031 50.133593656000073)","Unfall 35262 (2018) Kat:3, Licht: 2","35262","3","6","0","09","20","2","0","2","0","1","0","0"
"POINT (8.597807683000042 50.114406166000038)","Unfall 35266 (2018) Kat:3, Licht: 0","35266","3","6","2","09","08","5","0","0","0","1","0","0"
"POINT (8.730188123000062 50.119561270000077)","Unfall 35272 (2018) Kat:3, Licht: 0","35272","3","6","3","09","17","3","0","0","0","1","0","0"
"POINT (8.567562961000022 50.128440957000066)","Unfall 35277 (2018) Kat:2, Licht: 0","35277","2","6","3","08","14","6","0","0","0","1","0","1"
"POINT (8.692885724000064 50.106836804000068)","Unfall 35280 (2018) Kat:3, Licht: 0","35280","3","3","5","09","09","1","0","0","1","1","0","0"
"POINT (8.661660640000036 50.089993568000068)","Unfall 35292 (2018) Kat:3, Licht: 0","35292","3","6","2","09","16","6","0","0","0","1","0","0"
"POINT (8.708306186000073 50.139383443000042)","Unfall 35297 (2018) Kat:3, Licht: 0","35297","3","1","9","09","11","4","0","0","0","1","0","0"
"POINT (8.684576525000068 50.104970987000058)","Unfall 35316 (2018) Kat:3, Licht: 0","35316","3","2","6","09","11","4","0","0","0","1","1","0"
"POINT (8.540245424000034 50.099527667000075)","Unfall 35326 (2018) Kat:3, Licht: 0","35326","3","3","5","08","13","5","0","0","0","0","0","0"
"POINT (8.645728047000034 50.114014630000042)","Unfall 35332 (2018) Kat:3, Licht: 0","35332","3","6","4","08","10","5","0","0","0","0","0","1"
"POINT (8.569209224000076 50.122913821000054)","Unfall 35335 (2018) Kat:2, Licht: 2","35335","2","3","5","09","21","7","0","2","0","1","0","1"
"POINT (8.748306579000030 50.140235398000073)","Unfall 35336 (2018) Kat:3, Licht: 0","35336","3","6","6","09","16","3","0","0","0","0","1","0"
"POINT (8.676246451000054 50.102054719000080)","Unfall 35337 (2018) Kat:3, Licht: 2","35337","3","6","2","08","00","5","1","2","0","1","0","0"
"POINT (8.570456311000044 50.090934799000081)","Unfall 35359 (2018) Kat:3, Licht: 0","35359","3","6","2","09","13","1","0","0","0","1","0","0"
"POINT (8.608930923000060 50.167355821000058)","Unfall 35374 (2018) Kat:1, Licht: 0","35374","1","1","8","09","19","7","0","0","0","0","0","1"
"POINT (8.506812080000032 50.076436706000038)","Unfall 35387 (2018) Kat:3, Licht: 1","35387","3","3","5","09","07","5","0","1","0","1","0","0"
"POINT (8.691104501000041 50.103472575000069)","Unfall 35393 (2018) Kat:3, Licht: 0","35393","3","6","2","09","10","7","0","0","0","1","0","0"
"POINT (8.698046346000069 50.109756357000037)","Unfall 35398 (2018) Kat:3, Licht: 0","35398","3","2","3","09","09","2","0","0","1","1","0","0"
"POINT (8.658066500000075 50.145937419000063)","Unfall 35405 (2018) Kat:2, Licht: 0","35405","2","3","5","09","16","2","0","0","1","0","0","0"
"POINT (8.694034047000059 50.129751913000064)","Unfall 35419 (2018) Kat:3, Licht: 0","35419","3","6","2","09","15","4","0","0","0","1","1","0"
"POINT (8.616997768000033 50.092411868000056)","Unfall 35430 (2018) Kat:3, Licht: 0","35430","3","6","2","09","16","4","0","0","0","1","0","0"
"POINT (8.508898012000032 50.106326862000060)","Unfall 35431 (2018) Kat:3, Licht: 2","35431","3","1","9","08","22","5","0","2","0","1","0","0"
"POINT (8.475676202000045 50.073572564000074)","Unfall 35435 (2018) Kat:3, Licht: 0","35435","3","6","2","08","17","5","0","0","0","1","0","0"
"POINT (8.720266556000070 50.100124098000038)","Unfall 35439 (2018) Kat:2, Licht: 2","35439","2","1","9","09","23","7","0","2","1","0","0","0"
"POINT (8.746735806000061 50.139255043000048)","Unfall 35446 (2018) Kat:3, Licht: 2","35446","3","7","0","09","00","1","0","2","0","0","0","1"
"POINT (8.711402899000063 50.125264866000066)","Unfall 35454 (2018) Kat:3, Licht: 0","35454","3","6","2","09","18","3","0","0","0","1","0","0"
"POINT (8.540367907000075 50.110797593000029)","Unfall 35473 (2018) Kat:3, Licht: 0","35473","3","3","5","09","11","2","1","0","1","1","0","0"
"POINT (8.483933589000060 50.097288415000037)","Unfall 35477 (2018) Kat:2, Licht: 0","35477","2","1","8","09","10","5","0","0","0","0","0","1"
"POINT (8.598816557000021 50.131009773000073)","Unfall 35486 (2018) Kat:3, Licht: 0","35486","3","6","2","08","17","4","1","0","0","1","0","0"
"POINT (8.696581500000036 50.135931735000042)","Unfall 35488 (2018) Kat:3, Licht: 0","35488","3","6","1","08","17","4","0","0","0","1","0","1"
"POINT (8.728683624000041 50.121374468000056)","Unfall 35491 (2018) Kat:3, Licht: 0","35491","3","6","3","08","07","4","0","0","0","1","0","0"
"POINT (8.740231110000025 50.122614418000069)","Unfall 35498 (2018) Kat:3, Licht: 0","35498","3","2","3","08","07","4","0","0","1","1","0","0"
"POINT (8.681604448000030 50.164865588000055)","Unfall 35500 (2018) Kat:3, Licht: 0","35500","3","6","2","09","14","6","0","0","0","1","0","0"
"POINT (8.653580894000072 50.106642961000034)","Unfall 35517 (2018) Kat:3, Licht: 0","35517","3","3","5","09","07","5","0","0","1","0","0","0"
"POINT (8.643558759000030 50.114131845000031)","Unfall 35524 (2018) Kat:3, Licht: 1","35524","3","6","2","09","19","4","0","1","0","0","0","1"
"POINT (8.596663257000046 50.058054048000031)","Unfall 35528 (2018) Kat:3, Licht: 0","35528","3","1","8","09","13","4","0","0","0","1","0","0"
"POINT (8.700326427000050 50.061415654000029)","Unfall 35538 (2018) Kat:3, Licht: 0","35538","3","6","2","09","07","3","0","0","0","1","0","0"
"POINT (8.572372496000071 50.090452720000030)","Unfall 35559 (2018) Kat:2, Licht: 0","35559","2","7","0","09","11","1","0","0","1","0","0","0"
"POINT (8.694882746000076 50.105465233000075)","Unfall 35562 (2018) Kat:2, Licht: 0","35562","2","6","2","09","12","3","0","0","0","1","0","1"
"POINT (8.722425602000044 50.114926001000072)","Unfall 35584 (2018) Kat:3, Licht: 0","35584","3","3","5","09","16","4","0","0","1","0","0","0"
"POINT (8.677965441000026 50.093255264000049)","Unfall 35600 (2018) Kat:3, Licht: 0","35600","3","6","2","09","17","4","0","0","0","1","0","1"
"POINT (8.706227626000043 50.153014811000048)","Unfall 35605 (2018) Kat:3, Licht: 0","35605","3","6","2","09","08","4","0","0","0","1","0","0"
"POINT (8.683998278000047 50.132196239000052)","Unfall 35610 (2018) Kat:3, Licht: 2","35610","3","2","3","09","20","4","0","2","1","1","0","0"
"POINT (8.635266490000049 50.160479408000072)","Unfall 35611 (2018) Kat:3, Licht: 1","35611","3","3","5","09","19","6","0","1","0","1","0","1"
"POINT (8.670212240000069 50.106822984000075)","Unfall 35614 (2018) Kat:2, Licht: 0","35614","2","6","0","09","17","6","0","0","0","1","0","1"
"POINT (8.730595886000060 50.118636419000040)","Unfall 35624 (2018) Kat:3, Licht: 0","35624","3","6","2","09","16","5","0","0","0","1","0","0"
"POINT (8.708239093000032 50.130384599000081)","Unfall 35633 (2018) Kat:2, Licht: 0","35633","2","1","8","09","11","1","1","0","0","1","0","0"
"POINT (8.684540874000049 50.104957601000081)","Unfall 35644 (2018) Kat:3, Licht: 0","35644","3","3","5","09","17","6","0","0","0","1","0","0"
"POINT (8.659755390000044 50.109745646000079)","Unfall 35660 (2018) Kat:3, Licht: 2","35660","3","6","2","09","20","2","0","2","0","1","0","0"
"POINT (8.764525512000034 50.160094216000061)","Unfall 35662 (2018) Kat:3, Licht: 0","35662","3","6","2","09","13","1","1","0","0","1","0","0"
"POINT (8.591126541000051 50.053301899000076)","Unfall 35666 (2018) Kat:3, Licht: 0","35666","3","6","2","09","08","2","0","0","0","1","0","0"
"POINT (8.540246582000066 50.099525921000065)","Unfall 35671 (2018) Kat:2, Licht: 0","35671","2","2","5","09","16","2","0","0","0","1","0","0"
"POINT (8.646323034000034 50.103763089000040)","Unfall 35689 (2018) Kat:3, Licht: 2","35689","3","6","2","09","04","1","0","2","0","1","0","0"
"POINT (8.587231812000027 50.055540982000082)","Unfall 35690 (2018) Kat:3, Licht: 2","35690","3","3","5","09","23","6","0","2","0","1","0","0"
"POINT (8.682945865000022 50.160539654000047)","Unfall 35701 (2018) Kat:3, Licht: 2","35701","3","1","8","09","23","3","0","2","0","1","0","0"
"POINT (8.676467792000040 50.132142987000066)","Unfall 35708 (2018) Kat:3, Licht: 0","35708","3","1","6","09","15","5","0","0","1","0","1","0"
"POINT (8.645473962000040 50.113778759000070)","Unfall 35731 (2018) Kat:3, Licht: 0","35731","3","3","5","09","13","1","1","0","0","1","0","0"
"POINT (8.604047536000053 50.052440616000069)","Unfall 35738 (2018) Kat:2, Licht: 0","35738","2","6","2","09","14","3","0","0","0","1","0","0"
"POINT (8.654154120000044 50.106869533000065)","Unfall 35752 (2018) Kat:2, Licht: 0","35752","2","7","6","09","15","5","0","0","1","0","1","0"
"POINT (8.748543994000045 50.154625464000048)","Unfall 35765 (2018) Kat:3, Licht: 0","35765","3","1","0","09","11","1","0","0","0","0","0","1"
"POINT (8.619012406000024 50.131806124000036)","Unfall 35776 (2018) Kat:2, Licht: 0","35776","2","4","6","09","14","7","0","0","0","0","1","1"
"POINT (8.740740011000071 50.122818840000036)","Unfall 35778 (2018) Kat:3, Licht: 0","35778","3","2","3","09","09","4","0","0","1","1","0","0"
"POINT (8.544016463000048 50.105795399000044)","Unfall 35785 (2018) Kat:3, Licht: 0","35785","3","4","6","09","07","6","0","0","1","0","1","0"
"POINT (8.542171999000061 50.097231319000059)","Unfall 35791 (2018) Kat:3, Licht: 0","35791","3","2","5","09","13","5","0","0","0","1","0","1"
"POINT (8.625681704000044 50.077887769000029)","Unfall 35792 (2018) Kat:2, Licht: 0","35792","2","1","3","09","09","2","0","0","0","1","0","1"
"POINT (8.681083526000066 50.159741603000043)","Unfall 35796 (2018) Kat:3, Licht: 0","35796","3","3","5","09","15","7","0","0","0","1","0","0"
"POINT (8.508742300000051 50.080168477000029)","Unfall 35797 (2018) Kat:2, Licht: 0","35797","2","3","5","09","06","5","0","0","0","1","0","1"
"POINT (8.670832172000075 50.148971736000078)","Unfall 35798 (2018) Kat:3, Licht: 0","35798","3","3","5","09","11","3","0","0","1","1","0","0"
"POINT (8.605691514000057 50.129235089000076)","Unfall 35799 (2018) Kat:3, Licht: 0","35799","3","6","2","09","09","5","0","0","0","1","0","0"
"POINT (8.659714364000024 50.088112954000053)","Unfall 35802 (2018) Kat:3, Licht: 2","35802","3","6","2","09","22","5","1","2","0","1","0","0"