WKT,Name,OBJECTID,UKATEGORIE,UTYP1,UART,UMONAT,USTUNDE,UWOCHENTAG,STRZUSTAND,ULICHTVERH,ISTRAD,ISTPKW,ISTFUSS,ISTKRAD
"POINT (8.724109175000024 50.100151038000035)","Unfall 35805 (2018) Kat:3, Licht: 0","35805","3","3","0","09","18","2","0","0","0","1","0","1"
"POINT (8.732830277000062 50.119259214000067)","Unfall 35808 (2018) Kat:3, Licht: 0","35808","3","6","3","09","10","5","0","0","0","1","0","0"
"POINT (8.690912832000038 50.146409477000077)","Unfall 35812 (2018) Kat:3, Licht: 2","35812","3","6","2","09","20","7","0","2","0","1","1","0"
"POINT (8.629668884000068 50.192111796000063)","Unfall 35817 (2018) Kat:2, Licht: 2","35817","2","1","9","09","07","1","1","2","0","1","0","0"
"POINT (8.573962530000074 50.092125178000060)","Unfall 35833 (2018) Kat:3, Licht: 2","35833","3","6","2","09","23","7","1","2","0","1","0","0"
"POINT (8.686876269000038 50.098399095000048)","Unfall 35835 (2018) Kat:3, Licht: 0","35835","3","4","6","09","11","3","0","0","0","1","1","0"
"POINT (8.519597139000041 50.026927153000031)","Unfall 35841 (2018) Kat:3, Licht: 2","35841","3","2","2","09","22","1","0","2","0","1","0","0"
"POINT (8.733880075000059 50.119773142000042)","Unfall 35860 (2018) Kat:3, Licht: 0","35860","3","3","5","09","18","4","0","0","1","1","0","0"
"POINT (8.728970819000040 50.121525300000030)","Unfall 35861 (2018) Kat:3, Licht: 0","35861","3","6","2","09","16","5","0","0","0","1","0","0"
"POINT (8.608442759000070 50.061837700000069)","Unfall 35879 (2018) Kat:3, Licht: 0","35879","3","6","3","09","13","4","0","0","0","1","0","0"
"POINT (8.590036696000027 50.132262323000077)","Unfall 35895 (2018) Kat:3, Licht: 0","35895","3","6","2","09","12","6","0","0","0","1","0","0"
"POINT (8.557073377000052 50.115483535000067)","Unfall 35898 (2018) Kat:3, Licht: 2","35898","3","6","2","09","23","2","0","2","0","1","0","0"
"POINT (8.710035636000043 50.131594511000060)","Unfall 35906 (2018) Kat:3, Licht: 1","35906","3","6","2","09","18","1","1","1","0","1","0","0"
"POINT (8.692543557000022 50.101001619000044)","Unfall 35919 (2018) Kat:3, Licht: 0","35919","3","7","0","09","17","6","1","0","0","1","0","1"
"POINT (8.741292360000045 50.133918858000072)","Unfall 35925 (2018) Kat:2, Licht: 0","35925","2","4","6","09","08","5","0","0","0","0","1","0"
"POINT (8.761227842000039 50.130412283000055)","Unfall 35932 (2018) Kat:3, Licht: 0","35932","3","3","5","09","10","3","0","0","1","0","0","0"
"POINT (8.607212169000036 50.057172189000028)","Unfall 35933 (2018) Kat:3, Licht: 0","35933","3","6","2","09","12","5","0","0","0","1","0","0"
"POINT (8.705140359000041 50.144131172000073)","Unfall 35936 (2018) Kat:3, Licht: 0","35936","3","3","5","09","09","5","0","0","1","1","0","0"
"POINT (8.600269547000039 50.132954331000064)","Unfall 35942 (2018) Kat:3, Licht: 0","35942","3","6","3","09","08","5","0","0","0","1","0","0"
"POINT (8.600836167000068 50.111356781000040)","Unfall 35943 (2018) Kat:2, Licht: 1","35943","2","7","7","09","19","2","0","1","0","1","0","0"
"POINT (8.676247652000029 50.104773650000027)","Unfall 35966 (2018) Kat:3, Licht: 0","35966","3","6","2","09","15","1","0","0","0","1","0","1"
"POINT (8.661244677000070 50.168332054000075)","Unfall 35974 (2018) Kat:3, Licht: 1","35974","3","1","9","09","19","3","0","1","0","1","0","0"
"POINT (8.727925302000074 50.100567744000045)","Unfall 35983 (2018) Kat:3, Licht: 0","35983","3","1","0","09","06","5","0","0","1","0","0","0"
"POINT (8.655853282000066 50.107541139000034)","Unfall 35990 (2018) Kat:2, Licht: 0","35990","2","3","5","09","15","4","0","0","0","1","1","0"
"POINT (8.513716510000052 50.097036124000056)","Unfall 35996 (2018) Kat:3, Licht: 0","35996","3","6","2","09","15","4","0","0","0","1","0","0"
"POINT (8.617333671000040 50.172946904000071)","Unfall 36000 (2018) Kat:3, Licht: 0","36000","3","3","5","09","08","4","0","0","0","1","0","0"
"POINT (8.702007073000061 50.122395840000081)","Unfall 36005 (2018) Kat:3, Licht: 0","36005","3","6","2","09","11","4","0","0","0","1","0","0"
"POINT (8.719478286000026 50.123091193000050)","Unfall 36006 (2018) Kat:3, Licht: 0","36006","3","2","3","09","08","4","0","0","0","1","0","0"
"POINT (8.552903497000045 50.105834894000054)","Unfall 36008 (2018) Kat:3, Licht: 0","36008","3","4","6","09","16","1","1","0","0","1","1","0"
"POINT (8.664653911000073 50.104781745000025)","Unfall 36012 (2018) Kat:2, Licht: 0","36012","2","4","6","09","15","4","0","0","0","0","1","0"
"POINT (8.522568317000037 50.095304044000045)","Unfall 36014 (2018) Kat:3, Licht: 0","36014","3","6","2","09","17","7","0","0","0","1","0","0"
"POINT (8.723813521000068 50.100603779000039)","Unfall 36016 (2018) Kat:3, Licht: 2","36016","3","1","9","09","03","4","0","2","0","1","0","0"
"POINT (8.684219550000023 50.131689914000049)","Unfall 36018 (2018) Kat:3, Licht: 0","36018","3","2","5","09","17","4","0","0","1","1","0","0"
"POINT (8.549028354000029 50.121136576000026)","Unfall 36019 (2018) Kat:3, Licht: 0","36019","3","6","2","09","18","4","0","0","0","1","0","0"
"POINT (8.705011202000037 50.120405643000026)","Unfall 36035 (2018) Kat:3, Licht: 0","36035","3","2","5","09","15","5","0","0","1","1","0","0"
"POINT (8.702323105000062 50.122446376000028)","Unfall 36044 (2018) Kat:3, Licht: 0","36044","3","6","3","09","14","1","1","0","0","1","0","0"
"POINT (8.540069213000038 50.109317673000078)","Unfall 36063 (2018) Kat:3, Licht: 0","36063","3","2","3","09","08","6","0","0","0","1","0","0"
"POINT (8.658813873000042 50.110168594000072)","Unfall 36070 (2018) Kat:2, Licht: 2","36070","2","1","0","09","22","2","0","2","1","0","0","0"
"POINT (8.679880457000024 50.166374543000074)","Unfall 36075 (2018) Kat:3, Licht: 0","36075","3","2","5","09","11","3","0","0","0","0","0","1"
"POINT (8.665902473000074 50.148143091000065)","Unfall 36082 (2018) Kat:3, Licht: 0","36082","3","6","2","09","11","2","0","0","0","0","0","1"
"POINT (8.606367074000048 50.114808311000047)","Unfall 36094 (2018) Kat:3, Licht: 0","36094","3","3","5","09","10","1","1","0","0","1","0","0"
"POINT (8.622905403000061 50.148120660000075)","Unfall 36113 (2018) Kat:2, Licht: 0","36113","2","6","2","09","16","3","0","0","0","1","0","0"
"POINT (8.670149025000058 50.097896835000029)","Unfall 36132 (2018) Kat:3, Licht: 2","36132","3","6","2","09","21","5","0","2","0","1","0","0"
"POINT (8.576430289000030 50.129958354000053)","Unfall 36147 (2018) Kat:3, Licht: 0","36147","3","6","2","09","15","4","0","0","0","1","0","0"
"POINT (8.600663663000034 50.112261925000041)","Unfall 36148 (2018) Kat:3, Licht: 0","36148","3","6","3","09","13","3","0","0","0","1","0","0"
"POINT (8.712160699000037 50.063411827000039)","Unfall 36151 (2018) Kat:2, Licht: 0","36151","2","6","2","09","17","4","0","0","0","1","0","0"
"POINT (8.641296141000055 50.202549694000027)","Unfall 36152 (2018) Kat:3, Licht: 0","36152","3","6","2","09","08","4","0","0","0","1","0","0"
"POINT (8.755771880000054 50.123917099000039)","Unfall 36179 (2018) Kat:3, Licht: 0","36179","3","1","1","09","14","1","0","0","0","1","0","0"
"POINT (8.741378982000072 50.134038363000059)","Unfall 36183 (2018) Kat:3, Licht: 0","36183","3","6","3","09","14","2","0","0","0","0","0","1"
"POINT (8.664691787000038 50.102989071000081)","Unfall 36184 (2018) Kat:3, Licht: 0","36184","3","2","3","09","21","7","1","0","0","1","0","0"
"POINT (8.693291265000028 50.061346985000057)","Unfall 36187 (2018) Kat:3, Licht: 0","36187","3","6","3","09","17","3","0","0","0","1","0","0"
"POINT (8.677811401000042 50.105406167000069)","Unfall 36191 (2018) Kat:3, Licht: 2","36191","3","6","2","09","20","6","1","2","0","1","0","0"
"POINT (8.695185937000076 50.102884506000066)","Unfall 36198 (2018) Kat:3, Licht: 0","36198","3","2","3","09","09","2","0","0","0","1","0","1"
"POINT (8.675481461000061 50.068511976000082)","Unfall 36203 (2018) Kat:3, Licht: 2","36203","3","1","8","09","23","3","1","2","1","0","0","0"
"POINT (8.693999174000055 50.061167464000050)","Unfall 36227 (2018) Kat:3, Licht: 0","36227","3","6","2","10","14","5","0","0","0","1","0","0"
"POINT (8.570540539000035 50.053708800000038)","Unfall 36234 (2018) Kat:3, Licht: 1","36234","3","6","2","10","07","5","0","1","0","1","0","0"
"POINT (8.607236869000076 50.095240787000080)","Unfall 36235 (2018) Kat:3, Licht: 2","36235","3","3","5","10","20","3","0","2","0","1","0","0"
"POINT (8.652458785000022 50.106199402000072)","Unfall 36247 (2018) Kat:3, Licht: 0","36247","3","7","0","10","15","3","0","0","0","1","0","0"
"POINT (8.672271726000076 50.132209788000068)","Unfall 36250 (2018) Kat:3, Licht: 2","36250","3","7","4","10","20","4","0","2","1","1","0","0"
"POINT (8.583162917000038 50.053161931000034)","Unfall 36274 (2018) Kat:3, Licht: 0","36274","3","7","5","10","17","2","0","0","0","1","0","0"
"POINT (8.639178808000054 50.081625955000050)","Unfall 36293 (2018) Kat:3, Licht: 2","36293","3","2","5","10","20","4","0","2","0","1","0","0"
"POINT (8.650028070000076 50.203878892000034)","Unfall 36294 (2018) Kat:3, Licht: 1","36294","3","6","2","10","07","2","0","1","0","1","0","0"
"POINT (8.711993066000048 50.134766820000038)","Unfall 36297 (2018) Kat:3, Licht: 0","36297","3","1","1","10","15","5","0","0","0","1","0","1"
"POINT (8.663043183000070 50.147359582000036)","Unfall 36309 (2018) Kat:3, Licht: 0","36309","3","7","6","10","11","1","0","0","0","1","1","0"
"POINT (8.645396840000046 50.083994626000049)","Unfall 36342 (2018) Kat:3, Licht: 0","36342","3","6","3","10","16","1","0","0","1","1","0","0"
"POINT (8.619646597000042 50.131766024000058)","Unfall 36350 (2018) Kat:3, Licht: 2","36350","3","7","6","10","05","7","0","2","0","1","1","0"
"POINT (8.691486210000051 50.159623913000075)","Unfall 36355 (2018) Kat:3, Licht: 0","36355","3","6","2","10","14","2","0","0","0","1","0","0"
"POINT (8.586163606000071 50.054420336000078)","Unfall 36360 (2018) Kat:3, Licht: 1","36360","3","6","3","10","19","7","0","1","0","1","0","0"
"POINT (8.752997844000049 50.127500111000074)","Unfall 36367 (2018) Kat:3, Licht: 0","36367","3","3","5","10","16","6","0","0","1","1","0","0"
"POINT (8.593222427000058 50.138799235000079)","Unfall 36377 (2018) Kat:3, Licht: 0","36377","3","6","2","10","15","5","0","0","0","1","0","0"
"POINT (8.618614964000074 50.149156432000041)","Unfall 36381 (2018) Kat:3, Licht: 0","36381","3","4","6","10","15","7","0","0","0","1","1","0"
"POINT (8.612168082000039 50.173262827000030)","Unfall 36383 (2018) Kat:3, Licht: 0","36383","3","6","2","10","16","5","0","0","0","1","0","0"
"POINT (8.565201879000028 50.052845499000057)","Unfall 36391 (2018) Kat:3, Licht: 1","36391","3","6","2","10","07","5","0","1","0","1","0","0"
"POINT (8.737125841000022 50.161851663000050)","Unfall 36401 (2018) Kat:3, Licht: 0","36401","3","6","2","10","15","1","0","0","0","1","0","0"
"POINT (8.603581522000070 50.100361714000030)","Unfall 36403 (2018) Kat:3, Licht: 2","36403","3","3","5","10","21","5","0","2","0","1","0","0"
"POINT (8.621037117000071 50.121290008000074)","Unfall 36415 (2018) Kat:3, Licht: 2","36415","3","3","6","10","06","3","0","2","0","0","1","0"
"POINT (8.641265599000064 50.095711761000075)","Unfall 36417 (2018) Kat:3, Licht: 0","36417","3","3","5","10","15","7","0","0","1","1","0","0"
"POINT (8.595599684000035 50.100086427000065)","Unfall 36422 (2018) Kat:3, Licht: 0","36422","3","2","3","09","14","1","0","0","1","1","0","0"
"POINT (8.670507357000076 50.138709119000055)","Unfall 36430 (2018) Kat:3, Licht: 2","36430","3","3","5","09","23","1","0","2","0","1","0","0"
"POINT (8.686036814000033 50.112401036000051)","Unfall 36449 (2018) Kat:3, Licht: 1","36449","3","6","2","10","18","3","0","1","0","1","0","0"
"POINT (8.731195388000060 50.119152992000068)","Unfall 36453 (2018) Kat:3, Licht: 0","36453","3","6","2","10","09","4","0","0","0","1","0","0"
"POINT (8.707179673000042 50.199084176000042)","Unfall 36464 (2018) Kat:3, Licht: 0","36464","3","6","2","10","15","5","0","0","0","1","0","0"
"POINT (8.691152698000053 50.092394683000066)","Unfall 36467 (2018) Kat:3, Licht: 0","36467","3","6","2","10","16","2","0","0","0","1","0","0"
"POINT (8.603187298000023 50.053168021000033)","Unfall 36469 (2018) Kat:3, Licht: 2","36469","3","6","3","10","05","4","0","2","0","1","0","1"
"POINT (8.728118923000068 50.122033149000060)","Unfall 36527 (2018) Kat:3, Licht: 0","36527","3","6","2","10","11","6","0","0","0","0","0","1"
"POINT (8.645838254000068 50.114005837000036)","Unfall 36531 (2018) Kat:3, Licht: 0","36531","3","6","2","10","08","1","0","0","0","1","0","0"
"POINT (8.671111442000040 50.137235653000062)","Unfall 36540 (2018) Kat:2, Licht: 2","36540","2","7","6","10","21","7","0","2","0","0","1","0"
"POINT (8.534122270000069 50.115907431000039)","Unfall 36560 (2018) Kat:3, Licht: 0","36560","3","6","2","10","08","5","0","0","0","1","0","0"
"POINT (8.540230074000021 50.099550843000031)","Unfall 36561 (2018) Kat:3, Licht: 0","36561","3","1","0","10","15","3","1","0","0","0","0","1"
"POINT (8.715825907000067 50.138512539000033)","Unfall 36574 (2018) Kat:3, Licht: 0","36574","3","7","0","10","13","3","0","0","0","0","0","1"
"POINT (8.640231073000052 50.114387966000038)","Unfall 36577 (2018) Kat:3, Licht: 0","36577","3","6","3","10","12","4","0","0","0","1","0","0"
"POINT (8.539235841000050 50.101206869000066)","Unfall 36584 (2018) Kat:3, Licht: 2","36584","3","2","5","10","21","3","0","2","1","0","0","0"
"POINT (8.594580678000057 50.131417736000060)","Unfall 36622 (2018) Kat:2, Licht: 1","36622","2","5","1","10","18","4","0","1","0","1","0","1"
"POINT (8.613324955000053 50.071010070000057)","Unfall 36623 (2018) Kat:3, Licht: 0","36623","3","6","2","10","10","2","0","0","0","1","0","0"
"POINT (8.754374348000056 50.127872255000057)","Unfall 36626 (2018) Kat:3, Licht: 0","36626","3","2","5","10","10","5","0","0","0","1","0","0"
"POINT (8.671866848000036 50.133467391000067)","Unfall 36633 (2018) Kat:2, Licht: 0","36633","2","6","3","09","14","7","0","0","0","1","0","1"
"POINT (8.651996920000045 50.140578796000057)","Unfall 36638 (2018) Kat:3, Licht: 0","36638","3","6","2","09","09","7","0","0","0","1","0","0"
"POINT (8.717493198000057 50.099720519000073)","Unfall 36639 (2018) Kat:3, Licht: 0","36639","3","6","2","09","18","7","0","0","0","1","0","0"
"POINT (8.670828236000034 50.148970937000058)","Unfall 36655 (2018) Kat:3, Licht: 0","36655","3","6","2","10","14","2","0","0","0","1","0","0"
"POINT (8.591674591000071 50.126137415000073)","Unfall 36665 (2018) Kat:3, Licht: 2","36665","3","6","2","10","20","6","0","2","0","1","0","0"
"POINT (8.645779430000061 50.114010530000030)","Unfall 36678 (2018) Kat:2, Licht: 0","36678","2","6","3","10","15","7","0","0","0","1","0","1"
"POINT (8.669891812000060 50.140237972000079)","Unfall 36696 (2018) Kat:2, Licht: 0","36696","2","4","6","10","13","6","0","0","0","1","1","0"
"POINT (8.692861031000064 50.060110007000048)","Unfall 36698 (2018) Kat:3, Licht: 2","36698","3","5","1","10","18","4","0","2","1","1","0","0"
"POINT (8.551463477000027 50.109480593000058)","Unfall 36709 (2018) Kat:3, Licht: 2","36709","3","4","6","10","21","7","0","2","0","1","1","0"
"POINT (8.691228997000053 50.061137750000057)","Unfall 36711 (2018) Kat:3, Licht: 1","36711","3","6","2","10","18","5","0","1","0","1","0","0"
"POINT (8.652592580000032 50.132150097000078)","Unfall 36719 (2018) Kat:3, Licht: 2","36719","3","1","8","10","02","5","0","2","0","1","0","0"
"POINT (8.691697262000048 50.129761843000040)","Unfall 36734 (2018) Kat:3, Licht: 0","36734","3","1","3","10","10","3","0","0","0","1","0","0"
"POINT (8.655916312000045 50.156914812000082)","Unfall 36737 (2018) Kat:3, Licht: 0","36737","3","4","6","10","17","4","0","0","1","0","1","0"
"POINT (8.504368883000041 50.097147774000064)","Unfall 36743 (2018) Kat:3, Licht: 0","36743","3","4","0","10","15","3","0","0","0","1","1","1"
"POINT (8.707761702000028 50.111362028000030)","Unfall 36745 (2018) Kat:3, Licht: 2","36745","3","1","0","10","03","7","0","2","1","0","0","0"
"POINT (8.590040437000027 50.132596809000063)","Unfall 36771 (2018) Kat:2, Licht: 0","36771","2","3","5","09","18","7","0","0","0","1","0","0"
"POINT (8.538359616000037 50.117322571000045)","Unfall 36778 (2018) Kat:3, Licht: 0","36778","3","6","2","09","15","7","0","0","0","1","0","0"
"POINT (8.617731972000058 50.134259856000028)","Unfall 36783 (2018) Kat:3, Licht: 0","36783","3","1","9","10","15","3","1","0","0","1","0","0"
"POINT (8.607212169000036 50.057172189000028)","Unfall 36794 (2018) Kat:3, Licht: 0","36794","3","6","2","10","12","3","1","0","0","1","0","0"
"POINT (8.585302417000037 50.053995620000080)","Unfall 36802 (2018) Kat:3, Licht: 0","36802","3","3","5","10","16","4","1","0","0","1","0","0"
"POINT (8.602026065000075 50.110394692000057)","Unfall 36815 (2018) Kat:2, Licht: 1","36815","2","6","2","10","18","3","1","1","0","1","0","0"
"POINT (8.681221887000049 50.095211154000026)","Unfall 36817 (2018) Kat:3, Licht: 0","36817","3","6","2","09","10","6","0","0","0","1","0","0"
"POINT (8.761670231000039 50.116074231000027)","Unfall 36823 (2018) Kat:3, Licht: 0","36823","3","2","5","09","10","6","0","0","1","1","0","0"
"POINT (8.698335611000061 50.139219588000060)","Unfall 36831 (2018) Kat:3, Licht: 0","36831","3","6","2","09","08","6","0","0","0","1","0","0"
"POINT (8.603348539000024 50.108142724000061)","Unfall 36845 (2018) Kat:3, Licht: 2","36845","3","6","2","10","22","5","0","2","0","1","0","0"
"POINT (8.731492103000051 50.118952016000037)","Unfall 36858 (2018) Kat:3, Licht: 0","36858","3","6","2","10","14","6","0","0","0","1","0","0"
"POINT (8.684717815000056 50.162140179000062)","Unfall 36862 (2018) Kat:3, Licht: 0","36862","3","6","2","10","15","1","0","0","0","1","0","0"
"POINT (8.629158452000070 50.116090047000057)","Unfall 36871 (2018) Kat:3, Licht: 0","36871","3","6","2","10","14","7","0","0","0","1","0","1"
"POINT (8.724357748000045 50.132947895000029)","Unfall 36880 (2018) Kat:3, Licht: 0","36880","3","1","0","10","18","4","0","0","0","0","0","1"
"POINT (8.699889759000030 50.110239878000073)","Unfall 36889 (2018) Kat:3, Licht: 1","36889","3","2","3","10","20","7","0","1","0","1","0","1"
"POINT (8.505342716000030 50.097179035000067)","Unfall 36892 (2018) Kat:3, Licht: 0","36892","3","6","2","10","13","3","1","0","0","1","0","0"
"POINT (8.657503323000071 50.078989951000040)","Unfall 36904 (2018) Kat:3, Licht: 0","36904","3","6","2","10","10","3","0","0","0","1","0","0"
"POINT (8.625047373000029 50.151403771000048)","Unfall 36907 (2018) Kat:3, Licht: 2","36907","3","3","0","10","21","4","0","2","0","1","0","1"
"POINT (8.667503867000050 50.100302045000035)","Unfall 36935 (2018) Kat:3, Licht: 2","36935","3","6","2","10","21","5","0","2","0","1","0","0"
"POINT (8.646824689000027 50.113666033000072)","Unfall 36949 (2018) Kat:3, Licht: 0","36949","3","6","6","10","08","4","0","0","1","0","1","0"
"POINT (8.618777413000032 50.172912715000052)","Unfall 36953 (2018) Kat:3, Licht: 0","36953","3","6","3","10","08","5","0","0","0","1","0","0"
"POINT (8.545822846000021 50.104183356000078)","Unfall 36975 (2018) Kat:3, Licht: 0","36975","3","6","2","10","16","6","0","0","0","1","0","0"
"POINT (8.600387254000054 50.133099223000045)","Unfall 36978 (2018) Kat:3, Licht: 0","36978","3","6","2","09","17","6","0","0","0","1","0","0"
"POINT (8.569731207000075 50.098688649000053)","Unfall 36983 (2018) Kat:3, Licht: 0","36983","3","7","1","10","17","2","0","0","0","1","0","0"
"POINT (8.560981368000057 50.052265590000047)","Unfall 36984 (2018) Kat:3, Licht: 0","36984","3","6","2","09","15","6","0","0","0","0","0","0"
"POINT (8.639768779000065 50.197723143000076)","Unfall 36985 (2018) Kat:3, Licht: 0","36985","3","6","2","10","12","7","0","0","0","1","0","0"
"POINT (8.606712942000058 50.163323365000053)","Unfall 36990 (2018) Kat:2, Licht: 0","36990","2","6","2","09","14","6","0","0","0","1","0","0"
"POINT (8.702156441000057 50.203266118000045)","Unfall 37006 (2018) Kat:3, Licht: 1","37006","3","6","2","10","18","7","0","1","0","1","0","0"
"POINT (8.694988831000046 50.132339973000057)","Unfall 37012 (2018) Kat:3, Licht: 2","37012","3","6","2","10","20","6","0","2","0","1","0","0"
"POINT (8.740043382000067 50.100243909000028)","Unfall 37021 (2018) Kat:2, Licht: 2","37021","2","6","3","10","22","6","0","2","0","1","0","1"
"POINT (8.558851793000031 50.102152752000052)","Unfall 37022 (2018) Kat:3, Licht: 0","37022","3","1","0","10","16","3","0","0","0","1","0","1"
"POINT (8.564927715000067 50.086187879000079)","Unfall 37023 (2018) Kat:2, Licht: 0","37023","2","6","4","10","14","7","0","0","1","1","0","0"
"POINT (8.699449511000069 50.141080814000077)","Unfall 37025 (2018) Kat:3, Licht: 0","37025","3","2","5","10","07","3","1","0","1","0","0","1"
"POINT (8.657312675000071 50.100687514000072)","Unfall 37038 (2018) Kat:3, Licht: 2","37038","3","1","1","11","22","5","0","2","0","1","0","0"
"POINT (8.651926927000034 50.196182101000034)","Unfall 37045 (2018) Kat:3, Licht: 0","37045","3","6","2","10","07","4","0","0","0","1","0","0"
"POINT (8.602983864000066 50.108703954000077)","Unfall 37057 (2018) Kat:2, Licht: 2","37057","2","6","2","11","17","2","0","2","0","1","0","0"
"POINT (8.552805601000046 50.105868748000034)","Unfall 37070 (2018) Kat:3, Licht: 0","37070","3","2","0","10","11","4","1","0","0","0","0","1"
"POINT (8.683899887000052 50.162856168000076)","Unfall 37091 (2018) Kat:3, Licht: 0","37091","3","2","0","11","14","2","0","0","0","1","0","0"
"POINT (8.524092341000028 50.112085115000070)","Unfall 37099 (2018) Kat:3, Licht: 0","37099","3","6","2","10","13","6","0","0","0","1","0","0"
"POINT (8.648999550000042 50.113754315000051)","Unfall 37112 (2018) Kat:3, Licht: 0","37112","3","6","3","11","13","6","0","0","1","0","0","0"
"POINT (8.691174735000061 50.098799059000044)","Unfall 37113 (2018) Kat:3, Licht: 1","37113","3","3","5","10","16","1","1","1","0","1","0","0"
"POINT (8.760799453000061 50.130237367000063)","Unfall 37116 (2018) Kat:3, Licht: 0","37116","3","7","6","11","10","7","0","0","1","0","1","0"
"POINT (8.548721360000059 50.102818462000073)","Unfall 37123 (2018) Kat:2, Licht: 0","37123","2","3","5","10","13","6","0","0","1","1","0","0"
"POINT (8.750453264000043 50.121346960000039)","Unfall 37128 (2018) Kat:3, Licht: 2","37128","3","6","3","11","18","6","0","2","0","1","0","0"
"POINT (8.533776078000074 50.115648200000066)","Unfall 37131 (2018) Kat:3, Licht: 2","37131","3","3","5","11","01","1","1","2","0","1","0","0"
"POINT (8.668387311000060 50.131572519000031)","Unfall 37148 (2018) Kat:3, Licht: 2","37148","3","2","5","11","17","4","0","2","1","1","0","0"
"POINT (8.611622232000059 50.172765324000068)","Unfall 37158 (2018) Kat:3, Licht: 0","37158","3","6","2","11","13","5","0","0","0","1","0","0"
"POINT (8.530104387000051 50.114360178000027)","Unfall 37176 (2018) Kat:2, Licht: 2","37176","2","1","9","10","19","3","1","2","0","1","0","0"
"POINT (8.572605163000048 50.123998765000067)","Unfall 37180 (2018) Kat:3, Licht: 0","37180","3","2","5","11","16","5","0","0","0","1","0","0"
"POINT (8.625115307000044 50.189453627000034)","Unfall 37182 (2018) Kat:2, Licht: 2","37182","2","1","8","11","21","7","1","2","0","1","0","0"
"POINT (8.599118354000041 50.133416329000056)","Unfall 37184 (2018) Kat:3, Licht: 0","37184","3","7","0","11","14","3","0","0","0","0","0","1"
"POINT (8.603741511000067 50.114639456000077)","Unfall 37194 (2018) Kat:3, Licht: 2","37194","3","6","2","10","19","5","0","2","0","1","0","0"
"POINT (8.545412514000077 50.106301716000075)","Unfall 37214 (2018) Kat:3, Licht: 2","37214","3","3","5","11","04","7","1","2","0","0","0","1"
"POINT (8.647557293000034 50.141376595000054)","Unfall 37227 (2018) Kat:2, Licht: 0","37227","2","4","6","10","07","4","0","0","0","1","1","0"
"POINT (8.681921572000022 50.160155291000081)","Unfall 37234 (2018) Kat:3, Licht: 0","37234","3","6","2","10","12","1","0","0","0","1","0","0"
"POINT (8.702025455000069 50.122379187000035)","Unfall 37236 (2018) Kat:3, Licht: 0","37236","3","1","0","11","09","1","0","0","1","0","0","0"
"POINT (8.735973081000054 50.110348964000082)","Unfall 37241 (2018) Kat:3, Licht: 1","37241","3","6","2","11","18","2","0","1","0","1","0","0"
"POINT (8.664985084000023 50.104465170000026)","Unfall 37280 (2018) Kat:3, Licht: 0","37280","3","3","5","11","08","2","0","0","1","1","0","0"
"POINT (8.614283974000045 50.136929177000070)","Unfall 37287 (2018) Kat:3, Licht: 0","37287","3","6","2","11","15","4","0","0","0","1","0","0"
"POINT (8.725297911000041 50.127426170000035)","Unfall 37290 (2018) Kat:3, Licht: 0","37290","3","3","0","11","10","6","0","0","0","1","0","0"
"POINT (8.667275347000043 50.100496716000066)","Unfall 37293 (2018) Kat:3, Licht: 1","37293","3","6","2","10","18","2","0","1","0","1","0","0"
"POINT (8.692372935000037 50.106884117000050)","Unfall 37309 (2018) Kat:3, Licht: 2","37309","3","3","0","10","19","4","0","2","1","0","0","0"
"POINT (8.610907335000036 50.066169557000080)","Unfall 37312 (2018) Kat:3, Licht: 2","37312","3","6","2","10","19","4","0","2","0","1","0","0"
"POINT (8.611606146000042 50.172256340000047)","Unfall 37331 (2018) Kat:3, Licht: 0","37331","3","6","2","11","13","6","0","0","0","1","0","0"
"POINT (8.513974289000032 50.084661325000070)","Unfall 37349 (2018) Kat:3, Licht: 0","37349","3","2","2","10","15","3","1","0","0","1","0","0"
"POINT (8.692813259000047 50.109271584000055)","Unfall 37366 (2018) Kat:3, Licht: 2","37366","3","6","2","10","20","6","0","2","0","1","0","0"
"POINT (8.532913529000041 50.116033432000052)","Unfall 37370 (2018) Kat:3, Licht: 2","37370","3","6","2","10","06","4","1","2","0","1","0","0"
"POINT (8.634110458000066 50.088533627000061)","Unfall 37380 (2018) Kat:3, Licht: 0","37380","3","6","2","11","07","2","0","0","0","1","0","0"
"POINT (8.601521761000072 50.047354346000077)","Unfall 37388 (2018) Kat:3, Licht: 1","37388","3","6","2","10","07","3","0","1","0","1","0","0"
"POINT (8.654727076000029 50.132267811000077)","Unfall 37391 (2018) Kat:3, Licht: 1","37391","3","6","2","11","16","3","0","1","0","1","0","0"
"POINT (8.638240030000077 50.133793944000047)","Unfall 37395 (2018) Kat:3, Licht: 1","37395","3","6","2","11","17","2","0","1","0","1","0","0"
"POINT (8.670857123000076 50.097796993000031)","Unfall 37402 (2018) Kat:3, Licht: 2","37402","3","6","2","10","19","3","0","2","0","1","0","0"
"POINT (8.620880436000050 50.121303952000062)","Unfall 37417 (2018) Kat:3, Licht: 1","37417","3","6","0","10","18","7","0","1","0","0","0","0"
"POINT (8.687635579000073 50.107199110000067)","Unfall 37422 (2018) Kat:3, Licht: 0","37422","3","2","6","10","17","7","0","0","0","0","1","0"
"POINT (8.730353290000039 50.118668924000076)","Unfall 37423 (2018) Kat:3, Licht: 0","37423","3","6","2","11","10","5","0","0","0","1","0","0"
"POINT (8.611493201000030 50.132760416000053)","Unfall 37424 (2018) Kat:3, Licht: 2","37424","3","1","9","11","19","7","0","2","0","1","0","0"