WKT,Name,OBJECTID,UKATEGORIE,UTYP1,UART,UMONAT,USTUNDE,UWOCHENTAG,STRZUSTAND,ULICHTVERH,ISTRAD,ISTPKW,ISTFUSS,ISTKRAD
"POINT (8.765963187000068 50.132556050000062)","Unfall 37429 (2018) Kat:3, Licht: 0","37429","3","1","0","10","10","7","0","0","0","0","0","1"
"POINT (8.611406856000031 50.146478597000055)","Unfall 37430 (2018) Kat:3, Licht: 1","37430","3","3","0","10","16","4","0","1","1","1","0","0"
"POINT (8.587190212000053 50.055480607000050)","Unfall 37453 (2018) Kat:3, Licht: 2","37453","3","6","2","10","20","2","0","2","0","1","0","0"
"POINT (8.656631084000026 50.100478886000076)","Unfall 37475 (2018) Kat:3, Licht: 2","37475","3","3","5","10","18","4","0","2","0","1","0","0"
"POINT (8.618756988000030 50.100583215000029)","Unfall 37478 (2018) Kat:3, Licht: 0","37478","3","6","2","11","13","2","0","0","0","1","0","0"
"POINT (8.539390291000075 50.117512933000057)","Unfall 37480 (2018) Kat:3, Licht: 0","37480","3","6","2","11","13","7","0","0","0","1","0","0"
"POINT (8.628067305000059 50.191182829000070)","Unfall 37495 (2018) Kat:3, Licht: 1","37495","3","6","3","11","07","4","0","1","0","1","0","0"
"POINT (8.546377504000077 50.103688233000071)","Unfall 37501 (2018) Kat:2, Licht: 0","37501","2","2","5","10","15","1","0","0","0","1","0","1"
"POINT (8.717586085000050 50.113403285000061)","Unfall 37503 (2018) Kat:3, Licht: 0","37503","3","7","5","10","08","4","0","0","0","1","0","0"
"POINT (8.682864078000023 50.144206665000070)","Unfall 37504 (2018) Kat:2, Licht: 0","37504","2","6","3","11","13","7","0","0","0","1","0","1"
"POINT (8.705560807000040 50.145801764000055)","Unfall 37506 (2018) Kat:3, Licht: 1","37506","3","6","2","10","16","4","0","1","0","1","0","0"
"POINT (8.554640238000047 50.102002471000048)","Unfall 37517 (2018) Kat:3, Licht: 0","37517","3","3","5","11","16","6","1","0","1","1","0","0"
"POINT (8.643563479000022 50.096455521000053)","Unfall 37533 (2018) Kat:3, Licht: 0","37533","3","6","2","11","15","4","0","0","0","1","0","0"
"POINT (8.608690830000057 50.131767038000078)","Unfall 37543 (2018) Kat:3, Licht: 2","37543","3","6","3","11","19","5","0","2","0","1","0","0"
"POINT (8.597531183000058 50.117080675000068)","Unfall 37563 (2018) Kat:3, Licht: 0","37563","3","3","5","10","15","3","1","0","0","1","0","0"
"POINT (8.726346952000029 50.116381714000056)","Unfall 37568 (2018) Kat:3, Licht: 0","37568","3","6","3","11","09","2","0","0","0","1","0","0"
"POINT (8.686421716000041 50.107355502000075)","Unfall 37578 (2018) Kat:3, Licht: 0","37578","3","6","3","10","13","7","0","0","1","0","0","0"
"POINT (8.624361616000044 50.143823161000057)","Unfall 37618 (2018) Kat:2, Licht: 1","37618","2","4","6","10","07","4","1","1","0","1","1","0"
"POINT (8.733006755000076 50.115631242000063)","Unfall 37632 (2018) Kat:3, Licht: 0","37632","3","6","2","11","06","2","0","0","0","1","0","0"
"POINT (8.687804085000039 50.107193232000043)","Unfall 37642 (2018) Kat:3, Licht: 2","37642","3","3","5","10","19","2","0","2","0","1","0","0"
"POINT (8.711141312000052 50.105116177000070)","Unfall 37653 (2018) Kat:3, Licht: 0","37653","3","3","5","10","14","2","0","0","1","1","0","0"
"POINT (8.707063542000071 50.126888597000061)","Unfall 37663 (2018) Kat:3, Licht: 0","37663","3","6","2","10","15","2","0","0","0","1","0","0"
"POINT (8.634299650000060 50.102105482000070)","Unfall 37667 (2018) Kat:3, Licht: 0","37667","3","6","2","11","12","2","0","0","0","1","0","0"
"POINT (8.657018175000076 50.206065727000066)","Unfall 37674 (2018) Kat:3, Licht: 0","37674","3","6","2","11","12","4","0","0","0","1","0","0"
"POINT (8.610578194000027 50.175735385000053)","Unfall 37681 (2018) Kat:3, Licht: 2","37681","3","6","4","10","20","2","1","2","0","1","0","0"
"POINT (8.593082815000059 50.134854442000062)","Unfall 37682 (2018) Kat:3, Licht: 2","37682","3","6","2","11","17","4","0","2","0","1","0","0"
"POINT (8.668305670000052 50.131571639000072)","Unfall 37691 (2018) Kat:3, Licht: 0","37691","3","6","2","11","14","7","0","0","0","1","0","0"
"POINT (8.668362771000034 50.197745155000064)","Unfall 37692 (2018) Kat:3, Licht: 0","37692","3","4","6","10","14","6","0","0","0","1","1","0"
"POINT (8.705031019000046 50.144257128000049)","Unfall 37699 (2018) Kat:3, Licht: 0","37699","3","6","2","10","13","6","0","0","0","1","0","0"
"POINT (8.624437969000041 50.138299161000077)","Unfall 37700 (2018) Kat:3, Licht: 0","37700","3","3","5","10","07","6","0","0","1","1","0","0"
"POINT (8.677796749000038 50.105400241000041)","Unfall 37705 (2018) Kat:3, Licht: 2","37705","3","3","5","10","23","4","0","2","1","1","0","0"
"POINT (8.699665549000031 50.110178566000059)","Unfall 37707 (2018) Kat:3, Licht: 0","37707","3","1","0","10","14","6","0","0","1","1","0","1"
"POINT (8.552911751000067 50.050469501000066)","Unfall 37716 (2018) Kat:3, Licht: 2","37716","3","6","2","11","20","6","0","2","0","1","0","0"
"POINT (8.635102634000020 50.195000394000033)","Unfall 37754 (2018) Kat:3, Licht: 0","37754","3","6","2","10","07","3","1","0","0","1","0","0"
"POINT (8.591214379000064 50.100051376000067)","Unfall 37758 (2018) Kat:3, Licht: 0","37758","3","7","0","11","07","5","0","0","1","0","0","0"
"POINT (8.699980810000056 50.124421165000058)","Unfall 37762 (2018) Kat:3, Licht: 0","37762","3","2","5","11","07","6","0","0","1","0","0","0"
"POINT (8.691015088000029 50.093471798000053)","Unfall 37764 (2018) Kat:3, Licht: 2","37764","3","6","2","11","21","5","0","2","0","1","0","0"
"POINT (8.699496923000027 50.160711010000057)","Unfall 37765 (2018) Kat:3, Licht: 0","37765","3","1","9","11","10","1","1","0","0","1","0","0"
"POINT (8.715498804000049 50.112695116000054)","Unfall 37776 (2018) Kat:3, Licht: 2","37776","3","5","1","11","19","1","0","2","0","1","0","1"
"POINT (8.533902703000024 50.115748932000031)","Unfall 37782 (2018) Kat:3, Licht: 2","37782","3","6","2","11","18","3","0","2","0","1","0","0"
"POINT (8.594815081000036 50.053237430000081)","Unfall 37786 (2018) Kat:3, Licht: 2","37786","3","6","3","11","23","2","1","2","0","1","0","0"
"POINT (8.623422841000036 50.101042510000070)","Unfall 37796 (2018) Kat:3, Licht: 0","37796","3","3","5","11","12","7","0","0","0","1","0","0"
"POINT (8.743080553000027 50.136386127000037)","Unfall 37808 (2018) Kat:3, Licht: 0","37808","3","3","5","10","12","6","0","0","1","1","0","0"
"POINT (8.731801051000048 50.118489959000044)","Unfall 37809 (2018) Kat:3, Licht: 0","37809","3","6","2","10","13","4","0","0","0","1","0","0"
"POINT (8.546979873000055 50.120421537000027)","Unfall 37815 (2018) Kat:3, Licht: 2","37815","3","6","2","11","18","7","0","2","0","1","0","0"
"POINT (8.590088115000071 50.116347741000027)","Unfall 37818 (2018) Kat:3, Licht: 0","37818","3","1","8","11","11","7","1","0","0","1","0","0"
"POINT (8.614735960000076 50.136413689000051)","Unfall 37820 (2018) Kat:2, Licht: 0","37820","2","7","0","11","12","3","1","0","0","0","0","1"
"POINT (8.689865444000077 50.130421634000072)","Unfall 37858 (2018) Kat:3, Licht: 0","37858","3","3","5","11","14","2","0","0","1","1","0","0"
"POINT (8.735765749000052 50.120692514000041)","Unfall 37865 (2018) Kat:3, Licht: 0","37865","3","7","0","11","13","4","0","0","1","1","0","0"
"POINT (8.728244214000029 50.117240442000082)","Unfall 37871 (2018) Kat:3, Licht: 2","37871","3","6","2","10","05","2","0","2","0","1","0","0"
"POINT (8.691063744000076 50.097471482000060)","Unfall 37891 (2018) Kat:2, Licht: 0","37891","2","7","0","10","11","4","0","0","1","0","0","0"
"POINT (8.609407753000028 50.063167088000057)","Unfall 37894 (2018) Kat:3, Licht: 1","37894","3","6","2","10","17","4","0","1","0","1","0","0"
"POINT (8.518931485000053 50.110186643000077)","Unfall 37901 (2018) Kat:3, Licht: 2","37901","3","6","3","11","18","6","0","2","0","1","0","0"
"POINT (8.705493803000024 50.142295634000050)","Unfall 37913 (2018) Kat:3, Licht: 0","37913","3","1","8","11","16","6","0","0","0","1","0","0"
"POINT (8.639606749000052 50.161697254000046)","Unfall 37931 (2018) Kat:2, Licht: 0","37931","2","2","0","10","09","5","0","0","0","1","0","0"
"POINT (8.634834159000036 50.088629592000075)","Unfall 37938 (2018) Kat:3, Licht: 0","37938","3","6","2","10","15","5","0","0","0","1","0","0"
"POINT (8.636284505000049 50.102292917000057)","Unfall 37943 (2018) Kat:3, Licht: 0","37943","3","2","5","10","16","5","0","0","0","1","0","1"
"POINT (8.602826703000062 50.049408871000026)","Unfall 37946 (2018) Kat:3, Licht: 2","37946","3","6","3","10","20","4","0","2","0","1","0","0"
"POINT (8.715462975000037 50.123870937000049)","Unfall 37956 (2018) Kat:2, Licht: 2","37956","2","1","8","11","21","2","1","2","1","1","0","0"
"POINT (8.710513198000058 50.122228063000080)","Unfall 37977 (2018) Kat:3, Licht: 0","37977","3","2","5","10","08","3","0","0","1","0","0","0"
"POINT (8.536838492000072 50.112192381000057)","Unfall 37987 (2018) Kat:1, Licht: 0","37987","1","1","0","11","09","6","0","0","0","0","0","1"
"POINT (8.565419928000040 50.126716149000060)","Unfall 37990 (2018) Kat:3, Licht: 2","37990","3","2","5","11","06","6","0","2","0","1","0","0"
"POINT (8.695329229000038 50.109230978000028)","Unfall 37996 (2018) Kat:3, Licht: 0","37996","3","3","5","11","12","6","0","0","1","1","0","0"
"POINT (8.662493045000076 50.090681432000054)","Unfall 38002 (2018) Kat:3, Licht: 0","38002","3","2","5","12","14","2","1","0","0","1","0","0"
"POINT (8.591255581000041 50.133297055000071)","Unfall 38028 (2018) Kat:3, Licht: 0","38028","3","1","8","11","08","3","0","0","0","1","0","0"
"POINT (8.607301140000061 50.128009120000058)","Unfall 38040 (2018) Kat:2, Licht: 2","38040","2","2","5","12","19","2","1","2","1","0","0","0"
"POINT (8.659482848000039 50.101634562000072)","Unfall 38047 (2018) Kat:3, Licht: 2","38047","3","3","6","12","18","5","1","2","0","1","1","0"
"POINT (8.656238585000040 50.081553445000054)","Unfall 38060 (2018) Kat:3, Licht: 2","38060","3","6","2","11","16","6","1","2","0","1","0","0"
"POINT (8.563134082000033 50.050086128000032)","Unfall 38067 (2018) Kat:3, Licht: 2","38067","3","6","2","11","06","5","0","2","0","1","0","0"
"POINT (8.586548892000053 50.133359401000064)","Unfall 38078 (2018) Kat:3, Licht: 2","38078","3","1","9","12","21","1","1","2","0","1","0","0"
"POINT (8.635077745000046 50.079342563000068)","Unfall 38095 (2018) Kat:3, Licht: 0","38095","3","7","3","11","13","4","0","0","0","1","0","0"
"POINT (8.739617441000064 50.100645181000061)","Unfall 38096 (2018) Kat:3, Licht: 0","38096","3","6","3","12","13","5","1","0","0","1","0","0"
"POINT (8.505584651000049 50.097186800000031)","Unfall 38109 (2018) Kat:2, Licht: 2","38109","2","3","5","11","17","5","0","2","0","1","0","1"
"POINT (8.660006497000040 50.109222890000069)","Unfall 38110 (2018) Kat:3, Licht: 0","38110","3","3","5","11","11","7","1","0","1","1","0","0"
"POINT (8.614354541000068 50.132749981000075)","Unfall 38117 (2018) Kat:3, Licht: 0","38117","3","6","2","12","08","2","1","0","0","1","0","0"
"POINT (8.702344831000062 50.160707196000033)","Unfall 38157 (2018) Kat:3, Licht: 2","38157","3","1","9","12","19","2","1","2","0","1","0","0"
"POINT (8.764001157000052 50.135790366000037)","Unfall 38164 (2018) Kat:3, Licht: 2","38164","3","3","4","12","18","7","1","2","0","1","0","0"
"POINT (8.653937283000062 50.106783827000072)","Unfall 38185 (2018) Kat:2, Licht: 2","38185","2","6","6","11","18","6","0","2","1","0","1","0"
"POINT (8.551873407000073 50.110530769000036)","Unfall 38199 (2018) Kat:2, Licht: 2","38199","2","7","6","12","23","4","0","2","0","0","1","0"
"POINT (8.635184547000051 50.160188266000034)","Unfall 38201 (2018) Kat:3, Licht: 2","38201","3","6","2","11","17","7","0","2","0","1","0","0"
"POINT (8.619428349000032 50.185339070000055)","Unfall 38217 (2018) Kat:3, Licht: 0","38217","3","1","8","12","09","1","1","0","0","1","0","0"
"POINT (8.697079843000040 50.109322390000045)","Unfall 38220 (2018) Kat:3, Licht: 2","38220","3","1","8","12","06","2","1","2","0","1","0","0"
"POINT (8.558832261000021 50.125007228000072)","Unfall 38243 (2018) Kat:3, Licht: 2","38243","3","6","2","11","23","6","0","2","0","1","0","0"
"POINT (8.778057407000063 50.159380104000036)","Unfall 38245 (2018) Kat:3, Licht: 1","38245","3","6","2","12","07","6","1","1","0","1","0","0"
"POINT (8.601404386000070 50.153682539000044)","Unfall 38246 (2018) Kat:3, Licht: 0","38246","3","6","2","11","12","6","0","0","0","1","0","0"
"POINT (8.613745473000051 50.071852013000068)","Unfall 38250 (2018) Kat:3, Licht: 0","38250","3","6","2","11","14","6","0","0","0","1","0","0"
"POINT (8.641067269000075 50.056685732000062)","Unfall 38251 (2018) Kat:3, Licht: 2","38251","3","6","2","11","17","6","0","2","0","1","0","0"
"POINT (8.656318884000029 50.207441335000055)","Unfall 38257 (2018) Kat:3, Licht: 0","38257","3","6","3","11","15","6","0","0","0","1","0","0"
"POINT (8.752926773000070 50.144147151000027)","Unfall 38302 (2018) Kat:3, Licht: 0","38302","3","2","0","12","14","7","1","0","0","1","0","0"
"POINT (8.669925006000028 50.105590539000048)","Unfall 38324 (2018) Kat:2, Licht: 2","38324","2","2","5","12","17","2","0","2","1","1","0","0"
"POINT (8.596710205000022 50.053274032000047)","Unfall 38327 (2018) Kat:1, Licht: 2","38327","1","6","2","12","19","5","1","2","0","0","0","0"
"POINT (8.548223051000036 50.102616931000057)","Unfall 38336 (2018) Kat:3, Licht: 0","38336","3","6","2","11","12","5","0","0","0","1","0","0"
"POINT (8.529160007000030 50.098334996000062)","Unfall 38342 (2018) Kat:2, Licht: 2","38342","2","7","3","12","06","3","1","2","0","1","0","0"
"POINT (8.679681245000040 50.094395551000048)","Unfall 38343 (2018) Kat:3, Licht: 0","38343","3","1","0","11","13","5","0","0","1","0","0","0"
"POINT (8.632103086000029 50.101895629000069)","Unfall 38347 (2018) Kat:3, Licht: 2","38347","3","6","2","11","18","2","0","2","0","1","0","0"
"POINT (8.731768518000024 50.117427886000030)","Unfall 38386 (2018) Kat:3, Licht: 2","38386","3","6","2","11","17","3","0","2","0","1","0","0"
"POINT (8.566567630000066 50.119681743000058)","Unfall 38390 (2018) Kat:3, Licht: 0","38390","3","6","4","11","09","5","0","0","0","1","0","0"
"POINT (8.668729271000075 50.099605716000042)","Unfall 38395 (2018) Kat:3, Licht: 2","38395","3","6","2","11","18","5","0","2","0","1","0","0"
"POINT (8.643338312000026 50.096382624000057)","Unfall 38396 (2018) Kat:3, Licht: 0","38396","3","3","5","11","11","7","1","0","1","0","0","0"
"POINT (8.643800682000062 50.129613665000079)","Unfall 38399 (2018) Kat:3, Licht: 0","38399","3","3","5","12","14","7","0","0","1","1","0","0"
"POINT (8.635152772000026 50.079281948000073)","Unfall 38403 (2018) Kat:3, Licht: 0","38403","3","7","0","11","10","4","0","0","0","1","0","0"
"POINT (8.724025982000057 50.141126647000078)","Unfall 38421 (2018) Kat:2, Licht: 0","38421","2","3","5","12","10","4","0","0","0","1","0","0"
"POINT (8.681663593000053 50.111705137000058)","Unfall 38423 (2018) Kat:2, Licht: 0","38423","2","3","5","11","09","7","0","0","1","1","0","0"
"POINT (8.663134393000064 50.131374807000043)","Unfall 38443 (2018) Kat:3, Licht: 2","38443","3","6","2","12","18","2","1","2","0","1","0","0"
"POINT (8.556095392000032 50.051350140000068)","Unfall 38452 (2018) Kat:3, Licht: 2","38452","3","6","2","11","17","5","0","2","0","1","0","0"
"POINT (8.637795109000024 50.102432844000077)","Unfall 38461 (2018) Kat:2, Licht: 0","38461","2","2","5","12","14","6","1","0","0","1","0","1"
"POINT (8.651755702000060 50.195139674000075)","Unfall 38479 (2018) Kat:3, Licht: 2","38479","3","6","2","11","18","5","0","2","0","1","0","0"
"POINT (8.587310877000050 50.134385446000067)","Unfall 38506 (2018) Kat:2, Licht: 0","38506","2","7","2","12","08","2","0","0","0","1","0","0"
"POINT (8.710901522000029 50.111279997000054)","Unfall 38510 (2018) Kat:3, Licht: 0","38510","3","7","3","11","09","3","0","0","0","1","0","0"
"POINT (8.667411523000055 50.146522045000040)","Unfall 38516 (2018) Kat:3, Licht: 2","38516","3","6","2","11","18","6","1","2","0","1","0","1"
"POINT (8.674808497000072 50.170836290000068)","Unfall 38529 (2018) Kat:3, Licht: 0","38529","3","1","0","11","11","4","1","0","1","0","0","0"
"POINT (8.483215910000070 50.093813450000027)","Unfall 38537 (2018) Kat:3, Licht: 0","38537","3","6","3","11","13","7","1","0","0","1","0","0"
"POINT (8.663237197000058 50.150670133000062)","Unfall 38543 (2018) Kat:3, Licht: 0","38543","3","1","1","12","08","7","1","0","0","1","0","0"
"POINT (8.506787579000047 50.076809043000026)","Unfall 38546 (2018) Kat:3, Licht: 1","38546","3","3","5","11","16","4","1","1","0","1","0","0"
"POINT (8.652161743000022 50.106081967000080)","Unfall 38550 (2018) Kat:3, Licht: 2","38550","3","2","3","12","16","2","1","2","1","1","0","0"
"POINT (8.584260930000028 50.054494918000046)","Unfall 38553 (2018) Kat:2, Licht: 0","38553","2","1","8","12","08","5","1","0","0","1","0","0"
"POINT (8.617343923000021 50.089694520000080)","Unfall 38556 (2018) Kat:3, Licht: 2","38556","3","1","8","11","01","2","0","2","0","1","0","0"
"POINT (8.764131105000047 50.160265117000051)","Unfall 38565 (2018) Kat:3, Licht: 0","38565","3","6","2","12","09","4","0","0","0","1","0","0"
"POINT (8.651740790000076 50.196221592000029)","Unfall 38567 (2018) Kat:3, Licht: 2","38567","3","1","8","11","16","7","1","2","0","1","0","0"
"POINT (8.734421303000033 50.112790272000041)","Unfall 38571 (2018) Kat:3, Licht: 1","38571","3","6","3","12","06","6","1","1","0","1","0","0"
"POINT (8.639524054000049 50.102593129000070)","Unfall 38573 (2018) Kat:3, Licht: 2","38573","3","6","2","11","16","2","0","2","0","1","0","0"
"POINT (8.697032595000053 50.109306390000029)","Unfall 38576 (2018) Kat:2, Licht: 2","38576","2","1","8","11","07","6","0","2","0","1","0","0"
"POINT (8.536066788000028 50.116485007000051)","Unfall 38597 (2018) Kat:3, Licht: 0","38597","3","6","2","11","15","7","0","0","0","1","0","0"
"POINT (8.690678152000032 50.102960129000053)","Unfall 38621 (2018) Kat:3, Licht: 2","38621","3","4","6","12","02","7","1","2","0","0","1","0"
"POINT (8.627584429000024 50.101463802000069)","Unfall 38636 (2018) Kat:3, Licht: 2","38636","3","7","6","11","17","2","0","2","0","1","1","0"
"POINT (8.740189351000026 50.092870865000066)","Unfall 38639 (2018) Kat:3, Licht: 0","38639","3","6","2","11","13","6","0","0","0","1","0","0"
"POINT (8.554075727000054 50.123119409000026)","Unfall 38671 (2018) Kat:3, Licht: 2","38671","3","6","2","11","18","4","0","2","0","1","0","0"
"POINT (8.696467062000068 50.135719518000030)","Unfall 38678 (2018) Kat:3, Licht: 0","38678","3","3","5","12","10","2","1","0","0","1","0","0"
"POINT (8.527688703000024 50.097656647000065)","Unfall 38683 (2018) Kat:3, Licht: 0","38683","3","6","2","12","15","3","0","0","0","1","0","0"
"POINT (8.603090868000038 50.113998473000038)","Unfall 38697 (2018) Kat:3, Licht: 2","38697","3","6","2","11","06","4","0","2","0","1","0","0"
"POINT (8.740509075000034 50.099058678000063)","Unfall 38706 (2018) Kat:3, Licht: 1","38706","3","6","2","11","07","3","0","1","0","1","0","0"
"POINT (8.590795239000045 50.133051130000069)","Unfall 38735 (2018) Kat:3, Licht: 0","38735","3","1","9","11","08","5","0","0","0","0","0","1"
"POINT (8.553724495000040 50.048490076000064)","Unfall 38740 (2018) Kat:3, Licht: 0","38740","3","6","3","11","15","6","0","0","0","1","0","0"
"POINT (8.586401194000075 50.054809230000046)","Unfall 38744 (2018) Kat:3, Licht: 0","38744","3","6","3","11","10","5","0","0","0","1","0","0"
"POINT (8.607252811000024 50.057170919000043)","Unfall 38774 (2018) Kat:3, Licht: 1","38774","3","6","2","12","17","5","0","1","0","1","0","0"
"POINT (8.647671681000077 50.061623403000056)","Unfall 38779 (2018) Kat:3, Licht: 2","38779","3","1","8","11","21","3","1","2","0","0","0","1"
"POINT (8.584614640000041 50.123695177000059)","Unfall 38783 (2018) Kat:3, Licht: 2","38783","3","2","5","11","17","5","0","2","0","1","0","0"
"POINT (8.733881961000066 50.119773983000073)","Unfall 38788 (2018) Kat:3, Licht: 2","38788","3","3","5","12","23","2","1","2","0","1","0","0"
"POINT (8.676793329000077 50.061334299000066)","Unfall 38791 (2018) Kat:3, Licht: 2","38791","3","6","3","12","22","5","0","2","0","1","0","0"
"POINT (8.586534302000075 50.133372737000059)","Unfall 38797 (2018) Kat:3, Licht: 0","38797","3","1","4","11","10","3","1","0","0","1","0","0"
"POINT (8.713549178000051 50.111911581000072)","Unfall 38800 (2018) Kat:3, Licht: 2","38800","3","4","6","11","06","3","1","2","0","0","1","0"
"POINT (8.725568348000024 50.116116901000055)","Unfall 38811 (2018) Kat:3, Licht: 1","38811","3","6","2","11","07","2","0","1","0","1","0","0"
"POINT (8.573686089000034 50.099273626000070)","Unfall 38832 (2018) Kat:3, Licht: 2","38832","3","1","1","11","02","1","1","2","0","1","0","0"
"POINT (8.554291162000027 50.047783498000058)","Unfall 38846 (2018) Kat:3, Licht: 2","38846","3","2","5","12","17","5","0","2","0","1","0","0"
"POINT (8.590844475000040 50.100229761000037)","Unfall 38855 (2018) Kat:2, Licht: 1","38855","2","4","6","11","16","5","0","1","0","0","1","0"
"POINT (8.673542808000036 50.149467129000072)","Unfall 38856 (2018) Kat:3, Licht: 1","38856","3","7","3","11","07","7","1","1","0","1","0","0"
"POINT (8.501513210000042 50.092459228000052)","Unfall 38859 (2018) Kat:3, Licht: 2","38859","3","4","6","12","17","7","1","2","0","0","1","0"
"POINT (8.681920972000057 50.111757557000033)","Unfall 38865 (2018) Kat:3, Licht: 2","38865","3","7","4","11","23","6","0","2","0","1","0","0"
"POINT (8.692484796000031 50.106873608000058)","Unfall 38880 (2018) Kat:3, Licht: 0","38880","3","3","5","12","13","4","0","0","0","1","0","1"
"POINT (8.731073618000039 50.118292176000068)","Unfall 38882 (2018) Kat:3, Licht: 0","38882","3","6","3","11","15","7","0","0","0","1","0","1"
"POINT (8.591207310000073 50.133278441000073)","Unfall 38898 (2018) Kat:3, Licht: 2","38898","3","1","9","12","17","1","1","2","0","1","0","0"
"POINT (8.632076352000070 50.101893075000078)","Unfall 38902 (2018) Kat:3, Licht: 1","38902","3","4","6","12","17","2","1","1","0","1","1","0"
"POINT (8.638732991000040 50.155047393000075)","Unfall 38910 (2018) Kat:3, Licht: 2","38910","3","1","9","11","20","6","1","2","0","1","0","0"
"POINT (8.671737357000040 50.133946987000058)","Unfall 38923 (2018) Kat:3, Licht: 2","38923","3","6","3","12","17","6","1","2","0","1","0","0"
"POINT (8.600189242000056 50.151476170000080)","Unfall 38932 (2018) Kat:3, Licht: 0","38932","3","6","2","11","12","6","0","0","0","1","0","0"
"POINT (8.742501496000045 50.135587158000078)","Unfall 38935 (2018) Kat:3, Licht: 1","38935","3","6","2","11","17","4","0","1","0","1","0","0"
"POINT (8.703323216000058 50.143775271000038)","Unfall 38965 (2018) Kat:3, Licht: 0","38965","3","6","2","12","15","2","1","0","0","1","0","0"
"POINT (8.652418119000060 50.059908995000058)","Unfall 38993 (2018) Kat:3, Licht: 2","38993","3","1","8","11","20","7","1","2","0","1","0","0"
"POINT (8.610964211000066 50.115555433000054)","Unfall 39001 (2018) Kat:3, Licht: 0","39001","3","6","2","11","09","4","0","0","0","1","0","0"
"POINT (8.633149904000049 50.101995629000044)","Unfall 39005 (2018) Kat:3, Licht: 0","39005","3","6","0","12","09","2","1","0","0","1","0","0"
"POINT (8.747050997000031 50.139394211000081)","Unfall 39020 (2018) Kat:3, Licht: 2","39020","3","6","2","12","20","4","0","2","0","1","0","0"
"POINT (8.651045588000045 50.194593929000064)","Unfall 39022 (2018) Kat:3, Licht: 0","39022","3","6","2","11","15","7","1","0","0","1","0","0"
"POINT (8.696642263000058 50.170629291000068)","Unfall 39023 (2018) Kat:2, Licht: 0","39023","2","6","2","12","15","3","0","0","1","1","0","0"
"POINT (8.720137877000070 50.064716348000047)","Unfall 39026 (2018) Kat:2, Licht: 0","39026","2","1","8","12","14","6","1","0","0","1","0","0"
"POINT (8.645886169000050 50.103633722000041)","Unfall 39028 (2018) Kat:3, Licht: 2","39028","3","2","3","11","17","2","0","2","1","1","0","0"
"POINT (8.709666471000048 50.131340310000041)","Unfall 39031 (2018) Kat:3, Licht: 0","39031","3","6","3","11","15","6","0","0","0","1","0","0"
"POINT (8.602106653000021 50.155442963000041)","Unfall 39073 (2018) Kat:2, Licht: 2","39073","2","6","2","12","00","4","0","2","0","0","0","0"
"POINT (8.647900080000056 50.061384722000071)","Unfall 39077 (2018) Kat:3, Licht: 0","39077","3","3","5","11","14","3","0","0","0","1","0","0"
"POINT (8.607137171000034 50.128134499000055)","Unfall 39078 (2018) Kat:3, Licht: 0","39078","3","6","2","12","14","7","1","0","0","1","0","0"
"POINT (8.613327767000044 50.071015703000057)","Unfall 39085 (2018) Kat:3, Licht: 2","39085","3","6","2","11","00","3","1","2","0","1","0","0"
"POINT (8.601656491000028 50.113890551000054)","Unfall 39095 (2018) Kat:3, Licht: 0","39095","3","1","9","11","13","6","1","0","0","1","0","0"
"POINT (8.730535966000048 50.118606329000045)","Unfall 39099 (2018) Kat:3, Licht: 2","39099","3","6","2","12","17","4","0","2","0","1","0","0"
"POINT (8.754965851000065 50.143131739000069)","Unfall 39121 (2018) Kat:2, Licht: 0","39121","2","2","1","12","13","4","0","0","1","1","0","0"
"POINT (8.715670157000034 50.064025759000060)","Unfall 39122 (2018) Kat:3, Licht: 2","39122","3","6","2","12","17","2","0","2","0","1","0","0"
"POINT (8.713536372000021 50.063663530000042)","Unfall 39133 (2018) Kat:3, Licht: 0","39133","3","6","2","12","14","4","1","0","0","1","0","0"
"POINT (8.596964831000037 50.124577768000051)","Unfall 39139 (2018) Kat:3, Licht: 1","39139","3","3","5","12","16","4","0","1","0","1","0","1"
"POINT (8.553234377000024 50.111903072000075)","Unfall 39212 (2018) Kat:3, Licht: 2","39212","3","4","6","12","17","3","0","2","0","1","1","0"
"POINT (8.651222607000022 50.160096901000031)","Unfall 39223 (2018) Kat:3, Licht: 0","39223","3","3","5","12","15","6","0","0","1","1","0","0"
"POINT (8.627100548000044 50.134295352000038)","Unfall 39225 (2018) Kat:2, Licht: 2","39225","2","7","6","12","21","6","0","2","0","0","1","0"
"POINT (8.620569345000035 50.121331635000047)","Unfall 39226 (2018) Kat:3, Licht: 0","39226","3","7","1","12","11","6","0","0","0","1","0","0"
"POINT (8.637119298000073 50.102370246000078)","Unfall 39228 (2018) Kat:3, Licht: 2","39228","3","6","2","12","22","6","0","2","0","1","0","0"
"POINT (8.669888345000061 50.105570638000074)","Unfall 39232 (2018) Kat:3, Licht: 0","39232","3","6","2","12","09","2","1","0","0","1","0","0"
"POINT (8.751529822000066 50.161384312000052)","Unfall 39268 (2018) Kat:3, Licht: 2","39268","3","6","2","12","19","6","1","2","0","1","0","0"
"POINT (8.689716346000068 50.061139074000039)","Unfall 39275 (2018) Kat:3, Licht: 0","39275","3","6","2","12","09","6","0","0","0","1","0","0"
"POINT (8.703666308000038 50.146561449000046)","Unfall 39277 (2018) Kat:3, Licht: 0","39277","3","6","2","12","08","6","0","0","0","1","0","0"
"POINT (8.616123374000040 50.148280685000032)","Unfall 39290 (2018) Kat:3, Licht: 2","39290","3","3","5","12","18","5","0","2","0","1","0","0"
"POINT (8.704042564000076 50.062073660000067)","Unfall 39291 (2018) Kat:3, Licht: 2","39291","3","6","2","12","18","3","0","2","0","1","0","0"