WKT,Name,OBJECTID,UKATEGORIE,UTYP1,UART,UMONAT,USTUNDE,UWOCHENTAG,STRZUSTAND,ULICHTVERH,ISTRAD,ISTPKW,ISTFUSS,ISTKRAD
"POINT (8.644078090000051 50.057341837000081)","Unfall 39305 (2018) Kat:3, Licht: 1","39305","3","6","2","12","17","4","1","1","0","1","0","0"
"POINT (8.664585478000049 50.103984588000060)","Unfall 39313 (2018) Kat:3, Licht: 0","39313","3","3","5","12","12","4","1","0","0","1","0","0"
"POINT (8.638039836000075 50.133820703000026)","Unfall 39344 (2018) Kat:3, Licht: 2","39344","3","6","2","12","17","5","0","2","0","1","0","0"
"POINT (8.617639202000021 50.182930838000061)","Unfall 39346 (2018) Kat:2, Licht: 0","39346","2","6","2","12","14","5","0","0","0","0","0","0"
"POINT (8.650132307000035 50.196817515000077)","Unfall 39347 (2018) Kat:3, Licht: 0","39347","3","6","2","12","09","5","0","0","0","1","0","0"
"POINT (8.549007286000062 50.121129223000025)","Unfall 39350 (2018) Kat:3, Licht: 2","39350","3","6","2","12","19","5","0","2","0","1","0","0"
"POINT (8.530065070000035 50.114345381000078)","Unfall 39352 (2018) Kat:1, Licht: 0","39352","1","1","9","12","11","5","1","0","0","1","0","0"
"POINT (8.632318557000076 50.101916213000038)","Unfall 39372 (2018) Kat:3, Licht: 2","39372","3","2","0","12","18","4","0","2","0","1","0","0"
"POINT (8.565423938000038 50.126674913000045)","Unfall 39397 (2018) Kat:3, Licht: 2","39397","3","2","5","12","21","3","0","2","0","1","0","0"
"POINT (8.605278687000066 50.055507822000038)","Unfall 39401 (2018) Kat:3, Licht: 0","39401","3","6","2","12","15","7","1","0","0","1","0","0"
"POINT (8.649305069000036 50.140756445000079)","Unfall 39426 (2018) Kat:3, Licht: 2","39426","3","6","2","12","17","7","1","2","0","1","0","0"
"POINT (8.664911587000063 50.103040230000033)","Unfall 39490 (2018) Kat:3, Licht: 0","39490","3","2","5","12","12","7","0","0","1","1","0","0"
"POINT (8.684891360000052 50.161486118000028)","Unfall 39520 (2018) Kat:3, Licht: 2","39520","3","6","2","12","16","6","1","2","0","1","0","0"
"POINT (8.640532054000062 50.102686495000057)","Unfall 39535 (2018) Kat:3, Licht: 2","39535","3","1","9","12","00","6","1","2","0","1","1","0"
"POINT (8.763914967000062 50.135803554000063)","Unfall 39540 (2018) Kat:3, Licht: 0","39540","3","3","4","12","13","2","1","0","0","1","0","0"
"POINT (8.605490676000045 50.057357733000060)","Unfall 39549 (2018) Kat:3, Licht: 2","39549","3","6","2","12","17","6","0","2","0","1","0","0"
"POINT (8.790008434000072 50.183045562000075)","Unfall 39572 (2018) Kat:3, Licht: 2","39572","3","1","9","12","20","6","1","2","0","1","0","0"
"POINT (8.655990072000066 50.107595237000055)","Unfall 39585 (2018) Kat:3, Licht: 2","39585","3","7","2","12","21","6","0","2","0","1","0","0"
"POINT (8.544099007000057 50.105721735000031)","Unfall 39618 (2018) Kat:3, Licht: 2","39618","3","3","5","12","01","4","0","2","0","1","0","0"
"POINT (8.698997798000050 50.140835674000073)","Unfall 39622 (2018) Kat:3, Licht: 2","39622","3","1","9","12","04","4","1","2","0","1","0","0"
"POINT (8.723952716000042 50.123010499000031)","Unfall 39630 (2018) Kat:3, Licht: 0","39630","3","6","2","12","14","7","1","0","0","1","0","0"
"POINT (8.742281978000051 50.158546775000048)","Unfall 39642 (2018) Kat:3, Licht: 0","39642","3","1","0","12","13","2","1","0","0","0","0","1"
"POINT (8.603166516000044 50.107956413000068)","Unfall 39646 (2018) Kat:3, Licht: 2","39646","3","6","3","12","06","6","1","2","0","1","0","0"
"POINT (8.602188204000072 50.155105862000028)","Unfall 39674 (2018) Kat:3, Licht: 2","39674","3","1","8","12","04","4","1","2","0","1","0","0"
"POINT (8.549154841000075 50.120996646000037)","Unfall 39689 (2018) Kat:3, Licht: 2","39689","3","6","2","12","22","6","0","2","0","1","0","0"
"POINT (8.691066184000022 50.097500676000038)","Unfall 39723 (2018) Kat:3, Licht: 2","39723","3","6","3","12","20","6","0","2","0","1","0","0"
"POINT (8.667228161000026 50.131637182000077)","Unfall 142038 (2018) Kat:3, Licht: 1","142038","3","3","5","01","07","6","1","1","1","1","0","0"
"POINT (8.650028046000045 50.136365919000070)","Unfall 142059 (2018) Kat:3, Licht: 0","142059","3","2","5","01","13","5","0","0","1","1","0","0"
"POINT (8.628715492000026 50.126664065000057)","Unfall 142060 (2018) Kat:3, Licht: 0","142060","3","3","5","01","13","5","0","0","1","1","0","0"
"POINT (8.640309631000037 50.106739828000059)","Unfall 142062 (2018) Kat:3, Licht: 0","142062","3","5","1","01","09","5","0","0","1","1","0","0"
"POINT (8.665316094000048 50.117222723000054)","Unfall 142064 (2018) Kat:3, Licht: 0","142064","3","6","2","01","10","5","1","0","0","1","0","0"
"POINT (8.601617825000062 50.048526804000062)","Unfall 142076 (2018) Kat:3, Licht: 2","142076","3","6","3","01","18","5","0","2","0","1","0","0"
"POINT (8.606743528000038 50.115173963000075)","Unfall 142078 (2018) Kat:3, Licht: 2","142078","3","6","2","01","18","5","1","2","0","1","0","0"
"POINT (8.655559046000064 50.142319790000045)","Unfall 142085 (2018) Kat:3, Licht: 0","142085","3","6","6","01","12","4","1","0","0","1","1","0"
"POINT (8.660730692000072 50.123129694000056)","Unfall 142087 (2018) Kat:3, Licht: 0","142087","3","3","5","01","12","4","1","0","0","1","0","0"
"POINT (8.604991748000032 50.053605257000072)","Unfall 142094 (2018) Kat:3, Licht: 2","142094","3","6","2","01","17","6","1","2","0","1","0","0"
"POINT (8.675738706000061 50.107515518000071)","Unfall 142097 (2018) Kat:3, Licht: 2","142097","3","3","5","01","19","3","0","2","1","1","0","0"
"POINT (8.659527273000037 50.118605840000043)","Unfall 142107 (2018) Kat:3, Licht: 0","142107","3","6","2","01","16","5","0","0","0","1","0","0"
"POINT (8.633801212000037 50.118553399000064)","Unfall 142109 (2018) Kat:3, Licht: 0","142109","3","2","3","01","08","5","1","0","1","1","0","0"
"POINT (8.658322134000059 50.123295507000080)","Unfall 142112 (2018) Kat:2, Licht: 2","142112","2","5","1","01","19","5","1","2","1","1","0","0"
"POINT (8.658718454000052 50.116709795000077)","Unfall 142116 (2018) Kat:2, Licht: 1","142116","2","6","3","01","17","2","0","1","1","1","0","0"
"POINT (8.646353272000056 50.115640570000039)","Unfall 142146 (2018) Kat:3, Licht: 2","142146","3","6","0","01","19","7","1","2","1","0","0","0"
"POINT (8.633137533000024 50.110637386000064)","Unfall 142147 (2018) Kat:3, Licht: 1","142147","3","3","5","01","16","7","1","1","0","1","0","1"
"POINT (8.683039532000066 50.098827999000036)","Unfall 142151 (2018) Kat:3, Licht: 2","142151","3","2","5","01","18","7","1","2","0","1","0","0"
"POINT (8.607041513000070 50.112590081000064)","Unfall 142164 (2018) Kat:3, Licht: 2","142164","3","2","5","01","21","4","1","2","0","1","0","0"
"POINT (8.640394814000047 50.114570195000056)","Unfall 142167 (2018) Kat:3, Licht: 0","142167","3","2","5","01","08","4","1","0","1","1","0","0"
"POINT (8.692086185000051 50.127333594000049)","Unfall 142170 (2018) Kat:3, Licht: 0","142170","3","4","6","01","14","4","1","0","0","1","1","0"
"POINT (8.643590608000068 50.108959967000033)","Unfall 142171 (2018) Kat:3, Licht: 2","142171","3","6","2","01","18","6","1","2","0","1","0","0"
"POINT (8.679891089000023 50.108604286000059)","Unfall 142172 (2018) Kat:3, Licht: 0","142172","3","6","2","01","12","4","1","0","0","1","0","0"
"POINT (8.712301409000077 50.130898404000050)","Unfall 142173 (2018) Kat:3, Licht: 2","142173","3","2","6","01","16","6","1","2","0","1","1","0"
"POINT (8.667645901000071 50.123259371000074)","Unfall 142174 (2018) Kat:3, Licht: 0","142174","3","3","5","01","13","6","1","0","0","1","0","0"
"POINT (8.686134674000073 50.120470265000051)","Unfall 142176 (2018) Kat:3, Licht: 2","142176","3","2","6","01","18","6","1","2","0","1","1","0"
"POINT (8.568692237000050 50.091636170000072)","Unfall 142191 (2018) Kat:3, Licht: 2","142191","3","1","9","01","02","5","0","2","0","1","0","0"
"POINT (8.753887908000024 50.132721102000062)","Unfall 142192 (2018) Kat:3, Licht: 0","142192","3","3","5","01","13","5","1","0","0","1","0","0"
"POINT (8.755215261000046 50.143149478000055)","Unfall 142193 (2018) Kat:3, Licht: 2","142193","3","6","3","01","19","4","1","2","0","1","0","0"
"POINT (8.688060242000063 50.114771357000052)","Unfall 142195 (2018) Kat:3, Licht: 0","142195","3","2","6","01","13","5","1","0","0","0","1","0"
"POINT (8.668155389000049 50.153752739000026)","Unfall 142210 (2018) Kat:2, Licht: 0","142210","2","3","5","01","09","3","1","0","0","1","0","0"
"POINT (8.705981096000073 50.128567339000028)","Unfall 142213 (2018) Kat:3, Licht: 0","142213","3","2","0","01","07","3","1","0","0","1","0","1"
"POINT (8.663834411000039 50.136111370000037)","Unfall 142223 (2018) Kat:3, Licht: 2","142223","3","1","8","01","18","4","0","2","0","1","0","0"
"POINT (8.708494908000034 50.131064448000075)","Unfall 142248 (2018) Kat:3, Licht: 0","142248","3","6","2","01","12","3","1","0","0","1","0","0"
"POINT (8.680776454000068 50.113282662000074)","Unfall 142249 (2018) Kat:3, Licht: 0","142249","3","4","6","01","16","3","1","0","0","1","1","0"
"POINT (8.643652078000059 50.112728109000045)","Unfall 142250 (2018) Kat:3, Licht: 2","142250","3","2","5","01","16","2","1","2","0","1","0","0"
"POINT (8.688707093000062 50.118628542000067)","Unfall 142253 (2018) Kat:2, Licht: 2","142253","2","3","5","01","19","2","1","2","1","1","0","0"
"POINT (8.672734366000043 50.108308272000045)","Unfall 142272 (2018) Kat:3, Licht: 0","142272","3","6","3","01","09","3","0","0","0","1","0","1"
"POINT (8.680218251000042 50.117152114000078)","Unfall 142273 (2018) Kat:3, Licht: 0","142273","3","4","6","01","10","3","0","0","0","1","1","0"
"POINT (8.549403628000050 50.106529539000064)","Unfall 142299 (2018) Kat:3, Licht: 2","142299","3","3","5","02","06","1","1","2","0","1","0","0"
"POINT (8.664716219000070 50.105872376000036)","Unfall 142302 (2018) Kat:3, Licht: 0","142302","3","4","6","02","14","1","0","0","0","1","1","0"
"POINT (8.546349610000050 50.102348099000039)","Unfall 142307 (2018) Kat:3, Licht: 0","142307","3","5","1","01","16","2","0","0","1","1","0","0"
"POINT (8.694461361000037 50.105446894000067)","Unfall 142308 (2018) Kat:3, Licht: 0","142308","3","6","2","01","13","2","0","0","0","1","0","0"
"POINT (8.674613719000035 50.116896634000057)","Unfall 142310 (2018) Kat:3, Licht: 2","142310","3","6","3","01","17","2","0","2","1","0","0","1"
"POINT (8.546210146000021 50.114546059000077)","Unfall 142312 (2018) Kat:3, Licht: 2","142312","3","1","0","02","21","7","1","2","0","0","0","1"
"POINT (8.679675785000029 50.103262718000053)","Unfall 142313 (2018) Kat:3, Licht: 2","142313","3","2","0","02","22","7","1","2","0","0","1","0"
"POINT (8.723440804000063 50.116665388000058)","Unfall 142315 (2018) Kat:3, Licht: 0","142315","3","3","5","02","13","7","0","0","0","1","0","0"
"POINT (8.668625851000058 50.113207129000045)","Unfall 142316 (2018) Kat:2, Licht: 2","142316","2","3","5","02","05","7","1","2","0","1","0","0"
"POINT (8.688803578000034 50.118547101000047)","Unfall 142318 (2018) Kat:3, Licht: 2","142318","3","2","5","02","00","7","0","2","0","1","1","0"
"POINT (8.687899728000048 50.114876056000071)","Unfall 142321 (2018) Kat:3, Licht: 0","142321","3","4","6","02","10","7","1","0","1","0","1","0"
"POINT (8.601456999000050 50.056175495000048)","Unfall 142341 (2018) Kat:3, Licht: 1","142341","3","4","6","01","05","7","0","1","0","1","1","0"
"POINT (8.543151684000065 50.100231983000072)","Unfall 142346 (2018) Kat:3, Licht: 2","142346","3","1","9","01","20","7","0","2","0","1","0","0"
"POINT (8.619144891000076 50.084070782000026)","Unfall 142348 (2018) Kat:3, Licht: 2","142348","3","3","5","01","18","7","0","2","1","1","0","0"
"POINT (8.692943242000069 50.099288288000082)","Unfall 142350 (2018) Kat:3, Licht: 2","142350","3","6","2","01","02","7","1","2","0","1","0","1"
"POINT (8.679539896000051 50.115386528000045)","Unfall 142351 (2018) Kat:3, Licht: 0","142351","3","5","1","01","12","7","0","0","1","1","0","0"
"POINT (8.661988166000072 50.193047730000046)","Unfall 142356 (2018) Kat:3, Licht: 2","142356","3","2","5","02","18","6","1","2","0","1","0","0"
"POINT (8.681273900000065 50.167881744000056)","Unfall 142357 (2018) Kat:2, Licht: 2","142357","2","4","6","02","06","6","1","2","0","1","1","0"
"POINT (8.700912417000041 50.117376849000038)","Unfall 142359 (2018) Kat:3, Licht: 0","142359","3","6","2","02","12","6","0","0","0","1","0","0"
"POINT (8.681242297000040 50.123036060000061)","Unfall 142362 (2018) Kat:3, Licht: 2","142362","3","3","0","02","19","6","1","2","1","0","0","1"
"POINT (8.652344976000052 50.196484909000048)","Unfall 142364 (2018) Kat:3, Licht: 2","142364","3","3","5","01","20","6","0","2","0","1","0","0"
"POINT (8.642451706000031 50.118893573000037)","Unfall 142365 (2018) Kat:3, Licht: 1","142365","3","1","0","01","16","6","1","1","1","0","0","0"
"POINT (8.762015699000074 50.116305894000050)","Unfall 142367 (2018) Kat:2, Licht: 2","142367","2","7","6","01","05","6","1","2","0","1","1","0"
"POINT (8.652638065000076 50.190249324000035)","Unfall 142401 (2018) Kat:3, Licht: 0","142401","3","2","2","01","13","5","1","0","0","1","0","0"
"POINT (8.654551186000049 50.110013349000042)","Unfall 142402 (2018) Kat:3, Licht: 0","142402","3","6","2","01","13","5","1","0","0","1","0","0"
"POINT (8.670190666000053 50.114217625000038)","Unfall 142404 (2018) Kat:3, Licht: 0","142404","3","6","2","01","09","5","0","0","0","1","0","0"
"POINT (8.687870594000060 50.122377749000066)","Unfall 142405 (2018) Kat:3, Licht: 2","142405","3","3","5","01","18","5","1","2","1","1","0","0"
"POINT (8.668766977000075 50.113278899000079)","Unfall 142408 (2018) Kat:3, Licht: 0","142408","3","6","3","02","14","5","0","0","0","1","0","0"
"POINT (8.669884188000026 50.113987707000035)","Unfall 142411 (2018) Kat:3, Licht: 2","142411","3","3","2","02","21","5","1","2","0","1","0","0"
"POINT (8.681329330000040 50.094641680000052)","Unfall 142412 (2018) Kat:3, Licht: 0","142412","3","3","0","02","09","5","1","0","1","1","0","0"
"POINT (8.687903292000044 50.122379371000079)","Unfall 142413 (2018) Kat:3, Licht: 2","142413","3","3","5","02","19","5","0","2","1","0","0","0"
"POINT (8.568518645000040 50.099615952000079)","Unfall 142440 (2018) Kat:3, Licht: 0","142440","3","3","5","01","08","4","0","0","0","1","0","0"
"POINT (8.668143009000062 50.135872618000064)","Unfall 142442 (2018) Kat:3, Licht: 0","142442","3","3","0","01","08","4","0","0","0","1","0","1"
"POINT (8.635881629000039 50.104056732000060)","Unfall 142443 (2018) Kat:3, Licht: 2","142443","3","4","6","01","19","4","0","2","0","1","1","0"
"POINT (8.669951509000043 50.114038212000025)","Unfall 142445 (2018) Kat:3, Licht: 1","142445","3","2","5","01","07","4","1","1","1","1","0","0"
"POINT (8.573080018000042 50.100231661000066)","Unfall 142473 (2018) Kat:3, Licht: 0","142473","3","5","1","01","15","4","1","0","1","1","0","0"
"POINT (8.659711319000053 50.119079092000050)","Unfall 142476 (2018) Kat:3, Licht: 0","142476","3","2","5","01","08","4","1","0","1","1","0","0"
"POINT (8.578429710000023 50.088183738000055)","Unfall 142477 (2018) Kat:3, Licht: 2","142477","3","3","5","01","23","4","1","2","0","1","0","0"
"POINT (8.582136702000071 50.087215628000081)","Unfall 142479 (2018) Kat:3, Licht: 0","142479","3","6","2","01","08","4","1","0","0","1","0","0"
"POINT (8.602383425000028 50.086340610000036)","Unfall 142482 (2018) Kat:3, Licht: 0","142482","3","5","1","01","10","4","1","0","0","1","0","0"
"POINT (8.682975898000052 50.127968597000063)","Unfall 142485 (2018) Kat:3, Licht: 2","142485","3","4","6","01","18","4","1","2","0","1","1","0"
"POINT (8.687896569000031 50.123107851000043)","Unfall 142487 (2018) Kat:2, Licht: 2","142487","2","2","5","01","17","4","1","2","1","1","0","0"
"POINT (8.634862600000076 50.158418838000046)","Unfall 142496 (2018) Kat:3, Licht: 2","142496","3","6","3","01","17","2","1","2","0","1","0","0"
"POINT (8.644539915000053 50.117471932000058)","Unfall 142498 (2018) Kat:3, Licht: 0","142498","3","3","5","01","08","2","1","0","1","1","0","0"
"POINT (8.552945889000057 50.087482542000032)","Unfall 142500 (2018) Kat:3, Licht: 0","142500","3","6","4","01","08","2","1","0","0","1","0","0"
"POINT (8.672191005000059 50.126489582000033)","Unfall 142501 (2018) Kat:3, Licht: 0","142501","3","3","5","01","07","2","1","0","0","1","1","0"
"POINT (8.607072038000069 50.095239847000073)","Unfall 142529 (2018) Kat:3, Licht: 0","142529","3","7","0","01","08","3","0","0","0","0","1","0"
"POINT (8.649645862000057 50.113430538000046)","Unfall 142530 (2018) Kat:3, Licht: 0","142530","3","5","1","01","17","3","0","0","1","1","0","0"
"POINT (8.643664712000032 50.112728701000037)","Unfall 142531 (2018) Kat:3, Licht: 0","142531","3","2","5","01","17","7","1","0","0","1","0","0"
"POINT (8.646818042000064 50.086182017000056)","Unfall 142532 (2018) Kat:3, Licht: 0","142532","3","5","1","01","12","3","0","0","1","1","0","0"
"POINT (8.716569084000071 50.127996868000082)","Unfall 142533 (2018) Kat:3, Licht: 2","142533","3","3","5","01","21","7","1","2","0","1","0","0"
"POINT (8.711067375000027 50.120300429000054)","Unfall 142534 (2018) Kat:3, Licht: 0","142534","3","3","5","01","10","3","0","0","1","1","0","0"
"POINT (8.687972536000075 50.112518875000035)","Unfall 142548 (2018) Kat:3, Licht: 2","142548","3","2","5","02","18","2","0","2","1","1","0","0"
"POINT (8.630100388000074 50.161995378000029)","Unfall 142550 (2018) Kat:3, Licht: 0","142550","3","3","5","02","14","7","0","0","0","1","0","0"
"POINT (8.665680559000066 50.108691603000068)","Unfall 142551 (2018) Kat:3, Licht: 2","142551","3","4","6","02","21","7","0","2","0","1","1","0"
"POINT (8.675456428000075 50.129847097000038)","Unfall 142555 (2018) Kat:3, Licht: 0","142555","3","6","3","02","10","4","0","0","1","0","0","0"
"POINT (8.691729877000057 50.123453314000074)","Unfall 142557 (2018) Kat:3, Licht: 0","142557","3","6","2","02","14","1","0","0","0","1","0","0"
"POINT (8.626361087000021 50.174031293000041)","Unfall 142563 (2018) Kat:3, Licht: 0","142563","3","3","5","02","11","5","1","0","0","0","0","0"
"POINT (8.693215001000056 50.114017464000028)","Unfall 142575 (2018) Kat:3, Licht: 2","142575","3","6","2","02","21","3","0","2","0","1","0","0"
"POINT (8.654054867000070 50.119935464000037)","Unfall 142580 (2018) Kat:2, Licht: 2","142580","2","3","5","02","18","7","0","2","1","1","0","0"
"POINT (8.684670560000029 50.142345732000081)","Unfall 142583 (2018) Kat:3, Licht: 0","142583","3","6","2","02","16","5","0","0","0","1","0","0"
"POINT (8.707008814000062 50.146342423000078)","Unfall 142585 (2018) Kat:3, Licht: 0","142585","3","2","2","02","11","2","0","0","0","1","0","0"
"POINT (8.644237086000032 50.187821099000075)","Unfall 142586 (2018) Kat:3, Licht: 0","142586","3","5","1","02","09","4","0","0","0","1","0","0"
"POINT (8.614094845000068 50.114216456000065)","Unfall 142587 (2018) Kat:3, Licht: 2","142587","3","3","5","02","06","7","1","2","0","1","0","0"
"POINT (8.673583308000048 50.123937469000055)","Unfall 142589 (2018) Kat:3, Licht: 2","142589","3","6","2","02","18","4","0","2","1","1","0","0"
"POINT (8.667901146000077 50.122496670000032)","Unfall 142590 (2018) Kat:3, Licht: 2","142590","3","2","5","02","18","4","0","2","1","1","0","0"
"POINT (8.675925968000058 50.112615106000078)","Unfall 142591 (2018) Kat:3, Licht: 0","142591","3","2","6","02","17","4","0","0","0","1","1","0"
"POINT (8.702148639000029 50.125815697000064)","Unfall 142600 (2018) Kat:3, Licht: 2","142600","3","3","5","02","21","7","0","2","0","1","0","0"
"POINT (8.627533530000051 50.111288170000080)","Unfall 142612 (2018) Kat:3, Licht: 0","142612","3","2","6","02","16","3","0","0","0","1","1","0"
"POINT (8.629174089000060 50.084564144000069)","Unfall 142614 (2018) Kat:3, Licht: 1","142614","3","2","6","02","06","3","2","1","0","1","1","0"
"POINT (8.679880895000053 50.112534670000059)","Unfall 142617 (2018) Kat:3, Licht: 2","142617","3","4","6","02","18","3","0","2","1","0","1","0"
"POINT (8.709698284000069 50.127663811000048)","Unfall 142624 (2018) Kat:3, Licht: 0","142624","3","2","5","02","15","6","0","0","0","1","0","1"
"POINT (8.537075970000046 50.113731276000067)","Unfall 142626 (2018) Kat:3, Licht: 1","142626","3","3","5","02","18","3","0","1","1","1","0","0"
"POINT (8.625932702000057 50.099787716000037)","Unfall 142632 (2018) Kat:3, Licht: 0","142632","3","4","6","02","15","2","1","0","0","1","1","0"
"POINT (8.638740840000025 50.191572339000061)","Unfall 142634 (2018) Kat:3, Licht: 0","142634","3","6","2","02","10","2","1","0","0","1","0","0"
"POINT (8.662909492000040 50.152634898000031)","Unfall 142636 (2018) Kat:2, Licht: 2","142636","2","2","6","02","21","2","0","2","0","1","1","0"
"POINT (8.670587851000050 50.104773400000056)","Unfall 142637 (2018) Kat:3, Licht: 2","142637","3","6","2","02","19","2","1","2","0","1","0","0"
"POINT (8.699289372000067 50.157420464000040)","Unfall 142656 (2018) Kat:2, Licht: 0","142656","2","4","6","02","13","4","0","0","0","1","1","0"
"POINT (8.644497275000049 50.113860903000045)","Unfall 142659 (2018) Kat:3, Licht: 2","142659","3","6","2","02","05","1","1","2","0","1","0","0"
"POINT (8.678686375000041 50.091060993000042)","Unfall 142661 (2018) Kat:3, Licht: 0","142661","3","6","3","02","14","7","0","0","1","1","0","0"
"POINT (8.647403225000062 50.101158386000066)","Unfall 142678 (2018) Kat:3, Licht: 0","142678","3","6","4","02","09","3","0","0","1","0","0","0"
"POINT (8.625582089000034 50.182075428000076)","Unfall 142681 (2018) Kat:2, Licht: 0","142681","2","4","6","02","07","6","0","0","0","1","1","0"
"POINT (8.650230035000050 50.113656341000080)","Unfall 142682 (2018) Kat:3, Licht: 2","142682","3","1","3","02","03","6","1","2","0","1","0","0"
"POINT (8.695745566000028 50.155015187000060)","Unfall 142684 (2018) Kat:3, Licht: 0","142684","3","7","6","02","14","6","0","0","0","1","1","0"
"POINT (8.675129132000052 50.117107975000067)","Unfall 142685 (2018) Kat:3, Licht: 0","142685","3","2","3","02","13","6","0","0","0","1","0","1"
"POINT (8.690826093000055 50.128228106000051)","Unfall 142686 (2018) Kat:3, Licht: 0","142686","3","3","5","02","09","6","1","0","0","1","0","0"
"POINT (8.657122037000022 50.112171244000081)","Unfall 142687 (2018) Kat:3, Licht: 0","142687","3","3","5","02","08","5","0","0","0","1","0","0"
"POINT (8.510245474000044 50.079842509000059)","Unfall 142692 (2018) Kat:2, Licht: 0","142692","2","7","1","02","09","6","1","0","0","1","1","0"
"POINT (8.643626521000044 50.145480751000036)","Unfall 142699 (2018) Kat:3, Licht: 0","142699","3","1","8","02","13","6","1","0","0","1","0","0"
"POINT (8.746115352000061 50.132079384000065)","Unfall 142703 (2018) Kat:3, Licht: 0","142703","3","3","5","02","07","6","1","0","1","1","0","0"
"POINT (8.671596073000046 50.109625855000047)","Unfall 142708 (2018) Kat:3, Licht: 0","142708","3","6","2","02","13","5","0","0","0","1","0","0"
"POINT (8.675796215000048 50.107532005000053)","Unfall 142710 (2018) Kat:3, Licht: 0","142710","3","2","2","02","14","4","0","0","1","1","0","0"
"POINT (8.632540043000063 50.105553954000072)","Unfall 142711 (2018) Kat:3, Licht: 0","142711","3","3","5","02","07","5","0","0","0","1","0","0"
"POINT (8.675644247000037 50.107702964000055)","Unfall 142713 (2018) Kat:3, Licht: 0","142713","3","6","2","02","16","1","0","0","0","1","0","0"
"POINT (8.549073921000058 50.101926079000066)","Unfall 142736 (2018) Kat:3, Licht: 0","142736","3","7","0","02","12","4","0","0","1","1","0","0"
"POINT (8.643984210000042 50.168529769000031)","Unfall 142738 (2018) Kat:2, Licht: 0","142738","2","3","5","02","09","4","0","0","1","1","0","0"
"POINT (8.646762799000044 50.122234217000027)","Unfall 142740 (2018) Kat:3, Licht: 0","142740","3","5","3","02","15","4","0","0","1","1","0","0"
"POINT (8.683785757000067 50.135279659000048)","Unfall 142741 (2018) Kat:3, Licht: 2","142741","3","3","5","02","18","4","0","2","1","1","0","0"
"POINT (8.637181086000055 50.104077431000064)","Unfall 142742 (2018) Kat:3, Licht: 0","142742","3","1","1","02","17","5","0","0","1","1","0","0"
"POINT (8.671039949000033 50.115764971000033)","Unfall 142743 (2018) Kat:3, Licht: 0","142743","3","1","8","02","07","4","0","0","0","1","0","0"
"POINT (8.620358434000025 50.111830304000080)","Unfall 142745 (2018) Kat:3, Licht: 0","142745","3","6","2","02","07","2","0","0","0","1","0","0"
"POINT (8.685530429000039 50.118454065000037)","Unfall 142746 (2018) Kat:3, Licht: 0","142746","3","2","6","02","15","4","0","0","0","1","1","0"
"POINT (8.516519304000042 50.081694112000037)","Unfall 142763 (2018) Kat:3, Licht: 1","142763","3","5","1","02","17","3","0","1","0","1","0","0"
"POINT (8.644612836000022 50.165253211000049)","Unfall 142765 (2018) Kat:3, Licht: 1","142765","3","3","5","02","17","3","0","1","0","1","0","0"
"POINT (8.703140620000056 50.203864603000056)","Unfall 142766 (2018) Kat:3, Licht: 0","142766","3","3","5","02","15","3","0","0","0","1","0","0"
"POINT (8.634151725000038 50.102933024000038)","Unfall 142767 (2018) Kat:3, Licht: 2","142767","3","5","1","02","19","3","0","2","0","1","0","0"
"POINT (8.669968443000073 50.124395548000052)","Unfall 142769 (2018) Kat:2, Licht: 2","142769","2","2","6","02","20","3","0","2","0","0","1","0"
"POINT (8.656317778000073 50.157057626000039)","Unfall 142782 (2018) Kat:2, Licht: 0","142782","2","1","6","02","11","3","0","0","0","1","1","0"
"POINT (8.648336371000028 50.161421558000029)","Unfall 142784 (2018) Kat:3, Licht: 0","142784","3","3","5","02","12","2","0","0","1","0","0","0"
"POINT (8.669902203000049 50.114001223000059)","Unfall 142786 (2018) Kat:3, Licht: 0","142786","3","4","6","02","17","2","0","0","1","0","1","0"
"POINT (8.648055645000056 50.086988250000047)","Unfall 142790 (2018) Kat:3, Licht: 0","142790","3","6","2","03","12","6","0","0","0","1","0","0"
"POINT (8.675131177000026 50.109892381000066)","Unfall 142792 (2018) Kat:3, Licht: 2","142792","3","6","2","03","18","6","0","2","0","1","0","0"
"POINT (8.590369893000059 50.098448608000069)","Unfall 142800 (2018) Kat:3, Licht: 1","142800","3","2","5","03","16","2","0","1","1","1","0","0"
"POINT (8.602654357000063 50.102987304000067)","Unfall 142801 (2018) Kat:3, Licht: 0","142801","3","7","6","03","15","6","0","0","0","1","1","0"
"POINT (8.627734139000040 50.154710960000045)","Unfall 142803 (2018) Kat:3, Licht: 0","142803","3","3","5","03","14","4","0","0","1","1","0","0"
"POINT (8.543977640000037 50.102060005000055)","Unfall 142808 (2018) Kat:3, Licht: 2","142808","3","4","6","03","19","5","0","2","0","1","1","0"
"POINT (8.606990986000028 50.112560401000053)","Unfall 142809 (2018) Kat:3, Licht: 2","142809","3","2","5","03","19","5","0","2","0","1","0","0"
"POINT (8.653577852000069 50.080257880000033)","Unfall 142811 (2018) Kat:3, Licht: 0","142811","3","6","2","03","09","5","0","0","0","1","0","0"
"POINT (8.657376231000058 50.107104915000036)","Unfall 142813 (2018) Kat:3, Licht: 0","142813","3","3","5","03","09","5","0","0","0","1","0","0"