WKT,Name,OBJECTID,UKATEGORIE,UTYP1,UART,UMONAT,USTUNDE,UWOCHENTAG,STRZUSTAND,ULICHTVERH,ISTRAD,ISTPKW,ISTFUSS,ISTKRAD
"POINT (8.539196105000031 50.111922632000073)","Unfall 142828 (2018) Kat:3, Licht: 2","142828","3","5","1","03","19","7","1","2","0","1","0","1"
"POINT (8.684311532000038 50.119126308000034)","Unfall 142831 (2018) Kat:3, Licht: 0","142831","3","7","6","03","14","7","0","0","0","1","1","0"
"POINT (8.657909831000040 50.107294894000063)","Unfall 142832 (2018) Kat:3, Licht: 0","142832","3","3","5","03","10","2","0","0","1","1","0","0"
"POINT (8.698952117000033 50.121815250000054)","Unfall 142865 (2018) Kat:3, Licht: 0","142865","3","2","3","03","18","3","0","0","1","1","0","0"
"POINT (8.647906594000062 50.078316899000072)","Unfall 142870 (2018) Kat:3, Licht: 0","142870","3","2","3","02","07","4","0","0","1","1","0","0"
"POINT (8.750087244000042 50.154976869000052)","Unfall 142874 (2018) Kat:3, Licht: 0","142874","3","4","6","03","13","6","0","0","0","1","1","0"
"POINT (8.685782236000023 50.118193731000076)","Unfall 142879 (2018) Kat:3, Licht: 0","142879","3","3","1","03","13","5","0","0","0","1","0","1"
"POINT (8.579225667000060 50.052242552000052)","Unfall 142891 (2018) Kat:3, Licht: 0","142891","3","2","6","03","13","4","0","0","0","1","1","0"
"POINT (8.696278822000068 50.091776622000054)","Unfall 142906 (2018) Kat:3, Licht: 0","142906","3","3","5","03","07","4","1","0","1","1","0","0"
"POINT (8.614069442000073 50.127357558000028)","Unfall 142909 (2018) Kat:3, Licht: 2","142909","3","6","2","02","19","3","0","2","0","1","0","0"
"POINT (8.667051158000049 50.109336149000058)","Unfall 142911 (2018) Kat:2, Licht: 0","142911","2","4","6","02","16","3","0","0","0","1","1","0"
"POINT (8.627838783000073 50.102034630000048)","Unfall 142914 (2018) Kat:3, Licht: 0","142914","3","4","6","02","09","3","0","0","0","0","1","0"
"POINT (8.679145441000060 50.110425591000080)","Unfall 142926 (2018) Kat:3, Licht: 2","142926","3","6","2","03","02","7","2","2","0","1","0","0"
"POINT (8.569895941000027 50.061641520000080)","Unfall 142928 (2018) Kat:3, Licht: 2","142928","3","1","4","03","23","3","1","2","0","1","0","0"
"POINT (8.643659736000075 50.112728468000057)","Unfall 142931 (2018) Kat:3, Licht: 2","142931","3","2","5","03","19","3","1","2","0","1","0","0"
"POINT (8.649381064000068 50.084148566000067)","Unfall 142932 (2018) Kat:3, Licht: 0","142932","3","3","5","03","12","3","1","0","0","1","0","0"
"POINT (8.685910399000022 50.117132233000063)","Unfall 142934 (2018) Kat:3, Licht: 0","142934","3","5","1","03","12","3","1","0","1","1","0","0"
"POINT (8.634076605000075 50.159385023000027)","Unfall 142951 (2018) Kat:3, Licht: 1","142951","3","3","5","03","18","2","0","1","0","1","0","0"
"POINT (8.592488283000023 50.098917645000029)","Unfall 142953 (2018) Kat:3, Licht: 0","142953","3","2","3","03","13","6","0","0","1","1","0","0"
"POINT (8.590040839000039 50.132607956000072)","Unfall 142954 (2018) Kat:3, Licht: 0","142954","3","3","5","03","12","3","1","0","0","1","0","0"
"POINT (8.733724348000067 50.114922685000067)","Unfall 142957 (2018) Kat:3, Licht: 0","142957","3","6","4","03","10","4","0","0","0","0","0","0"
"POINT (8.747938303000069 50.157900481000070)","Unfall 142958 (2018) Kat:3, Licht: 0","142958","3","3","5","02","16","3","0","0","0","1","0","0"
"POINT (8.615951317000054 50.082511710000063)","Unfall 142961 (2018) Kat:3, Licht: 0","142961","3","7","0","03","15","2","0","0","0","1","0","0"
"POINT (8.544099538000069 50.100741681000045)","Unfall 142974 (2018) Kat:3, Licht: 2","142974","3","3","5","03","00","1","1","2","0","1","0","0"
"POINT (8.671264604000044 50.138889256000027)","Unfall 142981 (2018) Kat:3, Licht: 0","142981","3","4","6","02","12","2","0","0","0","1","1","0"
"POINT (8.677551479000044 50.120959312000082)","Unfall 142984 (2018) Kat:3, Licht: 2","142984","3","6","6","02","22","2","0","2","0","0","1","0"
"POINT (8.660953015000075 50.116047463000029)","Unfall 142990 (2018) Kat:3, Licht: 0","142990","3","2","5","03","14","1","0","0","1","1","0","0"
"POINT (8.635032289000037 50.123643482000034)","Unfall 142993 (2018) Kat:3, Licht: 0","142993","3","4","6","03","11","5","0","0","0","1","1","0"
"POINT (8.569311240000047 50.050540786000056)","Unfall 143005 (2018) Kat:3, Licht: 0","143005","3","7","1","02","13","1","0","0","0","1","0","0"
"POINT (8.574675878000051 50.097125075000065)","Unfall 143019 (2018) Kat:3, Licht: 0","143019","3","7","8","02","13","1","0","0","0","1","0","0"
"POINT (8.609495525000057 50.149292404000050)","Unfall 143027 (2018) Kat:3, Licht: 0","143027","3","6","4","03","16","6","1","0","0","1","0","0"
"POINT (8.671458324000071 50.127224022000064)","Unfall 143029 (2018) Kat:3, Licht: 0","143029","3","6","2","03","12","6","1","0","0","1","0","0"
"POINT (8.590717617000053 50.098832054000070)","Unfall 143045 (2018) Kat:3, Licht: 0","143045","3","6","4","03","14","7","0","0","0","1","0","0"
"POINT (8.687698569000077 50.130670949000034)","Unfall 143047 (2018) Kat:3, Licht: 2","143047","3","2","3","02","18","7","0","2","1","1","0","0"
"POINT (8.746573238000053 50.129634876000068)","Unfall 143058 (2018) Kat:3, Licht: 0","143058","3","6","0","03","08","3","0","0","0","1","0","1"
"POINT (8.667164762000027 50.137539859000071)","Unfall 143069 (2018) Kat:2, Licht: 0","143069","2","2","0","03","17","2","0","0","0","1","0","1"
"POINT (8.672666031000063 50.133502538000073)","Unfall 143070 (2018) Kat:3, Licht: 0","143070","3","3","5","03","15","2","0","0","1","1","0","0"
"POINT (8.668048770000041 50.108420715000079)","Unfall 143071 (2018) Kat:3, Licht: 0","143071","3","7","1","03","16","2","0","0","0","1","0","0"
"POINT (8.610949392000066 50.091720131000045)","Unfall 143085 (2018) Kat:3, Licht: 0","143085","3","3","5","03","15","1","0","0","0","1","0","0"
"POINT (8.546662836000053 50.098857873000043)","Unfall 143088 (2018) Kat:3, Licht: 0","143088","3","1","2","04","16","6","0","0","0","1","0","1"
"POINT (8.640266526000062 50.158879374000037)","Unfall 143090 (2018) Kat:3, Licht: 0","143090","3","3","5","04","14","6","0","0","0","1","0","1"
"POINT (8.664514594000025 50.185363613000050)","Unfall 143091 (2018) Kat:3, Licht: 0","143091","3","7","6","04","15","6","0","0","0","1","1","0"
"POINT (8.634612440000069 50.099187895000057)","Unfall 143093 (2018) Kat:3, Licht: 0","143093","3","6","2","04","13","6","0","0","0","1","0","0"
"POINT (8.686349580000069 50.115508821000049)","Unfall 143096 (2018) Kat:3, Licht: 0","143096","3","6","3","04","18","6","0","0","1","1","0","0"
"POINT (8.651607429000023 50.088651754000068)","Unfall 143110 (2018) Kat:3, Licht: 0","143110","3","2","5","03","15","7","0","0","0","1","0","0"
"POINT (8.625733945000036 50.164008105000050)","Unfall 143128 (2018) Kat:1, Licht: 0","143128","1","1","0","04","14","5","0","0","0","1","0","1"
"POINT (8.673228937000033 50.106361218000075)","Unfall 143131 (2018) Kat:3, Licht: 0","143131","3","6","2","04","12","5","0","0","0","1","0","0"
"POINT (8.686540448000073 50.126660705000063)","Unfall 143133 (2018) Kat:3, Licht: 0","143133","3","7","0","04","09","5","0","0","1","1","0","0"
"POINT (8.687703016000057 50.109664416000044)","Unfall 143134 (2018) Kat:3, Licht: 0","143134","3","2","3","04","07","5","0","0","1","1","0","0"
"POINT (8.542101021000065 50.104143926000063)","Unfall 143147 (2018) Kat:2, Licht: 2","143147","2","7","0","03","21","5","1","2","0","1","0","0"
"POINT (8.563423404000048 50.126383266000062)","Unfall 143149 (2018) Kat:3, Licht: 2","143149","3","1","9","04","05","5","0","2","0","0","0","1"
"POINT (8.650583423000057 50.115164809000078)","Unfall 143150 (2018) Kat:3, Licht: 2","143150","3","3","5","03","18","5","1","2","1","1","0","0"
"POINT (8.667805352000073 50.114333586000043)","Unfall 143152 (2018) Kat:3, Licht: 0","143152","3","2","0","03","16","5","1","0","0","0","0","1"
"POINT (8.624605132000056 50.120982724000044)","Unfall 143154 (2018) Kat:3, Licht: 0","143154","3","6","2","03","09","5","1","0","1","1","0","0"
"POINT (8.611246796000046 50.091715734000047)","Unfall 143158 (2018) Kat:3, Licht: 0","143158","3","5","1","04","17","4","1","0","0","1","0","0"
"POINT (8.664888527000073 50.111233144000039)","Unfall 143160 (2018) Kat:3, Licht: 0","143160","3","6","2","04","15","4","1","0","0","1","0","0"
"POINT (8.673852180000040 50.124016323000035)","Unfall 143161 (2018) Kat:3, Licht: 0","143161","3","3","5","04","15","4","1","0","1","1","0","0"
"POINT (8.596771411000077 50.056454789000043)","Unfall 143174 (2018) Kat:3, Licht: 2","143174","3","3","5","04","05","3","1","2","1","1","0","0"
"POINT (8.612809294000044 50.125130015000082)","Unfall 143180 (2018) Kat:3, Licht: 0","143180","3","5","1","04","17","3","0","0","0","1","0","0"
"POINT (8.680891425000027 50.119081762000064)","Unfall 143182 (2018) Kat:3, Licht: 0","143182","3","1","0","04","09","3","0","0","0","0","0","1"
"POINT (8.687692801000026 50.109638084000039)","Unfall 143183 (2018) Kat:3, Licht: 0","143183","3","2","5","04","13","3","0","0","1","1","0","0"
"POINT (8.627776222000023 50.112314948000062)","Unfall 143188 (2018) Kat:3, Licht: 0","143188","3","3","5","03","17","4","0","0","1","1","0","0"
"POINT (8.671023568000067 50.100156131000062)","Unfall 143207 (2018) Kat:3, Licht: 0","143207","3","1","0","04","15","2","0","0","1","0","0","0"
"POINT (8.768706265000049 50.121221380000065)","Unfall 143240 (2018) Kat:3, Licht: 0","143240","3","3","5","03","12","7","0","0","0","1","0","0"
"POINT (8.537758682000060 50.104581963000044)","Unfall 143246 (2018) Kat:3, Licht: 0","143246","3","3","5","03","13","3","0","0","0","1","0","0"
"POINT (8.605311899000071 50.110875988000032)","Unfall 143248 (2018) Kat:3, Licht: 0","143248","3","6","0","03","17","3","0","0","1","1","0","0"
"POINT (8.666578413000025 50.108024128000068)","Unfall 143250 (2018) Kat:3, Licht: 0","143250","3","4","6","03","12","3","0","0","1","0","1","0"
"POINT (8.687961917000052 50.114184215000080)","Unfall 143271 (2018) Kat:3, Licht: 0","143271","3","4","6","03","18","5","0","0","0","0","1","0"
"POINT (8.580542166000043 50.127615774000049)","Unfall 143275 (2018) Kat:3, Licht: 1","143275","3","2","6","03","18","2","1","1","0","1","1","0"
"POINT (8.694339915000057 50.145125681000081)","Unfall 143292 (2018) Kat:2, Licht: 0","143292","2","3","5","03","09","1","2","0","0","1","0","0"
"POINT (8.569225550000056 50.100002648000043)","Unfall 143299 (2018) Kat:3, Licht: 0","143299","3","3","5","03","07","4","1","0","0","1","0","0"
"POINT (8.645374635000053 50.122678715000063)","Unfall 143313 (2018) Kat:3, Licht: 0","143313","3","6","4","04","17","7","0","0","1","1","0","0"
"POINT (8.663638762000062 50.110277072000031)","Unfall 143314 (2018) Kat:3, Licht: 2","143314","3","1","7","04","02","7","1","2","1","0","0","0"
"POINT (8.679387798000050 50.149504069000045)","Unfall 143328 (2018) Kat:2, Licht: 0","143328","2","6","2","04","15","6","1","0","0","1","0","1"
"POINT (8.692452658000036 50.104335479000042)","Unfall 143331 (2018) Kat:3, Licht: 2","143331","3","7","1","04","20","6","1","2","1","1","0","0"
"POINT (8.666039073000036 50.117909055000041)","Unfall 143333 (2018) Kat:3, Licht: 0","143333","3","5","1","04","14","6","0","0","1","1","0","0"
"POINT (8.668222106000030 50.133472968000035)","Unfall 143335 (2018) Kat:3, Licht: 0","143335","3","3","5","04","13","6","1","0","1","1","0","0"
"POINT (8.681354040000031 50.123755830000050)","Unfall 143336 (2018) Kat:3, Licht: 0","143336","3","4","0","04","12","6","1","0","0","0","1","0"
"POINT (8.639396919000035 50.137323772000059)","Unfall 143354 (2018) Kat:2, Licht: 0","143354","2","6","4","04","16","5","0","0","1","0","0","0"
"POINT (8.628726359000041 50.162949408000031)","Unfall 143356 (2018) Kat:3, Licht: 0","143356","3","6","2","04","15","5","0","0","0","1","0","0"
"POINT (8.709009406000064 50.199762794000037)","Unfall 143359 (2018) Kat:3, Licht: 0","143359","3","3","5","04","07","5","0","0","0","1","0","1"
"POINT (8.671096316000046 50.096341173000042)","Unfall 143361 (2018) Kat:3, Licht: 0","143361","3","7","0","04","12","5","0","0","0","1","0","0"
"POINT (8.662345610000045 50.131263824000030)","Unfall 143363 (2018) Kat:3, Licht: 0","143363","3","2","5","04","08","5","0","0","1","1","0","0"
"POINT (8.687277628000061 50.109575818000053)","Unfall 143364 (2018) Kat:3, Licht: 0","143364","3","6","2","04","15","5","0","0","0","1","0","0"
"POINT (8.734236975000044 50.137010620000069)","Unfall 143398 (2018) Kat:3, Licht: 0","143398","3","4","0","04","13","5","0","0","0","0","1","1"
"POINT (8.566916245000073 50.118008224000050)","Unfall 143408 (2018) Kat:3, Licht: 0","143408","3","3","5","04","17","4","0","0","1","0","0","0"
"POINT (8.687773763000052 50.107221584000058)","Unfall 143409 (2018) Kat:3, Licht: 1","143409","3","6","2","04","20","4","0","1","0","1","0","0"
"POINT (8.703303862000041 50.142943772000081)","Unfall 143411 (2018) Kat:2, Licht: 0","143411","2","1","0","04","18","4","0","0","1","0","0","0"
"POINT (8.670351787000072 50.121618693000073)","Unfall 143414 (2018) Kat:3, Licht: 0","143414","3","3","5","04","14","4","0","0","1","1","0","0"
"POINT (8.687426472000027 50.126788281000074)","Unfall 143416 (2018) Kat:3, Licht: 0","143416","3","6","3","04","08","4","0","0","1","1","0","0"
"POINT (8.542920096000046 50.106680970000070)","Unfall 143417 (2018) Kat:3, Licht: 0","143417","3","6","2","04","12","4","1","0","0","1","0","0"
"POINT (8.667224230000045 50.137584182000069)","Unfall 143418 (2018) Kat:2, Licht: 0","143418","2","2","5","04","08","4","1","0","1","0","0","0"
"POINT (8.763066765000076 50.126201794000053)","Unfall 143420 (2018) Kat:3, Licht: 0","143420","3","6","2","04","18","4","0","0","0","1","0","0"
"POINT (8.747915990000024 50.157918738000035)","Unfall 143459 (2018) Kat:3, Licht: 0","143459","3","3","5","04","12","4","0","0","0","1","0","0"
"POINT (8.680351690000066 50.102329191000081)","Unfall 143468 (2018) Kat:3, Licht: 0","143468","3","7","8","04","16","3","0","0","1","1","0","0"
"POINT (8.692505399000027 50.131518569000036)","Unfall 143470 (2018) Kat:3, Licht: 0","143470","3","5","1","04","12","3","0","0","1","1","0","0"
"POINT (8.605042412000046 50.098927782000032)","Unfall 143472 (2018) Kat:3, Licht: 0","143472","3","4","6","04","18","3","0","0","0","1","1","0"
"POINT (8.598582614000065 50.111012779000077)","Unfall 143474 (2018) Kat:3, Licht: 0","143474","3","6","2","04","14","3","0","0","0","1","0","0"
"POINT (8.638485995000053 50.186354366000046)","Unfall 143477 (2018) Kat:3, Licht: 0","143477","3","3","5","04","08","3","0","0","1","1","0","0"
"POINT (8.571021630000075 50.086301754000033)","Unfall 143478 (2018) Kat:3, Licht: 2","143478","3","4","6","04","22","2","0","2","0","1","1","0"
"POINT (8.643660976000035 50.112728526000069)","Unfall 143479 (2018) Kat:2, Licht: 0","143479","2","2","5","04","18","3","0","0","0","1","0","1"
"POINT (8.694773997000027 50.113975224000058)","Unfall 143480 (2018) Kat:3, Licht: 0","143480","3","7","0","04","16","2","0","0","0","1","1","0"
"POINT (8.667154534000076 50.108065702000033)","Unfall 143481 (2018) Kat:3, Licht: 0","143481","3","7","2","04","19","3","0","0","0","1","0","1"
"POINT (8.691528907000077 50.118310050000048)","Unfall 143482 (2018) Kat:3, Licht: 0","143482","3","3","5","04","18","3","0","0","1","1","0","0"
"POINT (8.668114848000073 50.119191803000035)","Unfall 143483 (2018) Kat:3, Licht: 0","143483","3","3","5","04","16","2","0","0","0","1","0","1"
"POINT (8.687802091000037 50.114078746000075)","Unfall 143484 (2018) Kat:2, Licht: 2","143484","2","4","6","04","00","3","0","2","0","1","1","0"
"POINT (8.620350357000064 50.180452333000062)","Unfall 143521 (2018) Kat:2, Licht: 0","143521","2","7","0","04","14","1","0","0","0","1","0","1"
"POINT (8.676405577000026 50.113693611000031)","Unfall 143523 (2018) Kat:3, Licht: 0","143523","3","2","3","04","15","1","0","0","1","1","0","0"
"POINT (8.641143521000060 50.100339648000045)","Unfall 143525 (2018) Kat:3, Licht: 0","143525","3","5","1","04","07","2","0","0","1","0","0","0"
"POINT (8.684807270000022 50.109405188000039)","Unfall 143527 (2018) Kat:3, Licht: 0","143527","3","6","2","04","12","2","0","0","0","1","0","0"
"POINT (8.685120337000058 50.109662876000073)","Unfall 143529 (2018) Kat:3, Licht: 0","143529","3","4","0","04","18","2","0","0","0","0","1","1"
"POINT (8.752964137000049 50.142481758000031)","Unfall 143545 (2018) Kat:3, Licht: 0","143545","3","4","6","04","14","1","0","0","1","1","1","0"
"POINT (8.649386686000071 50.159515776000035)","Unfall 143556 (2018) Kat:3, Licht: 0","143556","3","7","0","04","18","7","0","0","1","1","0","0"
"POINT (8.662629977000051 50.101360566000039)","Unfall 143558 (2018) Kat:3, Licht: 2","143558","3","6","2","04","01","7","0","2","0","1","0","0"
"POINT (8.664385250000066 50.109745359000044)","Unfall 143559 (2018) Kat:3, Licht: 0","143559","3","3","5","04","20","7","0","0","1","1","0","0"
"POINT (8.596521748000043 50.133967003000066)","Unfall 143569 (2018) Kat:3, Licht: 0","143569","3","6","2","04","16","2","0","0","0","1","0","0"
"POINT (8.680151755000054 50.118211471000052)","Unfall 143576 (2018) Kat:3, Licht: 2","143576","3","6","3","04","02","1","0","2","0","1","0","0"
"POINT (8.695681431000025 50.143195508000076)","Unfall 143600 (2018) Kat:3, Licht: 0","143600","3","3","0","04","16","4","1","0","1","1","0","0"
"POINT (8.649911182000039 50.079981557000053)","Unfall 143601 (2018) Kat:3, Licht: 0","143601","3","3","5","04","15","4","0","0","1","1","0","0"
"POINT (8.713575539000033 50.129788013000052)","Unfall 143602 (2018) Kat:3, Licht: 2","143602","3","7","0","04","23","4","0","2","1","0","0","0"
"POINT (8.710886196000047 50.110046650000072)","Unfall 143603 (2018) Kat:3, Licht: 0","143603","3","3","5","04","10","4","0","0","1","0","0","0"
"POINT (8.708199756000056 50.113616066000077)","Unfall 143604 (2018) Kat:3, Licht: 0","143604","3","6","3","04","09","4","0","0","0","1","0","0"
"POINT (8.633832263000045 50.103730987000063)","Unfall 143605 (2018) Kat:3, Licht: 0","143605","3","5","1","04","14","4","0","0","0","1","0","1"
"POINT (8.679878807000023 50.099210016000029)","Unfall 143608 (2018) Kat:3, Licht: 1","143608","3","7","9","05","04","4","0","1","0","1","0","0"
"POINT (8.630068597000047 50.112370008000028)","Unfall 143640 (2018) Kat:3, Licht: 0","143640","3","4","6","05","19","3","0","0","0","1","1","0"
"POINT (8.659031607000031 50.123144100000047)","Unfall 143642 (2018) Kat:3, Licht: 0","143642","3","1","0","05","13","3","0","0","1","0","0","0"
"POINT (8.686758438000027 50.092270702000064)","Unfall 143647 (2018) Kat:3, Licht: 0","143647","3","6","2","04","10","3","0","0","0","1","0","1"
"POINT (8.715321385000038 50.126016407000066)","Unfall 143649 (2018) Kat:3, Licht: 0","143649","3","3","5","04","08","3","0","0","1","1","0","0"
"POINT (8.701617507000037 50.118142623000040)","Unfall 143652 (2018) Kat:2, Licht: 0","143652","2","6","3","04","09","3","0","0","1","1","0","0"
"POINT (8.534785985000042 50.115284005000035)","Unfall 143668 (2018) Kat:3, Licht: 0","143668","3","3","5","04","09","2","0","0","1","1","0","0"
"POINT (8.556156713000064 50.114688092000051)","Unfall 143670 (2018) Kat:3, Licht: 0","143670","3","6","2","04","08","2","0","0","0","1","0","0"
"POINT (8.658981050000023 50.139156971000034)","Unfall 143673 (2018) Kat:3, Licht: 0","143673","3","4","2","04","14","2","0","0","0","1","1","0"
"POINT (8.592888738000056 50.082058301000075)","Unfall 143675 (2018) Kat:2, Licht: 0","143675","2","7","1","04","16","2","0","0","1","1","0","0"
"POINT (8.700863518000062 50.094473341000025)","Unfall 143676 (2018) Kat:3, Licht: 0","143676","3","6","2","04","10","2","0","0","0","1","0","0"
"POINT (8.675769096000067 50.120881963000045)","Unfall 143678 (2018) Kat:2, Licht: 0","143678","2","2","6","04","09","2","0","0","0","1","1","0"
"POINT (8.585122434000027 50.052581266000061)","Unfall 143697 (2018) Kat:3, Licht: 0","143697","3","6","3","04","19","2","0","0","0","1","0","0"
"POINT (8.579054362000022 50.052206396000031)","Unfall 143699 (2018) Kat:3, Licht: 0","143699","3","2","2","04","17","2","0","0","0","0","0","0"
"POINT (8.669858954000063 50.092578212000035)","Unfall 143713 (2018) Kat:3, Licht: 0","143713","3","4","6","04","18","1","0","0","0","1","1","0"
"POINT (8.537831442000027 50.104617508000047)","Unfall 143714 (2018) Kat:3, Licht: 0","143714","3","2","5","04","16","2","0","0","1","0","0","0"
"POINT (8.698535745000072 50.155437314000039)","Unfall 143716 (2018) Kat:3, Licht: 0","143716","3","7","6","04","18","2","0","0","1","0","1","0"
"POINT (8.714255404000028 50.128419627000028)","Unfall 143717 (2018) Kat:3, Licht: 0","143717","3","1","1","04","18","2","0","0","1","1","0","0"
"POINT (8.692727683000044 50.118925961000059)","Unfall 143719 (2018) Kat:3, Licht: 0","143719","3","5","1","04","19","2","0","0","0","1","0","1"
"POINT (8.684959157000037 50.110213898000040)","Unfall 143721 (2018) Kat:3, Licht: 1","143721","3","3","5","04","20","2","0","1","1","1","0","0"
"POINT (8.598654924000073 50.110239262000050)","Unfall 143746 (2018) Kat:3, Licht: 0","143746","3","6","4","04","17","7","0","0","0","1","0","1"
"POINT (8.695119422000062 50.059271881000029)","Unfall 143749 (2018) Kat:2, Licht: 0","143749","2","4","6","04","14","7","0","0","0","1","1","0"
"POINT (8.627125540000066 50.180121241000052)","Unfall 143754 (2018) Kat:3, Licht: 2","143754","3","7","9","04","05","1","0","2","0","1","0","0"
"POINT (8.670464636000077 50.105122689000041)","Unfall 143755 (2018) Kat:3, Licht: 0","143755","3","6","2","04","14","1","0","0","0","1","0","1"
"POINT (8.652920690000030 50.123305967000078)","Unfall 143778 (2018) Kat:3, Licht: 0","143778","3","7","6","04","15","6","0","0","1","0","1","0"
"POINT (8.640891782000040 50.116859739000063)","Unfall 143781 (2018) Kat:3, Licht: 0","143781","3","6","2","04","16","6","0","0","0","1","0","0"
"POINT (8.654853850000052 50.108723088000033)","Unfall 143783 (2018) Kat:3, Licht: 0","143783","3","7","0","04","14","6","0","0","0","0","0","0"
"POINT (8.667031839000060 50.135964130000048)","Unfall 143785 (2018) Kat:3, Licht: 0","143785","3","6","3","04","07","6","0","0","0","1","0","0"
"POINT (8.617572035000023 50.124316021000027)","Unfall 143787 (2018) Kat:3, Licht: 0","143787","3","7","0","04","16","6","0","0","0","1","0","1"
"POINT (8.703372707000028 50.127382146000059)","Unfall 143790 (2018) Kat:3, Licht: 0","143790","3","6","2","04","13","6","0","0","0","1","0","1"
"POINT (8.508987059000049 50.085615831000041)","Unfall 143791 (2018) Kat:2, Licht: 0","143791","2","1","1","04","16","7","0","0","0","1","1","0"
"POINT (8.698890958000050 50.120131788000037)","Unfall 143792 (2018) Kat:3, Licht: 1","143792","3","3","5","04","21","6","0","1","1","1","0","0"
"POINT (8.666273746000059 50.097030557000039)","Unfall 143793 (2018) Kat:3, Licht: 0","143793","3","7","0","04","15","7","0","0","0","1","0","0"
"POINT (8.676976990000071 50.120114913000066)","Unfall 143794 (2018) Kat:3, Licht: 2","143794","3","1","0","04","23","6","0","2","1","0","0","0"
"POINT (8.687560672000075 50.116401771000028)","Unfall 143795 (2018) Kat:3, Licht: 0","143795","3","6","3","04","17","7","0","0","0","1","0","1"
"POINT (8.542214512000044 50.106376745000034)","Unfall 143833 (2018) Kat:3, Licht: 0","143833","3","7","1","04","14","6","0","0","1","0","0","0"
"POINT (8.645328387000063 50.165182623000078)","Unfall 143835 (2018) Kat:3, Licht: 0","143835","3","3","6","04","19","6","0","0","0","1","1","0"
"POINT (8.708808361000024 50.109946797000077)","Unfall 143836 (2018) Kat:2, Licht: 0","143836","2","7","6","04","09","6","0","0","1","0","1","0"
"POINT (8.652647911000031 50.125621580000029)","Unfall 143838 (2018) Kat:2, Licht: 2","143838","2","7","0","04","22","6","0","2","1","0","0","0"
"POINT (8.676953364000042 50.115755410000077)","Unfall 143853 (2018) Kat:2, Licht: 0","143853","2","6","3","04","08","5","0","0","0","1","0","1"
"POINT (8.648155819000067 50.081985464000070)","Unfall 143858 (2018) Kat:3, Licht: 0","143858","3","3","5","04","16","4","0","0","1","1","0","0"
"POINT (8.646379027000023 50.108563600000082)","Unfall 143859 (2018) Kat:3, Licht: 0","143859","3","5","1","05","12","3","0","0","1","1","0","0"
"POINT (8.658187081000051 50.157922806000045)","Unfall 143860 (2018) Kat:3, Licht: 0","143860","3","7","0","05","15","3","0","0","1","0","0","0"
"POINT (8.710809532000042 50.107728179000048)","Unfall 143861 (2018) Kat:3, Licht: 0","143861","3","7","6","05","18","3","0","0","1","0","1","0"
"POINT (8.742788568000037 50.122389205000047)","Unfall 143862 (2018) Kat:3, Licht: 0","143862","3","6","2","05","08","3","0","0","0","1","0","0"
"POINT (8.658428035000043 50.187251348000075)","Unfall 143876 (2018) Kat:2, Licht: 0","143876","2","7","1","05","08","2","0","0","1","1","0","0"
"POINT (8.662126107000063 50.152216824000050)","Unfall 143878 (2018) Kat:2, Licht: 0","143878","2","4","6","05","13","2","0","0","0","0","1","0"
"POINT (8.679670447000035 50.097108208000066)","Unfall 143881 (2018) Kat:3, Licht: 0","143881","3","6","4","05","18","2","1","0","1","0","0","0"
"POINT (8.714198692000025 50.125972552000064)","Unfall 143883 (2018) Kat:3, Licht: 0","143883","3","5","1","05","12","2","1","0","1","1","0","0"
"POINT (8.695463915000062 50.115743373000043)","Unfall 143885 (2018) Kat:3, Licht: 0","143885","3","6","3","05","18","2","0","0","1","1","0","0"
"POINT (8.697186266000074 50.109358430000043)","Unfall 143886 (2018) Kat:3, Licht: 0","143886","3","1","9","05","18","2","0","0","0","1","0","0"
"POINT (8.667629476000059 50.107267036000053)","Unfall 143888 (2018) Kat:3, Licht: 1","143888","3","3","5","05","05","2","1","1","0","1","0","0"
"POINT (8.634713144000045 50.154985854000074)","Unfall 143918 (2018) Kat:3, Licht: 0","143918","3","1","5","05","17","2","0","0","1","1","0","0"
"POINT (8.668753888000026 50.138134162000028)","Unfall 143921 (2018) Kat:3, Licht: 0","143921","3","2","5","05","10","2","0","0","0","1","0","1"
"POINT (8.570805871000061 50.083477899000059)","Unfall 143923 (2018) Kat:2, Licht: 0","143923","2","2","5","05","14","2","0","0","0","1","0","1"
"POINT (8.681139143000053 50.095182662000070)","Unfall 143924 (2018) Kat:3, Licht: 0","143924","3","2","3","05","18","2","0","0","1","1","0","0"
"POINT (8.680547368000021 50.095957257000066)","Unfall 143926 (2018) Kat:2, Licht: 0","143926","2","2","5","05","11","2","0","0","1","1","0","0"
"POINT (8.656521978000058 50.106720395000082)","Unfall 143929 (2018) Kat:3, Licht: 0","143929","3","4","6","05","09","2","0","0","0","1","1","0"
"POINT (8.651572516000044 50.109015223000029)","Unfall 143931 (2018) Kat:3, Licht: 0","143931","3","4","6","05","15","7","0","0","0","1","0","0"
"POINT (8.686886453000057 50.119938166000054)","Unfall 143932 (2018) Kat:3, Licht: 0","143932","3","6","2","05","16","2","0","0","0","1","0","0"
"POINT (8.677371832000063 50.149794546000066)","Unfall 143933 (2018) Kat:3, Licht: 0","143933","3","6","3","05","16","7","0","0","0","1","0","1"