WKT,Name,OBJECTID,UKATEGORIE,UTYP1,UART,UMONAT,USTUNDE,UWOCHENTAG,STRZUSTAND,ULICHTVERH,ISTRAD,ISTPKW,ISTFUSS,ISTKRAD
"POINT (8.675861407000070 50.107549033000055)","Unfall 143936 (2018) Kat:3, Licht: 0","143936","3","2","3","05","14","7","0","0","1","1","0","0"
"POINT (8.665045800000030 50.199901208000028)","Unfall 143960 (2018) Kat:3, Licht: 1","143960","3","3","5","05","20","6","0","1","1","1","0","0"
"POINT (8.673141883000028 50.198523963000071)","Unfall 143962 (2018) Kat:3, Licht: 0","143962","3","3","5","05","15","6","0","0","1","0","0","0"
"POINT (8.670035541000061 50.114101251000079)","Unfall 143963 (2018) Kat:3, Licht: 0","143963","3","2","2","05","17","6","0","0","0","1","0","0"
"POINT (8.669814478000035 50.105611719000080)","Unfall 143965 (2018) Kat:3, Licht: 0","143965","3","2","5","05","18","6","0","0","1","1","0","0"
"POINT (8.681751102000021 50.112914745000069)","Unfall 143967 (2018) Kat:3, Licht: 0","143967","3","4","6","05","16","6","0","0","0","1","1","0"
"POINT (8.659279194000021 50.190722888000039)","Unfall 143971 (2018) Kat:3, Licht: 0","143971","3","7","1","05","06","1","0","0","0","1","0","0"
"POINT (8.683863287000065 50.107180359000040)","Unfall 143973 (2018) Kat:3, Licht: 0","143973","3","4","6","05","14","1","0","0","0","1","1","0"
"POINT (8.705348072000049 50.115645061000066)","Unfall 143974 (2018) Kat:2, Licht: 0","143974","2","5","0","05","16","1","0","0","1","1","0","0"
"POINT (8.668515932000048 50.120669242000076)","Unfall 143976 (2018) Kat:3, Licht: 0","143976","3","3","5","05","15","1","0","0","0","1","0","0"
"POINT (8.767469881000068 50.128890751000029)","Unfall 144005 (2018) Kat:3, Licht: 0","144005","3","6","2","05","19","7","0","0","0","1","0","0"
"POINT (8.686763457000041 50.100494054000080)","Unfall 144006 (2018) Kat:3, Licht: 2","144006","3","1","0","05","03","5","0","2","1","0","0","0"
"POINT (8.697510501000068 50.129853077000064)","Unfall 144007 (2018) Kat:3, Licht: 0","144007","3","7","2","05","13","7","0","0","0","0","0","1"
"POINT (8.680406454000035 50.101975414000037)","Unfall 144009 (2018) Kat:3, Licht: 0","144009","3","1","0","05","15","5","0","0","0","1","0","1"
"POINT (8.674159356000075 50.084372610000059)","Unfall 144045 (2018) Kat:3, Licht: 0","144045","3","7","1","05","11","4","0","0","0","1","0","0"
"POINT (8.689400031000048 50.147854950000067)","Unfall 144046 (2018) Kat:2, Licht: 0","144046","2","7","6","05","18","6","0","0","1","0","1","0"
"POINT (8.681851878000032 50.125210393000032)","Unfall 144047 (2018) Kat:3, Licht: 0","144047","3","3","5","05","15","4","0","0","0","1","0","1"
"POINT (8.685911387000033 50.112364949000039)","Unfall 144048 (2018) Kat:3, Licht: 0","144048","3","2","5","05","11","4","0","0","1","1","0","0"
"POINT (8.628714342000023 50.126688830000035)","Unfall 144049 (2018) Kat:3, Licht: 0","144049","3","2","5","05","11","6","0","0","0","1","0","1"
"POINT (8.663572447000036 50.117855796000072)","Unfall 144051 (2018) Kat:3, Licht: 0","144051","3","2","3","05","18","6","0","0","1","1","0","0"
"POINT (8.676313391000065 50.118084758000066)","Unfall 144054 (2018) Kat:3, Licht: 0","144054","3","6","0","05","09","6","0","0","0","1","0","1"
"POINT (8.679380543000036 50.114165817000071)","Unfall 144056 (2018) Kat:3, Licht: 0","144056","3","2","5","05","13","6","0","0","1","1","0","0"
"POINT (8.636186438000038 50.116980314000045)","Unfall 144102 (2018) Kat:3, Licht: 0","144102","3","3","0","05","16","5","0","0","0","1","0","1"
"POINT (8.652287005000062 50.089414644000044)","Unfall 144104 (2018) Kat:3, Licht: 1","144104","3","2","3","05","21","5","0","1","0","1","0","0"
"POINT (8.553037697000036 50.101492054000062)","Unfall 144125 (2018) Kat:3, Licht: 1","144125","3","6","0","05","21","3","0","1","0","1","0","1"
"POINT (8.517158901000073 50.080390228000056)","Unfall 144128 (2018) Kat:3, Licht: 0","144128","3","6","6","05","14","3","0","0","0","1","1","0"
"POINT (8.535512593000021 50.107597084000076)","Unfall 144130 (2018) Kat:3, Licht: 0","144130","3","6","4","05","11","3","0","0","0","1","0","0"
"POINT (8.599251943000070 50.095161336000047)","Unfall 144131 (2018) Kat:3, Licht: 0","144131","3","3","5","05","08","3","0","0","0","1","0","0"
"POINT (8.597667380000075 50.101034321000043)","Unfall 144132 (2018) Kat:3, Licht: 0","144132","3","4","0","05","07","4","0","0","1","0","1","0"
"POINT (8.656530161000035 50.118423087000053)","Unfall 144133 (2018) Kat:3, Licht: 0","144133","3","3","5","05","07","3","0","0","1","1","0","0"
"POINT (8.682067442000061 50.153678161000073)","Unfall 144134 (2018) Kat:3, Licht: 0","144134","3","3","5","05","14","4","0","0","1","1","0","0"
"POINT (8.646358191000047 50.128459807000070)","Unfall 144135 (2018) Kat:3, Licht: 0","144135","3","3","5","05","18","3","0","0","1","1","0","0"
"POINT (8.671189820000052 50.092821383000057)","Unfall 144138 (2018) Kat:3, Licht: 0","144138","3","1","0","05","17","3","0","0","1","0","0","0"
"POINT (8.694218273000047 50.109562514000061)","Unfall 144140 (2018) Kat:3, Licht: 0","144140","3","7","7","05","18","3","0","0","1","0","0","0"
"POINT (8.694223068000042 50.109539630000029)","Unfall 144141 (2018) Kat:3, Licht: 0","144141","3","7","7","05","17","3","0","0","1","0","0","0"
"POINT (8.719251937000024 50.123285598000052)","Unfall 144143 (2018) Kat:2, Licht: 0","144143","2","3","5","05","16","3","0","0","1","0","0","0"
"POINT (8.691712094000025 50.124204051000049)","Unfall 144145 (2018) Kat:3, Licht: 0","144145","3","2","3","05","19","3","0","0","1","0","0","0"
"POINT (8.690706434000049 50.131905579000033)","Unfall 144148 (2018) Kat:3, Licht: 0","144148","3","2","5","05","08","3","0","0","0","1","0","1"
"POINT (8.693952356000068 50.126859844000080)","Unfall 144150 (2018) Kat:3, Licht: 0","144150","3","3","5","05","09","3","0","0","1","1","0","0"
"POINT (8.557135457000072 50.115850766000051)","Unfall 144162 (2018) Kat:3, Licht: 0","144162","3","4","6","05","19","2","0","0","1","0","1","0"
"POINT (8.714532439000038 50.099346736000030)","Unfall 144165 (2018) Kat:3, Licht: 0","144165","3","7","0","05","16","2","0","0","0","0","0","1"
"POINT (8.676638362000062 50.109454431000074)","Unfall 144167 (2018) Kat:3, Licht: 0","144167","3","5","1","05","14","2","0","0","1","1","0","0"
"POINT (8.673594421000075 50.106583235000073)","Unfall 144168 (2018) Kat:3, Licht: 0","144168","3","7","0","05","10","2","1","0","1","0","0","0"
"POINT (8.603009197000063 50.101161325000078)","Unfall 144181 (2018) Kat:3, Licht: 0","144181","3","6","2","05","14","2","0","0","0","1","0","0"
"POINT (8.570056700000066 50.050717904000066)","Unfall 144189 (2018) Kat:3, Licht: 1","144189","3","7","6","05","21","1","0","1","0","1","1","0"
"POINT (8.631822466000074 50.157210892000080)","Unfall 144195 (2018) Kat:2, Licht: 0","144195","2","1","0","05","14","1","0","0","0","1","0","0"
"POINT (8.635529227000063 50.123868223000045)","Unfall 144198 (2018) Kat:3, Licht: 0","144198","3","6","3","05","08","1","0","0","0","1","0","0"
"POINT (8.676367312000025 50.110382399000059)","Unfall 144200 (2018) Kat:3, Licht: 0","144200","3","7","6","05","17","1","0","0","0","1","1","0"
"POINT (8.676385300000050 50.110376507000069)","Unfall 144201 (2018) Kat:3, Licht: 0","144201","3","6","0","05","17","1","0","0","0","1","1","0"
"POINT (8.678926710000042 50.110381717000053)","Unfall 144203 (2018) Kat:3, Licht: 0","144203","3","4","6","05","17","1","0","0","0","1","1","0"
"POINT (8.642476017000035 50.172902717000056)","Unfall 144214 (2018) Kat:3, Licht: 0","144214","3","5","1","05","20","1","0","0","1","1","0","0"
"POINT (8.684134602000029 50.151425561000053)","Unfall 144216 (2018) Kat:3, Licht: 0","144216","3","5","1","05","12","1","0","0","1","0","0","0"
"POINT (8.655218643000069 50.140916618000062)","Unfall 144223 (2018) Kat:3, Licht: 0","144223","3","3","5","05","16","7","0","0","0","1","0","1"
"POINT (8.667022554000027 50.109293616000059)","Unfall 144224 (2018) Kat:3, Licht: 0","144224","3","4","6","05","09","7","0","0","0","1","1","0"
"POINT (8.665945201000056 50.108896516000073)","Unfall 144226 (2018) Kat:3, Licht: 0","144226","3","7","6","05","07","7","0","0","0","1","1","0"
"POINT (8.603103628000042 50.101221135000060)","Unfall 144246 (2018) Kat:3, Licht: 0","144246","3","3","5","05","09","6","0","0","0","1","0","0"
"POINT (8.679998326000032 50.102817246000029)","Unfall 144248 (2018) Kat:2, Licht: 0","144248","2","1","1","05","17","6","0","0","1","1","0","0"
"POINT (8.659896130000050 50.119037030000072)","Unfall 144249 (2018) Kat:3, Licht: 0","144249","3","6","3","05","10","7","0","0","1","0","0","0"
"POINT (8.758037132000027 50.131844704000059)","Unfall 144250 (2018) Kat:3, Licht: 0","144250","3","6","2","05","06","6","0","0","0","1","0","0"
"POINT (8.695407284000055 50.128042184000037)","Unfall 144251 (2018) Kat:3, Licht: 2","144251","3","2","3","05","23","7","0","2","0","1","0","0"
"POINT (8.695002370000054 50.127823396000053)","Unfall 144252 (2018) Kat:3, Licht: 0","144252","3","2","3","05","14","7","0","0","0","1","0","1"
"POINT (8.666280890000053 50.106925690000025)","Unfall 144253 (2018) Kat:3, Licht: 0","144253","3","6","0","05","18","6","0","0","1","1","0","0"
"POINT (8.668345589000069 50.122125354000048)","Unfall 144255 (2018) Kat:3, Licht: 0","144255","3","5","1","05","10","6","0","0","1","1","0","0"
"POINT (8.690812576000042 50.122006823000049)","Unfall 144256 (2018) Kat:3, Licht: 2","144256","3","4","6","05","23","6","0","2","0","0","1","0"
"POINT (8.579315985000051 50.051120435000030)","Unfall 144269 (2018) Kat:3, Licht: 0","144269","3","6","1","05","07","6","0","0","0","1","0","0"
"POINT (8.585332400000027 50.052859440000077)","Unfall 144282 (2018) Kat:3, Licht: 0","144282","3","5","2","05","09","5","0","0","0","1","0","0"
"POINT (8.658640673000036 50.112289647000068)","Unfall 144286 (2018) Kat:3, Licht: 0","144286","3","4","6","05","11","6","0","0","0","1","1","0"
"POINT (8.655489560000035 50.118350669000051)","Unfall 144287 (2018) Kat:3, Licht: 0","144287","3","7","1","05","09","6","0","0","0","1","0","0"
"POINT (8.643605652000076 50.107883255000047)","Unfall 144289 (2018) Kat:3, Licht: 0","144289","3","6","2","05","17","6","0","0","0","1","0","1"
"POINT (8.684278184000050 50.112253341000041)","Unfall 144291 (2018) Kat:3, Licht: 0","144291","3","3","5","05","16","6","0","0","1","1","0","0"
"POINT (8.612361892000024 50.129891206000082)","Unfall 144297 (2018) Kat:3, Licht: 0","144297","3","3","5","05","13","5","0","0","1","1","0","0"
"POINT (8.661812791000045 50.096957910000071)","Unfall 144299 (2018) Kat:3, Licht: 0","144299","3","3","5","05","12","5","0","0","1","1","0","0"
"POINT (8.675672003000045 50.121655111000052)","Unfall 144302 (2018) Kat:3, Licht: 0","144302","3","7","0","05","15","5","0","0","1","0","0","0"
"POINT (8.690615307000030 50.109414142000048)","Unfall 144304 (2018) Kat:3, Licht: 0","144304","3","6","2","05","17","5","0","0","0","1","0","0"
"POINT (8.640219083000034 50.121044914000038)","Unfall 144328 (2018) Kat:2, Licht: 1","144328","2","3","5","05","20","5","0","1","0","0","0","1"
"POINT (8.644324473000040 50.123012750000044)","Unfall 144330 (2018) Kat:3, Licht: 0","144330","3","3","5","05","13","5","0","0","1","1","0","0"
"POINT (8.693372241000077 50.101062433000038)","Unfall 144333 (2018) Kat:3, Licht: 0","144333","3","7","6","05","17","5","0","0","0","1","1","0"
"POINT (8.687996441000053 50.100964126000065)","Unfall 144335 (2018) Kat:3, Licht: 0","144335","3","3","5","05","15","5","0","0","1","1","0","0"
"POINT (8.747471770000061 50.122303026000054)","Unfall 144337 (2018) Kat:3, Licht: 0","144337","3","3","5","05","12","5","0","0","0","1","0","0"
"POINT (8.551979519000042 50.083301963000054)","Unfall 144345 (2018) Kat:3, Licht: 0","144345","3","2","5","05","09","4","0","0","1","1","0","0"
"POINT (8.667208173000063 50.137592466000058)","Unfall 144346 (2018) Kat:3, Licht: 0","144346","3","2","5","05","07","4","0","0","1","1","0","0"
"POINT (8.726272385000073 50.142268136000041)","Unfall 144348 (2018) Kat:3, Licht: 0","144348","3","6","2","05","16","4","0","0","0","1","0","0"
"POINT (8.728869640000028 50.121292351000079)","Unfall 144351 (2018) Kat:3, Licht: 0","144351","3","6","2","05","13","4","0","0","0","1","0","0"
"POINT (8.689081420000036 50.118476625000028)","Unfall 144353 (2018) Kat:2, Licht: 0","144353","2","3","5","05","17","4","0","0","1","1","0","0"
"POINT (8.697899715000062 50.173877619000052)","Unfall 144383 (2018) Kat:3, Licht: 0","144383","3","3","5","05","18","4","1","0","1","1","0","0"
"POINT (8.667872286000034 50.139475260000040)","Unfall 144385 (2018) Kat:3, Licht: 0","144385","3","3","5","05","16","4","0","0","1","1","0","0"
"POINT (8.726762589000032 50.117653028000063)","Unfall 144387 (2018) Kat:3, Licht: 2","144387","3","3","5","05","00","4","0","2","1","1","0","0"
"POINT (8.671045289000062 50.116093577000072)","Unfall 144388 (2018) Kat:2, Licht: 0","144388","2","7","5","05","10","4","0","0","1","0","0","0"
"POINT (8.544991527000036 50.100027191000038)","Unfall 144392 (2018) Kat:2, Licht: 0","144392","2","2","6","05","09","3","0","0","0","1","1","0"
"POINT (8.664847326000029 50.142966847000082)","Unfall 144394 (2018) Kat:3, Licht: 0","144394","3","7","6","05","07","3","0","0","0","1","1","0"
"POINT (8.687837057000024 50.113603755000042)","Unfall 144397 (2018) Kat:3, Licht: 2","144397","3","1","0","05","22","3","1","2","0","0","0","1"
"POINT (8.562654246000022 50.117332135000026)","Unfall 144425 (2018) Kat:2, Licht: 0","144425","2","4","6","05","17","2","1","0","0","1","1","0"
"POINT (8.548394802000075 50.101611183000045)","Unfall 144427 (2018) Kat:3, Licht: 0","144427","3","7","0","05","14","2","0","0","0","1","0","0"
"POINT (8.621607065000035 50.110324849000051)","Unfall 144447 (2018) Kat:3, Licht: 0","144447","3","6","3","06","17","1","0","0","1","1","0","0"
"POINT (8.614118289000032 50.114250328000026)","Unfall 144448 (2018) Kat:3, Licht: 0","144448","3","3","5","06","16","1","0","0","0","1","0","0"
"POINT (8.701589005000074 50.126448624000034)","Unfall 144449 (2018) Kat:3, Licht: 0","144449","3","3","0","06","19","1","0","0","0","1","0","1"
"POINT (8.614118259000065 50.114250459000061)","Unfall 144473 (2018) Kat:3, Licht: 0","144473","3","3","5","06","14","7","0","0","0","1","0","0"
"POINT (8.705559675000075 50.114689176000070)","Unfall 144477 (2018) Kat:1, Licht: 0","144477","1","1","0","06","15","7","0","0","1","0","0","0"
"POINT (8.618477140000039 50.102224601000046)","Unfall 144482 (2018) Kat:3, Licht: 0","144482","3","2","5","06","13","7","0","0","1","1","0","0"
"POINT (8.610289046000048 50.106521680000071)","Unfall 144484 (2018) Kat:3, Licht: 0","144484","3","1","8","06","08","7","0","0","0","1","0","0"
"POINT (8.656286163000061 50.108977060000029)","Unfall 144485 (2018) Kat:3, Licht: 0","144485","3","3","5","06","14","7","0","0","1","1","0","0"
"POINT (8.683357926000042 50.115566860000058)","Unfall 144487 (2018) Kat:3, Licht: 0","144487","3","7","1","06","16","7","0","0","0","1","0","0"
"POINT (8.747060766000061 50.143974017000062)","Unfall 144513 (2018) Kat:3, Licht: 0","144513","3","3","5","06","13","7","0","0","1","1","0","0"
"POINT (8.539206618000037 50.101468700000055)","Unfall 144518 (2018) Kat:3, Licht: 0","144518","3","3","5","06","17","6","0","0","1","1","0","0"
"POINT (8.629786362000061 50.179495890000055)","Unfall 144520 (2018) Kat:3, Licht: 0","144520","3","5","1","06","13","6","0","0","1","1","0","0"
"POINT (8.644240746000037 50.108685503000061)","Unfall 144523 (2018) Kat:3, Licht: 0","144523","3","2","5","06","09","6","0","0","1","1","0","0"
"POINT (8.668761713000038 50.138122076000059)","Unfall 144526 (2018) Kat:3, Licht: 2","144526","3","2","0","06","23","6","0","2","0","1","0","1"
"POINT (8.697082134000027 50.087452773000052)","Unfall 144527 (2018) Kat:3, Licht: 0","144527","3","7","3","06","16","6","0","0","0","1","0","1"
"POINT (8.592991698000049 50.097312956000053)","Unfall 144530 (2018) Kat:3, Licht: 0","144530","3","6","3","06","20","6","0","0","0","1","0","1"
"POINT (8.613029954000069 50.096558267000034)","Unfall 144533 (2018) Kat:3, Licht: 0","144533","3","3","5","06","14","6","0","0","1","0","0","0"
"POINT (8.748366933000057 50.132311724000033)","Unfall 144536 (2018) Kat:3, Licht: 0","144536","3","3","5","06","14","6","0","0","1","1","0","0"
"POINT (8.694226412000035 50.109523675000048)","Unfall 144538 (2018) Kat:3, Licht: 0","144538","3","2","5","06","16","6","0","0","1","1","0","0"
"POINT (8.700241912000024 50.114752485000054)","Unfall 144539 (2018) Kat:3, Licht: 0","144539","3","6","2","06","10","6","0","0","0","1","1","0"
"POINT (8.672534976000065 50.108555635000073)","Unfall 144541 (2018) Kat:3, Licht: 2","144541","3","3","5","06","01","6","0","2","0","1","0","0"
"POINT (8.676469961000066 50.113626189000058)","Unfall 144545 (2018) Kat:3, Licht: 0","144545","3","6","3","06","06","6","0","0","0","1","0","1"
"POINT (8.544008682000026 50.102032293000036)","Unfall 144565 (2018) Kat:3, Licht: 0","144565","3","4","6","06","14","5","1","0","0","1","1","0"
"POINT (8.618538157000046 50.102177747000042)","Unfall 144567 (2018) Kat:2, Licht: 0","144567","2","2","5","06","13","5","0","0","0","1","0","1"
"POINT (8.609835377000024 50.141133624000076)","Unfall 144569 (2018) Kat:3, Licht: 0","144569","3","7","6","06","13","5","0","0","0","0","1","0"
"POINT (8.636885200000052 50.120961190000060)","Unfall 144572 (2018) Kat:3, Licht: 0","144572","3","1","0","06","16","5","1","0","1","0","0","0"
"POINT (8.667074429000024 50.137505613000030)","Unfall 144573 (2018) Kat:3, Licht: 0","144573","3","6","2","06","19","5","0","0","0","1","0","0"
"POINT (8.702533298000049 50.125035224000044)","Unfall 144575 (2018) Kat:3, Licht: 0","144575","3","7","9","06","13","5","0","0","0","1","0","0"
"POINT (8.688088767000068 50.167433264000067)","Unfall 144577 (2018) Kat:3, Licht: 0","144577","3","4","6","05","09","5","0","0","0","1","1","0"
"POINT (8.694063346000064 50.132084672000076)","Unfall 144578 (2018) Kat:3, Licht: 0","144578","3","7","4","06","16","5","1","0","0","1","0","1"
"POINT (8.688743447000036 50.103806156000076)","Unfall 144579 (2018) Kat:3, Licht: 1","144579","3","3","5","05","22","5","0","1","0","1","0","0"
"POINT (8.681831388000035 50.109016885000074)","Unfall 144580 (2018) Kat:3, Licht: 0","144580","3","6","2","06","14","5","0","0","0","1","0","1"
"POINT (8.756562296000027 50.143522460000042)","Unfall 144593 (2018) Kat:3, Licht: 0","144593","3","7","0","05","19","5","0","0","1","0","0","0"
"POINT (8.498647998000024 50.101265311000077)","Unfall 144615 (2018) Kat:2, Licht: 0","144615","2","4","6","05","20","4","0","0","0","1","1","0"
"POINT (8.548831017000055 50.098464100000058)","Unfall 144618 (2018) Kat:3, Licht: 0","144618","3","3","5","05","09","4","0","0","1","1","0","0"
"POINT (8.640625107000062 50.177132781000068)","Unfall 144620 (2018) Kat:3, Licht: 0","144620","3","2","5","05","07","4","0","0","0","1","0","1"
"POINT (8.664639158000057 50.115567721000048)","Unfall 144622 (2018) Kat:3, Licht: 0","144622","3","1","1","05","19","4","0","0","1","1","0","0"
"POINT (8.652371727000059 50.196499118000077)","Unfall 144623 (2018) Kat:3, Licht: 0","144623","3","3","5","06","08","2","0","0","0","1","0","0"
"POINT (8.697164748000034 50.153722727000059)","Unfall 144626 (2018) Kat:3, Licht: 0","144626","3","7","1","05","18","4","0","0","0","1","0","0"
"POINT (8.691123120000043 50.143749520000028)","Unfall 144627 (2018) Kat:3, Licht: 0","144627","3","6","0","06","06","2","0","0","0","1","0","1"
"POINT (8.611594710000077 50.078223214000047)","Unfall 144629 (2018) Kat:3, Licht: 0","144629","3","7","6","05","19","4","0","0","0","1","1","0"
"POINT (8.720258160000071 50.145396722000044)","Unfall 144632 (2018) Kat:3, Licht: 0","144632","3","2","5","05","19","4","0","0","1","1","0","0"
"POINT (8.606783053000072 50.122977313000035)","Unfall 144633 (2018) Kat:3, Licht: 0","144633","3","6","1","06","08","2","0","0","1","1","0","0"
"POINT (8.692843032000042 50.128964738000036)","Unfall 144635 (2018) Kat:3, Licht: 0","144635","3","2","3","05","16","4","0","0","1","1","0","0"
"POINT (8.690175057000033 50.119772827000077)","Unfall 144636 (2018) Kat:3, Licht: 0","144636","3","7","4","05","09","4","0","0","1","0","0","0"
"POINT (8.605399919000035 50.092401750000079)","Unfall 144637 (2018) Kat:3, Licht: 0","144637","3","3","5","06","09","4","0","0","1","1","0","0"
"POINT (8.697722320000025 50.121240040000032)","Unfall 144638 (2018) Kat:3, Licht: 0","144638","3","4","0","05","11","4","0","0","0","0","1","1"
"POINT (8.671586134000052 50.127055566000081)","Unfall 144639 (2018) Kat:2, Licht: 2","144639","2","3","0","06","22","4","0","2","1","1","0","0"
"POINT (8.728755670000055 50.142903311000055)","Unfall 144641 (2018) Kat:3, Licht: 0","144641","3","7","5","06","19","2","0","0","1","1","0","0"
"POINT (8.688020631000029 50.111130163000041)","Unfall 144642 (2018) Kat:2, Licht: 0","144642","2","7","1","06","14","4","0","0","0","0","0","1"
"POINT (8.704117140000051 50.127797843000053)","Unfall 144656 (2018) Kat:2, Licht: 0","144656","2","3","5","06","18","2","0","0","1","0","0","0"
"POINT (8.672696992000056 50.117699409000068)","Unfall 144664 (2018) Kat:3, Licht: 0","144664","3","3","5","06","18","2","0","0","1","1","0","0"
"POINT (8.677073845000052 50.115985023000064)","Unfall 144668 (2018) Kat:3, Licht: 0","144668","3","4","6","06","14","2","0","0","0","1","1","0"
"POINT (8.733688613000027 50.129662413000062)","Unfall 144678 (2018) Kat:3, Licht: 0","144678","3","1","1","06","08","4","0","0","1","1","0","0"
"POINT (8.625488221000069 50.181938555000045)","Unfall 144689 (2018) Kat:2, Licht: 0","144689","2","2","5","06","18","3","0","0","1","1","0","0"
"POINT (8.562577014000055 50.117406180000046)","Unfall 144690 (2018) Kat:3, Licht: 1","144690","3","6","4","05","04","3","0","1","0","1","0","0"
"POINT (8.658167179000031 50.188833329000033)","Unfall 144691 (2018) Kat:3, Licht: 0","144691","3","6","2","06","11","3","0","0","0","1","0","0"
"POINT (8.622350788000063 50.147261004000029)","Unfall 144692 (2018) Kat:3, Licht: 0","144692","3","3","5","06","09","3","0","0","1","0","0","0"
"POINT (8.542795878000050 50.110474086000067)","Unfall 144693 (2018) Kat:3, Licht: 0","144693","3","4","6","05","14","3","0","0","1","0","1","0"
"POINT (8.623286059000066 50.121096058000035)","Unfall 144694 (2018) Kat:3, Licht: 1","144694","3","1","0","06","05","3","0","1","0","0","0","1"
"POINT (8.645780141000046 50.163942531000032)","Unfall 144695 (2018) Kat:3, Licht: 0","144695","3","4","6","05","15","3","0","0","0","1","1","0"
"POINT (8.580868499000076 50.082442987000036)","Unfall 144696 (2018) Kat:3, Licht: 0","144696","3","3","0","05","09","3","0","0","0","0","0","1"
"POINT (8.600509203000058 50.084035842000048)","Unfall 144697 (2018) Kat:2, Licht: 0","144697","2","7","0","06","08","3","0","0","1","0","0","0"
"POINT (8.694435595000073 50.096901854000066)","Unfall 144698 (2018) Kat:3, Licht: 0","144698","3","3","5","05","10","3","0","0","0","1","0","1"
"POINT (8.679064329000028 50.103979999000046)","Unfall 144699 (2018) Kat:3, Licht: 0","144699","3","6","1","06","10","3","0","0","0","1","0","1"
"POINT (8.773986688000036 50.117720488000032)","Unfall 144700 (2018) Kat:3, Licht: 0","144700","3","7","6","05","16","3","0","0","0","0","1","1"
"POINT (8.699723108000057 50.120734980000066)","Unfall 144701 (2018) Kat:3, Licht: 0","144701","3","6","3","06","10","3","0","0","0","1","0","1"
"POINT (8.762199180000039 50.114772550000055)","Unfall 144702 (2018) Kat:3, Licht: 0","144702","3","6","3","05","11","3","0","0","1","0","0","0"
"POINT (8.659786986000029 50.119083947000036)","Unfall 144704 (2018) Kat:3, Licht: 0","144704","3","2","5","05","16","3","0","0","1","1","0","0"
"POINT (8.659554076000063 50.119114882000076)","Unfall 144707 (2018) Kat:3, Licht: 0","144707","3","3","5","05","08","3","0","0","1","1","0","0"
"POINT (8.675014124000029 50.124714167000036)","Unfall 144718 (2018) Kat:3, Licht: 0","144718","3","1","1","06","15","6","0","0","0","1","0","1"
"POINT (8.694710175000068 50.132120489000044)","Unfall 144720 (2018) Kat:3, Licht: 0","144720","3","2","5","06","05","6","0","0","1","1","0","0"
"POINT (8.610989150000023 50.092352963000053)","Unfall 144722 (2018) Kat:3, Licht: 0","144722","3","3","5","06","19","1","0","0","0","1","0","0"
"POINT (8.709824091000030 50.109468446000051)","Unfall 144724 (2018) Kat:3, Licht: 0","144724","3","5","1","06","19","1","0","0","1","0","0","0"
"POINT (8.652790046000064 50.196721309000054)","Unfall 144747 (2018) Kat:3, Licht: 0","144747","3","6","2","06","14","7","0","0","0","1","0","0"
"POINT (8.679383686000051 50.103616490000036)","Unfall 144750 (2018) Kat:3, Licht: 0","144750","3","6","3","06","14","7","0","0","0","1","0","1"
"POINT (8.639397239000061 50.161701552000068)","Unfall 144774 (2018) Kat:3, Licht: 1","144774","3","3","5","06","20","5","0","1","1","1","0","0"
"POINT (8.656508606000045 50.117945477000035)","Unfall 144776 (2018) Kat:3, Licht: 1","144776","3","3","0","06","21","5","0","1","0","1","0","1"
"POINT (8.657175383000038 50.110840214000063)","Unfall 144777 (2018) Kat:3, Licht: 0","144777","3","2","3","06","09","5","0","0","1","1","0","0"
"POINT (8.687787162000063 50.107518983000034)","Unfall 144779 (2018) Kat:3, Licht: 2","144779","3","7","6","06","22","5","0","2","1","0","1","0"
"POINT (8.677763687000038 50.119707056000038)","Unfall 144781 (2018) Kat:3, Licht: 0","144781","3","4","6","06","16","6","0","0","0","0","1","1"
"POINT (8.679662012000051 50.103281740000057)","Unfall 144782 (2018) Kat:3, Licht: 0","144782","3","1","0","06","13","5","0","0","1","0","0","0"
"POINT (8.659653568000067 50.119879707000052)","Unfall 144784 (2018) Kat:3, Licht: 0","144784","3","6","4","06","14","5","0","0","1","0","0","0"
"POINT (8.487658143000033 50.096377657000062)","Unfall 144818 (2018) Kat:3, Licht: 0","144818","3","3","5","06","11","5","0","0","1","1","0","0"
"POINT (8.648029286000053 50.078418743000043)","Unfall 144820 (2018) Kat:3, Licht: 2","144820","3","3","5","06","04","5","0","2","0","1","0","1"
"POINT (8.675726434000069 50.107511644000056)","Unfall 144823 (2018) Kat:3, Licht: 0","144823","3","6","2","06","17","5","0","0","1","1","0","0"
"POINT (8.638783878000027 50.189274104000049)","Unfall 144831 (2018) Kat:3, Licht: 0","144831","3","2","5","06","15","4","0","0","0","1","0","0"
"POINT (8.646954125000036 50.125648174000048)","Unfall 144832 (2018) Kat:3, Licht: 0","144832","3","7","6","06","17","4","0","0","0","1","1","0"
"POINT (8.648908809000034 50.145373889000041)","Unfall 144834 (2018) Kat:3, Licht: 0","144834","3","3","5","06","10","4","0","0","1","1","0","0"
"POINT (8.692094473000054 50.154759948000049)","Unfall 144837 (2018) Kat:3, Licht: 0","144837","3","3","5","06","16","4","0","0","0","1","0","1"
"POINT (8.642743898000049 50.091226470000038)","Unfall 144839 (2018) Kat:3, Licht: 0","144839","3","6","2","06","08","4","0","0","0","1","0","0"