WKT,Name,OBJECTID,UKATEGORIE,UTYP1,UART,UMONAT,USTUNDE,UWOCHENTAG,STRZUSTAND,ULICHTVERH,ISTRAD,ISTPKW,ISTFUSS,ISTKRAD
"POINT (8.699165231000052 50.138830735000056)","Unfall 144842 (2018) Kat:3, Licht: 0","144842","3","2","2","06","11","4","0","0","0","1","0","0"
"POINT (8.705976704000022 50.128565474000027)","Unfall 144844 (2018) Kat:3, Licht: 0","144844","3","7","7","06","09","4","0","0","1","0","0","0"
"POINT (8.669689318000053 50.124240990000033)","Unfall 144846 (2018) Kat:3, Licht: 1","144846","3","1","0","06","05","4","0","1","1","0","0","0"
"POINT (8.665911980000033 50.119552618000057)","Unfall 144847 (2018) Kat:3, Licht: 2","144847","3","3","5","06","00","4","0","2","0","1","0","0"
"POINT (8.677768243000060 50.105455269000061)","Unfall 144874 (2018) Kat:3, Licht: 2","144874","3","6","2","06","22","4","0","2","0","1","0","0"
"POINT (8.670098968000048 50.121684664000043)","Unfall 144876 (2018) Kat:3, Licht: 0","144876","3","7","1","06","16","4","0","0","1","1","0","0"
"POINT (8.759148157000027 50.158703401000082)","Unfall 144899 (2018) Kat:3, Licht: 0","144899","3","3","0","06","15","4","0","0","0","1","0","1"
"POINT (8.628770429000042 50.087479988000041)","Unfall 144900 (2018) Kat:3, Licht: 0","144900","3","7","0","06","09","3","0","0","0","1","0","1"
"POINT (8.678155684000046 50.093569233000039)","Unfall 144902 (2018) Kat:3, Licht: 0","144902","3","7","0","06","15","3","0","0","0","1","0","0"
"POINT (8.647463520000031 50.101055932000065)","Unfall 144904 (2018) Kat:2, Licht: 0","144904","2","2","5","06","09","3","0","0","1","1","0","0"
"POINT (8.673181371000055 50.107324875000074)","Unfall 144905 (2018) Kat:3, Licht: 2","144905","3","3","5","06","22","3","0","2","0","1","0","0"
"POINT (8.641265635000025 50.101825314000052)","Unfall 144907 (2018) Kat:3, Licht: 0","144907","3","1","0","06","16","3","0","0","0","0","0","1"
"POINT (8.674563851000073 50.109456743000067)","Unfall 144908 (2018) Kat:2, Licht: 0","144908","2","4","6","06","20","3","0","0","0","1","1","0"
"POINT (8.602159273000041 50.093203299000038)","Unfall 144911 (2018) Kat:3, Licht: 0","144911","3","3","5","06","08","3","1","0","0","1","0","0"
"POINT (8.642545831000064 50.175081184000078)","Unfall 144912 (2018) Kat:3, Licht: 0","144912","3","6","2","06","10","3","1","0","0","1","0","0"
"POINT (8.667527930000063 50.145740203000059)","Unfall 144914 (2018) Kat:3, Licht: 0","144914","3","3","5","06","16","3","0","0","1","1","0","0"
"POINT (8.671246797000038 50.138884480000058)","Unfall 144916 (2018) Kat:3, Licht: 0","144916","3","6","2","06","13","3","1","0","0","1","0","0"
"POINT (8.601723758000048 50.120459831000062)","Unfall 144918 (2018) Kat:3, Licht: 0","144918","3","3","0","06","08","3","1","0","0","1","0","1"
"POINT (8.664874042000065 50.123545608000029)","Unfall 144920 (2018) Kat:3, Licht: 0","144920","3","3","5","06","13","3","1","0","1","1","0","0"
"POINT (8.681996553000033 50.117513272000053)","Unfall 144921 (2018) Kat:3, Licht: 0","144921","3","6","3","06","12","3","1","0","0","1","0","1"
"POINT (8.553496355000050 50.100424974000077)","Unfall 144965 (2018) Kat:3, Licht: 0","144965","3","2","4","06","16","2","0","0","1","1","0","0"
"POINT (8.672711773000060 50.128764915000033)","Unfall 144967 (2018) Kat:2, Licht: 2","144967","2","6","3","06","22","2","0","2","1","1","0","0"
"POINT (8.502836065000054 50.100701425000068)","Unfall 144968 (2018) Kat:3, Licht: 0","144968","3","3","5","06","20","2","1","0","0","1","0","0"
"POINT (8.688258034000057 50.117691389000072)","Unfall 144969 (2018) Kat:3, Licht: 2","144969","3","2","2","06","23","2","0","2","0","1","0","0"
"POINT (8.618379421000043 50.170897167000078)","Unfall 144970 (2018) Kat:3, Licht: 0","144970","3","6","4","06","16","2","1","0","0","1","0","1"
"POINT (8.644002001000047 50.125670487000036)","Unfall 144973 (2018) Kat:3, Licht: 0","144973","3","3","5","06","10","2","0","0","0","1","0","1"
"POINT (8.622216271000070 50.119082724000066)","Unfall 144975 (2018) Kat:2, Licht: 0","144975","2","7","6","06","13","2","0","0","0","1","1","0"
"POINT (8.642281240000045 50.086492584000041)","Unfall 144976 (2018) Kat:3, Licht: 0","144976","3","6","2","06","17","2","1","0","0","1","0","0"
"POINT (8.680352078000055 50.102328656000054)","Unfall 144978 (2018) Kat:3, Licht: 0","144978","3","6","3","06","09","2","0","0","0","1","0","0"
"POINT (8.646104975000071 50.105419902000051)","Unfall 144981 (2018) Kat:3, Licht: 0","144981","3","3","5","06","18","2","1","0","1","1","0","0"
"POINT (8.687931582000033 50.112676365000027)","Unfall 144984 (2018) Kat:3, Licht: 0","144984","3","1","1","06","18","2","1","0","0","1","0","1"
"POINT (8.673411007000027 50.127197388000070)","Unfall 145006 (2018) Kat:3, Licht: 0","145006","3","6","3","06","16","1","0","0","0","1","0","0"
"POINT (8.709180713000023 50.112038302000030)","Unfall 145010 (2018) Kat:3, Licht: 0","145010","3","5","1","06","10","6","0","0","1","1","0","0"
"POINT (8.659606781000036 50.108960649000039)","Unfall 145011 (2018) Kat:3, Licht: 0","145011","3","7","6","06","13","6","0","0","1","0","1","0"
"POINT (8.679718253000033 50.118754061000061)","Unfall 145013 (2018) Kat:3, Licht: 0","145013","3","5","1","06","19","6","0","0","1","1","0","0"
"POINT (8.672904068000037 50.128354231000060)","Unfall 145014 (2018) Kat:3, Licht: 0","145014","3","3","5","06","09","6","0","0","1","0","0","1"
"POINT (8.665244728000062 50.109015607000060)","Unfall 145018 (2018) Kat:3, Licht: 0","145018","3","2","3","07","13","4","0","0","1","1","0","0"
"POINT (8.665527187000066 50.108805621000045)","Unfall 145042 (2018) Kat:3, Licht: 0","145042","3","4","6","07","11","2","0","0","0","1","1","0"
"POINT (8.653610315000037 50.116611980000073)","Unfall 145052 (2018) Kat:3, Licht: 0","145052","3","7","6","07","08","3","0","0","1","0","1","0"
"POINT (8.618653740000070 50.101690510000026)","Unfall 145053 (2018) Kat:3, Licht: 2","145053","3","6","0","06","22","5","0","2","0","1","0","1"
"POINT (8.672290443000065 50.133452985000076)","Unfall 145054 (2018) Kat:3, Licht: 0","145054","3","7","1","06","09","5","0","0","0","1","0","1"
"POINT (8.673554496000065 50.098100219000059)","Unfall 145056 (2018) Kat:3, Licht: 0","145056","3","3","5","06","15","5","0","0","0","1","0","0"
"POINT (8.715427373000068 50.125934999000037)","Unfall 145058 (2018) Kat:3, Licht: 0","145058","3","2","3","06","16","5","0","0","1","1","0","0"
"POINT (8.664126362000047 50.108226228000035)","Unfall 145059 (2018) Kat:3, Licht: 0","145059","3","6","3","06","19","5","0","0","0","1","0","0"
"POINT (8.634971695000047 50.103819165000061)","Unfall 145061 (2018) Kat:3, Licht: 0","145061","3","2","5","06","15","5","0","0","1","0","0","0"
"POINT (8.629508039000029 50.083061483000051)","Unfall 145071 (2018) Kat:3, Licht: 0","145071","3","6","6","07","18","4","0","0","1","0","1","0"
"POINT (8.691764016000036 50.124667428000066)","Unfall 145092 (2018) Kat:3, Licht: 0","145092","3","6","2","07","18","2","0","0","0","1","0","1"
"POINT (8.699507514000061 50.156562619000056)","Unfall 145099 (2018) Kat:3, Licht: 0","145099","3","3","5","06","07","4","0","0","0","1","0","0"
"POINT (8.667382841000062 50.107204610000053)","Unfall 145100 (2018) Kat:3, Licht: 0","145100","3","5","1","07","10","3","0","0","1","1","0","0"
"POINT (8.744805301000042 50.123686606000035)","Unfall 145101 (2018) Kat:3, Licht: 0","145101","3","6","0","06","15","4","0","0","0","0","0","1"
"POINT (8.688293963000035 50.130963167000061)","Unfall 145102 (2018) Kat:3, Licht: 0","145102","3","4","6","06","18","4","0","0","1","0","1","0"
"POINT (8.676361697000061 50.113560743000050)","Unfall 145105 (2018) Kat:3, Licht: 0","145105","3","3","5","06","13","4","0","0","1","1","0","0"
"POINT (8.733805070000074 50.114732408000066)","Unfall 145122 (2018) Kat:3, Licht: 0","145122","3","6","2","07","17","4","0","0","0","1","0","0"
"POINT (8.684665874000075 50.087766769000041)","Unfall 145125 (2018) Kat:3, Licht: 0","145125","3","1","0","06","19","7","0","0","1","0","0","0"
"POINT (8.694610840000053 50.128441213000031)","Unfall 145128 (2018) Kat:3, Licht: 0","145128","3","3","5","06","12","7","0","0","1","1","0","0"
"POINT (8.687754882000036 50.114719876000038)","Unfall 145136 (2018) Kat:3, Licht: 2","145136","3","6","3","06","01","7","0","2","0","1","0","0"
"POINT (8.635471517000042 50.105810824000059)","Unfall 145140 (2018) Kat:3, Licht: 0","145140","3","6","2","06","14","3","0","0","1","1","0","0"
"POINT (8.652399514000024 50.196513877000029)","Unfall 145141 (2018) Kat:3, Licht: 0","145141","3","3","5","07","08","3","0","0","0","1","0","0"
"POINT (8.684799951000059 50.121089118000043)","Unfall 145142 (2018) Kat:3, Licht: 0","145142","3","6","4","06","18","3","0","0","1","1","0","0"
"POINT (8.673040274000073 50.111106197000026)","Unfall 145143 (2018) Kat:3, Licht: 2","145143","3","3","5","06","23","3","0","2","0","1","0","0"
"POINT (8.695703547000051 50.129537769000081)","Unfall 145146 (2018) Kat:3, Licht: 0","145146","3","4","6","07","09","2","0","0","0","1","1","0"
"POINT (8.695473967000055 50.128054561000056)","Unfall 145173 (2018) Kat:3, Licht: 0","145173","3","3","5","07","20","4","0","0","0","1","0","0"
"POINT (8.614079435000065 50.114217092000047)","Unfall 145177 (2018) Kat:3, Licht: 0","145177","3","3","5","07","09","4","0","0","0","1","0","0"
"POINT (8.593999182000061 50.099484013000051)","Unfall 145187 (2018) Kat:3, Licht: 0","145187","3","6","4","07","13","1","0","0","0","1","0","0"
"POINT (8.540322568000022 50.099520271000074)","Unfall 145193 (2018) Kat:3, Licht: 1","145193","3","3","5","06","21","2","0","1","0","1","0","0"
"POINT (8.670181579000030 50.138583833000041)","Unfall 145194 (2018) Kat:2, Licht: 0","145194","2","2","6","06","17","6","0","0","0","1","1","0"
"POINT (8.636272245000043 50.116935570000066)","Unfall 145195 (2018) Kat:3, Licht: 0","145195","3","2","3","06","19","2","0","0","0","1","0","0"
"POINT (8.671356074000073 50.136989195000069)","Unfall 145196 (2018) Kat:3, Licht: 0","145196","3","2","3","06","07","2","0","0","1","1","0","0"
"POINT (8.690731707000055 50.121734549000053)","Unfall 145197 (2018) Kat:3, Licht: 0","145197","3","3","5","06","18","2","0","0","1","1","0","0"
"POINT (8.692023285000062 50.126896186000067)","Unfall 145199 (2018) Kat:3, Licht: 0","145199","3","4","6","06","14","2","0","0","1","0","1","0"
"POINT (8.687970073000031 50.119234049000056)","Unfall 145200 (2018) Kat:3, Licht: 0","145200","3","6","2","06","08","2","0","0","0","1","0","0"
"POINT (8.640836147000073 50.104460153000048)","Unfall 145203 (2018) Kat:3, Licht: 0","145203","3","4","6","07","09","2","0","0","0","1","1","0"
"POINT (8.696889892000058 50.128310514000077)","Unfall 145211 (2018) Kat:3, Licht: 0","145211","3","6","3","07","12","3","0","0","1","0","0","0"
"POINT (8.604968586000041 50.110171485000080)","Unfall 145226 (2018) Kat:3, Licht: 0","145226","3","6","2","06","09","6","0","0","0","1","0","0"
"POINT (8.680713633000039 50.095688316000064)","Unfall 145232 (2018) Kat:3, Licht: 0","145232","3","6","3","07","09","4","0","0","0","1","0","1"
"POINT (8.647814549000032 50.085161454000058)","Unfall 145235 (2018) Kat:3, Licht: 0","145235","3","3","5","06","05","1","0","0","0","1","0","0"
"POINT (8.549412203000031 50.099983390000034)","Unfall 145237 (2018) Kat:2, Licht: 0","145237","2","6","2","07","19","1","0","0","0","1","0","1"
"POINT (8.649389460000066 50.186321864000035)","Unfall 145255 (2018) Kat:3, Licht: 0","145255","3","6","2","07","15","2","0","0","0","1","0","0"
"POINT (8.689068799000040 50.118463514000041)","Unfall 145260 (2018) Kat:3, Licht: 0","145260","3","3","5","07","16","3","0","0","1","1","0","0"
"POINT (8.543666992000055 50.099457164000057)","Unfall 145266 (2018) Kat:3, Licht: 0","145266","3","3","5","07","11","4","0","0","0","1","0","0"
"POINT (8.691754606000075 50.124333561000071)","Unfall 145283 (2018) Kat:3, Licht: 0","145283","3","7","1","07","19","1","0","0","1","1","0","0"
"POINT (8.650060387000053 50.120155896000028)","Unfall 145289 (2018) Kat:3, Licht: 0","145289","3","2","0","07","19","5","0","0","1","1","0","0"
"POINT (8.638648510000053 50.089514084000029)","Unfall 145290 (2018) Kat:3, Licht: 0","145290","3","6","4","07","11","5","0","0","1","0","0","0"
"POINT (8.570224715000052 50.098877704000074)","Unfall 145306 (2018) Kat:3, Licht: 0","145306","3","5","1","07","08","2","0","0","0","1","0","1"
"POINT (8.687894961000040 50.112817167000060)","Unfall 145315 (2018) Kat:3, Licht: 0","145315","3","6","2","07","20","1","1","0","0","1","0","0"
"POINT (8.660665608000045 50.096645832000036)","Unfall 145316 (2018) Kat:3, Licht: 0","145316","3","6","3","07","19","4","0","0","0","1","0","0"
"POINT (8.653537918000041 50.136262412000065)","Unfall 145339 (2018) Kat:3, Licht: 0","145339","3","3","5","07","15","3","0","0","0","1","0","1"
"POINT (8.587198052000076 50.108059854000032)","Unfall 145341 (2018) Kat:3, Licht: 0","145341","3","6","2","07","16","3","0","0","0","1","0","0"
"POINT (8.505489458000056 50.101632283000072)","Unfall 145360 (2018) Kat:3, Licht: 0","145360","3","3","5","07","20","4","0","0","1","1","0","0"
"POINT (8.633967890000065 50.155081459000030)","Unfall 145361 (2018) Kat:2, Licht: 0","145361","2","4","6","07","09","2","0","0","0","1","1","0"
"POINT (8.670614235000073 50.166155665000076)","Unfall 145363 (2018) Kat:2, Licht: 0","145363","2","2","5","07","09","2","0","0","0","0","0","1"
"POINT (8.694045871000071 50.144154889000049)","Unfall 145364 (2018) Kat:3, Licht: 0","145364","3","7","0","07","16","2","0","0","1","1","0","0"
"POINT (8.660585680000054 50.096608633000073)","Unfall 145366 (2018) Kat:3, Licht: 0","145366","3","1","0","07","18","2","0","0","1","0","0","0"
"POINT (8.670501250000029 50.128485991000048)","Unfall 145367 (2018) Kat:3, Licht: 0","145367","3","1","0","07","17","5","0","0","0","0","0","1"
"POINT (8.653253186000029 50.073657526000034)","Unfall 145372 (2018) Kat:3, Licht: 0","145372","3","1","8","07","05","7","1","0","0","1","0","0"
"POINT (8.727607292000073 50.139748363000081)","Unfall 145378 (2018) Kat:3, Licht: 2","145378","3","7","8","07","23","7","0","2","0","1","0","0"
"POINT (8.685624513000050 50.118316505000053)","Unfall 145384 (2018) Kat:3, Licht: 2","145384","3","2","5","07","03","7","0","2","1","1","0","0"
"POINT (8.634502538000049 50.087778513000046)","Unfall 145398 (2018) Kat:3, Licht: 0","145398","3","7","0","07","09","1","0","0","1","1","0","0"
"POINT (8.696526141000049 50.089885398000035)","Unfall 145406 (2018) Kat:3, Licht: 0","145406","3","1","0","07","17","3","0","0","0","0","0","1"
"POINT (8.666381047000073 50.111701800000048)","Unfall 145413 (2018) Kat:3, Licht: 0","145413","3","2","3","07","08","4","0","0","1","0","0","0"
"POINT (8.553631854000059 50.100471540000058)","Unfall 145417 (2018) Kat:3, Licht: 0","145417","3","1","4","07","15","7","0","0","1","1","0","0"
"POINT (8.626977271000044 50.112380278000046)","Unfall 145419 (2018) Kat:3, Licht: 0","145419","3","2","2","07","17","7","0","0","0","1","0","1"
"POINT (8.681249390000062 50.134952232000046)","Unfall 145421 (2018) Kat:3, Licht: 0","145421","3","6","6","07","15","7","0","0","0","1","1","0"
"POINT (8.721562410000047 50.138597487000027)","Unfall 145423 (2018) Kat:3, Licht: 0","145423","3","6","2","07","15","7","0","0","0","1","0","1"
"POINT (8.676063619000047 50.112657575000071)","Unfall 145425 (2018) Kat:3, Licht: 2","145425","3","6","2","07","23","7","0","2","0","1","0","0"
"POINT (8.540940326000055 50.100429577000057)","Unfall 145441 (2018) Kat:3, Licht: 0","145441","3","7","6","07","13","6","0","0","0","1","1","0"
"POINT (8.667302657000050 50.137592139000049)","Unfall 145444 (2018) Kat:3, Licht: 0","145444","3","2","3","07","15","6","0","0","1","1","0","0"
"POINT (8.527587792000077 50.097610120000070)","Unfall 145448 (2018) Kat:2, Licht: 0","145448","2","6","3","07","07","3","0","0","1","1","0","0"
"POINT (8.690786742000057 50.099976776000062)","Unfall 145452 (2018) Kat:3, Licht: 0","145452","3","1","6","07","08","6","0","0","1","0","1","0"
"POINT (8.691427258000033 50.150186803000054)","Unfall 145473 (2018) Kat:2, Licht: 0","145473","2","2","0","07","09","2","1","0","0","1","0","1"
"POINT (8.637233124000034 50.171596403000080)","Unfall 145474 (2018) Kat:2, Licht: 2","145474","2","1","0","07","01","6","0","2","0","0","0","1"
"POINT (8.687589235000075 50.126811718000056)","Unfall 145475 (2018) Kat:3, Licht: 0","145475","3","1","0","07","19","6","0","0","1","0","0","0"
"POINT (8.685954477000053 50.112421777000066)","Unfall 145477 (2018) Kat:3, Licht: 0","145477","3","2","5","07","12","6","0","0","1","1","0","0"
"POINT (8.644235558000048 50.108721305000074)","Unfall 145481 (2018) Kat:3, Licht: 0","145481","3","2","3","07","20","5","0","0","1","1","0","0"
"POINT (8.635588496000025 50.167875604000074)","Unfall 145500 (2018) Kat:3, Licht: 0","145500","3","3","5","07","08","5","0","0","1","1","0","0"
"POINT (8.633410553000033 50.155765386000041)","Unfall 145502 (2018) Kat:3, Licht: 0","145502","3","6","4","07","06","5","0","0","1","0","0","0"
"POINT (8.588004339000065 50.083471435000035)","Unfall 145503 (2018) Kat:3, Licht: 0","145503","3","2","5","07","18","3","0","0","1","1","0","0"
"POINT (8.644234885000060 50.108725950000064)","Unfall 145505 (2018) Kat:3, Licht: 0","145505","3","2","5","07","09","5","0","0","1","1","0","0"
"POINT (8.669781746000069 50.131750344000068)","Unfall 145508 (2018) Kat:2, Licht: 0","145508","2","3","5","07","09","5","0","0","1","1","0","0"
"POINT (8.679618610000034 50.103341682000064)","Unfall 145509 (2018) Kat:3, Licht: 0","145509","3","6","0","07","12","5","0","0","1","1","0","0"
"POINT (8.675823009000055 50.112130113000035)","Unfall 145510 (2018) Kat:3, Licht: 0","145510","3","4","6","07","17","5","0","0","1","0","1","0"
"POINT (8.666467915000055 50.201448340000070)","Unfall 145524 (2018) Kat:3, Licht: 2","145524","3","1","1","07","03","4","0","2","1","1","0","0"
"POINT (8.574492836000047 50.051753726000072)","Unfall 145538 (2018) Kat:3, Licht: 0","145538","3","4","6","07","10","6","0","0","0","1","1","0"
"POINT (8.543465142000059 50.114373699000055)","Unfall 145542 (2018) Kat:3, Licht: 0","145542","3","4","6","07","17","3","0","0","0","1","1","0"
"POINT (8.553586021000058 50.089671603000056)","Unfall 145548 (2018) Kat:3, Licht: 0","145548","3","6","2","08","18","4","0","0","0","1","0","0"
"POINT (8.623841154000047 50.129364121000037)","Unfall 145549 (2018) Kat:3, Licht: 0","145549","3","2","3","07","06","6","0","0","1","1","0","0"
"POINT (8.719331624000063 50.154101067000056)","Unfall 145550 (2018) Kat:3, Licht: 2","145550","3","7","6","07","23","6","0","2","1","0","1","0"
"POINT (8.513505400000042 50.086378234000051)","Unfall 145551 (2018) Kat:3, Licht: 1","145551","3","2","5","07","06","3","0","1","0","1","0","1"
"POINT (8.700174462000064 50.122416278000060)","Unfall 145552 (2018) Kat:3, Licht: 0","145552","3","3","0","07","17","6","0","0","1","0","0","0"
"POINT (8.669645929000069 50.113824367000063)","Unfall 145553 (2018) Kat:3, Licht: 0","145553","3","2","3","07","09","3","0","0","1","0","0","0"
"POINT (8.674028619000069 50.110038450000047)","Unfall 145555 (2018) Kat:3, Licht: 0","145555","3","3","5","07","17","6","0","0","1","1","0","0"
"POINT (8.687689722000073 50.109630149000054)","Unfall 145556 (2018) Kat:3, Licht: 0","145556","3","2","5","07","11","6","0","0","0","1","0","1"
"POINT (8.538657244000035 50.115474263000067)","Unfall 145588 (2018) Kat:3, Licht: 0","145588","3","6","3","08","12","4","0","0","0","1","0","0"
"POINT (8.656627876000073 50.106818353000051)","Unfall 145600 (2018) Kat:3, Licht: 0","145600","3","6","2","08","07","4","0","0","0","1","0","0"
"POINT (8.652929909000022 50.190127874000041)","Unfall 145604 (2018) Kat:2, Licht: 0","145604","2","3","5","07","16","4","0","0","0","1","0","0"
"POINT (8.666325190000066 50.114376061000030)","Unfall 145607 (2018) Kat:3, Licht: 0","145607","3","2","5","07","11","4","0","0","1","1","0","0"
"POINT (8.647497729000065 50.117056957000045)","Unfall 145608 (2018) Kat:3, Licht: 0","145608","3","3","5","07","08","4","0","0","1","1","0","0"
"POINT (8.666160490000038 50.131658173000062)","Unfall 145610 (2018) Kat:3, Licht: 0","145610","3","3","5","07","19","4","0","0","1","1","0","0"
"POINT (8.738502214000050 50.129391650000059)","Unfall 145622 (2018) Kat:3, Licht: 2","145622","3","3","5","07","01","3","0","2","0","1","0","0"
"POINT (8.624608644000034 50.176619560000063)","Unfall 145638 (2018) Kat:2, Licht: 0","145638","2","7","0","07","20","3","0","0","1","0","1","0"
"POINT (8.613275397000052 50.126778533000049)","Unfall 145639 (2018) Kat:3, Licht: 2","145639","3","1","3","08","01","4","0","2","1","1","0","0"
"POINT (8.691654523000068 50.183245353000075)","Unfall 145640 (2018) Kat:3, Licht: 0","145640","3","1","8","07","18","3","0","0","0","1","0","0"
"POINT (8.656637416000024 50.109713167000052)","Unfall 145641 (2018) Kat:3, Licht: 0","145641","3","3","5","07","18","3","0","0","1","1","0","0"
"POINT (8.661308694000070 50.150067339000032)","Unfall 145642 (2018) Kat:3, Licht: 0","145642","3","7","1","07","14","3","0","0","0","1","0","0"
"POINT (8.670197858000051 50.122374394000076)","Unfall 145644 (2018) Kat:3, Licht: 2","145644","3","1","0","07","23","3","0","2","0","0","0","1"
"POINT (8.620231339000043 50.163271704000067)","Unfall 145659 (2018) Kat:3, Licht: 0","145659","3","4","6","07","17","2","0","0","0","1","1","0"
"POINT (8.712476756000058 50.112473465000051)","Unfall 145665 (2018) Kat:3, Licht: 0","145665","3","3","5","07","08","2","0","0","0","1","0","1"
"POINT (8.687854170000037 50.109635512000068)","Unfall 145667 (2018) Kat:3, Licht: 2","145667","3","6","2","07","22","2","0","2","0","1","0","0"
"POINT (8.577743111000075 50.075831073000074)","Unfall 145675 (2018) Kat:3, Licht: 2","145675","3","7","7","07","03","2","0","2","1","0","0","0"
"POINT (8.609575393000057 50.085313292000080)","Unfall 145677 (2018) Kat:3, Licht: 0","145677","3","3","5","07","07","2","0","0","0","1","0","0"
"POINT (8.747442761000059 50.132236788000057)","Unfall 145678 (2018) Kat:2, Licht: 0","145678","2","2","5","07","09","2","0","0","1","0","0","0"
"POINT (8.744784901000060 50.132026372000041)","Unfall 145680 (2018) Kat:3, Licht: 0","145680","3","3","5","07","08","2","0","0","1","1","0","0"
"POINT (8.712582220000058 50.111705485000073)","Unfall 145682 (2018) Kat:3, Licht: 0","145682","3","3","5","07","11","2","0","0","1","1","0","0"
"POINT (8.665903611000033 50.119551435000062)","Unfall 145684 (2018) Kat:3, Licht: 0","145684","3","3","5","07","18","2","0","0","1","1","0","0"
"POINT (8.690063483000074 50.119981915000039)","Unfall 145685 (2018) Kat:3, Licht: 0","145685","3","2","3","07","09","2","0","0","1","1","0","0"
"POINT (8.686321346000057 50.111757256000033)","Unfall 145687 (2018) Kat:3, Licht: 0","145687","3","2","3","07","08","2","0","0","1","1","0","0"
"POINT (8.684609877000071 50.116523185000062)","Unfall 145688 (2018) Kat:3, Licht: 2","145688","3","1","0","07","21","2","0","2","0","0","0","1"
"POINT (8.663476012000047 50.097797844000070)","Unfall 145704 (2018) Kat:3, Licht: 2","145704","3","6","2","08","02","4","0","2","0","1","0","0"
"POINT (8.641274594000038 50.117338827000026)","Unfall 145715 (2018) Kat:3, Licht: 2","145715","3","7","8","07","01","1","0","2","0","1","0","0"
"POINT (8.656579046000047 50.156859997000026)","Unfall 145717 (2018) Kat:3, Licht: 0","145717","3","7","6","07","13","1","0","0","0","0","1","0"
"POINT (8.685874911000042 50.117710986000077)","Unfall 145719 (2018) Kat:3, Licht: 2","145719","3","3","5","07","01","1","0","2","0","1","0","0"
"POINT (8.542192316000069 50.101693089000037)","Unfall 145731 (2018) Kat:3, Licht: 0","145731","3","4","6","07","06","1","0","0","0","0","1","0"
"POINT (8.618254996000076 50.178019549000055)","Unfall 145734 (2018) Kat:3, Licht: 0","145734","3","3","5","07","11","1","0","0","0","1","0","1"
"POINT (8.630847509000034 50.122485977000053)","Unfall 145737 (2018) Kat:3, Licht: 2","145737","3","7","0","07","03","7","0","2","1","0","0","0"
"POINT (8.660474459000056 50.100523806000069)","Unfall 145738 (2018) Kat:3, Licht: 0","145738","3","2","3","07","07","7","0","0","1","0","0","0"
"POINT (8.711225184000057 50.105827062000060)","Unfall 145739 (2018) Kat:2, Licht: 0","145739","2","6","3","07","15","1","0","0","1","0","0","0"
"POINT (8.672492700000021 50.108604176000028)","Unfall 145741 (2018) Kat:2, Licht: 0","145741","2","7","6","07","20","1","0","0","0","1","1","0"
"POINT (8.661787418000074 50.140355787000033)","Unfall 145744 (2018) Kat:2, Licht: 0","145744","2","3","5","08","16","4","0","0","0","1","0","1"
"POINT (8.592513767000071 50.098836462000065)","Unfall 145763 (2018) Kat:3, Licht: 0","145763","3","6","2","07","18","6","0","0","0","1","0","0"
"POINT (8.541456264000033 50.112876202000052)","Unfall 145771 (2018) Kat:3, Licht: 0","145771","3","5","1","07","15","7","0","0","1","1","0","0"
"POINT (8.622500218000027 50.108029776000080)","Unfall 145773 (2018) Kat:3, Licht: 0","145773","3","6","2","07","11","7","0","0","0","1","0","0"
"POINT (8.685338997000031 50.100475912000036)","Unfall 145774 (2018) Kat:2, Licht: 0","145774","2","5","1","07","13","7","0","0","1","1","0","0"
"POINT (8.706837911000037 50.108742780000057)","Unfall 145778 (2018) Kat:3, Licht: 0","145778","3","7","6","07","18","7","0","0","0","1","1","0"
"POINT (8.752221670000040 50.144703705000040)","Unfall 145795 (2018) Kat:2, Licht: 0","145795","2","4","6","08","11","3","0","0","0","1","1","0"
"POINT (8.690644704000022 50.151217188000032)","Unfall 145808 (2018) Kat:3, Licht: 0","145808","3","2","0","08","14","4","0","0","0","1","0","1"
"POINT (8.599873231000061 50.111326226000074)","Unfall 145814 (2018) Kat:3, Licht: 0","145814","3","6","2","08","17","2","0","0","0","1","0","0"
"POINT (8.618453962000046 50.163247158000047)","Unfall 145815 (2018) Kat:3, Licht: 0","145815","3","2","5","08","06","2","0","0","1","1","0","0"
"POINT (8.614119519000042 50.114244746000054)","Unfall 145816 (2018) Kat:3, Licht: 0","145816","3","3","5","08","17","2","0","0","0","1","0","0"
"POINT (8.686504524000043 50.101579938000043)","Unfall 145817 (2018) Kat:3, Licht: 0","145817","3","2","3","08","08","2","0","0","1","0","0","0"
"POINT (8.681527769000070 50.127733814000067)","Unfall 145818 (2018) Kat:3, Licht: 0","145818","3","3","5","08","19","2","0","0","0","1","0","1"
"POINT (8.695488306000073 50.127995538000050)","Unfall 145819 (2018) Kat:3, Licht: 0","145819","3","2","3","08","20","2","0","0","1","1","0","0"
"POINT (8.668342761000076 50.122126061000074)","Unfall 145847 (2018) Kat:3, Licht: 0","145847","3","5","1","08","18","3","0","0","1","1","0","0"
"POINT (8.649627583000040 50.184817313000053)","Unfall 145851 (2018) Kat:3, Licht: 0","145851","3","3","5","08","19","2","0","0","1","1","0","0"
"POINT (8.607248277000053 50.127502943000081)","Unfall 145852 (2018) Kat:3, Licht: 0","145852","3","1","0","08","11","2","1","0","0","0","0","1"