WKT,Name,OBJECTID,UKATEGORIE,UTYP1,UART,UMONAT,USTUNDE,UWOCHENTAG,STRZUSTAND,ULICHTVERH,ISTRAD,ISTPKW,ISTFUSS,ISTKRAD
"POINT (8.680143828000041 50.102616284000078)","Unfall 146754 (2018) Kat:3, Licht: 0","146754","3","6","3","09","09","3","0","0","0","1","0","1"
"POINT (8.735214582000026 50.113919117000080)","Unfall 146758 (2018) Kat:3, Licht: 0","146758","3","5","1","09","09","3","0","0","0","1","0","0"
"POINT (8.682775350000043 50.109177975000080)","Unfall 146759 (2018) Kat:2, Licht: 2","146759","2","7","5","09","22","3","0","2","0","1","0","1"
"POINT (8.661051137000072 50.193304223000041)","Unfall 146785 (2018) Kat:3, Licht: 0","146785","3","6","4","09","15","2","0","0","0","1","0","0"
"POINT (8.643652981000059 50.112728152000045)","Unfall 146788 (2018) Kat:3, Licht: 0","146788","3","2","5","09","14","2","0","0","0","1","0","1"
"POINT (8.668371258000036 50.132655492000026)","Unfall 146790 (2018) Kat:3, Licht: 0","146790","3","3","5","09","12","2","0","0","1","0","0","0"
"POINT (8.619001939000043 50.132412851000026)","Unfall 146791 (2018) Kat:3, Licht: 0","146791","3","7","0","09","13","2","0","0","0","1","0","1"
"POINT (8.700285125000050 50.121200145000046)","Unfall 146793 (2018) Kat:3, Licht: 0","146793","3","4","6","09","12","2","0","0","1","0","1","0"
"POINT (8.624316799000042 50.105515658000058)","Unfall 146794 (2018) Kat:3, Licht: 0","146794","3","3","5","09","18","2","0","0","1","1","0","0"
"POINT (8.646971868000037 50.101473651000049)","Unfall 146797 (2018) Kat:3, Licht: 0","146797","3","2","2","09","07","2","0","0","0","1","0","1"
"POINT (8.678524563000053 50.122108621000052)","Unfall 146800 (2018) Kat:3, Licht: 0","146800","3","7","6","09","16","2","0","0","0","1","1","0"
"POINT (8.689020541000048 50.118413382000028)","Unfall 146801 (2018) Kat:3, Licht: 0","146801","3","6","3","09","17","2","0","0","0","1","0","1"
"POINT (8.673736778000034 50.110353909000025)","Unfall 146803 (2018) Kat:3, Licht: 0","146803","3","6","3","09","13","2","0","0","0","1","0","0"
"POINT (8.642837766000071 50.174733062000030)","Unfall 146812 (2018) Kat:3, Licht: 0","146812","3","2","3","09","08","2","0","0","1","1","0","0"
"POINT (8.695997878000071 50.104884703000039)","Unfall 146814 (2018) Kat:3, Licht: 0","146814","3","7","6","09","15","2","0","0","0","1","1","0"
"POINT (8.688165042000037 50.112454321000030)","Unfall 146815 (2018) Kat:3, Licht: 0","146815","3","6","2","09","18","2","0","0","0","1","0","0"
"POINT (8.680169383000020 50.112598930000047)","Unfall 146818 (2018) Kat:3, Licht: 0","146818","3","3","5","09","15","2","0","0","1","1","0","0"
"POINT (8.756385518000059 50.141126293000070)","Unfall 146827 (2018) Kat:3, Licht: 0","146827","3","2","5","09","12","2","0","0","0","1","0","0"
"POINT (8.606635263000044 50.056986935000054)","Unfall 146843 (2018) Kat:3, Licht: 0","146843","3","1","0","09","18","2","1","0","0","0","0","1"
"POINT (8.671540404000041 50.166266830000040)","Unfall 146849 (2018) Kat:3, Licht: 2","146849","3","3","4","09","20","1","0","2","1","1","0","0"
"POINT (8.693054633000031 50.113778192000041)","Unfall 146850 (2018) Kat:3, Licht: 0","146850","3","2","5","09","13","1","0","0","0","1","0","1"
"POINT (8.640367786000070 50.167331056000080)","Unfall 146881 (2018) Kat:3, Licht: 0","146881","3","3","5","09","16","7","0","0","1","1","0","0"
"POINT (8.679063739000071 50.117866164000077)","Unfall 146882 (2018) Kat:3, Licht: 0","146882","3","6","2","09","12","7","0","0","0","1","0","0"
"POINT (8.503581564000058 50.099970983000048)","Unfall 146889 (2018) Kat:3, Licht: 0","146889","3","3","5","09","18","6","0","0","0","1","0","1"
"POINT (8.540902390000042 50.113922518000038)","Unfall 146890 (2018) Kat:3, Licht: 0","146890","3","1","1","09","15","6","0","0","0","1","0","1"
"POINT (8.657692485000041 50.115269861000058)","Unfall 146892 (2018) Kat:3, Licht: 0","146892","3","5","1","09","07","6","0","0","1","0","0","0"
"POINT (8.670655175000036 50.133632220000038)","Unfall 146894 (2018) Kat:3, Licht: 0","146894","3","6","3","09","15","6","0","0","1","0","0","0"
"POINT (8.699924236000072 50.121187442000064)","Unfall 146896 (2018) Kat:3, Licht: 0","146896","3","1","1","09","13","5","0","0","0","1","1","0"
"POINT (8.644230736000054 50.108754583000064)","Unfall 146921 (2018) Kat:3, Licht: 1","146921","3","2","5","09","20","4","0","1","1","1","0","0"
"POINT (8.713242137000066 50.130031139000039)","Unfall 146922 (2018) Kat:3, Licht: 0","146922","3","4","6","09","14","4","0","0","0","1","1","0"
"POINT (8.691082521000055 50.122063512000068)","Unfall 146923 (2018) Kat:3, Licht: 0","146923","3","6","2","09","08","4","0","0","1","0","0","0"
"POINT (8.661623904000066 50.191676274000031)","Unfall 146937 (2018) Kat:3, Licht: 1","146937","3","7","0","10","18","3","0","1","0","0","0","0"
"POINT (8.659225805000062 50.193080650000070)","Unfall 146939 (2018) Kat:3, Licht: 0","146939","3","7","5","10","16","3","1","0","1","1","0","0"
"POINT (8.658989305000034 50.114955958000053)","Unfall 146940 (2018) Kat:3, Licht: 0","146940","3","7","1","10","09","3","0","0","1","1","0","0"
"POINT (8.629528424000057 50.122064779000027)","Unfall 146942 (2018) Kat:3, Licht: 0","146942","3","5","1","10","16","3","1","0","0","1","0","1"
"POINT (8.652181752000047 50.081912213000066)","Unfall 146945 (2018) Kat:3, Licht: 2","146945","3","3","5","10","21","3","1","2","0","1","0","0"
"POINT (8.588399657000025 50.086142072000030)","Unfall 146946 (2018) Kat:3, Licht: 0","146946","3","7","6","10","16","3","1","0","0","1","1","0"
"POINT (8.723213563000059 50.102863911000043)","Unfall 146948 (2018) Kat:3, Licht: 2","146948","3","1","0","10","20","3","1","2","0","0","0","1"
"POINT (8.629949993000025 50.101740032000066)","Unfall 146949 (2018) Kat:3, Licht: 0","146949","3","3","5","10","14","3","1","0","1","1","0","0"
"POINT (8.663809515000025 50.109529688000066)","Unfall 146951 (2018) Kat:3, Licht: 2","146951","3","7","6","10","22","3","0","2","0","0","1","0"
"POINT (8.620919374000039 50.175292831000036)","Unfall 146971 (2018) Kat:3, Licht: 0","146971","3","6","2","09","14","3","0","0","0","1","0","0"
"POINT (8.641714498000056 50.100567764000061)","Unfall 146972 (2018) Kat:3, Licht: 0","146972","3","7","6","09","10","3","0","0","0","1","0","0"
"POINT (8.681824109000047 50.112939643000061)","Unfall 146975 (2018) Kat:3, Licht: 0","146975","3","7","6","09","16","3","0","0","1","0","1","0"
"POINT (8.755302099000062 50.150760316000060)","Unfall 146993 (2018) Kat:2, Licht: 0","146993","2","1","0","10","15","3","1","0","1","0","0","0"
"POINT (8.633573487000035 50.098871667000026)","Unfall 147009 (2018) Kat:3, Licht: 1","147009","3","3","5","10","06","2","0","1","0","1","0","1"
"POINT (8.631608844000027 50.157566701000064)","Unfall 147016 (2018) Kat:3, Licht: 0","147016","3","6","3","09","11","2","0","0","0","1","0","1"
"POINT (8.707224020000069 50.199057558000050)","Unfall 147019 (2018) Kat:3, Licht: 0","147019","3","1","0","09","17","2","0","0","0","0","0","1"
"POINT (8.710765922000064 50.128316743000028)","Unfall 147022 (2018) Kat:2, Licht: 0","147022","2","5","1","09","17","2","0","0","0","1","0","1"
"POINT (8.697839568000063 50.116106637000030)","Unfall 147023 (2018) Kat:3, Licht: 0","147023","3","6","3","09","07","2","0","0","0","1","0","1"
"POINT (8.673802357000056 50.107464997000079)","Unfall 147025 (2018) Kat:3, Licht: 0","147025","3","3","5","09","14","2","0","0","0","1","0","1"
"POINT (8.759158024000044 50.143445185000076)","Unfall 147045 (2018) Kat:3, Licht: 0","147045","3","3","5","09","13","2","0","0","0","1","0","0"
"POINT (8.520320179000066 50.033594875000063)","Unfall 147065 (2018) Kat:3, Licht: 0","147065","3","3","5","09","11","7","0","0","1","1","0","0"
"POINT (8.671611060000032 50.166323434000049)","Unfall 147071 (2018) Kat:2, Licht: 2","147071","2","7","0","09","02","7","0","2","1","0","0","0"
"POINT (8.662987298000076 50.118136632000073)","Unfall 147073 (2018) Kat:3, Licht: 2","147073","3","1","0","09","01","7","0","2","1","0","0","0"
"POINT (8.664977619000069 50.192299079000065)","Unfall 147081 (2018) Kat:3, Licht: 0","147081","3","6","2","09","11","7","0","0","1","1","0","0"
"POINT (8.643640746000074 50.112727578000033)","Unfall 147082 (2018) Kat:3, Licht: 0","147082","3","2","5","09","16","7","0","0","0","1","0","1"
"POINT (8.688232858000049 50.111461435000081)","Unfall 147085 (2018) Kat:3, Licht: 0","147085","3","2","5","09","13","7","0","0","1","1","0","0"
"POINT (8.544015648000027 50.113955836000059)","Unfall 147103 (2018) Kat:3, Licht: 0","147103","3","6","2","09","16","6","1","0","0","1","0","0"
"POINT (8.747518171000024 50.128350980000050)","Unfall 147104 (2018) Kat:3, Licht: 0","147104","3","2","5","09","17","6","1","0","0","1","0","0"
"POINT (8.646991034000052 50.125424899000052)","Unfall 147122 (2018) Kat:3, Licht: 0","147122","3","4","6","09","14","6","0","0","0","0","1","0"
"POINT (8.669924511000033 50.124316088000057)","Unfall 147125 (2018) Kat:2, Licht: 0","147125","2","7","0","09","14","6","0","0","0","1","0","1"
"POINT (8.671143487000052 50.117280855000047)","Unfall 147126 (2018) Kat:3, Licht: 0","147126","3","3","5","09","14","6","0","0","1","0","0","0"
"POINT (8.563093939000055 50.120041156000070)","Unfall 147155 (2018) Kat:3, Licht: 0","147155","3","7","6","09","17","5","0","0","0","1","1","0"
"POINT (8.669932045000053 50.175070117000075)","Unfall 147158 (2018) Kat:3, Licht: 0","147158","3","6","2","09","14","5","0","0","0","1","0","0"
"POINT (8.686211764000063 50.142746812000041)","Unfall 147159 (2018) Kat:3, Licht: 0","147159","3","3","5","09","07","5","0","0","1","1","0","0"
"POINT (8.687359432000051 50.105314083000053)","Unfall 147161 (2018) Kat:2, Licht: 2","147161","2","3","5","09","23","5","0","2","0","1","0","1"
"POINT (8.748821971000041 50.121874620000028)","Unfall 147162 (2018) Kat:3, Licht: 0","147162","3","6","2","09","17","5","0","0","0","1","0","0"
"POINT (8.709766849000062 50.127490732000069)","Unfall 147163 (2018) Kat:3, Licht: 0","147163","3","3","5","09","12","5","0","0","0","0","0","1"
"POINT (8.682210762000068 50.125890141000070)","Unfall 147166 (2018) Kat:3, Licht: 0","147166","3","6","2","09","11","5","0","0","1","1","0","0"
"POINT (8.696817042000021 50.122335580000026)","Unfall 147169 (2018) Kat:3, Licht: 0","147169","3","7","4","09","13","5","0","0","1","0","0","0"
"POINT (8.690185480000025 50.114821960000029)","Unfall 147172 (2018) Kat:2, Licht: 0","147172","2","3","0","09","14","5","0","0","1","1","0","0"
"POINT (8.542198290000044 50.101768981000077)","Unfall 147174 (2018) Kat:3, Licht: 1","147174","3","6","2","09","19","5","0","1","1","1","0","0"
"POINT (8.619144746000075 50.084060774000079)","Unfall 147176 (2018) Kat:3, Licht: 0","147176","3","2","5","09","17","5","0","0","1","0","0","0"
"POINT (8.667586974000074 50.104297185000064)","Unfall 147179 (2018) Kat:2, Licht: 0","147179","2","1","0","10","07","6","0","0","0","0","0","1"
"POINT (8.661354648000042 50.118645091000076)","Unfall 147180 (2018) Kat:3, Licht: 0","147180","3","4","6","10","16","6","0","0","1","0","1","0"
"POINT (8.640267762000065 50.162842221000062)","Unfall 147197 (2018) Kat:3, Licht: 0","147197","3","7","0","10","14","5","0","0","0","0","0","0"
"POINT (8.654211186000055 50.189665591000050)","Unfall 147201 (2018) Kat:2, Licht: 2","147201","2","6","2","10","05","5","0","2","1","0","0","0"
"POINT (8.664067892000048 50.124984699000038)","Unfall 147202 (2018) Kat:3, Licht: 0","147202","3","3","5","10","09","5","0","0","1","0","0","0"
"POINT (8.539778953000052 50.101214072000062)","Unfall 147225 (2018) Kat:3, Licht: 0","147225","3","2","3","10","16","5","0","0","1","1","0","0"
"POINT (8.659129075000067 50.181899869000063)","Unfall 147228 (2018) Kat:3, Licht: 0","147228","3","5","1","10","18","5","0","0","0","1","0","0"
"POINT (8.620693494000022 50.165859445000081)","Unfall 147230 (2018) Kat:2, Licht: 2","147230","2","7","6","10","18","5","0","2","0","1","1","0"
"POINT (8.648086889000069 50.118173083000045)","Unfall 147233 (2018) Kat:3, Licht: 2","147233","3","7","1","10","19","5","0","2","1","1","0","0"
"POINT (8.656167791000030 50.108728986000074)","Unfall 147235 (2018) Kat:3, Licht: 2","147235","3","3","5","10","19","5","0","2","1","1","0","0"
"POINT (8.715314726000031 50.116928220000034)","Unfall 147236 (2018) Kat:3, Licht: 0","147236","3","6","2","10","14","5","0","0","0","1","0","1"
"POINT (8.692421624000076 50.131996966000031)","Unfall 147239 (2018) Kat:3, Licht: 2","147239","3","7","0","10","19","5","0","2","0","1","0","0"
"POINT (8.694824423000057 50.155851812000037)","Unfall 147240 (2018) Kat:3, Licht: 0","147240","3","7","0","10","10","4","1","0","0","0","0","1"
"POINT (8.598125018000076 50.133615426000063)","Unfall 147256 (2018) Kat:3, Licht: 0","147256","3","6","2","10","16","5","0","0","0","1","0","0"
"POINT (8.638944639000044 50.162163365000026)","Unfall 147259 (2018) Kat:3, Licht: 0","147259","3","7","6","10","09","4","0","0","0","1","1","0"
"POINT (8.684011870000063 50.162962341000082)","Unfall 147260 (2018) Kat:3, Licht: 0","147260","3","3","5","10","07","4","0","0","1","1","0","0"
"POINT (8.687785917000042 50.114298425000072)","Unfall 147263 (2018) Kat:3, Licht: 2","147263","3","4","6","10","00","4","0","2","0","1","1","0"
"POINT (8.594585930000051 50.055044024000040)","Unfall 147269 (2018) Kat:2, Licht: 0","147269","2","3","5","10","16","3","0","0","1","0","0","0"
"POINT (8.580117481000059 50.087531175000038)","Unfall 147277 (2018) Kat:3, Licht: 2","147277","3","2","5","10","20","3","0","2","0","1","0","0"
"POINT (8.723425878000057 50.101734520000036)","Unfall 147279 (2018) Kat:3, Licht: 0","147279","3","3","5","10","17","3","0","0","0","1","0","1"
"POINT (8.671010628000033 50.117243099000063)","Unfall 147281 (2018) Kat:3, Licht: 2","147281","3","6","2","10","20","3","0","2","0","1","0","0"
"POINT (8.549131987000067 50.107488846000081)","Unfall 147305 (2018) Kat:3, Licht: 2","147305","3","1","1","10","22","3","0","2","0","1","0","1"
"POINT (8.548634541000070 50.114798076000056)","Unfall 147307 (2018) Kat:3, Licht: 2","147307","3","3","5","10","21","3","0","2","1","1","0","0"
"POINT (8.670712705000028 50.115117637000026)","Unfall 147308 (2018) Kat:3, Licht: 0","147308","3","2","0","10","18","3","0","0","1","1","0","0"
"POINT (8.658491830000060 50.116705819000060)","Unfall 147309 (2018) Kat:3, Licht: 0","147309","3","3","0","10","09","2","0","0","0","1","0","1"
"POINT (8.690624111000034 50.148066487000051)","Unfall 147310 (2018) Kat:3, Licht: 0","147310","3","3","6","10","09","2","0","0","1","0","1","0"
"POINT (8.681403158000023 50.141461608000043)","Unfall 147311 (2018) Kat:3, Licht: 0","147311","3","6","3","10","15","3","0","0","1","1","0","0"
"POINT (8.690923663000035 50.143542965000051)","Unfall 147312 (2018) Kat:3, Licht: 0","147312","3","6","2","10","17","2","0","0","0","1","0","0"
"POINT (8.665806657000076 50.117062482000051)","Unfall 147313 (2018) Kat:3, Licht: 0","147313","3","6","3","10","17","2","0","0","1","1","0","0"
"POINT (8.564993961000027 50.049990626000067)","Unfall 147336 (2018) Kat:3, Licht: 2","147336","3","2","3","10","20","2","0","2","0","1","0","1"
"POINT (8.637909391000051 50.107558886000049)","Unfall 147342 (2018) Kat:3, Licht: 0","147342","3","7","1","10","14","1","0","0","0","1","0","1"
"POINT (8.676377530000025 50.113608719000069)","Unfall 147345 (2018) Kat:2, Licht: 0","147345","2","1","0","10","16","1","0","0","0","0","0","1"
"POINT (8.675674537000020 50.107658267000033)","Unfall 147347 (2018) Kat:3, Licht: 2","147347","3","6","3","10","05","1","1","2","0","1","0","0"
"POINT (8.700156734000075 50.128801749000047)","Unfall 147348 (2018) Kat:3, Licht: 2","147348","3","2","5","10","21","2","0","2","0","1","0","1"
"POINT (8.669725598000071 50.121780189000049)","Unfall 147351 (2018) Kat:3, Licht: 0","147351","3","5","1","10","12","2","0","0","1","1","0","0"
"POINT (8.568502971000044 50.050413624000043)","Unfall 147359 (2018) Kat:3, Licht: 0","147359","3","7","6","10","16","7","0","0","0","1","1","0"
"POINT (8.620323839000037 50.156278118000046)","Unfall 147364 (2018) Kat:3, Licht: 0","147364","3","3","5","10","13","7","0","0","1","1","0","0"
"POINT (8.699237330000074 50.153999085000066)","Unfall 147367 (2018) Kat:3, Licht: 2","147367","3","1","7","10","23","7","0","2","1","0","0","0"
"POINT (8.679797151000059 50.092171654000026)","Unfall 147370 (2018) Kat:3, Licht: 1","147370","3","7","1","10","17","7","0","1","1","1","0","0"
"POINT (8.713738059000036 50.116039643000079)","Unfall 147371 (2018) Kat:3, Licht: 0","147371","3","7","6","10","13","7","0","0","1","0","1","0"
"POINT (8.685046192000073 50.109421003000080)","Unfall 147373 (2018) Kat:3, Licht: 0","147373","3","6","2","10","14","7","0","0","0","1","0","0"
"POINT (8.685053071000027 50.109421459000032)","Unfall 147374 (2018) Kat:3, Licht: 0","147374","3","6","3","10","14","7","0","0","1","1","0","0"
"POINT (8.657389380000041 50.080912062000039)","Unfall 147391 (2018) Kat:2, Licht: 0","147391","2","1","0","10","14","1","0","0","1","0","0","0"
"POINT (8.708776175000025 50.109135354000045)","Unfall 147392 (2018) Kat:3, Licht: 0","147392","3","6","2","10","17","1","0","0","0","1","0","0"
"POINT (8.500760855000067 50.102040980000027)","Unfall 147403 (2018) Kat:3, Licht: 0","147403","3","7","1","10","13","6","0","0","0","1","0","0"
"POINT (8.628992893000032 50.162739421000026)","Unfall 147405 (2018) Kat:3, Licht: 0","147405","3","6","2","10","19","6","0","0","0","1","0","0"
"POINT (8.637496553000062 50.170175184000072)","Unfall 147407 (2018) Kat:2, Licht: 0","147407","2","2","5","10","15","6","0","0","0","1","0","1"
"POINT (8.664685692000035 50.117471041000044)","Unfall 147409 (2018) Kat:3, Licht: 0","147409","3","3","5","10","16","6","0","0","0","1","0","1"
"POINT (8.699513696000054 50.122092304000034)","Unfall 147411 (2018) Kat:3, Licht: 0","147411","3","5","1","10","11","6","0","0","1","1","0","0"
"POINT (8.703321578000043 50.127351706000070)","Unfall 147418 (2018) Kat:3, Licht: 0","147418","3","6","3","10","13","6","0","0","1","0","0","0"
"POINT (8.633536244000027 50.098765395000044)","Unfall 147422 (2018) Kat:3, Licht: 0","147422","3","4","6","10","16","6","0","0","0","1","1","0"
"POINT (8.683958282000049 50.141986464000070)","Unfall 147425 (2018) Kat:2, Licht: 0","147425","2","6","3","10","16","7","0","0","1","0","0","0"
"POINT (8.679452509000043 50.112091147000058)","Unfall 147428 (2018) Kat:3, Licht: 0","147428","3","3","5","10","14","7","0","0","0","1","0","1"
"POINT (8.691986934000056 50.126274718000047)","Unfall 147439 (2018) Kat:2, Licht: 0","147439","2","3","5","10","10","5","0","0","1","0","0","0"
"POINT (8.636186667000061 50.116964759000041)","Unfall 147449 (2018) Kat:3, Licht: 0","147449","3","3","5","10","15","6","0","0","0","1","0","0"
"POINT (8.655394679000040 50.160778464000032)","Unfall 147452 (2018) Kat:3, Licht: 0","147452","3","6","3","10","08","6","0","0","1","1","0","0"
"POINT (8.636324255000034 50.086089245000039)","Unfall 147453 (2018) Kat:3, Licht: 0","147453","3","4","6","10","17","6","0","0","0","0","1","0"
"POINT (8.690047840000034 50.103956221000033)","Unfall 147455 (2018) Kat:3, Licht: 0","147455","3","3","5","10","12","6","0","0","1","1","0","0"
"POINT (8.604917248000049 50.109136193000040)","Unfall 147477 (2018) Kat:3, Licht: 0","147477","3","6","3","10","12","7","0","0","0","1","0","0"
"POINT (8.680077884000070 50.102707363000036)","Unfall 147478 (2018) Kat:3, Licht: 0","147478","3","7","0","10","15","7","0","0","0","0","0","0"
"POINT (8.684981347000075 50.101037291000068)","Unfall 147480 (2018) Kat:3, Licht: 2","147480","3","3","5","10","01","7","1","2","0","1","0","0"
"POINT (8.684612225000024 50.099531921000050)","Unfall 147481 (2018) Kat:3, Licht: 0","147481","3","5","6","10","15","3","1","0","0","1","1","0"
"POINT (8.627789180000036 50.154803457000071)","Unfall 147486 (2018) Kat:3, Licht: 0","147486","3","3","5","10","09","6","0","0","1","1","0","0"
"POINT (8.538256825000076 50.102629398000033)","Unfall 147489 (2018) Kat:3, Licht: 0","147489","3","6","2","10","11","6","0","0","0","1","0","0"
"POINT (8.695459147000065 50.120181277000029)","Unfall 147500 (2018) Kat:3, Licht: 0","147500","3","7","6","10","11","4","0","0","1","0","1","0"
"POINT (8.651484710000034 50.113285508000047)","Unfall 147503 (2018) Kat:3, Licht: 0","147503","3","6","2","10","15","6","0","0","0","1","0","0"
"POINT (8.667311237000035 50.138401687000055)","Unfall 147504 (2018) Kat:3, Licht: 1","147504","3","6","4","10","17","6","0","1","1","1","0","0"
"POINT (8.704315644000076 50.124399189000030)","Unfall 147505 (2018) Kat:3, Licht: 0","147505","3","5","1","10","16","6","0","0","1","1","0","0"
"POINT (8.667235785000059 50.107167389000040)","Unfall 147506 (2018) Kat:2, Licht: 0","147506","2","6","1","11","17","5","0","0","0","1","0","0"
"POINT (8.714130616000034 50.124872969000080)","Unfall 147507 (2018) Kat:3, Licht: 0","147507","3","5","1","10","16","6","0","0","0","1","0","0"
"POINT (8.633481504000031 50.082411431000025)","Unfall 147537 (2018) Kat:3, Licht: 1","147537","3","3","5","10","18","5","0","1","1","1","0","0"
"POINT (8.683006992000060 50.098813431000053)","Unfall 147538 (2018) Kat:3, Licht: 0","147538","3","1","4","10","14","5","0","0","0","1","0","0"
"POINT (8.679993853000042 50.166176001000053)","Unfall 147539 (2018) Kat:3, Licht: 2","147539","3","7","6","10","23","4","0","2","0","1","1","0"
"POINT (8.693881233000070 50.069074189000048)","Unfall 147540 (2018) Kat:1, Licht: 2","147540","1","7","6","10","04","5","1","2","0","1","1","0"
"POINT (8.687787589000038 50.114275711000062)","Unfall 147542 (2018) Kat:2, Licht: 1","147542","2","5","1","10","06","5","0","1","0","1","0","0"
"POINT (8.664146711000058 50.108233727000027)","Unfall 147544 (2018) Kat:3, Licht: 0","147544","3","6","2","10","08","3","1","0","0","1","0","0"
"POINT (8.592928954000058 50.097512936000044)","Unfall 147551 (2018) Kat:3, Licht: 2","147551","3","3","5","10","18","2","0","2","1","1","0","0"
"POINT (8.592743188000043 50.132695539000053)","Unfall 147561 (2018) Kat:3, Licht: 0","147561","3","7","0","10","11","4","1","0","0","1","0","0"
"POINT (8.620813830000031 50.160551305000070)","Unfall 147562 (2018) Kat:3, Licht: 2","147562","3","2","5","10","18","2","1","2","0","1","0","0"
"POINT (8.713890820000074 50.124711657000034)","Unfall 147563 (2018) Kat:3, Licht: 0","147563","3","5","1","10","16","4","0","0","0","1","0","0"
"POINT (8.693498906000059 50.101042618000065)","Unfall 147570 (2018) Kat:3, Licht: 2","147570","3","3","5","10","19","2","0","2","0","1","0","0"
"POINT (8.626578988000063 50.129419286000029)","Unfall 147582 (2018) Kat:3, Licht: 0","147582","3","6","0","10","07","3","1","0","0","0","0","1"
"POINT (8.668284841000059 50.201645652000082)","Unfall 147594 (2018) Kat:3, Licht: 0","147594","3","4","6","10","13","3","0","0","0","1","1","0"
"POINT (8.681435285000021 50.127757497000061)","Unfall 147595 (2018) Kat:3, Licht: 0","147595","3","4","6","10","08","3","0","0","0","1","1","0"
"POINT (8.582101235000039 50.086568655000065)","Unfall 147601 (2018) Kat:3, Licht: 0","147601","3","7","6","10","11","4","0","0","0","0","1","0"
"POINT (8.584758010000030 50.082743290000053)","Unfall 147608 (2018) Kat:3, Licht: 0","147608","3","7","1","11","08","5","0","0","1","1","0","0"
"POINT (8.625576414000022 50.181964642000025)","Unfall 147618 (2018) Kat:3, Licht: 0","147618","3","3","5","10","16","2","0","0","1","1","0","0"
"POINT (8.647921320000023 50.123355006000054)","Unfall 147620 (2018) Kat:3, Licht: 0","147620","3","2","3","10","10","2","0","0","1","0","0","0"
"POINT (8.622683006000045 50.108115413000064)","Unfall 147623 (2018) Kat:3, Licht: 0","147623","3","7","0","10","07","2","0","0","0","1","0","1"
"POINT (8.629279804000021 50.129281968000043)","Unfall 147624 (2018) Kat:2, Licht: 1","147624","2","4","6","10","19","2","0","1","0","1","1","0"
"POINT (8.668136879000031 50.103168223000068)","Unfall 147631 (2018) Kat:3, Licht: 2","147631","3","6","2","10","18","3","1","2","0","1","0","0"
"POINT (8.585818044000064 50.109183905000066)","Unfall 147644 (2018) Kat:3, Licht: 1","147644","3","3","5","10","07","4","1","1","1","1","0","0"
"POINT (8.751491020000060 50.155165085000078)","Unfall 147647 (2018) Kat:3, Licht: 0","147647","3","3","5","10","08","2","0","0","0","1","0","0"
"POINT (8.659213990000069 50.112438434000069)","Unfall 147666 (2018) Kat:3, Licht: 2","147666","3","3","5","10","23","1","0","2","0","1","0","0"
"POINT (8.678991460000077 50.116932008000049)","Unfall 147667 (2018) Kat:3, Licht: 2","147667","3","1","0","10","22","1","0","2","0","1","0","1"
"POINT (8.673934245000055 50.110053976000074)","Unfall 147679 (2018) Kat:3, Licht: 2","147679","3","3","5","10","00","1","0","2","0","1","0","1"
"POINT (8.623637154000051 50.152522931000078)","Unfall 147687 (2018) Kat:3, Licht: 0","147687","3","3","5","11","13","5","0","0","1","1","0","0"
"POINT (8.727814605000049 50.127702829000043)","Unfall 147688 (2018) Kat:3, Licht: 0","147688","3","4","6","11","15","5","0","0","0","1","1","0"
"POINT (8.692138595000074 50.143963878000079)","Unfall 147692 (2018) Kat:3, Licht: 1","147692","3","3","0","10","07","7","0","1","1","0","0","0"
"POINT (8.682892651000032 50.141873849000035)","Unfall 147695 (2018) Kat:3, Licht: 0","147695","3","3","6","10","10","4","0","0","0","1","1","0"
"POINT (8.680373988000042 50.121375804000081)","Unfall 147699 (2018) Kat:3, Licht: 1","147699","3","3","0","10","07","3","1","1","1","0","0","0"
"POINT (8.678034874000048 50.153214227000035)","Unfall 147715 (2018) Kat:3, Licht: 0","147715","3","7","0","10","09","6","0","0","0","1","0","1"
"POINT (8.645577808000041 50.124718248000079)","Unfall 147716 (2018) Kat:3, Licht: 0","147716","3","6","4","10","18","6","0","0","1","1","0","0"
"POINT (8.627524915000038 50.154819737000025)","Unfall 147718 (2018) Kat:3, Licht: 0","147718","3","3","5","10","11","6","0","0","1","0","0","0"
"POINT (8.725421747000041 50.144007669000075)","Unfall 147721 (2018) Kat:2, Licht: 0","147721","2","7","8","10","16","6","0","0","0","1","0","0"
"POINT (8.692519967000067 50.109279712000045)","Unfall 147725 (2018) Kat:3, Licht: 0","147725","3","2","3","11","15","4","0","0","1","1","0","0"
"POINT (8.723853370000029 50.162959435000062)","Unfall 147733 (2018) Kat:3, Licht: 2","147733","3","1","8","11","17","2","0","2","0","1","0","0"
"POINT (8.670824123000045 50.115430640000056)","Unfall 147735 (2018) Kat:3, Licht: 0","147735","3","2","5","11","12","2","0","0","1","1","0","0"
"POINT (8.737275232000059 50.138497473000029)","Unfall 147737 (2018) Kat:3, Licht: 2","147737","3","2","5","11","19","4","1","2","0","1","0","0"
"POINT (8.685637022000037 50.118351316000030)","Unfall 147739 (2018) Kat:2, Licht: 0","147739","2","2","5","11","11","2","0","0","1","1","0","0"
"POINT (8.625461181000048 50.174132067000073)","Unfall 147740 (2018) Kat:3, Licht: 0","147740","3","1","9","11","15","7","1","0","0","1","0","0"