WKT,Name,OBJECTID,UKATEGORIE,UTYP1,UART,UMONAT,USTUNDE,UWOCHENTAG,STRZUSTAND,ULICHTVERH,ISTRAD,ISTPKW,ISTFUSS,ISTKRAD
"POINT (8.647757237000064 50.140430020000053)","Unfall 148778 (2018) Kat:3, Licht: 0","148778","3","1","1","12","11","6","0","0","0","1","0","0"
"POINT (8.635470109000039 50.081223248000072)","Unfall 148780 (2018) Kat:3, Licht: 0","148780","3","2","3","12","12","6","0","0","1","1","0","0"
"POINT (8.694970020000028 50.127961002000063)","Unfall 148781 (2018) Kat:3, Licht: 2","148781","3","2","5","12","05","6","0","2","0","1","0","0"
"POINT (8.611646624000059 50.094085547000077)","Unfall 148782 (2018) Kat:3, Licht: 2","148782","3","3","6","12","05","7","0","2","0","0","1","0"
"POINT (8.625102474000073 50.175655262000078)","Unfall 148784 (2018) Kat:3, Licht: 0","148784","3","3","5","12","15","7","0","0","0","1","0","0"
"POINT (8.703031879000037 50.203956753000057)","Unfall 148785 (2018) Kat:3, Licht: 0","148785","3","7","6","12","13","7","0","0","0","1","1","0"
"POINT (8.614086798000074 50.182817049000050)","Unfall 8140 (2019) Kat:2, Licht: 2","8140","2","3","5","01","06","4","1","2","0","1","0","0"
"POINT (8.662036411000031 50.108727780000038)","Unfall 8294 (2019) Kat:2, Licht: 2","8294","2","4","6","01","03","3","2","2","0","1","1","0"
"POINT (8.762117347000071 50.114762917000064)","Unfall 8694 (2019) Kat:3, Licht: 2","8694","3","3","5","01","16","5","0","2","1","1","0","0"
"POINT (8.647305794000033 50.056874520000065)","Unfall 8740 (2019) Kat:3, Licht: 2","8740","3","6","2","01","17","4","0","2","0","1","0","0"
"POINT (8.725085915000022 50.115952815000071)","Unfall 8798 (2019) Kat:3, Licht: 2","8798","3","1","4","01","05","3","1","2","0","1","0","0"
"POINT (8.726514202000033 50.116438597000069)","Unfall 8886 (2019) Kat:3, Licht: 0","8886","3","3","5","01","08","4","1","0","0","1","0","0"
"POINT (8.609942592000039 50.052895351000075)","Unfall 8897 (2019) Kat:3, Licht: 1","8897","3","6","1","01","16","3","1","1","0","1","0","0"
"POINT (8.748285868000039 50.155102779000060)","Unfall 9081 (2019) Kat:2, Licht: 1","9081","2","6","4","01","17","3","1","1","0","1","0","0"
"POINT (8.692742956000075 50.106849905000047)","Unfall 9412 (2019) Kat:3, Licht: 0","9412","3","6","3","01","08","4","0","0","0","1","0","0"
"POINT (8.684293641000068 50.096850520000032)","Unfall 9413 (2019) Kat:3, Licht: 2","9413","3","6","3","01","05","4","1","2","1","0","0","0"
"POINT (8.720607961000042 50.100174598000081)","Unfall 9447 (2019) Kat:3, Licht: 0","9447","3","7","6","01","11","3","0","0","0","1","1","0"
"POINT (8.663520149000021 50.108292891000076)","Unfall 9448 (2019) Kat:3, Licht: 1","9448","3","3","5","01","06","3","0","1","1","0","0","1"
"POINT (8.657850566000036 50.187437681000063)","Unfall 9468 (2019) Kat:3, Licht: 1","9468","3","6","2","01","17","3","1","1","0","1","0","0"
"POINT (8.694046175000040 50.159993822000047)","Unfall 9469 (2019) Kat:3, Licht: 0","9469","3","6","2","01","16","3","0","0","0","1","0","0"
"POINT (8.534648023000045 50.114129248000040)","Unfall 9480 (2019) Kat:3, Licht: 0","9480","3","6","3","01","15","2","0","0","0","1","0","0"
"POINT (8.622090055000058 50.150446679000027)","Unfall 9481 (2019) Kat:3, Licht: 0","9481","3","5","0","01","13","2","0","0","0","1","0","1"
"POINT (8.686459841000044 50.131389407000029)","Unfall 9482 (2019) Kat:3, Licht: 2","9482","3","1","8","01","02","2","1","2","0","1","0","0"
"POINT (8.599964860000057 50.151554063000049)","Unfall 9498 (2019) Kat:3, Licht: 2","9498","3","6","2","01","06","2","1","2","0","1","0","0"
"POINT (8.640557462000061 50.198183300000039)","Unfall 9499 (2019) Kat:3, Licht: 0","9499","3","6","2","01","07","2","1","0","0","1","0","0"
"POINT (8.607656784000028 50.165019354000037)","Unfall 9519 (2019) Kat:3, Licht: 2","9519","3","1","8","01","04","1","1","2","0","1","0","0"
"POINT (8.719538932000035 50.064670485000079)","Unfall 9520 (2019) Kat:3, Licht: 0","9520","3","6","3","01","13","1","1","0","0","1","0","0"
"POINT (8.648414686000024 50.058778416000052)","Unfall 9546 (2019) Kat:3, Licht: 2","9546","3","1","8","01","18","7","1","2","0","1","0","0"
"POINT (8.532884513000056 50.115321965000078)","Unfall 9547 (2019) Kat:3, Licht: 0","9547","3","1","3","01","12","7","1","0","0","1","0","0"
"POINT (8.557366781000042 50.124365308000051)","Unfall 9548 (2019) Kat:3, Licht: 2","9548","3","6","2","01","06","7","1","2","0","1","0","0"
"POINT (8.687788438000041 50.107193101000064)","Unfall 9556 (2019) Kat:2, Licht: 0","9556","2","3","5","01","09","6","1","0","0","1","0","0"
"POINT (8.665482342000075 50.131533844000046)","Unfall 9557 (2019) Kat:3, Licht: 0","9557","3","6","2","01","14","6","1","0","0","1","0","0"
"POINT (8.725235361000046 50.125027813000031)","Unfall 9577 (2019) Kat:3, Licht: 0","9577","3","3","5","01","09","6","1","0","0","1","0","0"
"POINT (8.594280406000053 50.140743034000081)","Unfall 9580 (2019) Kat:3, Licht: 2","9580","3","6","3","01","18","6","1","2","0","1","0","0"
"POINT (8.708640442000046 50.139314064000075)","Unfall 9581 (2019) Kat:2, Licht: 0","9581","2","1","9","01","13","6","1","0","0","1","0","0"
"POINT (8.590820404000056 50.123066116000075)","Unfall 9589 (2019) Kat:3, Licht: 0","9589","3","6","2","01","08","5","0","0","0","1","0","0"
"POINT (8.551635775000023 50.108688353000048)","Unfall 9590 (2019) Kat:3, Licht: 0","9590","3","3","5","01","08","5","0","0","0","0","0","1"
"POINT (8.728523438000025 50.121602123000059)","Unfall 9591 (2019) Kat:3, Licht: 2","9591","3","6","3","01","22","5","0","2","0","1","0","0"
"POINT (8.612478938000038 50.115121519000070)","Unfall 9604 (2019) Kat:3, Licht: 0","9604","3","6","3","01","09","5","0","0","0","1","0","0"
"POINT (8.484581988000059 50.090084683000043)","Unfall 9605 (2019) Kat:3, Licht: 2","9605","3","6","3","01","06","5","0","2","0","1","0","0"
"POINT (8.715319072000057 50.099472431000038)","Unfall 9619 (2019) Kat:3, Licht: 0","9619","3","6","6","01","15","4","0","0","0","1","1","0"
"POINT (8.781455846000029 50.173383690000037)","Unfall 9668 (2019) Kat:3, Licht: 0","9668","3","1","8","01","12","3","1","0","0","1","0","0"
"POINT (8.578175500000043 50.092174438000029)","Unfall 9670 (2019) Kat:2, Licht: 2","9670","2","4","6","01","07","5","1","2","0","1","1","0"
"POINT (8.566919564000045 50.119997782000041)","Unfall 9681 (2019) Kat:3, Licht: 0","9681","3","4","6","01","16","2","0","0","0","1","1","0"
"POINT (8.592709678000063 50.100074560000053)","Unfall 9682 (2019) Kat:3, Licht: 2","9682","3","6","6","01","18","2","0","2","1","0","1","0"
"POINT (8.608194042000037 50.060737988000028)","Unfall 9710 (2019) Kat:3, Licht: 2","9710","3","6","2","01","06","2","0","2","0","1","0","0"
"POINT (8.601212752000038 50.111417215000074)","Unfall 9712 (2019) Kat:3, Licht: 0","9712","3","6","2","01","09","2","0","0","0","0","0","0"
"POINT (8.653914645000043 50.060046135000050)","Unfall 9714 (2019) Kat:3, Licht: 0","9714","3","3","5","01","08","2","0","0","0","1","0","0"
"POINT (8.659590309000066 50.087872808000043)","Unfall 9719 (2019) Kat:3, Licht: 2","9719","3","6","2","01","01","1","0","2","0","1","0","0"
"POINT (8.590637144000027 50.134466530000054)","Unfall 9732 (2019) Kat:3, Licht: 2","9732","3","1","8","01","04","6","0","2","0","0","0","0"
"POINT (8.616677497000069 50.181400929000063)","Unfall 9766 (2019) Kat:3, Licht: 0","9766","3","6","2","01","09","5","0","0","0","1","0","0"
"POINT (8.610821526000052 50.065997761000062)","Unfall 9767 (2019) Kat:3, Licht: 2","9767","3","6","2","01","18","5","1","2","0","1","0","0"
"POINT (8.680840186000069 50.206497875000082)","Unfall 9778 (2019) Kat:3, Licht: 0","9778","3","1","8","01","10","4","0","0","0","1","0","0"
"POINT (8.660639735000075 50.147041643000080)","Unfall 9779 (2019) Kat:3, Licht: 0","9779","3","6","2","01","14","4","0","0","0","1","0","0"
"POINT (8.599636613000030 50.053015035000044)","Unfall 9794 (2019) Kat:3, Licht: 0","9794","3","6","2","01","08","4","0","0","0","1","0","0"
"POINT (8.706041123000034 50.145782203000067)","Unfall 9802 (2019) Kat:3, Licht: 0","9802","3","6","2","01","12","3","1","0","0","1","0","0"
"POINT (8.708256435000067 50.117276303000040)","Unfall 9803 (2019) Kat:3, Licht: 0","9803","3","2","6","01","08","3","0","0","0","1","1","0"
"POINT (8.647981697000034 50.055450703000076)","Unfall 9825 (2019) Kat:3, Licht: 2","9825","3","3","5","01","18","3","0","2","0","1","0","0"
"POINT (8.582977367000069 50.122256617000062)","Unfall 9826 (2019) Kat:3, Licht: 2","9826","3","7","4","01","19","3","0","2","0","1","0","0"
"POINT (8.648576587000036 50.198630832000049)","Unfall 9828 (2019) Kat:3, Licht: 0","9828","3","6","2","01","08","3","0","0","0","1","0","0"
"POINT (8.681800456000076 50.145419889000038)","Unfall 9839 (2019) Kat:3, Licht: 0","9839","3","7","9","01","09","2","2","0","0","1","0","0"
"POINT (8.761733370000059 50.116035693000072)","Unfall 9840 (2019) Kat:2, Licht: 0","9840","2","3","5","01","15","2","0","0","0","1","0","0"
"POINT (8.765221372000042 50.135835801000042)","Unfall 9841 (2019) Kat:3, Licht: 0","9841","3","6","2","01","14","2","0","0","0","1","0","0"
"POINT (8.675700536000022 50.132064122000031)","Unfall 9843 (2019) Kat:3, Licht: 0","9843","3","2","0","01","16","2","0","0","1","1","0","0"
"POINT (8.607342666000022 50.131589959000053)","Unfall 9898 (2019) Kat:3, Licht: 0","9898","3","1","9","01","13","1","0","0","0","1","0","0"
"POINT (8.622886308000034 50.153846208000061)","Unfall 9911 (2019) Kat:3, Licht: 2","9911","3","3","5","01","19","7","0","2","0","1","0","0"
"POINT (8.685008311000047 50.161942248000059)","Unfall 9912 (2019) Kat:3, Licht: 1","9912","3","3","5","01","16","7","0","1","1","1","0","0"
"POINT (8.652152491000038 50.070676568000067)","Unfall 9913 (2019) Kat:3, Licht: 2","9913","3","6","2","01","18","7","0","2","0","1","0","0"
"POINT (8.622745490000057 50.151284926000073)","Unfall 9915 (2019) Kat:3, Licht: 0","9915","3","3","5","01","09","6","0","0","0","1","0","0"
"POINT (8.650829058000056 50.187644119000026)","Unfall 9927 (2019) Kat:3, Licht: 0","9927","3","6","2","01","08","6","2","0","0","1","0","0"
"POINT (8.646648319000065 50.177568079000082)","Unfall 9931 (2019) Kat:3, Licht: 2","9931","3","1","9","01","19","7","2","2","0","1","0","0"
"POINT (8.677882025000031 50.147891858000037)","Unfall 9940 (2019) Kat:3, Licht: 0","9940","3","6","2","01","12","6","1","0","0","1","0","0"
"POINT (8.670506167000042 50.138717531000054)","Unfall 9951 (2019) Kat:3, Licht: 2","9951","3","3","5","01","18","6","0","2","0","1","0","0"
"POINT (8.697369270000024 50.109420388000046)","Unfall 9953 (2019) Kat:3, Licht: 2","9953","3","4","6","01","17","6","0","2","0","1","1","0"
"POINT (8.709280757000045 50.114775878000046)","Unfall 9954 (2019) Kat:3, Licht: 2","9954","3","6","2","01","21","6","0","2","0","1","0","0"
"POINT (8.748664351000059 50.138692705000039)","Unfall 10028 (2019) Kat:3, Licht: 0","10028","3","6","2","02","08","3","0","0","0","1","0","0"
"POINT (8.652921826000068 50.106382453000037)","Unfall 10061 (2019) Kat:2, Licht: 2","10061","2","4","6","02","03","5","0","2","0","1","1","0"
"POINT (8.605464149000056 50.180882743000041)","Unfall 10089 (2019) Kat:2, Licht: 2","10089","2","3","5","02","18","7","1","2","0","1","0","0"
"POINT (8.707686806000027 50.118150474000061)","Unfall 10090 (2019) Kat:3, Licht: 0","10090","3","7","0","02","11","7","0","0","0","0","1","0"
"POINT (8.671143219000044 50.089471768000067)","Unfall 10116 (2019) Kat:2, Licht: 2","10116","2","4","6","02","06","4","0","2","0","1","1","0"
"POINT (8.731951988000049 50.118641941000078)","Unfall 10117 (2019) Kat:3, Licht: 0","10117","3","6","2","02","14","6","1","0","0","1","0","0"
"POINT (8.544103619000055 50.105717619000075)","Unfall 10149 (2019) Kat:3, Licht: 2","10149","3","4","6","01","19","5","1","2","0","1","1","0"
"POINT (8.608311217000050 50.143286286000034)","Unfall 10150 (2019) Kat:3, Licht: 1","10150","3","6","2","01","07","5","0","1","0","1","0","0"
"POINT (8.631992818000072 50.101885094000068)","Unfall 10152 (2019) Kat:3, Licht: 0","10152","3","2","3","01","16","5","0","0","0","1","0","0"
"POINT (8.676467792000040 50.132142987000066)","Unfall 10153 (2019) Kat:3, Licht: 2","10153","3","3","6","01","19","5","1","2","0","1","1","0"
"POINT (8.604727291000074 50.160202572000060)","Unfall 10164 (2019) Kat:3, Licht: 0","10164","3","7","7","02","16","6","0","0","0","1","0","0"
"POINT (8.640274552000051 50.202787478000062)","Unfall 10184 (2019) Kat:3, Licht: 0","10184","3","6","3","01","16","5","1","0","0","1","0","0"
"POINT (8.652912530000037 50.106378778000078)","Unfall 10189 (2019) Kat:3, Licht: 0","10189","3","4","6","02","08","5","0","0","0","1","1","0"
"POINT (8.615078446000041 50.121867288000033)","Unfall 10195 (2019) Kat:3, Licht: 2","10195","3","7","5","01","07","4","1","2","0","1","0","0"
"POINT (8.555052660000058 50.102139086000079)","Unfall 10226 (2019) Kat:3, Licht: 2","10226","3","6","3","01","19","3","0","2","0","1","0","0"
"POINT (8.707754359000035 50.113717708000081)","Unfall 10228 (2019) Kat:3, Licht: 0","10228","3","6","2","01","14","3","0","0","0","1","0","0"
"POINT (8.653711706000024 50.119958326000074)","Unfall 10244 (2019) Kat:3, Licht: 0","10244","3","3","3","02","07","4","0","0","1","1","0","0"
"POINT (8.506866725000066 50.090487347000078)","Unfall 10285 (2019) Kat:2, Licht: 2","10285","2","4","6","01","07","2","1","2","0","1","1","0"
"POINT (8.661788711000042 50.090099391000081)","Unfall 10286 (2019) Kat:3, Licht: 2","10286","3","6","2","01","19","2","1","2","0","1","0","0"
"POINT (8.752101093000022 50.127176978000080)","Unfall 10311 (2019) Kat:3, Licht: 0","10311","3","3","5","02","14","3","0","0","1","1","0","0"
"POINT (8.707297199000038 50.111483246000034)","Unfall 10323 (2019) Kat:3, Licht: 1","10323","3","6","2","02","17","3","0","1","0","1","0","0"
"POINT (8.691350608000050 50.100559403000034)","Unfall 10331 (2019) Kat:3, Licht: 0","10331","3","6","2","02","11","5","1","0","0","1","0","0"
"POINT (8.627271939000025 50.190718734000029)","Unfall 10332 (2019) Kat:3, Licht: 2","10332","3","6","2","01","01","2","1","2","0","1","0","0"
"POINT (8.616995154000051 50.087897858000076)","Unfall 10341 (2019) Kat:3, Licht: 0","10341","3","3","5","01","14","1","1","0","0","1","0","0"
"POINT (8.717275726000025 50.196876166000038)","Unfall 10351 (2019) Kat:2, Licht: 2","10351","2","3","5","02","06","3","0","2","1","1","0","0"
"POINT (8.520637412000042 50.038991400000043)","Unfall 10356 (2019) Kat:3, Licht: 0","10356","3","3","5","02","08","6","0","0","0","1","0","0"
"POINT (8.631828411000072 50.115305135000028)","Unfall 10357 (2019) Kat:3, Licht: 0","10357","3","6","3","02","15","2","0","0","0","1","0","1"
"POINT (8.694893834000027 50.132071331000077)","Unfall 10366 (2019) Kat:3, Licht: 2","10366","3","3","5","02","23","6","0","2","1","1","0","0"
"POINT (8.648605025000052 50.104675804000067)","Unfall 10368 (2019) Kat:2, Licht: 0","10368","2","3","5","02","15","6","0","0","0","1","0","1"
"POINT (8.707025020000060 50.128490890000080)","Unfall 10411 (2019) Kat:2, Licht: 0","10411","2","4","6","02","14","2","0","0","0","1","1","0"
"POINT (8.482776565000052 50.096234670000058)","Unfall 10417 (2019) Kat:3, Licht: 0","10417","3","6","2","02","10","7","0","0","0","1","0","0"
"POINT (8.607097177000071 50.164459237000074)","Unfall 10425 (2019) Kat:2, Licht: 0","10425","2","6","2","02","15","6","0","0","0","1","0","0"
"POINT (8.655860571000062 50.107544022000070)","Unfall 10426 (2019) Kat:2, Licht: 2","10426","2","3","5","02","06","3","0","2","0","1","0","1"
"POINT (8.581854148000048 50.132320719000063)","Unfall 10427 (2019) Kat:3, Licht: 0","10427","3","6","2","02","15","6","0","0","0","1","0","0"
"POINT (8.598403299000040 50.148718037000037)","Unfall 10428 (2019) Kat:3, Licht: 0","10428","3","6","2","02","08","6","0","0","0","1","0","0"
"POINT (8.540488934000052 50.118095797000080)","Unfall 10431 (2019) Kat:3, Licht: 2","10431","3","6","2","02","18","6","0","2","0","1","0","0"
"POINT (8.551923362000025 50.107953361000057)","Unfall 10454 (2019) Kat:3, Licht: 0","10454","3","3","5","02","15","5","0","0","1","1","0","0"
"POINT (8.559886710000058 50.101750205000030)","Unfall 10456 (2019) Kat:3, Licht: 2","10456","3","2","5","02","20","7","0","2","0","1","0","0"
"POINT (8.514507434000052 50.085592918000032)","Unfall 10457 (2019) Kat:2, Licht: 0","10457","2","7","0","02","10","5","0","0","0","1","0","0"
"POINT (8.648332131000075 50.161447924000072)","Unfall 10458 (2019) Kat:2, Licht: 2","10458","2","6","3","02","19","5","0","2","0","1","0","1"
"POINT (8.612062344000037 50.146731895000073)","Unfall 10459 (2019) Kat:3, Licht: 0","10459","3","2","5","02","16","5","0","0","1","1","0","0"
"POINT (8.645679907000044 50.135829840000042)","Unfall 10461 (2019) Kat:3, Licht: 0","10461","3","3","3","02","14","5","0","0","0","1","0","0"
"POINT (8.663301924000052 50.108178192000025)","Unfall 10462 (2019) Kat:3, Licht: 0","10462","3","6","3","02","16","5","0","0","1","0","0","0"
"POINT (8.543079803000069 50.119046220000030)","Unfall 10472 (2019) Kat:3, Licht: 0","10472","3","6","2","02","16","3","0","0","0","1","0","0"
"POINT (8.666033155000037 50.148018519000061)","Unfall 10473 (2019) Kat:3, Licht: 2","10473","3","2","5","02","00","7","0","2","0","1","0","0"
"POINT (8.745043271000043 50.147979755000051)","Unfall 10490 (2019) Kat:3, Licht: 2","10490","3","2","5","02","18","5","0","2","0","1","0","0"
"POINT (8.607338590000040 50.164435824000066)","Unfall 10494 (2019) Kat:3, Licht: 0","10494","3","6","2","02","16","5","0","0","0","1","0","0"
"POINT (8.733400303000053 50.114763649000054)","Unfall 10496 (2019) Kat:3, Licht: 0","10496","3","6","2","02","11","5","0","0","0","1","0","0"
"POINT (8.683694745000025 50.096409666000056)","Unfall 10503 (2019) Kat:3, Licht: 0","10503","3","6","2","02","11","4","0","0","0","1","0","0"
"POINT (8.560103150000032 50.101489585000081)","Unfall 10504 (2019) Kat:2, Licht: 0","10504","2","4","6","02","10","3","1","0","0","0","1","0"
"POINT (8.690904330000024 50.095564607000028)","Unfall 10505 (2019) Kat:3, Licht: 0","10505","3","3","5","02","10","4","0","0","0","1","0","0"
"POINT (8.687744651000060 50.107194068000069)","Unfall 10506 (2019) Kat:3, Licht: 0","10506","3","6","2","02","07","4","0","0","0","1","0","0"
"POINT (8.681078602000071 50.111585893000040)","Unfall 10508 (2019) Kat:2, Licht: 1","10508","2","6","3","02","17","4","0","1","1","1","0","0"
"POINT (8.641405202000044 50.145020346000081)","Unfall 10535 (2019) Kat:3, Licht: 2","10535","3","1","9","02","00","7","0","2","0","1","0","0"
"POINT (8.569083938000063 50.128834212000072)","Unfall 10536 (2019) Kat:3, Licht: 0","10536","3","7","8","02","09","4","0","0","0","1","0","0"
"POINT (8.650627367000027 50.132372051000061)","Unfall 10537 (2019) Kat:3, Licht: 2","10537","3","6","2","02","18","4","0","2","0","1","0","0"
"POINT (8.628280850000067 50.115493059000073)","Unfall 10555 (2019) Kat:3, Licht: 0","10555","3","7","6","02","16","3","0","0","0","0","0","0"
"POINT (8.665849156000036 50.186557890000074)","Unfall 10563 (2019) Kat:3, Licht: 0","10563","3","1","1","02","09","2","2","0","0","1","0","1"
"POINT (8.726647137000043 50.127907228000026)","Unfall 10576 (2019) Kat:3, Licht: 2","10576","3","6","2","02","07","3","0","2","0","1","0","0"
"POINT (8.645659045000059 50.114020135000032)","Unfall 10577 (2019) Kat:3, Licht: 0","10577","3","3","5","02","08","3","0","0","1","0","0","0"
"POINT (8.600099288000024 50.113130134000073)","Unfall 10583 (2019) Kat:3, Licht: 0","10583","3","6","2","02","10","2","0","0","0","1","0","0"
"POINT (8.521194041000058 50.112279278000074)","Unfall 10601 (2019) Kat:2, Licht: 2","10601","2","4","6","02","18","2","0","2","0","1","1","0"
"POINT (8.552140921000046 50.110836845000051)","Unfall 10603 (2019) Kat:3, Licht: 0","10603","3","3","5","02","16","2","1","0","0","1","0","0"
"POINT (8.670603744000061 50.138264614000036)","Unfall 10604 (2019) Kat:3, Licht: 0","10604","3","7","0","02","13","2","0","0","1","1","0","0"
"POINT (8.723731612000051 50.100717054000029)","Unfall 10605 (2019) Kat:3, Licht: 0","10605","3","2","5","02","08","2","0","0","1","0","0","0"
"POINT (8.665387173000056 50.102269205000027)","Unfall 10606 (2019) Kat:3, Licht: 2","10606","3","6","2","02","18","2","0","2","0","1","0","0"
"POINT (8.539579549000052 50.111500039000077)","Unfall 10645 (2019) Kat:3, Licht: 2","10645","3","6","2","02","19","1","1","2","0","1","0","0"
"POINT (8.666716048000069 50.103869318000079)","Unfall 10647 (2019) Kat:3, Licht: 0","10647","3","6","2","02","14","1","1","0","0","1","0","0"
"POINT (8.740912243000025 50.096276679000027)","Unfall 10649 (2019) Kat:3, Licht: 2","10649","3","1","8","02","21","1","1","2","0","1","0","0"
"POINT (8.603856277000034 50.057278502000031)","Unfall 10665 (2019) Kat:3, Licht: 2","10665","3","1","9","02","23","1","1","2","0","1","0","0"
"POINT (8.713578839000036 50.063671300000067)","Unfall 10707 (2019) Kat:3, Licht: 2","10707","3","6","2","02","18","4","0","2","0","1","0","0"
"POINT (8.628296228000068 50.116020910000032)","Unfall 10708 (2019) Kat:2, Licht: 2","10708","2","7","6","02","05","7","1","2","0","1","1","0"
"POINT (8.689347856000040 50.149441257000035)","Unfall 10721 (2019) Kat:2, Licht: 0","10721","2","6","4","02","12","6","1","0","0","1","0","0"
"POINT (8.694691190000071 50.113508721000073)","Unfall 10723 (2019) Kat:3, Licht: 0","10723","3","3","5","02","16","6","1","0","1","1","0","0"
"POINT (8.546028376000038 50.101619063000044)","Unfall 10744 (2019) Kat:3, Licht: 0","10744","3","3","5","03","12","6","1","0","0","1","0","0"
"POINT (8.647162106000053 50.097569642000053)","Unfall 10748 (2019) Kat:3, Licht: 0","10748","3","3","5","03","18","5","0","0","1","1","0","0"
"POINT (8.657959084000027 50.100909625000043)","Unfall 10754 (2019) Kat:3, Licht: 0","10754","3","2","3","03","12","2","1","0","1","1","0","0"
"POINT (8.589952817000039 50.132762678000063)","Unfall 10756 (2019) Kat:3, Licht: 0","10756","3","6","2","02","12","5","0","0","0","1","0","0"
"POINT (8.709810750000031 50.149655425000049)","Unfall 10770 (2019) Kat:3, Licht: 2","10770","3","3","5","02","19","4","0","2","1","1","0","0"
"POINT (8.742570101000069 50.149131223000040)","Unfall 10772 (2019) Kat:3, Licht: 0","10772","3","6","2","02","07","4","0","0","0","1","0","1"
"POINT (8.644252179000034 50.201477408000073)","Unfall 10792 (2019) Kat:3, Licht: 0","10792","3","1","9","03","08","4","0","0","0","1","0","0"
"POINT (8.706967809000048 50.128277927000056)","Unfall 10836 (2019) Kat:3, Licht: 0","10836","3","6","1","03","15","6","0","0","0","1","0","0"
"POINT (8.742232938000029 50.096975328000042)","Unfall 10838 (2019) Kat:3, Licht: 0","10838","3","1","8","03","10","2","1","0","0","1","0","0"
"POINT (8.577267076000055 50.092977086000076)","Unfall 10841 (2019) Kat:2, Licht: 0","10841","2","6","2","02","15","3","0","0","0","1","0","0"
"POINT (8.622725136000042 50.151238387000035)","Unfall 10843 (2019) Kat:3, Licht: 0","10843","3","3","5","02","08","3","0","0","1","1","0","0"
"POINT (8.688745136000023 50.112593255000036)","Unfall 10844 (2019) Kat:3, Licht: 0","10844","3","7","5","02","16","3","0","0","0","1","0","0"
"POINT (8.616292146000035 50.052536998000051)","Unfall 10878 (2019) Kat:3, Licht: 0","10878","3","6","2","03","15","5","0","0","0","1","0","0"
"POINT (8.669447024000021 50.088781323000035)","Unfall 10907 (2019) Kat:3, Licht: 0","10907","3","6","2","02","12","2","0","0","0","1","0","0"
"POINT (8.639707607000048 50.102610132000052)","Unfall 10908 (2019) Kat:3, Licht: 2","10908","3","6","2","02","18","2","0","2","0","1","0","1"
"POINT (8.579688150000038 50.124093159000040)","Unfall 10910 (2019) Kat:2, Licht: 0","10910","2","6","2","03","13","1","0","0","0","1","0","0"
"POINT (8.671995802000026 50.131661611000027)","Unfall 10911 (2019) Kat:3, Licht: 0","10911","3","6","3","02","15","2","0","0","0","1","0","0"
"POINT (8.587131165000074 50.117652446000079)","Unfall 10913 (2019) Kat:3, Licht: 0","10913","3","6","2","03","12","1","0","0","0","1","0","0"
"POINT (8.761015651000037 50.130325644000038)","Unfall 10920 (2019) Kat:3, Licht: 0","10920","3","6","2","03","11","4","0","0","0","0","0","1"
"POINT (8.652762856000038 50.072603854000079)","Unfall 10936 (2019) Kat:3, Licht: 0","10936","3","1","0","03","14","7","0","0","0","0","0","1"
"POINT (8.747275544000047 50.139500347000080)","Unfall 10946 (2019) Kat:1, Licht: 2","10946","1","2","5","02","22","2","0","2","0","1","0","0"
"POINT (8.659254447000023 50.060779772000046)","Unfall 10954 (2019) Kat:3, Licht: 0","10954","3","6","2","02","16","2","0","0","0","1","0","0"
"POINT (8.648600845000033 50.161378339000066)","Unfall 10967 (2019) Kat:2, Licht: 0","10967","2","7","0","02","17","1","0","0","0","1","0","1"
"POINT (8.650250098000072 50.105326196000078)","Unfall 10968 (2019) Kat:3, Licht: 0","10968","3","6","2","02","14","1","0","0","0","1","0","0"
"POINT (8.672262528000033 50.161397887000078)","Unfall 10971 (2019) Kat:3, Licht: 0","10971","3","3","5","03","16","7","0","0","0","1","0","0"
"POINT (8.634559001000071 50.194689079000057)","Unfall 10975 (2019) Kat:3, Licht: 0","10975","3","1","9","03","08","7","0","0","0","0","0","0"
"POINT (8.607092463000072 50.096554853000043)","Unfall 11009 (2019) Kat:2, Licht: 2","11009","2","3","5","03","23","6","0","2","0","1","0","0"
"POINT (8.695558123000069 50.102230718000044)","Unfall 11011 (2019) Kat:3, Licht: 2","11011","3","1","1","02","23","7","0","2","0","1","0","0"
"POINT (8.703914209000061 50.112627963000079)","Unfall 11013 (2019) Kat:3, Licht: 0","11013","3","4","6","03","09","6","1","0","0","1","1","0"
"POINT (8.651065688000074 50.098775287000080)","Unfall 11020 (2019) Kat:2, Licht: 2","11020","2","7","5","03","00","6","0","2","1","1","0","0"
"POINT (8.607091213000047 50.096566217000031)","Unfall 11026 (2019) Kat:3, Licht: 0","11026","3","1","0","03","14","6","0","0","1","0","0","0"
"POINT (8.640155230000062 50.102651593000076)","Unfall 11030 (2019) Kat:3, Licht: 0","11030","3","6","2","03","16","5","0","0","0","1","0","1"
"POINT (8.645809017000033 50.134625236000034)","Unfall 11051 (2019) Kat:3, Licht: 0","11051","3","3","5","02","11","6","0","0","1","0","0","0"
"POINT (8.706227662000060 50.145689247000064)","Unfall 11053 (2019) Kat:3, Licht: 0","11053","3","4","6","02","09","6","0","0","0","0","1","0"
"POINT (8.669039398000052 50.106116300000053)","Unfall 11055 (2019) Kat:2, Licht: 0","11055","2","4","6","02","15","6","0","0","0","0","1","0"
"POINT (8.549155650000046 50.120996929000057)","Unfall 11085 (2019) Kat:3, Licht: 0","11085","3","1","2","03","15","6","0","0","0","1","0","0"
"POINT (8.536924622000072 50.116797261000045)","Unfall 11092 (2019) Kat:3, Licht: 2","11092","3","6","2","02","18","6","0","2","0","1","0","0"
"POINT (8.687689133000049 50.107135831000051)","Unfall 11093 (2019) Kat:2, Licht: 2","11093","2","4","6","03","19","3","0","2","1","0","1","0"