WKT,Name,OBJECTID,UKATEGORIE,UTYP1,UART,UMONAT,USTUNDE,UWOCHENTAG,STRZUSTAND,ULICHTVERH,ISTRAD,ISTPKW,ISTFUSS,ISTKRAD
"POINT (8.535848744000020 50.116405266000072)","Unfall 11095 (2019) Kat:3, Licht: 2","11095","3","6","2","02","18","6","0","2","0","1","0","0"
"POINT (8.591475275000050 50.134606148000046)","Unfall 11103 (2019) Kat:3, Licht: 2","11103","3","6","2","03","19","6","0","2","0","1","0","0"
"POINT (8.617018357000063 50.182413553000060)","Unfall 11107 (2019) Kat:3, Licht: 2","11107","3","1","9","03","01","6","1","2","0","1","0","0"
"POINT (8.672784342000057 50.149349678000078)","Unfall 11110 (2019) Kat:3, Licht: 0","11110","3","6","3","03","07","4","0","0","0","1","0","0"
"POINT (8.735418159000062 50.111424569000064)","Unfall 11112 (2019) Kat:3, Licht: 0","11112","3","6","3","03","08","6","1","0","0","1","0","0"
"POINT (8.638912760000039 50.102536477000058)","Unfall 11118 (2019) Kat:3, Licht: 2","11118","3","5","1","03","23","6","0","2","0","1","0","1"
"POINT (8.639124913000046 50.102556147000030)","Unfall 11119 (2019) Kat:1, Licht: 2","11119","1","7","0","02","20","5","0","2","0","1","0","0"
"POINT (8.694602355000029 50.137668323000071)","Unfall 11151 (2019) Kat:3, Licht: 2","11151","3","2","5","02","19","5","0","2","0","1","0","0"
"POINT (8.673134721000054 50.061108327000056)","Unfall 11153 (2019) Kat:3, Licht: 0","11153","3","6","3","02","16","5","0","0","0","1","0","0"
"POINT (8.562322687000062 50.049656793000054)","Unfall 11154 (2019) Kat:3, Licht: 0","11154","3","6","2","03","17","2","1","0","0","1","0","0"
"POINT (8.697963519000041 50.138958158000037)","Unfall 11161 (2019) Kat:3, Licht: 1","11161","3","6","2","02","17","5","0","1","0","1","0","0"
"POINT (8.652836372000024 50.106348675000049)","Unfall 11165 (2019) Kat:3, Licht: 2","11165","3","2","5","02","18","5","0","2","1","1","0","0"
"POINT (8.693484685000044 50.129114976000039)","Unfall 11169 (2019) Kat:3, Licht: 2","11169","3","2","5","02","20","5","0","2","0","1","0","1"
"POINT (8.626644709000061 50.169536797000035)","Unfall 11171 (2019) Kat:1, Licht: 1","11171","1","1","8","02","17","4","0","1","0","1","0","0"
"POINT (8.628324723000048 50.132852415000059)","Unfall 11174 (2019) Kat:3, Licht: 1","11174","3","4","6","02","06","4","1","1","0","1","1","0"
"POINT (8.725716527000031 50.123103228000048)","Unfall 11175 (2019) Kat:2, Licht: 0","11175","2","1","0","02","12","4","0","0","0","0","0","1"
"POINT (8.731396825000047 50.119136626000056)","Unfall 11177 (2019) Kat:3, Licht: 0","11177","3","4","6","02","12","4","0","0","0","1","1","0"
"POINT (8.659558381000068 50.101670499000079)","Unfall 11179 (2019) Kat:3, Licht: 0","11179","3","3","5","02","13","4","0","0","0","1","0","0"
"POINT (8.551943618000053 50.103969219000078)","Unfall 11217 (2019) Kat:3, Licht: 0","11217","3","6","2","03","11","2","1","0","0","1","0","1"
"POINT (8.698544374000051 50.140384121000068)","Unfall 11223 (2019) Kat:3, Licht: 1","11223","3","7","0","03","18","1","0","1","0","1","0","0"
"POINT (8.590972572000055 50.100226981000048)","Unfall 11237 (2019) Kat:3, Licht: 0","11237","3","3","5","03","16","3","0","0","0","1","0","0"
"POINT (8.730510594000066 50.118802837000032)","Unfall 11242 (2019) Kat:2, Licht: 2","11242","2","6","3","03","05","7","1","2","0","1","0","0"
"POINT (8.683574928000041 50.131738869000060)","Unfall 11244 (2019) Kat:3, Licht: 0","11244","3","6","2","03","09","7","0","0","0","1","0","0"
"POINT (8.630226087000040 50.115241452000078)","Unfall 11249 (2019) Kat:2, Licht: 2","11249","2","6","0","03","18","5","0","2","0","0","0","1"
"POINT (8.582485031000033 50.123402935000058)","Unfall 11252 (2019) Kat:3, Licht: 2","11252","3","1","8","03","21","3","0","2","0","1","0","0"
"POINT (8.648022845000071 50.061291533000031)","Unfall 11277 (2019) Kat:3, Licht: 0","11277","3","6","2","03","17","5","0","0","0","1","0","0"
"POINT (8.719007487000056 50.064624731000038)","Unfall 11282 (2019) Kat:3, Licht: 2","11282","3","6","3","03","19","7","0","2","0","1","0","0"
"POINT (8.586536067000054 50.134151605000056)","Unfall 11285 (2019) Kat:3, Licht: 0","11285","3","6","3","03","14","7","0","0","0","1","0","0"
"POINT (8.704337894000048 50.157737531000066)","Unfall 11286 (2019) Kat:3, Licht: 2","11286","3","6","3","03","23","7","0","2","0","1","0","0"
"POINT (8.595792653000046 50.131301045000043)","Unfall 11304 (2019) Kat:3, Licht: 0","11304","3","3","5","03","16","6","0","0","1","1","0","0"
"POINT (8.668522309000025 50.143050195000058)","Unfall 11327 (2019) Kat:2, Licht: 0","11327","2","3","5","03","13","2","1","0","1","1","0","0"
"POINT (8.711688822000042 50.111335918000066)","Unfall 11331 (2019) Kat:3, Licht: 0","11331","3","2","5","03","10","4","0","0","1","1","0","0"
"POINT (8.649208391000059 50.140721942000027)","Unfall 11337 (2019) Kat:3, Licht: 0","11337","3","6","2","03","10","2","0","0","0","1","0","0"
"POINT (8.648606827000037 50.104676516000040)","Unfall 11365 (2019) Kat:2, Licht: 0","11365","2","3","5","03","07","5","0","0","0","1","0","1"
"POINT (8.599005080000040 50.114370895000036)","Unfall 11374 (2019) Kat:2, Licht: 2","11374","2","6","0","03","19","7","0","2","0","1","0","1"
"POINT (8.648600539000029 50.059310789000051)","Unfall 11375 (2019) Kat:3, Licht: 0","11375","3","1","9","03","15","6","1","0","0","1","0","0"
"POINT (8.624378578000062 50.052516917000048)","Unfall 11377 (2019) Kat:3, Licht: 0","11377","3","1","8","03","10","6","1","0","0","1","0","0"
"POINT (8.671983671000021 50.149205337000069)","Unfall 11391 (2019) Kat:3, Licht: 0","11391","3","6","2","03","17","3","0","0","0","1","0","0"
"POINT (8.740725134000059 50.094570593000071)","Unfall 11401 (2019) Kat:1, Licht: 0","11401","1","4","6","03","10","5","0","0","0","1","1","0"
"POINT (8.618631257000061 50.149213986000063)","Unfall 11406 (2019) Kat:2, Licht: 2","11406","2","3","6","03","19","5","1","2","0","1","1","0"
"POINT (8.665329374000066 50.184462132000078)","Unfall 11410 (2019) Kat:2, Licht: 0","11410","2","4","6","03","07","5","1","0","0","1","1","0"
"POINT (8.667803831000072 50.100009948000036)","Unfall 11412 (2019) Kat:3, Licht: 1","11412","3","6","3","03","17","5","1","1","1","0","0","0"
"POINT (8.702479741000047 50.100396717000081)","Unfall 11416 (2019) Kat:3, Licht: 1","11416","3","6","2","03","16","5","1","1","0","1","0","0"
"POINT (8.698523918000035 50.139564080000071)","Unfall 11419 (2019) Kat:3, Licht: 0","11419","3","4","6","03","17","5","0","0","0","1","1","0"
"POINT (8.701017472000046 50.110585947000061)","Unfall 11421 (2019) Kat:3, Licht: 2","11421","3","3","6","03","18","5","1","2","0","1","1","0"
"POINT (8.650844662000054 50.105561299000044)","Unfall 11434 (2019) Kat:2, Licht: 0","11434","2","2","5","03","13","4","0","0","1","1","0","0"
"POINT (8.690534691000039 50.129852029000062)","Unfall 11442 (2019) Kat:3, Licht: 2","11442","3","7","1","03","21","2","0","2","1","1","0","0"
"POINT (8.583691412000064 50.054014826000071)","Unfall 11455 (2019) Kat:3, Licht: 2","11455","3","3","5","03","22","3","0","2","0","1","0","0"
"POINT (8.616373144000022 50.121714029000032)","Unfall 11466 (2019) Kat:3, Licht: 0","11466","3","3","5","03","12","1","0","0","1","1","0","0"
"POINT (8.755031569000039 50.143087018000074)","Unfall 11467 (2019) Kat:3, Licht: 0","11467","3","6","2","03","09","5","1","0","0","1","0","0"
"POINT (8.617522758000064 50.088853836000055)","Unfall 11476 (2019) Kat:2, Licht: 2","11476","2","1","9","03","22","5","1","2","0","1","0","0"
"POINT (8.603630587000055 50.057346167000048)","Unfall 11479 (2019) Kat:3, Licht: 2","11479","3","1","9","03","23","5","1","2","0","0","0","1"
"POINT (8.690996973000040 50.107023675000050)","Unfall 11502 (2019) Kat:2, Licht: 1","11502","2","4","6","03","18","4","1","1","0","1","1","0"
"POINT (8.645539896000059 50.200947861000031)","Unfall 11519 (2019) Kat:3, Licht: 0","11519","3","6","2","03","07","5","0","0","0","1","0","0"
"POINT (8.593863170000077 50.053285574000029)","Unfall 11525 (2019) Kat:3, Licht: 0","11525","3","6","2","03","06","3","0","0","0","0","0","0"
"POINT (8.784777190000057 50.159792359000051)","Unfall 11539 (2019) Kat:3, Licht: 0","11539","3","7","5","03","06","2","0","0","0","1","0","0"
"POINT (8.659737489000065 50.109753688000069)","Unfall 11548 (2019) Kat:3, Licht: 0","11548","3","6","3","03","17","6","0","0","0","1","0","0"
"POINT (8.659421441000063 50.060794433000069)","Unfall 11550 (2019) Kat:3, Licht: 0","11550","3","6","2","03","15","4","0","0","0","1","0","0"
"POINT (8.697422146000065 50.113179382000055)","Unfall 11564 (2019) Kat:2, Licht: 0","11564","2","5","1","03","08","3","0","0","1","1","0","0"
"POINT (8.647548658000062 50.161663935000036)","Unfall 11568 (2019) Kat:3, Licht: 0","11568","3","2","3","03","15","2","0","0","1","1","0","0"
"POINT (8.653023483000027 50.113991020000071)","Unfall 11572 (2019) Kat:3, Licht: 2","11572","3","1","0","03","02","4","0","2","1","0","0","0"
"POINT (8.655246839000029 50.111726624000028)","Unfall 11578 (2019) Kat:3, Licht: 0","11578","3","4","6","03","16","2","0","0","1","0","1","0"
"POINT (8.673433597000042 50.131766071000072)","Unfall 11584 (2019) Kat:3, Licht: 2","11584","3","1","8","03","05","1","0","2","0","1","0","0"
"POINT (8.666632351000033 50.190543896000065)","Unfall 11597 (2019) Kat:3, Licht: 0","11597","3","1","0","03","07","3","0","0","0","0","0","1"
"POINT (8.731788711000036 50.118560389000038)","Unfall 11609 (2019) Kat:2, Licht: 0","11609","2","2","3","03","10","5","0","0","0","0","0","1"
"POINT (8.657174217000033 50.060573095000052)","Unfall 11612 (2019) Kat:3, Licht: 0","11612","3","6","2","03","16","3","0","0","0","1","0","0"
"POINT (8.658468364000044 50.101151884000046)","Unfall 11625 (2019) Kat:3, Licht: 2","11625","3","3","5","03","18","2","1","2","0","1","0","0"
"POINT (8.623809569000059 50.052457593000042)","Unfall 11635 (2019) Kat:3, Licht: 0","11635","3","6","2","03","09","5","0","0","0","1","0","0"
"POINT (8.607777305000070 50.059903982000037)","Unfall 11654 (2019) Kat:3, Licht: 1","11654","3","6","3","03","06","2","0","1","0","1","0","0"
"POINT (8.573558983000055 50.052793252000072)","Unfall 11668 (2019) Kat:3, Licht: 0","11668","3","6","2","03","17","5","0","0","0","1","0","0"
"POINT (8.642383043000052 50.082763325000030)","Unfall 11677 (2019) Kat:3, Licht: 0","11677","3","6","3","03","11","4","0","0","0","1","0","0"
"POINT (8.558192229000042 50.124726886000076)","Unfall 11686 (2019) Kat:3, Licht: 0","11686","3","6","2","03","09","2","0","0","0","1","0","0"
"POINT (8.632204021000064 50.101905271000078)","Unfall 11687 (2019) Kat:3, Licht: 0","11687","3","6","3","03","17","2","0","0","1","0","0","0"
"POINT (8.721811702000025 50.100447103000079)","Unfall 11698 (2019) Kat:3, Licht: 0","11698","3","2","6","03","10","2","0","0","0","1","1","0"
"POINT (8.555343415000039 50.102235397000072)","Unfall 11701 (2019) Kat:3, Licht: 0","11701","3","6","2","03","12","1","1","0","0","1","0","0"
"POINT (8.595401664000065 50.100261488000058)","Unfall 11703 (2019) Kat:3, Licht: 2","11703","3","3","5","03","18","1","1","2","1","1","0","0"
"POINT (8.629101175000074 50.116207376000034)","Unfall 11705 (2019) Kat:3, Licht: 0","11705","3","3","5","03","11","1","1","0","0","1","0","0"
"POINT (8.733581453000056 50.119756185000028)","Unfall 11707 (2019) Kat:3, Licht: 2","11707","3","6","2","03","19","1","0","2","0","1","0","0"
"POINT (8.635255675000053 50.160374282000078)","Unfall 11711 (2019) Kat:3, Licht: 2","11711","3","3","5","03","01","1","0","2","0","1","0","0"
"POINT (8.684307495000041 50.131629776000068)","Unfall 11729 (2019) Kat:3, Licht: 2","11729","3","6","2","03","20","5","0","2","0","1","0","0"
"POINT (8.590248317000032 50.133382360000041)","Unfall 11733 (2019) Kat:3, Licht: 0","11733","3","1","9","03","08","1","1","0","0","1","0","0"
"POINT (8.598068251000029 50.148109493000049)","Unfall 11734 (2019) Kat:2, Licht: 0","11734","2","6","3","03","10","1","0","0","0","1","0","0"
"POINT (8.641288246000045 50.198548819000052)","Unfall 11739 (2019) Kat:3, Licht: 0","11739","3","6","2","03","15","7","0","0","0","1","0","1"
"POINT (8.730035168000029 50.119740108000030)","Unfall 11750 (2019) Kat:3, Licht: 0","11750","3","6","2","03","14","7","0","0","0","1","0","0"
"POINT (8.664982041000030 50.092747901000052)","Unfall 11752 (2019) Kat:3, Licht: 0","11752","3","6","2","03","11","1","1","0","0","1","0","0"
"POINT (8.630596493000041 50.101751689000082)","Unfall 11753 (2019) Kat:3, Licht: 1","11753","3","6","2","03","17","1","0","1","0","1","0","0"
"POINT (8.731855668000037 50.119161572000053)","Unfall 11756 (2019) Kat:2, Licht: 2","11756","2","3","5","03","19","3","0","2","1","1","0","0"
"POINT (8.763906679000058 50.131507995000050)","Unfall 11762 (2019) Kat:3, Licht: 0","11762","3","3","5","03","11","3","0","0","0","0","0","0"
"POINT (8.532310094000025 50.115839937000032)","Unfall 11768 (2019) Kat:3, Licht: 0","11768","3","6","2","03","15","4","0","0","0","1","0","0"
"POINT (8.613452525000071 50.132775651000031)","Unfall 11775 (2019) Kat:2, Licht: 0","11775","2","6","2","03","08","5","0","0","0","1","0","0"
"POINT (8.610896624000077 50.146281347000070)","Unfall 11794 (2019) Kat:3, Licht: 0","11794","3","2","5","03","16","4","0","0","0","1","0","1"
"POINT (8.642581545000041 50.102876401000060)","Unfall 11800 (2019) Kat:3, Licht: 0","11800","3","6","2","03","13","7","0","0","0","1","0","1"
"POINT (8.497116189000053 50.096935286000075)","Unfall 11804 (2019) Kat:3, Licht: 0","11804","3","4","6","03","17","6","0","0","0","0","1","1"
"POINT (8.683468899000047 50.131760906000068)","Unfall 11810 (2019) Kat:3, Licht: 0","11810","3","6","2","03","15","4","0","0","0","1","0","1"
"POINT (8.765982713000028 50.132577598000069)","Unfall 11832 (2019) Kat:3, Licht: 0","11832","3","6","2","04","08","6","0","0","0","1","0","0"
"POINT (8.611540446000049 50.172136924000029)","Unfall 11835 (2019) Kat:3, Licht: 1","11835","3","1","8","04","19","5","1","1","0","1","0","1"
"POINT (8.683934974000067 50.131719925000027)","Unfall 11857 (2019) Kat:3, Licht: 0","11857","3","3","0","04","09","4","1","0","1","0","0","0"
"POINT (8.619114592000074 50.088109193000037)","Unfall 11859 (2019) Kat:3, Licht: 0","11859","3","6","2","04","08","4","1","0","0","1","0","1"
"POINT (8.605837003000033 50.104598314000043)","Unfall 11877 (2019) Kat:3, Licht: 0","11877","3","6","3","04","16","4","0","0","0","1","0","0"
"POINT (8.683901053000056 50.135263233000046)","Unfall 11887 (2019) Kat:3, Licht: 0","11887","3","2","5","04","15","5","0","0","1","1","0","0"
"POINT (8.730872745000056 50.118731829000069)","Unfall 11896 (2019) Kat:3, Licht: 0","11896","3","6","2","04","10","4","0","0","0","1","0","0"
"POINT (8.647840949000056 50.200931286000070)","Unfall 11897 (2019) Kat:2, Licht: 2","11897","2","1","4","04","22","6","1","2","0","1","0","0"
"POINT (8.734457316000032 50.100371775000042)","Unfall 11906 (2019) Kat:3, Licht: 0","11906","3","3","5","04","18","6","0","0","0","1","0","0"
"POINT (8.699586071000056 50.141147431000036)","Unfall 11924 (2019) Kat:3, Licht: 0","11924","3","2","6","04","16","4","0","0","0","1","1","0"
"POINT (8.618864168000073 50.149491661000070)","Unfall 11930 (2019) Kat:3, Licht: 0","11930","3","3","5","04","17","7","0","0","1","1","0","0"
"POINT (8.516468095000050 50.113740836000034)","Unfall 11933 (2019) Kat:3, Licht: 0","11933","3","6","2","04","13","3","0","0","0","1","0","0"
"POINT (8.605633495000063 50.180413651000038)","Unfall 11936 (2019) Kat:3, Licht: 0","11936","3","3","5","04","17","3","0","0","0","1","0","0"
"POINT (8.664868605000038 50.149374558000034)","Unfall 11940 (2019) Kat:2, Licht: 0","11940","2","1","9","04","14","3","0","0","0","1","0","0"
"POINT (8.726824313000066 50.144456253000044)","Unfall 11943 (2019) Kat:2, Licht: 2","11943","2","4","6","04","22","3","0","2","0","1","1","0"
"POINT (8.728255647000026 50.121910232000062)","Unfall 11945 (2019) Kat:3, Licht: 0","11945","3","6","2","04","14","3","0","0","0","1","0","0"
"POINT (8.633490137000024 50.055543711000041)","Unfall 11949 (2019) Kat:3, Licht: 0","11949","3","6","3","04","12","4","0","0","0","1","0","0"
"POINT (8.610971073000030 50.146310128000039)","Unfall 11960 (2019) Kat:3, Licht: 0","11960","3","7","0","04","16","7","0","0","0","0","1","0"
"POINT (8.691555053000059 50.100551185000029)","Unfall 11990 (2019) Kat:3, Licht: 2","11990","3","6","2","04","20","2","0","2","0","1","0","0"
"POINT (8.632636409000043 50.101946577000035)","Unfall 12005 (2019) Kat:3, Licht: 2","12005","3","1","8","04","21","5","0","2","0","1","0","0"
"POINT (8.735495576000062 50.110969393000062)","Unfall 12010 (2019) Kat:3, Licht: 0","12010","3","7","0","04","08","3","0","0","0","1","0","0"
"POINT (8.612033108000048 50.173021418000076)","Unfall 12013 (2019) Kat:3, Licht: 0","12013","3","6","2","04","13","3","0","0","0","0","0","0"
"POINT (8.653568332000077 50.205693286000042)","Unfall 12016 (2019) Kat:3, Licht: 0","12016","3","6","2","04","17","3","0","0","0","1","0","0"
"POINT (8.635681965000060 50.055925628000068)","Unfall 12018 (2019) Kat:3, Licht: 0","12018","3","6","2","04","17","3","0","0","0","1","0","0"
"POINT (8.639274321000073 50.102569997000046)","Unfall 12025 (2019) Kat:3, Licht: 2","12025","3","7","5","04","21","5","0","2","0","0","0","0"
"POINT (8.619645074000061 50.150271475000068)","Unfall 12038 (2019) Kat:3, Licht: 0","12038","3","6","3","04","07","3","0","0","0","0","0","1"
"POINT (8.557875982000041 50.102322701000048)","Unfall 12051 (2019) Kat:3, Licht: 0","12051","3","7","6","04","15","2","0","0","0","0","1","0"
"POINT (8.628250445000049 50.116320643000051)","Unfall 12054 (2019) Kat:3, Licht: 0","12054","3","6","2","04","16","2","0","0","1","1","0","0"
"POINT (8.660630264000076 50.109353263000060)","Unfall 12057 (2019) Kat:3, Licht: 0","12057","3","4","6","04","07","2","0","0","0","0","1","0"
"POINT (8.681583614000033 50.111688843000081)","Unfall 12060 (2019) Kat:3, Licht: 0","12060","3","6","4","04","17","2","0","0","1","1","0","0"
"POINT (8.701441438000074 50.110675033000064)","Unfall 12068 (2019) Kat:3, Licht: 2","12068","3","6","3","04","20","7","0","2","0","1","0","0"
"POINT (8.701156993000041 50.104420183000059)","Unfall 12075 (2019) Kat:3, Licht: 0","12075","3","6","3","04","10","6","0","0","0","1","0","1"
"POINT (8.678105220000020 50.132179351000048)","Unfall 12098 (2019) Kat:3, Licht: 0","12098","3","7","5","04","13","7","0","0","0","1","0","1"
"POINT (8.689289434000045 50.107185818000062)","Unfall 12108 (2019) Kat:3, Licht: 0","12108","3","6","3","04","14","5","0","0","0","1","0","0"
"POINT (8.713836720000074 50.063718481000080)","Unfall 12118 (2019) Kat:2, Licht: 0","12118","2","6","2","04","09","4","0","0","0","1","0","0"
"POINT (8.754514405000066 50.142895417000034)","Unfall 12125 (2019) Kat:2, Licht: 0","12125","2","4","6","04","10","2","0","0","0","0","1","0"
"POINT (8.646039194000025 50.058391740000047)","Unfall 12150 (2019) Kat:3, Licht: 2","12150","3","1","9","04","03","1","0","2","0","1","0","0"
"POINT (8.719510663000051 50.123090487000070)","Unfall 12154 (2019) Kat:3, Licht: 0","12154","3","2","4","03","12","1","0","0","0","1","0","0"
"POINT (8.597790243000077 50.137483836000058)","Unfall 12180 (2019) Kat:3, Licht: 0","12180","3","1","9","04","19","4","0","0","0","1","0","0"
"POINT (8.688891802000057 50.158492660000036)","Unfall 12189 (2019) Kat:2, Licht: 0","12189","2","3","5","04","15","6","0","0","1","1","0","0"
"POINT (8.561312155000053 50.049228102000029)","Unfall 12191 (2019) Kat:3, Licht: 0","12191","3","7","6","04","12","6","0","0","0","1","1","0"
"POINT (8.695186191000062 50.132496349000064)","Unfall 12207 (2019) Kat:2, Licht: 2","12207","2","1","9","04","22","4","0","2","0","0","0","1"
"POINT (8.604443042000071 50.159201110000026)","Unfall 12211 (2019) Kat:3, Licht: 0","12211","3","1","8","04","07","1","1","0","0","1","0","0"
"POINT (8.730850464000071 50.118226985000035)","Unfall 12243 (2019) Kat:3, Licht: 0","12243","3","3","5","04","18","5","0","0","0","1","0","0"
"POINT (8.528193606000059 50.097889438000038)","Unfall 12253 (2019) Kat:3, Licht: 0","12253","3","7","0","03","10","7","0","0","0","0","0","0"
"POINT (8.728295357000036 50.121870528000045)","Unfall 12254 (2019) Kat:3, Licht: 1","12254","3","6","2","04","20","6","0","1","0","1","0","0"
"POINT (8.537402758000042 50.111693374000026)","Unfall 12257 (2019) Kat:2, Licht: 0","12257","2","3","0","03","09","7","0","0","1","1","0","0"
"POINT (8.640441036000027 50.127116808000039)","Unfall 12260 (2019) Kat:3, Licht: 0","12260","3","3","5","03","12","7","0","0","0","1","0","1"
"POINT (8.615030707000074 50.136072946000070)","Unfall 12263 (2019) Kat:2, Licht: 0","12263","2","6","0","03","15","7","0","0","0","1","0","1"
"POINT (8.750121737000029 50.121737193000058)","Unfall 12266 (2019) Kat:3, Licht: 0","12266","3","6","2","03","15","7","0","0","0","1","0","0"
"POINT (8.603213919000041 50.100355897000043)","Unfall 12274 (2019) Kat:3, Licht: 0","12274","3","4","6","04","10","2","0","0","0","0","1","0"
"POINT (8.665010978000055 50.199968203000026)","Unfall 12292 (2019) Kat:3, Licht: 0","12292","3","1","0","04","15","1","0","0","1","1","0","0"
"POINT (8.587109022000050 50.117665597000041)","Unfall 12293 (2019) Kat:3, Licht: 0","12293","3","1","0","04","08","5","0","0","0","0","0","1"
"POINT (8.602392898000062 50.109793976000049)","Unfall 12299 (2019) Kat:3, Licht: 0","12299","3","6","2","04","16","4","0","0","0","1","0","0"
"POINT (8.665402187000041 50.106665987000042)","Unfall 12309 (2019) Kat:3, Licht: 0","12309","3","6","2","04","15","5","0","0","0","1","0","1"
"POINT (8.579293884000038 50.123562242000048)","Unfall 12318 (2019) Kat:3, Licht: 0","12318","3","2","5","04","17","5","0","0","1","1","0","0"
"POINT (8.640125309000041 50.197931162000032)","Unfall 12320 (2019) Kat:3, Licht: 0","12320","3","6","2","03","14","7","0","0","0","1","0","0"
"POINT (8.615242779000027 50.147961149000082)","Unfall 12322 (2019) Kat:2, Licht: 0","12322","2","4","6","04","13","3","0","0","1","0","1","0"
"POINT (8.591149319000067 50.133256079000034)","Unfall 12324 (2019) Kat:3, Licht: 2","12324","3","6","2","03","22","7","0","2","0","1","0","0"
"POINT (8.624882463000063 50.101183645000049)","Unfall 12348 (2019) Kat:3, Licht: 0","12348","3","3","5","04","14","5","0","0","1","1","0","0"
"POINT (8.756779211000037 50.128780831000029)","Unfall 12351 (2019) Kat:3, Licht: 0","12351","3","3","5","04","18","7","0","0","1","1","0","0"
"POINT (8.659977919000028 50.154133998000077)","Unfall 12361 (2019) Kat:2, Licht: 0","12361","2","1","0","03","19","6","0","0","1","0","0","0"
"POINT (8.752818459000025 50.120568507000030)","Unfall 12364 (2019) Kat:3, Licht: 1","12364","3","2","5","03","04","6","0","1","1","0","0","0"
"POINT (8.761716262000050 50.116046135000033)","Unfall 12366 (2019) Kat:3, Licht: 0","12366","3","3","5","03","14","6","0","0","0","1","0","0"
"POINT (8.696592965000036 50.135952996000071)","Unfall 12369 (2019) Kat:2, Licht: 0","12369","2","6","2","03","07","6","0","0","0","1","0","1"
"POINT (8.703360184000076 50.111077798000053)","Unfall 12372 (2019) Kat:3, Licht: 2","12372","3","6","2","03","19","6","0","2","0","1","0","0"
"POINT (8.641853085000037 50.095901944000047)","Unfall 12374 (2019) Kat:2, Licht: 0","12374","2","6","3","03","16","6","0","0","1","1","0","0"
"POINT (8.683936462000077 50.131731125000044)","Unfall 12377 (2019) Kat:3, Licht: 0","12377","3","2","5","03","08","6","0","0","1","1","0","0"
"POINT (8.752185739000026 50.127208119000045)","Unfall 12381 (2019) Kat:3, Licht: 0","12381","3","3","5","04","15","5","1","0","1","1","0","0"
"POINT (8.683995835000076 50.132177853000030)","Unfall 12382 (2019) Kat:3, Licht: 0","12382","3","2","0","04","13","7","0","0","1","1","0","0"
"POINT (8.605839672000059 50.056026694000082)","Unfall 12390 (2019) Kat:3, Licht: 0","12390","3","6","2","04","15","6","0","0","0","1","0","0"
"POINT (8.664376836000031 50.060995128000059)","Unfall 12396 (2019) Kat:3, Licht: 0","12396","3","6","2","04","08","2","0","0","0","1","0","0"
"POINT (8.718630211000061 50.064407911000046)","Unfall 12411 (2019) Kat:3, Licht: 0","12411","3","6","2","04","17","3","0","0","0","1","0","0"
"POINT (8.706090027000073 50.145840214000032)","Unfall 12413 (2019) Kat:3, Licht: 0","12413","3","6","2","04","14","2","0","0","0","1","0","0"
"POINT (8.724147776000052 50.133389936000071)","Unfall 12417 (2019) Kat:3, Licht: 0","12417","3","6","2","04","07","4","1","0","0","1","0","0"
"POINT (8.621486725000068 50.124122264000050)","Unfall 12458 (2019) Kat:3, Licht: 0","12458","3","7","1","04","17","4","0","0","0","1","0","0"
"POINT (8.601324572000067 50.100191394000035)","Unfall 12474 (2019) Kat:3, Licht: 0","12474","3","3","5","04","15","4","0","0","1","1","0","0"
"POINT (8.706475612000077 50.111376962000065)","Unfall 12475 (2019) Kat:3, Licht: 0","12475","3","3","5","04","11","5","0","0","1","0","0","0"
"POINT (8.556118317000028 50.102480774000071)","Unfall 12484 (2019) Kat:3, Licht: 1","12484","3","6","3","04","20","6","0","1","0","1","0","0"
"POINT (8.731949644000054 50.118639580000035)","Unfall 12498 (2019) Kat:3, Licht: 0","12498","3","6","2","04","08","5","0","0","0","1","0","0"
"POINT (8.731108033000055 50.118204028000036)","Unfall 12501 (2019) Kat:3, Licht: 2","12501","3","3","5","04","01","7","0","2","0","1","0","0"
"POINT (8.643629728000065 50.096476035000080)","Unfall 12511 (2019) Kat:3, Licht: 1","12511","3","5","1","04","19","3","1","1","0","1","0","0"
"POINT (8.723480273000064 50.115284741000039)","Unfall 12512 (2019) Kat:3, Licht: 0","12512","3","6","2","03","13","5","0","0","0","1","0","1"
"POINT (8.731002888000035 50.117974553000067)","Unfall 12514 (2019) Kat:3, Licht: 0","12514","3","6","2","03","15","5","0","0","0","1","0","0"
"POINT (8.691348639000069 50.101060501000063)","Unfall 12543 (2019) Kat:3, Licht: 0","12543","3","6","2","04","11","5","0","0","0","1","0","0"
"POINT (8.663661887000046 50.147476730000051)","Unfall 12572 (2019) Kat:3, Licht: 1","12572","3","6","2","04","20","3","0","1","0","1","0","0"
"POINT (8.694948532000069 50.132225974000050)","Unfall 12575 (2019) Kat:3, Licht: 2","12575","3","4","6","04","03","5","0","2","0","1","1","0"
"POINT (8.660416944000076 50.109448455000063)","Unfall 12610 (2019) Kat:3, Licht: 0","12610","3","3","5","04","20","3","0","0","0","1","0","0"
"POINT (8.635102603000064 50.079333920000067)","Unfall 12626 (2019) Kat:3, Licht: 2","12626","3","2","3","05","22","2","0","2","0","1","0","0"
"POINT (8.540629506000073 50.117874151000080)","Unfall 12630 (2019) Kat:3, Licht: 2","12630","3","1","8","05","23","1","0","2","0","1","0","0"
"POINT (8.555416083000068 50.123706606000042)","Unfall 12637 (2019) Kat:3, Licht: 0","12637","3","6","3","05","17","4","0","0","0","1","0","0"
"POINT (8.537103349000063 50.116862378000064)","Unfall 12638 (2019) Kat:3, Licht: 0","12638","3","6","2","05","14","7","0","0","0","1","0","0"
"POINT (8.647427724000067 50.104210277000050)","Unfall 12694 (2019) Kat:3, Licht: 0","12694","3","6","2","05","11","7","1","0","0","1","0","0"