WKT,Name,OBJECTID,UKATEGORIE,UTYP1,UART,UMONAT,USTUNDE,UWOCHENTAG,STRZUSTAND,ULICHTVERH,ISTRAD,ISTPKW,ISTFUSS,ISTKRAD
"POINT (8.590780865000056 50.123070100000064)","Unfall 12695 (2019) Kat:3, Licht: 0","12695","3","7","0","04","18","4","0","0","1","0","0","0"
"POINT (8.546654640000043 50.103411698000059)","Unfall 12698 (2019) Kat:3, Licht: 0","12698","3","6","2","04","13","4","0","0","0","1","0","0"
"POINT (8.756352615000026 50.125860376000048)","Unfall 12701 (2019) Kat:3, Licht: 0","12701","3","6","2","04","11","4","0","0","0","1","0","0"
"POINT (8.726363847000073 50.122877516000074)","Unfall 12706 (2019) Kat:3, Licht: 0","12706","3","6","1","04","16","4","0","0","0","1","0","0"
"POINT (8.730988768000032 50.118299910000076)","Unfall 12709 (2019) Kat:3, Licht: 0","12709","3","6","3","04","11","4","0","0","0","0","0","0"
"POINT (8.717942972000060 50.104875776000029)","Unfall 12712 (2019) Kat:3, Licht: 0","12712","3","6","2","05","20","3","0","0","0","1","0","0"
"POINT (8.723636337000073 50.100713556000073)","Unfall 12714 (2019) Kat:2, Licht: 0","12714","2","2","4","05","08","6","0","0","1","0","0","0"
"POINT (8.633317016000035 50.102011593000043)","Unfall 12720 (2019) Kat:3, Licht: 0","12720","3","3","5","05","18","2","0","0","1","1","0","0"
"POINT (8.652814914000032 50.139994435000062)","Unfall 12721 (2019) Kat:3, Licht: 0","12721","3","3","5","05","20","2","0","0","0","1","0","0"
"POINT (8.684827471000062 50.097216945000071)","Unfall 12736 (2019) Kat:3, Licht: 2","12736","3","7","6","04","22","3","0","2","0","0","1","0"
"POINT (8.603695139000024 50.057328686000062)","Unfall 12737 (2019) Kat:3, Licht: 0","12737","3","1","8","05","12","7","1","0","0","1","0","0"
"POINT (8.723449440000024 50.159121760000062)","Unfall 12777 (2019) Kat:3, Licht: 2","12777","3","1","8","04","23","2","1","2","0","1","0","0"
"POINT (8.731824458000062 50.118513528000051)","Unfall 12783 (2019) Kat:3, Licht: 0","12783","3","6","3","04","10","2","0","0","0","1","0","0"
"POINT (8.727233821000027 50.124088536000045)","Unfall 12787 (2019) Kat:3, Licht: 0","12787","3","1","8","05","10","5","0","0","0","1","0","0"
"POINT (8.662263808000034 50.102955935000068)","Unfall 12789 (2019) Kat:3, Licht: 2","12789","3","6","2","04","22","2","1","2","0","1","0","1"
"POINT (8.589498438000021 50.135235420000072)","Unfall 12801 (2019) Kat:3, Licht: 0","12801","3","1","9","05","11","5","1","0","0","1","0","0"
"POINT (8.670450932000051 50.097315828000035)","Unfall 12820 (2019) Kat:3, Licht: 0","12820","3","6","2","05","13","5","1","0","0","1","0","0"
"POINT (8.723678692000021 50.159393513000055)","Unfall 12821 (2019) Kat:3, Licht: 0","12821","3","6","2","04","14","3","0","0","0","1","0","0"
"POINT (8.609114248000026 50.142776507000065)","Unfall 12823 (2019) Kat:3, Licht: 0","12823","3","6","2","05","13","4","0","0","0","1","0","0"
"POINT (8.721886497000071 50.114864544000056)","Unfall 12827 (2019) Kat:3, Licht: 0","12827","3","2","3","05","11","4","1","0","0","1","0","0"
"POINT (8.552774917000022 50.105861109000045)","Unfall 12834 (2019) Kat:2, Licht: 0","12834","2","3","6","05","08","3","0","0","0","1","1","0"
"POINT (8.628163918000041 50.101519226000050)","Unfall 12844 (2019) Kat:3, Licht: 0","12844","3","6","2","05","14","5","0","0","0","1","0","0"
"POINT (8.673367764000034 50.149442386000032)","Unfall 12852 (2019) Kat:2, Licht: 0","12852","2","4","6","05","12","6","0","0","0","1","1","0"
"POINT (8.607800358000077 50.059950117000028)","Unfall 12859 (2019) Kat:3, Licht: 0","12859","3","1","9","04","18","2","1","0","0","1","0","0"
"POINT (8.748617080000031 50.154808272000082)","Unfall 12866 (2019) Kat:3, Licht: 0","12866","3","2","2","04","09","3","0","0","0","1","0","1"
"POINT (8.602239795000060 50.048925633000067)","Unfall 12872 (2019) Kat:3, Licht: 0","12872","3","1","8","04","18","2","1","0","0","1","0","1"
"POINT (8.672041839000030 50.131662487000028)","Unfall 12876 (2019) Kat:3, Licht: 0","12876","3","2","3","05","09","6","0","0","0","1","0","0"
"POINT (8.650472775000026 50.185782334000066)","Unfall 12885 (2019) Kat:3, Licht: 0","12885","3","7","6","04","13","1","0","0","1","0","1","0"
"POINT (8.601237508000054 50.110936118000041)","Unfall 12897 (2019) Kat:3, Licht: 0","12897","3","6","3","05","15","2","0","0","0","1","0","0"
"POINT (8.608732428000053 50.142834842000070)","Unfall 12906 (2019) Kat:3, Licht: 0","12906","3","5","1","04","07","3","0","0","1","1","0","0"
"POINT (8.651047586000061 50.185562443000038)","Unfall 12918 (2019) Kat:3, Licht: 0","12918","3","1","8","04","10","2","0","0","0","0","0","1"
"POINT (8.713608283000042 50.111931638000044)","Unfall 12945 (2019) Kat:3, Licht: 0","12945","3","6","2","04","16","3","0","0","0","1","0","0"
"POINT (8.608140144000060 50.060630124000056)","Unfall 12946 (2019) Kat:3, Licht: 2","12946","3","1","9","05","19","7","1","2","0","1","0","0"
"POINT (8.741232447000073 50.133612522000078)","Unfall 12947 (2019) Kat:3, Licht: 0","12947","3","6","2","04","12","1","0","0","0","1","0","0"
"POINT (8.648731672000054 50.178550756000050)","Unfall 12972 (2019) Kat:3, Licht: 1","12972","3","1","8","05","20","4","1","1","0","1","0","0"
"POINT (8.702436249000073 50.162676709000038)","Unfall 12985 (2019) Kat:2, Licht: 0","12985","2","7","9","04","16","2","0","0","0","1","0","0"
"POINT (8.716285229000050 50.138748950000036)","Unfall 12987 (2019) Kat:3, Licht: 0","12987","3","3","5","05","18","4","0","0","1","1","0","0"
"POINT (8.604174024000031 50.053900733000035)","Unfall 12988 (2019) Kat:3, Licht: 0","12988","3","6","2","04","12","2","0","0","0","1","0","0"
"POINT (8.567413404000035 50.120359548000067)","Unfall 13006 (2019) Kat:3, Licht: 0","13006","3","6","2","04","11","7","1","0","1","1","0","0"
"POINT (8.699058520000051 50.141068835000056)","Unfall 13012 (2019) Kat:3, Licht: 1","13012","3","6","2","04","05","7","0","1","0","1","0","0"
"POINT (8.743720865000057 50.123872452000057)","Unfall 13014 (2019) Kat:3, Licht: 0","13014","3","3","3","04","15","7","1","0","0","1","0","0"
"POINT (8.715239084000075 50.124142811000070)","Unfall 13029 (2019) Kat:3, Licht: 0","13029","3","6","2","05","11","7","1","0","0","1","0","0"
"POINT (8.646145085000057 50.119554958000037)","Unfall 13039 (2019) Kat:3, Licht: 0","13039","3","2","3","04","18","1","0","0","1","1","0","0"
"POINT (8.597003206000068 50.124631648000047)","Unfall 13047 (2019) Kat:2, Licht: 0","13047","2","3","5","05","17","3","0","0","0","1","0","0"
"POINT (8.647682223000061 50.113859157000036)","Unfall 13049 (2019) Kat:3, Licht: 0","13049","3","3","5","05","14","6","0","0","1","1","0","0"
"POINT (8.708558127000060 50.111446003000026)","Unfall 13055 (2019) Kat:3, Licht: 0","13055","3","3","5","05","18","2","0","0","1","1","0","0"
"POINT (8.586905018000039 50.123462068000038)","Unfall 13056 (2019) Kat:3, Licht: 0","13056","3","7","4","05","10","2","0","0","0","1","0","0"
"POINT (8.651211354000054 50.066176267000060)","Unfall 13071 (2019) Kat:3, Licht: 0","13071","3","6","2","04","13","3","0","0","0","1","0","0"
"POINT (8.611517388000038 50.132855248000055)","Unfall 13117 (2019) Kat:2, Licht: 0","13117","2","1","0","04","13","7","1","0","0","0","0","1"
"POINT (8.602466031000063 50.109034221000059)","Unfall 13118 (2019) Kat:3, Licht: 0","13118","3","6","2","05","14","6","0","0","0","1","0","0"
"POINT (8.592754197000033 50.053341704000047)","Unfall 13121 (2019) Kat:1, Licht: 2","13121","1","7","9","05","23","5","0","2","0","1","0","0"
"POINT (8.582439364000038 50.123474055000031)","Unfall 13123 (2019) Kat:3, Licht: 0","13123","3","1","8","04","18","7","1","0","0","1","0","0"
"POINT (8.639701570000057 50.126393400000040)","Unfall 13162 (2019) Kat:2, Licht: 0","13162","2","1","0","05","14","4","1","0","0","0","0","1"
"POINT (8.622364916000038 50.135054014000048)","Unfall 13163 (2019) Kat:3, Licht: 0","13163","3","1","9","05","15","1","0","0","0","1","0","0"
"POINT (8.659854021000058 50.146633669000039)","Unfall 13179 (2019) Kat:3, Licht: 0","13179","3","6","2","05","10","5","0","0","0","1","0","0"
"POINT (8.561284053000065 50.081712842000059)","Unfall 13184 (2019) Kat:2, Licht: 0","13184","2","1","9","05","17","2","0","0","0","1","0","0"
"POINT (8.595026891000032 50.140592092000077)","Unfall 13199 (2019) Kat:3, Licht: 0","13199","3","1","0","04","14","6","1","0","0","0","0","1"
"POINT (8.705502913000032 50.120168645000035)","Unfall 13205 (2019) Kat:3, Licht: 0","13205","3","3","5","05","07","7","1","0","1","0","0","0"
"POINT (8.767332312000065 50.132986079000034)","Unfall 13208 (2019) Kat:3, Licht: 0","13208","3","4","6","04","11","6","1","0","0","1","1","0"
"POINT (8.742651177000028 50.123366435000037)","Unfall 13212 (2019) Kat:3, Licht: 0","13212","3","7","3","05","15","6","0","0","0","1","0","1"
"POINT (8.671070487000065 50.061276044000067)","Unfall 13213 (2019) Kat:1, Licht: 0","13213","1","1","9","04","09","7","0","0","0","1","0","1"
"POINT (8.604779785000062 50.114793767000037)","Unfall 13217 (2019) Kat:2, Licht: 0","13217","2","6","0","04","18","7","0","0","0","0","0","1"
"POINT (8.720484357000032 50.139306537000039)","Unfall 13234 (2019) Kat:3, Licht: 0","13234","3","6","3","04","14","3","0","0","0","1","0","1"
"POINT (8.641559287000064 50.202554330000055)","Unfall 13235 (2019) Kat:3, Licht: 2","13235","3","1","9","05","03","7","1","2","0","1","0","0"
"POINT (8.706342004000021 50.127361130000054)","Unfall 13244 (2019) Kat:2, Licht: 0","13244","2","1","0","04","18","6","0","0","0","0","0","1"
"POINT (8.634045019000041 50.160733482000069)","Unfall 13246 (2019) Kat:3, Licht: 0","13246","3","6","3","04","11","3","0","0","0","1","0","0"
"POINT (8.584629018000044 50.119520301000080)","Unfall 13309 (2019) Kat:3, Licht: 0","13309","3","6","2","05","17","5","1","0","0","1","0","0"
"POINT (8.597979191000036 50.126473623000038)","Unfall 13334 (2019) Kat:3, Licht: 0","13334","3","1","0","05","18","4","0","0","1","0","0","0"
"POINT (8.633294041000056 50.102009398000064)","Unfall 13338 (2019) Kat:3, Licht: 0","13338","3","3","5","05","16","4","1","0","0","1","0","0"
"POINT (8.650989559000038 50.187829623000027)","Unfall 13345 (2019) Kat:2, Licht: 0","13345","2","4","6","05","18","3","0","0","0","1","1","0"
"POINT (8.558619290000024 50.102122691000034)","Unfall 13346 (2019) Kat:3, Licht: 0","13346","3","6","2","05","16","3","0","0","0","1","0","0"
"POINT (8.541284708000035 50.108233077000079)","Unfall 13347 (2019) Kat:2, Licht: 0","13347","2","3","5","05","13","6","0","0","1","1","0","0"
"POINT (8.667879601000038 50.099899819000029)","Unfall 13363 (2019) Kat:3, Licht: 2","13363","3","7","3","05","21","6","0","2","1","1","0","0"
"POINT (8.582805999000073 50.055782504000035)","Unfall 13366 (2019) Kat:3, Licht: 0","13366","3","6","2","05","09","2","0","0","0","1","0","0"
"POINT (8.599210561000064 50.127402156000073)","Unfall 13398 (2019) Kat:3, Licht: 0","13398","3","2","2","05","08","2","0","0","0","1","0","0"
"POINT (8.691190655000071 50.092097596000031)","Unfall 13402 (2019) Kat:3, Licht: 2","13402","3","6","2","06","22","4","0","2","0","1","0","0"
"POINT (8.731254525000054 50.119143361000056)","Unfall 13404 (2019) Kat:3, Licht: 0","13404","3","6","2","06","14","1","0","0","0","1","0","0"
"POINT (8.549527476000037 50.077766832000066)","Unfall 13412 (2019) Kat:2, Licht: 0","13412","2","1","8","06","16","4","0","0","0","0","0","1"
"POINT (8.729944000000046 50.117847719000054)","Unfall 13422 (2019) Kat:3, Licht: 0","13422","3","6","2","05","17","3","0","0","0","1","0","0"
"POINT (8.699866473000043 50.124521410000057)","Unfall 13424 (2019) Kat:2, Licht: 0","13424","2","6","2","06","16","7","0","0","0","1","0","1"
"POINT (8.666408647000026 50.101235017000079)","Unfall 13425 (2019) Kat:3, Licht: 2","13425","3","6","2","05","22","7","0","2","0","1","0","0"
"POINT (8.584764555000049 50.119623308000030)","Unfall 13436 (2019) Kat:3, Licht: 0","13436","3","6","3","05","08","4","0","0","0","1","0","0"
"POINT (8.750037318000068 50.145530504000078)","Unfall 13441 (2019) Kat:3, Licht: 0","13441","3","6","2","05","06","2","0","0","0","1","0","0"
"POINT (8.596934864000048 50.100101992000077)","Unfall 13443 (2019) Kat:2, Licht: 0","13443","2","5","1","06","18","7","0","0","1","1","0","0"
"POINT (8.567166695000026 50.121384389000070)","Unfall 13465 (2019) Kat:3, Licht: 0","13465","3","1","0","05","09","3","1","0","0","0","0","1"
"POINT (8.730093677000070 50.117903990000059)","Unfall 13468 (2019) Kat:3, Licht: 0","13468","3","6","2","05","15","3","0","0","0","1","0","0"
"POINT (8.747224886000026 50.139474847000031)","Unfall 13469 (2019) Kat:3, Licht: 0","13469","3","6","2","06","14","3","0","0","0","1","0","0"
"POINT (8.725865824000039 50.122942100000046)","Unfall 13472 (2019) Kat:3, Licht: 0","13472","3","6","0","05","08","3","1","0","0","1","0","0"
"POINT (8.652690800000073 50.106291127000077)","Unfall 13475 (2019) Kat:3, Licht: 0","13475","3","6","2","05","15","3","0","0","0","1","0","0"
"POINT (8.627745049000055 50.101479165000057)","Unfall 13506 (2019) Kat:3, Licht: 0","13506","3","3","5","05","17","4","0","0","1","1","0","0"
"POINT (8.705852839000045 50.142353389000050)","Unfall 13516 (2019) Kat:2, Licht: 0","13516","2","1","8","06","13","2","0","0","0","1","0","0"
"POINT (8.660398136000026 50.109456904000069)","Unfall 13517 (2019) Kat:3, Licht: 0","13517","3","6","3","05","18","2","1","0","1","1","0","0"
"POINT (8.646231301000057 50.058365859000048)","Unfall 13519 (2019) Kat:2, Licht: 0","13519","2","1","9","05","18","6","0","0","0","0","0","1"
"POINT (8.727098063000028 50.144750961000057)","Unfall 13520 (2019) Kat:3, Licht: 0","13520","3","6","3","05","20","4","0","0","0","1","0","1"
"POINT (8.609171251000021 50.062665934000051)","Unfall 13538 (2019) Kat:3, Licht: 1","13538","3","6","3","05","20","2","1","1","0","1","0","0"
"POINT (8.509505801000046 50.073777491000044)","Unfall 13554 (2019) Kat:3, Licht: 0","13554","3","1","8","06","07","3","0","0","0","1","0","0"
"POINT (8.581413474000044 50.055339763000063)","Unfall 13570 (2019) Kat:3, Licht: 0","13570","3","6","2","06","09","4","0","0","0","1","0","0"
"POINT (8.581034392000049 50.123777370000028)","Unfall 13580 (2019) Kat:3, Licht: 0","13580","3","4","6","05","07","3","1","0","0","1","1","0"
"POINT (8.653946786000063 50.075847147000047)","Unfall 13582 (2019) Kat:2, Licht: 0","13582","2","6","2","06","18","7","0","0","0","1","0","0"
"POINT (8.583574549000048 50.123801044000061)","Unfall 13583 (2019) Kat:3, Licht: 0","13583","3","6","2","05","13","7","0","0","0","1","0","0"
"POINT (8.595508589000076 50.122663019000072)","Unfall 13607 (2019) Kat:3, Licht: 0","13607","3","1","0","05","17","6","0","0","1","0","0","0"
"POINT (8.641916577000075 50.102814787000057)","Unfall 13630 (2019) Kat:3, Licht: 0","13630","3","7","6","05","11","3","1","0","0","1","1","0"
"POINT (8.698864832000027 50.140656392000039)","Unfall 13635 (2019) Kat:3, Licht: 0","13635","3","3","5","06","10","5","0","0","1","1","0","0"
"POINT (8.640308830000038 50.121172329000046)","Unfall 13644 (2019) Kat:3, Licht: 0","13644","3","7","6","05","14","2","1","0","0","1","1","0"
"POINT (8.646947540000042 50.139587944000027)","Unfall 13646 (2019) Kat:3, Licht: 0","13646","3","7","0","05","12","2","1","0","1","1","0","0"
"POINT (8.652094049000027 50.132175279000080)","Unfall 13653 (2019) Kat:3, Licht: 0","13653","3","6","2","05","09","3","1","0","0","1","0","0"
"POINT (8.691165938000040 50.098693827000034)","Unfall 13657 (2019) Kat:3, Licht: 0","13657","3","6","1","05","19","6","0","0","0","1","0","0"
"POINT (8.750681518000022 50.121956196000042)","Unfall 13666 (2019) Kat:3, Licht: 0","13666","3","4","6","05","17","5","0","0","0","1","1","0"
"POINT (8.483665023000071 50.091879414000061)","Unfall 13674 (2019) Kat:3, Licht: 0","13674","3","6","2","06","15","7","0","0","0","1","0","0"
"POINT (8.544691995000051 50.119622889000027)","Unfall 13709 (2019) Kat:3, Licht: 0","13709","3","6","2","06","18","6","0","0","0","1","0","0"
"POINT (8.706195683000033 50.112865633000069)","Unfall 13713 (2019) Kat:3, Licht: 0","13713","3","7","1","06","15","7","0","0","0","1","0","0"
"POINT (8.613324093000074 50.071008347000031)","Unfall 13725 (2019) Kat:3, Licht: 0","13725","3","6","2","06","08","3","0","0","0","1","0","0"
"POINT (8.688109045000033 50.099134918000061)","Unfall 13730 (2019) Kat:3, Licht: 0","13730","3","1","8","05","14","5","0","0","0","1","0","0"
"POINT (8.591674534000049 50.122977405000029)","Unfall 13737 (2019) Kat:3, Licht: 0","13737","3","6","3","05","15","2","0","0","0","1","0","1"
"POINT (8.539237681000031 50.101274928000066)","Unfall 13769 (2019) Kat:3, Licht: 2","13769","3","2","5","06","22","4","0","2","0","1","0","0"
"POINT (8.657840269000076 50.146007835000034)","Unfall 13773 (2019) Kat:3, Licht: 0","13773","3","3","5","05","16","1","0","0","1","1","0","0"
"POINT (8.756609805000039 50.124239817000046)","Unfall 13777 (2019) Kat:3, Licht: 0","13777","3","6","2","05","10","1","0","0","0","1","0","0"
"POINT (8.658078257000057 50.100966314000061)","Unfall 13788 (2019) Kat:3, Licht: 0","13788","3","3","5","05","14","4","0","0","0","0","1","0"
"POINT (8.715843326000027 50.137530527000081)","Unfall 13842 (2019) Kat:3, Licht: 0","13842","3","6","2","06","17","4","0","0","0","1","0","0"
"POINT (8.624512052000057 50.189099717000033)","Unfall 13847 (2019) Kat:2, Licht: 0","13847","2","6","2","05","10","5","0","0","0","0","0","0"
"POINT (8.629464982000059 50.188331174000041)","Unfall 13851 (2019) Kat:3, Licht: 0","13851","3","6","2","05","14","3","0","0","0","1","0","0"
"POINT (8.677733385000067 50.102697473000035)","Unfall 13853 (2019) Kat:3, Licht: 0","13853","3","6","2","06","15","7","0","0","0","1","0","0"
"POINT (8.666055363000055 50.147997392000036)","Unfall 13854 (2019) Kat:2, Licht: 0","13854","2","3","5","05","13","7","0","0","1","1","0","0"
"POINT (8.607613354000023 50.145101961000080)","Unfall 13904 (2019) Kat:3, Licht: 0","13904","3","1","8","05","19","7","0","0","0","1","0","0"
"POINT (8.697617695000076 50.138100377000058)","Unfall 13910 (2019) Kat:3, Licht: 2","13910","3","5","1","05","21","7","1","2","0","1","0","0"
"POINT (8.719886225000039 50.114062187000059)","Unfall 13914 (2019) Kat:3, Licht: 2","13914","3","6","2","05","22","7","1","2","0","1","0","0"
"POINT (8.712979536000034 50.111718273000065)","Unfall 13916 (2019) Kat:3, Licht: 0","13916","3","2","3","05","12","7","0","0","1","1","0","0"
"POINT (8.705213866000065 50.112975071000051)","Unfall 13920 (2019) Kat:3, Licht: 0","13920","3","1","8","05","15","7","0","0","0","0","0","1"
"POINT (8.692769508000026 50.128995112000041)","Unfall 13921 (2019) Kat:3, Licht: 0","13921","3","3","3","06","19","7","0","0","1","1","0","0"
"POINT (8.628363632000060 50.101538327000071)","Unfall 13924 (2019) Kat:3, Licht: 0","13924","3","7","5","05","13","7","0","0","0","1","0","0"
"POINT (8.704489742000021 50.120290677000071)","Unfall 13945 (2019) Kat:3, Licht: 0","13945","3","1","9","05","15","2","1","0","0","1","0","0"
"POINT (8.695593376000034 50.102009393000060)","Unfall 13948 (2019) Kat:3, Licht: 0","13948","3","4","6","05","15","4","0","0","0","1","1","0"
"POINT (8.599730814000054 50.113254005000044)","Unfall 13949 (2019) Kat:3, Licht: 1","13949","3","7","3","05","20","6","0","1","0","1","0","0"
"POINT (8.541297445000055 50.108221712000045)","Unfall 13961 (2019) Kat:3, Licht: 0","13961","3","7","5","06","13","3","0","0","1","1","0","0"
"POINT (8.666022228000031 50.087111939000067)","Unfall 13966 (2019) Kat:3, Licht: 0","13966","3","2","5","06","16","1","0","0","1","1","0","0"
"POINT (8.615709998000057 50.133347672000070)","Unfall 13967 (2019) Kat:3, Licht: 0","13967","3","6","3","05","08","2","0","0","0","1","0","0"
"POINT (8.590875110000070 50.134337532000075)","Unfall 13980 (2019) Kat:3, Licht: 0","13980","3","6","2","06","17","6","0","0","0","1","0","1"
"POINT (8.695829558000071 50.133937629000059)","Unfall 13981 (2019) Kat:3, Licht: 0","13981","3","3","5","06","19","6","1","0","1","1","0","0"
"POINT (8.612438291000046 50.115309205000074)","Unfall 13983 (2019) Kat:1, Licht: 2","13983","1","7","0","06","22","3","0","2","1","1","0","0"
"POINT (8.612484263000056 50.052711561000081)","Unfall 13999 (2019) Kat:3, Licht: 0","13999","3","6","2","06","09","4","0","0","0","1","0","0"
"POINT (8.642709516000025 50.143388563000030)","Unfall 14012 (2019) Kat:3, Licht: 0","14012","3","6","3","06","11","7","0","0","0","1","0","0"
"POINT (8.754333682000038 50.127858100000026)","Unfall 14018 (2019) Kat:2, Licht: 1","14018","2","3","5","06","21","2","0","1","0","1","0","0"
"POINT (8.589988979000054 50.132733178000080)","Unfall 14019 (2019) Kat:3, Licht: 0","14019","3","6","2","05","07","3","1","0","0","1","0","0"
"POINT (8.562067487000036 50.049560872000029)","Unfall 14032 (2019) Kat:1, Licht: 0","14032","1","6","3","06","14","2","0","0","0","1","0","1"
"POINT (8.541361165000069 50.108164856000030)","Unfall 14034 (2019) Kat:2, Licht: 0","14034","2","4","6","05","15","6","0","0","0","0","1","0"
"POINT (8.505548386000044 50.097185636000063)","Unfall 14038 (2019) Kat:3, Licht: 0","14038","3","6","2","05","13","6","0","0","0","1","0","0"
"POINT (8.577689227000064 50.123544051000067)","Unfall 14043 (2019) Kat:3, Licht: 1","14043","3","1","0","05","07","6","1","1","0","0","0","1"
"POINT (8.670441226000037 50.148887064000064)","Unfall 14047 (2019) Kat:3, Licht: 0","14047","3","6","2","05","18","6","0","0","0","1","0","0"
"POINT (8.727098681000030 50.063774915000067)","Unfall 14049 (2019) Kat:3, Licht: 0","14049","3","1","9","06","16","4","0","0","0","0","0","1"
"POINT (8.681277993000037 50.106791563000058)","Unfall 14052 (2019) Kat:3, Licht: 0","14052","3","6","2","05","13","6","0","0","0","1","0","0"
"POINT (8.652756256000032 50.106317004000061)","Unfall 14058 (2019) Kat:3, Licht: 0","14058","3","2","5","05","12","3","1","0","1","1","0","0"
"POINT (8.624123761000021 50.147705124000026)","Unfall 14079 (2019) Kat:3, Licht: 0","14079","3","2","0","06","11","7","0","0","1","1","0","0"
"POINT (8.649530919000029 50.120130232000065)","Unfall 14083 (2019) Kat:3, Licht: 0","14083","3","7","1","06","08","3","0","0","1","1","0","0"
"POINT (8.686619418000021 50.160521611000036)","Unfall 14096 (2019) Kat:3, Licht: 0","14096","3","6","3","05","17","5","0","0","0","1","0","0"
"POINT (8.603289096000026 50.107768176000036)","Unfall 14137 (2019) Kat:3, Licht: 0","14137","3","6","3","05","10","6","0","0","0","1","0","0"
"POINT (8.676665320000041 50.159302012000069)","Unfall 14138 (2019) Kat:3, Licht: 0","14138","3","1","9","06","21","6","1","0","0","1","0","0"
"POINT (8.730978455000070 50.118166161000033)","Unfall 14195 (2019) Kat:3, Licht: 0","14195","3","3","5","05","14","5","0","0","0","1","0","0"
"POINT (8.687214659000063 50.061141295000027)","Unfall 14205 (2019) Kat:3, Licht: 0","14205","3","6","2","06","09","4","0","0","0","1","0","0"
"POINT (8.513371297000049 50.107964904000028)","Unfall 14214 (2019) Kat:2, Licht: 0","14214","2","6","3","05","12","6","0","0","0","1","0","0"
"POINT (8.744098858000029 50.123955435000028)","Unfall 14215 (2019) Kat:2, Licht: 0","14215","2","3","5","05","13","4","0","0","1","0","0","0"
"POINT (8.584484604000068 50.133464599000035)","Unfall 14258 (2019) Kat:3, Licht: 0","14258","3","6","2","06","14","4","0","0","0","1","0","0"
"POINT (8.541818304000060 50.109505063000029)","Unfall 14283 (2019) Kat:3, Licht: 0","14283","3","5","1","05","19","3","0","0","0","1","0","1"
"POINT (8.651403151000068 50.068380610000077)","Unfall 14285 (2019) Kat:3, Licht: 0","14285","3","7","6","06","16","7","0","0","0","1","1","0"
"POINT (8.666331543000069 50.148068151000075)","Unfall 14286 (2019) Kat:3, Licht: 0","14286","3","6","2","05","13","7","0","0","0","1","0","0"
"POINT (8.544991091000043 50.106677383000033)","Unfall 14290 (2019) Kat:3, Licht: 0","14290","3","3","5","06","12","2","0","0","1","1","0","0"
"POINT (8.572077515000046 50.090414776000046)","Unfall 14292 (2019) Kat:2, Licht: 2","14292","2","7","4","05","21","3","0","2","0","1","0","0"
"POINT (8.655207539000060 50.107285893000039)","Unfall 14296 (2019) Kat:3, Licht: 0","14296","3","7","3","05","11","6","0","0","0","1","0","1"
"POINT (8.709800824000070 50.149659939000060)","Unfall 14306 (2019) Kat:3, Licht: 0","14306","3","3","5","05","07","5","0","0","1","0","0","0"
"POINT (8.652047459000073 50.140240350000056)","Unfall 14312 (2019) Kat:3, Licht: 0","14312","3","3","5","05","16","4","0","0","0","1","0","0"
"POINT (8.692210863000071 50.113309323000067)","Unfall 14315 (2019) Kat:3, Licht: 0","14315","3","5","1","05","18","4","0","0","0","1","0","1"
"POINT (8.689802320000069 50.112974278000081)","Unfall 14320 (2019) Kat:3, Licht: 0","14320","3","4","6","05","14","4","0","0","0","1","1","0"
"POINT (8.693143697000039 50.113183375000062)","Unfall 14323 (2019) Kat:3, Licht: 0","14323","3","6","0","05","12","4","0","0","0","0","0","1"
"POINT (8.595037841000021 50.086892016000036)","Unfall 14337 (2019) Kat:3, Licht: 2","14337","3","1","8","06","23","1","0","2","1","0","0","0"
"POINT (8.609173474000045 50.052443521000043)","Unfall 14338 (2019) Kat:1, Licht: 0","14338","1","1","8","05","18","2","1","0","0","1","0","0"
"POINT (8.683370031000038 50.131781454000077)","Unfall 14359 (2019) Kat:3, Licht: 1","14359","3","7","0","06","21","7","1","1","1","0","0","0"
"POINT (8.618294664000075 50.086474541000030)","Unfall 14373 (2019) Kat:3, Licht: 0","14373","3","6","2","06","20","3","0","0","0","1","0","0"
"POINT (8.677811401000042 50.105406167000069)","Unfall 14385 (2019) Kat:3, Licht: 0","14385","3","3","5","05","08","2","0","0","1","1","0","0"
"POINT (8.534105341000043 50.114609314000063)","Unfall 14401 (2019) Kat:3, Licht: 0","14401","3","6","4","06","19","3","0","0","1","0","0","0"
"POINT (8.688515588000030 50.159441672000071)","Unfall 14404 (2019) Kat:3, Licht: 0","14404","3","6","3","05","09","4","0","0","1","1","0","0"
"POINT (8.706426525000040 50.146239369000057)","Unfall 14417 (2019) Kat:3, Licht: 0","14417","3","6","2","05","07","4","1","0","0","1","0","0"
"POINT (8.614022288000058 50.072406222000041)","Unfall 14420 (2019) Kat:3, Licht: 0","14420","3","6","2","06","15","6","0","0","0","1","0","0"
"POINT (8.619064689000027 50.131768250000050)","Unfall 14421 (2019) Kat:1, Licht: 0","14421","1","4","6","06","08","6","0","0","0","0","1","0"
"POINT (8.502704838000057 50.092025893000027)","Unfall 14454 (2019) Kat:3, Licht: 0","14454","3","7","0","06","15","7","0","0","0","0","0","0"
"POINT (8.530749531000026 50.114538404000029)","Unfall 14456 (2019) Kat:3, Licht: 0","14456","3","6","2","05","16","4","0","0","0","1","0","0"
"POINT (8.530158226000026 50.101559479000059)","Unfall 14460 (2019) Kat:3, Licht: 0","14460","3","1","8","06","15","2","0","0","0","1","0","0"
"POINT (8.720118397000022 50.064715457000034)","Unfall 14461 (2019) Kat:3, Licht: 0","14461","3","3","2","05","08","3","1","0","0","1","0","0"