WKT,Name,OBJECTID,UKATEGORIE,UTYP1,UART,UMONAT,USTUNDE,UWOCHENTAG,STRZUSTAND,ULICHTVERH,ISTRAD,ISTPKW,ISTFUSS,ISTKRAD
"POINT (8.544962550000037 50.106702825000070)","Unfall 14475 (2019) Kat:3, Licht: 0","14475","3","7","1","05","07","5","0","0","0","1","0","0"
"POINT (8.601236394000068 50.153377476000060)","Unfall 14484 (2019) Kat:3, Licht: 0","14484","3","6","2","07","12","6","0","0","0","1","0","0"
"POINT (8.534452501000033 50.023775916000034)","Unfall 14487 (2019) Kat:3, Licht: 0","14487","3","2","2","06","14","3","0","0","0","1","0","0"
"POINT (8.514459584000065 50.085511059000055)","Unfall 14491 (2019) Kat:2, Licht: 2","14491","2","3","5","06","00","1","0","2","0","1","0","0"
"POINT (8.711189140000045 50.125112990000048)","Unfall 14498 (2019) Kat:3, Licht: 0","14498","3","2","5","07","17","4","0","0","1","1","0","0"
"POINT (8.678716913000073 50.167393659000027)","Unfall 14515 (2019) Kat:2, Licht: 0","14515","2","4","6","06","15","6","0","0","0","1","1","0"
"POINT (8.554820630000052 50.102062226000044)","Unfall 14529 (2019) Kat:3, Licht: 0","14529","3","6","3","06","09","3","0","0","0","1","0","0"
"POINT (8.616165770000066 50.100421412000060)","Unfall 14535 (2019) Kat:3, Licht: 0","14535","3","3","5","06","14","3","0","0","1","1","0","0"
"POINT (8.739736191000077 50.122357546000046)","Unfall 14540 (2019) Kat:3, Licht: 0","14540","3","3","5","06","06","3","0","0","0","1","0","0"
"POINT (8.643503718000034 50.102961841000081)","Unfall 14555 (2019) Kat:3, Licht: 2","14555","3","4","6","07","23","3","0","2","1","0","1","0"
"POINT (8.629832230000034 50.188695343000063)","Unfall 14564 (2019) Kat:3, Licht: 0","14564","3","3","5","07","18","2","0","0","0","1","0","0"
"POINT (8.605967735000036 50.100165794000077)","Unfall 14575 (2019) Kat:3, Licht: 0","14575","3","3","5","07","10","5","0","0","1","1","0","0"
"POINT (8.586198861000071 50.134312384000054)","Unfall 14638 (2019) Kat:3, Licht: 0","14638","3","6","5","06","15","5","0","0","0","1","0","0"
"POINT (8.523359459000062 50.037801471000080)","Unfall 14651 (2019) Kat:3, Licht: 0","14651","3","1","8","06","15","7","0","0","0","1","0","0"
"POINT (8.725058336000075 50.122976770000037)","Unfall 14672 (2019) Kat:3, Licht: 0","14672","3","6","2","06","16","7","0","0","0","1","0","0"
"POINT (8.595761902000049 50.133958848000077)","Unfall 14673 (2019) Kat:3, Licht: 0","14673","3","6","2","06","06","3","0","0","0","1","0","0"
"POINT (8.701524982000024 50.061717634000047)","Unfall 14679 (2019) Kat:3, Licht: 0","14679","3","6","2","06","06","3","0","0","0","1","0","0"
"POINT (8.731801051000048 50.118489959000044)","Unfall 14689 (2019) Kat:3, Licht: 0","14689","3","6","2","06","07","4","0","0","0","1","0","0"
"POINT (8.584692714000028 50.123687231000076)","Unfall 14713 (2019) Kat:3, Licht: 2","14713","3","2","0","06","23","7","1","2","1","1","0","0"
"POINT (8.664324072000056 50.108063621000042)","Unfall 14720 (2019) Kat:2, Licht: 0","14720","2","1","0","07","19","4","0","0","0","0","0","1"
"POINT (8.521515265000062 50.097359772000061)","Unfall 14721 (2019) Kat:3, Licht: 1","14721","3","3","5","06","21","7","1","1","0","1","0","1"
"POINT (8.628574847000039 50.115443061000065)","Unfall 14723 (2019) Kat:3, Licht: 0","14723","3","3","5","07","19","3","0","0","0","1","0","0"
"POINT (8.649410413000055 50.186298898000075)","Unfall 14724 (2019) Kat:3, Licht: 0","14724","3","2","5","06","18","7","1","0","0","1","0","0"
"POINT (8.634272718000034 50.161843609000073)","Unfall 14731 (2019) Kat:3, Licht: 0","14731","3","6","0","06","07","7","0","0","0","1","0","0"
"POINT (8.659176220000063 50.146563655000080)","Unfall 14733 (2019) Kat:3, Licht: 0","14733","3","6","2","06","11","7","0","0","0","1","0","0"
"POINT (8.726169012000071 50.100347736000060)","Unfall 14736 (2019) Kat:3, Licht: 0","14736","3","6","2","06","16","6","0","0","0","1","0","1"
"POINT (8.568411606000041 50.121997260000057)","Unfall 14741 (2019) Kat:3, Licht: 0","14741","3","3","5","06","17","2","0","0","0","1","0","0"
"POINT (8.697544614000037 50.137550571000077)","Unfall 14743 (2019) Kat:3, Licht: 0","14743","3","6","2","06","11","7","0","0","0","1","0","0"
"POINT (8.596170392000033 50.122689617000049)","Unfall 14745 (2019) Kat:3, Licht: 0","14745","3","6","3","06","07","2","0","0","0","1","0","0"
"POINT (8.684577253000043 50.105086752000034)","Unfall 14749 (2019) Kat:3, Licht: 0","14749","3","4","6","06","12","2","0","0","1","0","1","0"
"POINT (8.676155892000054 50.104736530000082)","Unfall 14751 (2019) Kat:2, Licht: 0","14751","2","6","5","06","11","2","0","0","0","1","0","1"
"POINT (8.698219634000054 50.138974386000029)","Unfall 14757 (2019) Kat:3, Licht: 0","14757","3","2","0","06","16","2","0","0","0","1","0","0"
"POINT (8.553272111000069 50.105038862000072)","Unfall 14759 (2019) Kat:3, Licht: 0","14759","3","6","2","06","12","3","0","0","0","1","0","0"
"POINT (8.713280892000057 50.137710952000077)","Unfall 14770 (2019) Kat:3, Licht: 0","14770","3","6","2","06","08","3","0","0","0","1","0","0"
"POINT (8.645885951000025 50.137045933000081)","Unfall 14792 (2019) Kat:3, Licht: 0","14792","3","6","2","06","11","1","0","0","0","1","1","0"
"POINT (8.661020331000032 50.109469112000056)","Unfall 14793 (2019) Kat:3, Licht: 0","14793","3","3","5","07","07","5","0","0","1","0","0","0"
"POINT (8.744742476000056 50.138332471000069)","Unfall 14801 (2019) Kat:2, Licht: 0","14801","2","4","6","06","17","7","0","0","0","1","1","0"
"POINT (8.642715568000028 50.200571450000041)","Unfall 14802 (2019) Kat:3, Licht: 0","14802","3","1","9","07","18","1","0","0","0","1","0","0"
"POINT (8.600608704000024 50.133048686000052)","Unfall 14860 (2019) Kat:3, Licht: 0","14860","3","6","3","06","09","5","0","0","0","1","0","0"
"POINT (8.629462878000027 50.168308382000077)","Unfall 14865 (2019) Kat:3, Licht: 0","14865","3","3","5","06","18","6","0","0","0","1","0","0"
"POINT (8.691244459000075 50.089925018000031)","Unfall 14873 (2019) Kat:3, Licht: 0","14873","3","3","5","06","11","6","0","0","1","1","0","0"
"POINT (8.706232477000071 50.154838527000038)","Unfall 14874 (2019) Kat:3, Licht: 0","14874","3","6","2","07","16","6","0","0","0","1","0","0"
"POINT (8.668078212000069 50.131569182000078)","Unfall 14878 (2019) Kat:3, Licht: 0","14878","3","6","2","06","18","6","0","0","0","1","0","0"
"POINT (8.573880700000075 50.094868625000061)","Unfall 14891 (2019) Kat:3, Licht: 0","14891","3","3","4","07","17","4","0","0","1","1","0","0"
"POINT (8.653581155000040 50.138952096000025)","Unfall 14897 (2019) Kat:3, Licht: 0","14897","3","6","3","06","14","5","0","0","0","1","0","0"
"POINT (8.606466262000026 50.100189678000049)","Unfall 14905 (2019) Kat:3, Licht: 0","14905","3","2","5","06","20","1","0","0","1","1","0","0"
"POINT (8.557498107000072 50.102424377000034)","Unfall 14906 (2019) Kat:3, Licht: 0","14906","3","2","5","06","11","7","0","0","1","1","0","0"
"POINT (8.700647458000049 50.210039858000073)","Unfall 14907 (2019) Kat:2, Licht: 0","14907","2","3","0","06","15","1","0","0","0","1","0","1"
"POINT (8.640008512000065 50.081925716000057)","Unfall 14909 (2019) Kat:3, Licht: 0","14909","3","3","5","06","08","2","0","0","1","1","0","0"
"POINT (8.695136080000054 50.132756504000042)","Unfall 14914 (2019) Kat:3, Licht: 0","14914","3","2","3","07","08","6","0","0","1","1","0","0"
"POINT (8.684575857000027 50.137451078000026)","Unfall 14931 (2019) Kat:3, Licht: 0","14931","3","2","5","07","19","1","0","0","1","1","0","0"
"POINT (8.652995257000043 50.139890784000045)","Unfall 14940 (2019) Kat:3, Licht: 0","14940","3","6","3","07","12","3","0","0","0","1","0","0"
"POINT (8.653913291000038 50.075741375000064)","Unfall 14953 (2019) Kat:3, Licht: 0","14953","3","6","2","07","15","4","0","0","0","1","0","0"
"POINT (8.553560836000031 50.101644909000072)","Unfall 15010 (2019) Kat:3, Licht: 0","15010","3","6","2","06","17","7","0","0","0","1","0","0"
"POINT (8.631724085000030 50.101859421000029)","Unfall 15013 (2019) Kat:2, Licht: 0","15013","2","4","6","06","17","7","0","0","0","1","1","0"
"POINT (8.614616182000077 50.100187442000049)","Unfall 15017 (2019) Kat:3, Licht: 0","15017","3","6","4","07","18","2","0","0","1","0","0","0"
"POINT (8.530188440000075 50.101520074000064)","Unfall 15029 (2019) Kat:3, Licht: 0","15029","3","6","2","07","12","5","0","0","0","1","0","1"
"POINT (8.703031342000031 50.143073625000056)","Unfall 15080 (2019) Kat:3, Licht: 0","15080","3","6","2","06","08","1","0","0","0","1","0","0"
"POINT (8.672999245000028 50.131728005000070)","Unfall 15081 (2019) Kat:2, Licht: 0","15081","2","6","2","07","17","5","0","0","0","1","0","1"
"POINT (8.679672046000064 50.158609992000038)","Unfall 15090 (2019) Kat:2, Licht: 0","15090","2","1","9","07","18","1","0","0","0","0","0","1"
"POINT (8.669809002000022 50.096777979000080)","Unfall 15127 (2019) Kat:3, Licht: 1","15127","3","6","3","06","20","7","0","1","0","1","0","0"
"POINT (8.618363956000053 50.086031494000053)","Unfall 15131 (2019) Kat:2, Licht: 1","15131","2","6","2","07","04","4","0","1","0","1","0","0"
"POINT (8.550981777000061 50.100783802000080)","Unfall 15168 (2019) Kat:3, Licht: 0","15168","3","1","8","06","17","6","0","0","1","0","0","0"
"POINT (8.660731850000047 50.109559816000058)","Unfall 15171 (2019) Kat:3, Licht: 0","15171","3","3","5","07","18","4","0","0","1","1","0","0"
"POINT (8.624536165000052 50.135931099000061)","Unfall 15173 (2019) Kat:3, Licht: 0","15173","3","3","5","06","06","6","0","0","1","1","0","0"
"POINT (8.668892797000069 50.142484614000068)","Unfall 15187 (2019) Kat:2, Licht: 0","15187","2","7","0","06","11","6","0","0","1","0","0","0"
"POINT (8.743740700000046 50.137312944000030)","Unfall 15206 (2019) Kat:3, Licht: 0","15206","3","6","2","07","17","5","0","0","0","1","0","0"
"POINT (8.564954553000064 50.128538338000055)","Unfall 15225 (2019) Kat:3, Licht: 0","15225","3","6","2","06","17","3","0","0","0","1","0","0"
"POINT (8.673645205000071 50.131793887000072)","Unfall 15229 (2019) Kat:3, Licht: 0","15229","3","7","1","07","17","3","0","0","0","1","0","1"
"POINT (8.603028846000029 50.108168898000031)","Unfall 15237 (2019) Kat:3, Licht: 0","15237","3","1","8","06","15","5","1","0","0","1","0","0"
"POINT (8.605462607000050 50.180888551000066)","Unfall 15238 (2019) Kat:3, Licht: 0","15238","3","3","5","07","08","2","0","0","0","1","0","0"
"POINT (8.504167173000042 50.104790290000039)","Unfall 15239 (2019) Kat:2, Licht: 2","15239","2","6","2","06","00","5","0","2","0","1","0","0"
"POINT (8.703875627000059 50.062047411000037)","Unfall 15245 (2019) Kat:3, Licht: 1","15245","3","1","8","06","20","5","1","1","0","1","0","0"
"POINT (8.607219480000026 50.144820099000071)","Unfall 15247 (2019) Kat:3, Licht: 0","15247","3","3","5","06","18","1","0","0","1","1","0","0"
"POINT (8.679085061000023 50.105925348000028)","Unfall 15248 (2019) Kat:3, Licht: 0","15248","3","6","4","07","19","5","0","0","0","1","0","0"
"POINT (8.591871948000062 50.053386351000029)","Unfall 15311 (2019) Kat:3, Licht: 0","15311","3","7","2","06","12","5","0","0","0","1","0","0"
"POINT (8.734381153000072 50.131154949000063)","Unfall 15322 (2019) Kat:3, Licht: 0","15322","3","6","2","07","09","3","0","0","0","1","0","1"
"POINT (8.553183423000064 50.047271629000079)","Unfall 15329 (2019) Kat:3, Licht: 0","15329","3","6","3","06","13","5","0","0","0","1","0","0"
"POINT (8.635875410000040 50.114768673000071)","Unfall 15338 (2019) Kat:3, Licht: 0","15338","3","6","3","07","17","4","0","0","1","0","0","0"
"POINT (8.505747645000042 50.097190227000056)","Unfall 15339 (2019) Kat:3, Licht: 0","15339","3","1","3","06","16","4","0","0","1","0","0","0"
"POINT (8.540469775000076 50.099560708000070)","Unfall 15340 (2019) Kat:3, Licht: 0","15340","3","3","5","06","08","4","0","0","1","1","0","0"
"POINT (8.553214788000048 50.105162706000044)","Unfall 15345 (2019) Kat:3, Licht: 0","15345","3","2","5","07","12","4","0","0","1","1","0","0"
"POINT (8.664759506000053 50.092562492000070)","Unfall 15346 (2019) Kat:3, Licht: 0","15346","3","2","5","06","06","4","0","0","1","1","0","0"
"POINT (8.506868412000074 50.076744534000056)","Unfall 15351 (2019) Kat:3, Licht: 0","15351","3","7","1","06","12","5","0","0","0","1","0","0"
"POINT (8.711367900000028 50.133064571000034)","Unfall 15354 (2019) Kat:3, Licht: 0","15354","3","6","2","06","11","4","0","0","0","1","0","0"
"POINT (8.698229196000057 50.138994566000065)","Unfall 15358 (2019) Kat:3, Licht: 0","15358","3","7","5","06","18","4","0","0","0","1","0","0"
"POINT (8.647390405000067 50.104195520000076)","Unfall 15359 (2019) Kat:3, Licht: 0","15359","3","6","0","07","16","7","0","0","1","0","0","0"
"POINT (8.682306749000077 50.131991820000053)","Unfall 15367 (2019) Kat:3, Licht: 0","15367","3","2","3","06","08","4","0","0","1","1","0","0"
"POINT (8.650973111000042 50.067039062000049)","Unfall 15371 (2019) Kat:3, Licht: 2","15371","3","7","0","07","00","6","0","2","0","1","1","0"
"POINT (8.564967720000027 50.128957955000033)","Unfall 15374 (2019) Kat:3, Licht: 2","15374","3","2","5","06","22","5","0","2","0","1","0","0"
"POINT (8.647704378000071 50.113857395000082)","Unfall 15386 (2019) Kat:3, Licht: 0","15386","3","3","5","06","17","5","0","0","1","1","0","0"
"POINT (8.644416421000074 50.083751631000041)","Unfall 15392 (2019) Kat:2, Licht: 0","15392","2","3","5","06","09","5","0","0","0","1","0","1"
"POINT (8.721244562000038 50.100321591000068)","Unfall 15397 (2019) Kat:3, Licht: 0","15397","3","7","1","06","09","5","0","0","1","1","0","0"
"POINT (8.669450333000043 50.140510884000037)","Unfall 15398 (2019) Kat:2, Licht: 0","15398","2","7","6","07","18","3","0","0","1","0","1","0"
"POINT (8.709798632000059 50.149660936000032)","Unfall 15401 (2019) Kat:3, Licht: 0","15401","3","3","5","06","13","5","0","0","1","1","0","0"
"POINT (8.721627352000041 50.114654472000041)","Unfall 15403 (2019) Kat:3, Licht: 0","15403","3","4","0","06","16","5","0","0","0","1","1","0"
"POINT (8.633334451000053 50.102013258000056)","Unfall 15410 (2019) Kat:3, Licht: 0","15410","3","2","5","06","12","5","0","0","0","1","0","0"
"POINT (8.734228034000068 50.120043086000067)","Unfall 15417 (2019) Kat:3, Licht: 0","15417","3","3","5","06","09","7","0","0","1","1","0","0"
"POINT (8.692839727000035 50.101113191000081)","Unfall 15473 (2019) Kat:3, Licht: 0","15473","3","6","2","06","20","1","0","0","0","1","0","0"
"POINT (8.635547110000061 50.092998849000026)","Unfall 15474 (2019) Kat:3, Licht: 0","15474","3","7","0","07","16","5","0","0","0","0","0","0"
"POINT (8.590245130000028 50.131426650000037)","Unfall 15482 (2019) Kat:3, Licht: 0","15482","3","7","7","07","12","4","0","0","0","1","0","0"
"POINT (8.714449494000064 50.124379693000037)","Unfall 15485 (2019) Kat:3, Licht: 0","15485","3","6","2","06","19","6","0","0","0","1","0","1"
"POINT (8.586485360000040 50.056510419000062)","Unfall 15495 (2019) Kat:3, Licht: 0","15495","3","6","2","06","15","4","0","0","0","0","0","0"
"POINT (8.741075509000041 50.133619705000058)","Unfall 15501 (2019) Kat:3, Licht: 0","15501","3","6","3","07","17","4","0","0","0","1","0","1"
"POINT (8.501836306000030 50.078704443000049)","Unfall 15502 (2019) Kat:2, Licht: 0","15502","2","6","2","06","17","4","0","0","0","1","0","1"
"POINT (8.608001063000074 50.060953724000058)","Unfall 15546 (2019) Kat:3, Licht: 0","15546","3","6","2","06","16","5","0","0","0","1","0","0"
"POINT (8.642589270000030 50.199857113000064)","Unfall 15556 (2019) Kat:3, Licht: 0","15556","3","1","8","07","08","1","1","0","0","1","0","0"
"POINT (8.515009858000042 50.085349577000045)","Unfall 15584 (2019) Kat:3, Licht: 0","15584","3","1","0","06","11","4","1","0","0","0","0","1"
"POINT (8.665196780000031 50.105809549000071)","Unfall 15585 (2019) Kat:3, Licht: 0","15585","3","6","6","06","08","5","0","0","1","0","1","0"
"POINT (8.615265285000021 50.121830056000078)","Unfall 15595 (2019) Kat:3, Licht: 0","15595","3","4","2","06","17","7","0","0","1","1","1","0"
"POINT (8.617114675000039 50.088173685000072)","Unfall 15598 (2019) Kat:3, Licht: 0","15598","3","1","8","06","14","2","0","0","0","1","0","0"
"POINT (8.710857527000030 50.063160166000046)","Unfall 15599 (2019) Kat:3, Licht: 0","15599","3","6","2","07","18","4","0","0","0","1","0","0"
"POINT (8.483056243000021 50.078947570000025)","Unfall 15610 (2019) Kat:3, Licht: 0","15610","3","6","3","06","18","4","0","0","0","1","0","0"
"POINT (8.596689979000075 50.145120445000032)","Unfall 15617 (2019) Kat:3, Licht: 0","15617","3","6","2","06","17","4","0","0","0","1","0","0"
"POINT (8.650688654000021 50.113462603000073)","Unfall 15629 (2019) Kat:3, Licht: 0","15629","3","6","2","07","16","5","0","0","0","1","0","0"
"POINT (8.721521824000035 50.105067540000050)","Unfall 15630 (2019) Kat:3, Licht: 0","15630","3","6","2","07","17","5","0","0","0","1","0","0"
"POINT (8.694371211000032 50.130993744000079)","Unfall 15631 (2019) Kat:3, Licht: 0","15631","3","7","6","07","14","5","0","0","1","0","1","0"
"POINT (8.638598666000064 50.094517023000037)","Unfall 15632 (2019) Kat:3, Licht: 0","15632","3","3","5","07","19","5","0","0","1","1","0","0"
"POINT (8.767544693000048 50.133100917000036)","Unfall 15658 (2019) Kat:3, Licht: 0","15658","3","6","3","07","14","6","0","0","0","0","0","1"
"POINT (8.521119368000029 50.097446666000053)","Unfall 15662 (2019) Kat:3, Licht: 0","15662","3","6","2","07","12","4","0","0","0","1","0","1"
"POINT (8.513669128000061 50.084399416000053)","Unfall 15663 (2019) Kat:3, Licht: 0","15663","3","2","2","07","06","4","0","0","0","1","0","0"
"POINT (8.683197553000071 50.107201494000037)","Unfall 15664 (2019) Kat:3, Licht: 0","15664","3","3","5","07","08","4","0","0","0","1","0","0"
"POINT (8.693465869000022 50.109244256000068)","Unfall 15665 (2019) Kat:3, Licht: 0","15665","3","6","2","07","15","4","0","0","0","1","0","1"
"POINT (8.712277173000075 50.111601882000059)","Unfall 15670 (2019) Kat:3, Licht: 0","15670","3","6","2","07","14","6","0","0","0","1","0","0"
"POINT (8.633100137000042 50.194084091000036)","Unfall 15690 (2019) Kat:3, Licht: 0","15690","3","6","2","07","10","4","0","0","0","1","0","0"
"POINT (8.691052791000061 50.097340426000073)","Unfall 15696 (2019) Kat:3, Licht: 0","15696","3","2","3","07","17","3","0","0","1","1","0","0"
"POINT (8.683974507000073 50.131655229000046)","Unfall 15697 (2019) Kat:3, Licht: 0","15697","3","6","3","07","17","3","0","0","1","1","0","0"
"POINT (8.628470522000043 50.101548549000029)","Unfall 15698 (2019) Kat:3, Licht: 0","15698","3","4","6","07","13","6","0","0","0","1","1","0"
"POINT (8.616371312000069 50.093119168000044)","Unfall 15720 (2019) Kat:3, Licht: 0","15720","3","6","3","07","08","3","0","0","0","1","0","0"
"POINT (8.667698627000050 50.100298696000038)","Unfall 15728 (2019) Kat:2, Licht: 2","15728","2","1","0","07","00","2","0","2","0","0","0","1"
"POINT (8.658581162000075 50.101205553000057)","Unfall 15729 (2019) Kat:3, Licht: 2","15729","3","6","3","07","21","2","0","2","0","1","0","1"
"POINT (8.719207466000057 50.064463011000043)","Unfall 15759 (2019) Kat:3, Licht: 0","15759","3","6","2","07","17","2","0","0","0","1","0","0"
"POINT (8.613052795000044 50.071067285000026)","Unfall 15760 (2019) Kat:3, Licht: 0","15760","3","6","3","07","08","2","0","0","0","1","0","0"
"POINT (8.705942107000055 50.145664748000058)","Unfall 15769 (2019) Kat:3, Licht: 0","15769","3","3","5","07","19","1","0","0","0","1","0","0"
"POINT (8.683627935000061 50.131727852000040)","Unfall 15794 (2019) Kat:3, Licht: 0","15794","3","6","2","07","14","7","1","0","0","1","0","0"
"POINT (8.683586593000030 50.131736444000069)","Unfall 15795 (2019) Kat:3, Licht: 0","15795","3","6","2","07","11","7","0","0","0","1","0","0"
"POINT (8.684497863000047 50.161321401000066)","Unfall 15815 (2019) Kat:2, Licht: 0","15815","2","6","2","07","15","6","1","0","0","1","0","0"
"POINT (8.676369875000034 50.104823089000035)","Unfall 15816 (2019) Kat:3, Licht: 0","15816","3","2","5","07","08","6","0","0","0","1","0","1"
"POINT (8.711587332000022 50.133532881000065)","Unfall 15818 (2019) Kat:3, Licht: 0","15818","3","6","2","07","16","6","0","0","0","1","0","0"
"POINT (8.603944056000046 50.052233500000057)","Unfall 15847 (2019) Kat:3, Licht: 0","15847","3","1","8","07","15","6","1","0","0","0","0","0"
"POINT (8.719075622000048 50.064450426000064)","Unfall 15848 (2019) Kat:3, Licht: 0","15848","3","6","2","07","15","6","1","0","0","1","0","0"
"POINT (8.611765156000047 50.116146844000070)","Unfall 15871 (2019) Kat:3, Licht: 0","15871","3","6","4","07","11","6","0","0","0","1","0","0"
"POINT (8.707669247000069 50.198850288000074)","Unfall 15879 (2019) Kat:3, Licht: 0","15879","3","6","2","07","17","5","0","0","0","1","0","0"
"POINT (8.711368501000038 50.105098979000047)","Unfall 15880 (2019) Kat:1, Licht: 0","15880","1","7","0","07","17","5","1","0","1","1","0","0"
"POINT (8.771817110000029 50.135787429000061)","Unfall 15881 (2019) Kat:3, Licht: 0","15881","3","6","3","07","18","5","1","0","0","1","0","0"
"POINT (8.695106152000051 50.106633270000032)","Unfall 15915 (2019) Kat:3, Licht: 0","15915","3","6","4","07","19","7","0","0","1","0","0","0"
"POINT (8.498927889000072 50.096988618000069)","Unfall 15950 (2019) Kat:2, Licht: 0","15950","2","1","1","07","10","6","0","0","0","1","0","0"
"POINT (8.704497390000029 50.111218243000053)","Unfall 15951 (2019) Kat:3, Licht: 0","15951","3","6","2","07","11","6","0","0","0","1","0","0"
"POINT (8.601910241000041 50.052711162000037)","Unfall 15971 (2019) Kat:3, Licht: 0","15971","3","6","3","07","11","3","0","0","0","1","0","0"
"POINT (8.747335411000051 50.139530545000071)","Unfall 15974 (2019) Kat:3, Licht: 0","15974","3","2","5","07","20","6","0","0","0","1","0","0"
"POINT (8.670096944000022 50.097153445000060)","Unfall 15985 (2019) Kat:3, Licht: 0","15985","3","6","2","07","11","2","0","0","0","1","0","0"
"POINT (8.761642372000040 50.116091265000080)","Unfall 15989 (2019) Kat:3, Licht: 0","15989","3","3","5","07","08","5","0","0","1","1","0","0"
"POINT (8.630476205000036 50.128470256000071)","Unfall 16039 (2019) Kat:3, Licht: 0","16039","3","2","3","07","14","1","0","0","1","1","0","0"
"POINT (8.567645389000063 50.120512506000068)","Unfall 16042 (2019) Kat:3, Licht: 0","16042","3","6","1","07","07","4","0","0","1","0","0","1"
"POINT (8.687982676000047 50.107194747000051)","Unfall 16043 (2019) Kat:2, Licht: 0","16043","2","2","5","07","20","4","0","0","1","1","0","0"
"POINT (8.634759643000052 50.102149437000037)","Unfall 16044 (2019) Kat:3, Licht: 0","16044","3","2","3","07","12","4","0","0","1","1","0","0"
"POINT (8.668285225000034 50.131571417000032)","Unfall 16048 (2019) Kat:3, Licht: 0","16048","3","6","2","07","20","2","0","0","0","1","0","0"
"POINT (8.592608593000023 50.138228408000032)","Unfall 16073 (2019) Kat:2, Licht: 2","16073","2","6","2","07","04","4","0","2","0","1","0","0"
"POINT (8.660878538000077 50.089347315000055)","Unfall 16119 (2019) Kat:3, Licht: 2","16119","3","6","4","07","23","2","0","2","0","1","0","0"
"POINT (8.741956954000045 50.158613923000075)","Unfall 16138 (2019) Kat:3, Licht: 0","16138","3","6","2","07","10","2","0","0","0","1","0","0"
"POINT (8.666797117000044 50.164455397000040)","Unfall 16156 (2019) Kat:2, Licht: 0","16156","2","6","3","07","20","2","0","0","0","1","0","1"
"POINT (8.631400061000022 50.055307190000065)","Unfall 16157 (2019) Kat:3, Licht: 0","16157","3","6","2","07","18","2","0","0","0","1","0","0"
"POINT (8.591731897000045 50.053272398000047)","Unfall 16162 (2019) Kat:3, Licht: 0","16162","3","6","2","07","06","3","0","0","0","1","0","0"
"POINT (8.704552321000051 50.104217994000066)","Unfall 16165 (2019) Kat:2, Licht: 2","16165","2","1","9","07","04","1","0","2","0","1","0","0"
"POINT (8.652151456000070 50.106077900000059)","Unfall 16179 (2019) Kat:3, Licht: 0","16179","3","2","5","07","08","2","0","0","1","0","0","0"
"POINT (8.687748868000028 50.107193873000028)","Unfall 16216 (2019) Kat:3, Licht: 0","16216","3","3","5","07","16","7","0","0","0","1","0","0"
"POINT (8.696839418000025 50.109240970000030)","Unfall 16234 (2019) Kat:3, Licht: 1","16234","3","7","7","07","21","1","1","1","1","0","0","0"
"POINT (8.640091641000026 50.102645703000064)","Unfall 16238 (2019) Kat:2, Licht: 0","16238","2","4","6","08","20","4","0","0","0","1","1","0"
"POINT (8.563462989000072 50.127035326000055)","Unfall 16272 (2019) Kat:3, Licht: 0","16272","3","6","2","08","10","7","0","0","0","1","0","0"
"POINT (8.545480069000064 50.106241508000039)","Unfall 16279 (2019) Kat:3, Licht: 0","16279","3","7","6","08","14","3","1","0","0","1","1","0"
"POINT (8.660608592000074 50.109362904000079)","Unfall 16280 (2019) Kat:3, Licht: 0","16280","3","3","5","08","15","3","0","0","0","1","0","0"
"POINT (8.654938752000021 50.077329076000069)","Unfall 16282 (2019) Kat:3, Licht: 0","16282","3","6","2","08","13","3","1","0","0","1","0","0"
"POINT (8.687832353000033 50.107127232000039)","Unfall 16284 (2019) Kat:3, Licht: 0","16284","3","2","2","08","11","3","0","0","0","1","0","0"
"POINT (8.652562599000021 50.059941046000063)","Unfall 16289 (2019) Kat:2, Licht: 0","16289","2","6","2","08","06","6","0","0","0","0","0","0"
"POINT (8.635647650000067 50.114810157000079)","Unfall 16303 (2019) Kat:3, Licht: 2","16303","3","1","0","08","01","6","0","2","1","0","0","0"
"POINT (8.596806656000069 50.100100010000062)","Unfall 16316 (2019) Kat:3, Licht: 0","16316","3","6","3","08","12","2","0","0","0","1","0","0"
"POINT (8.671381803000031 50.149083239000049)","Unfall 16317 (2019) Kat:3, Licht: 0","16317","3","7","5","08","11","2","0","0","1","1","0","0"
"POINT (8.595844164000027 50.140745919000040)","Unfall 16318 (2019) Kat:3, Licht: 0","16318","3","6","4","08","16","2","0","0","0","1","0","0"
"POINT (8.676601543000061 50.104916798000033)","Unfall 16320 (2019) Kat:3, Licht: 1","16320","3","2","3","08","20","2","0","1","0","1","0","0"
"POINT (8.701327556000024 50.100939180000069)","Unfall 16321 (2019) Kat:3, Licht: 0","16321","3","2","3","08","08","2","1","0","0","1","0","1"
"POINT (8.726254865000044 50.142390875000046)","Unfall 16323 (2019) Kat:3, Licht: 0","16323","3","7","0","08","15","2","0","0","1","0","0","0"
"POINT (8.633606698000051 50.194368788000077)","Unfall 16352 (2019) Kat:3, Licht: 0","16352","3","6","3","08","08","2","1","0","0","1","0","0"
"POINT (8.720276476000038 50.064549197000076)","Unfall 16353 (2019) Kat:3, Licht: 0","16353","3","6","2","08","16","2","0","0","0","1","0","0"
"POINT (8.616256931000066 50.100426797000068)","Unfall 16354 (2019) Kat:3, Licht: 1","16354","3","7","6","08","05","6","0","1","0","0","1","0"
"POINT (8.534123695000062 50.023737458000028)","Unfall 16359 (2019) Kat:3, Licht: 0","16359","3","2","2","08","11","6","0","0","0","1","0","0"
"POINT (8.605398388000026 50.093176739000057)","Unfall 16370 (2019) Kat:3, Licht: 0","16370","3","3","5","08","19","1","0","0","0","1","0","0"
"POINT (8.616242000000057 50.100244306000036)","Unfall 16371 (2019) Kat:3, Licht: 2","16371","3","6","2","08","00","1","0","2","0","1","0","0"