WKT,Name,OBJECTID,UKATEGORIE,UTYP1,UART,UMONAT,USTUNDE,UWOCHENTAG,STRZUSTAND,ULICHTVERH,ISTRAD,ISTPKW,ISTFUSS,ISTKRAD
"POINT (8.654855195000039 50.078961843000059)","Unfall 16373 (2019) Kat:3, Licht: 0","16373","3","3","5","08","10","1","0","0","1","1","0","0"
"POINT (8.731998999000041 50.118689276000055)","Unfall 16374 (2019) Kat:3, Licht: 2","16374","3","6","2","08","21","1","0","2","0","1","0","0"
"POINT (8.693133053000054 50.129168517000039)","Unfall 16388 (2019) Kat:3, Licht: 0","16388","3","6","2","08","19","5","0","0","0","1","0","1"
"POINT (8.727764648000061 50.123422150000067)","Unfall 16423 (2019) Kat:3, Licht: 0","16423","3","3","5","08","17","5","0","0","0","1","0","0"
"POINT (8.691358539000021 50.100562084000046)","Unfall 16424 (2019) Kat:3, Licht: 0","16424","3","2","2","08","14","7","0","0","0","1","0","0"
"POINT (8.692928896000069 50.101146782000058)","Unfall 16425 (2019) Kat:3, Licht: 0","16425","3","2","2","08","13","7","0","0","0","1","0","0"
"POINT (8.601370216000021 50.154105796000067)","Unfall 16429 (2019) Kat:3, Licht: 0","16429","3","6","2","08","13","6","0","0","0","1","0","0"
"POINT (8.578762350000034 50.053796679000072)","Unfall 16440 (2019) Kat:3, Licht: 0","16440","3","6","2","08","11","7","0","0","0","1","0","0"
"POINT (8.628158777000067 50.116287918000069)","Unfall 16441 (2019) Kat:3, Licht: 0","16441","3","2","3","08","15","6","0","0","0","1","0","1"
"POINT (8.655925593000063 50.156911287000071)","Unfall 16455 (2019) Kat:2, Licht: 0","16455","2","3","5","08","17","6","0","0","0","1","0","0"
"POINT (8.664556091000065 50.107609796000077)","Unfall 16457 (2019) Kat:3, Licht: 0","16457","3","6","3","08","15","6","0","0","0","1","0","0"
"POINT (8.541821595000045 50.118581260000042)","Unfall 16474 (2019) Kat:3, Licht: 0","16474","3","6","2","08","18","5","0","0","0","1","0","0"
"POINT (8.706631867000056 50.112930329000051)","Unfall 16505 (2019) Kat:3, Licht: 0","16505","3","6","0","08","10","5","0","0","0","1","0","1"
"POINT (8.704832482000029 50.119979538000052)","Unfall 16507 (2019) Kat:3, Licht: 0","16507","3","7","5","08","12","5","0","0","1","1","0","0"
"POINT (8.648933037000063 50.113759609000056)","Unfall 16510 (2019) Kat:3, Licht: 2","16510","3","1","0","08","21","6","1","2","0","0","0","1"
"POINT (8.609066801000040 50.142826321000030)","Unfall 16532 (2019) Kat:3, Licht: 1","16532","3","2","3","08","05","5","0","1","0","1","0","1"
"POINT (8.743134392000059 50.136460431000046)","Unfall 16535 (2019) Kat:3, Licht: 0","16535","3","2","3","08","20","5","0","0","1","1","0","0"
"POINT (8.621594500000072 50.052107420000027)","Unfall 16554 (2019) Kat:3, Licht: 0","16554","3","6","2","07","15","4","0","0","0","1","0","1"
"POINT (8.709644382000022 50.062919139000030)","Unfall 16557 (2019) Kat:3, Licht: 0","16557","3","7","7","07","16","4","0","0","0","1","0","0"
"POINT (8.594615313000077 50.141351446000044)","Unfall 16561 (2019) Kat:3, Licht: 0","16561","3","6","2","07","16","4","0","0","0","1","0","0"
"POINT (8.670686618000048 50.183110467000063)","Unfall 16574 (2019) Kat:3, Licht: 0","16574","3","6","2","08","18","6","0","0","1","1","0","0"
"POINT (8.600971394000055 50.112621892000050)","Unfall 16586 (2019) Kat:3, Licht: 0","16586","3","1","9","07","08","4","0","0","0","0","0","1"
"POINT (8.562935843000048 50.099157767000065)","Unfall 16597 (2019) Kat:2, Licht: 0","16597","2","4","6","08","20","7","1","0","0","1","1","0"
"POINT (8.669748073000051 50.131618033000052)","Unfall 16599 (2019) Kat:3, Licht: 2","16599","3","6","3","08","22","4","0","2","0","1","0","1"
"POINT (8.706388214000072 50.112854266000056)","Unfall 16602 (2019) Kat:3, Licht: 0","16602","3","4","6","08","16","6","0","0","0","1","1","0"
"POINT (8.665182066000057 50.107372172000055)","Unfall 16624 (2019) Kat:3, Licht: 0","16624","3","6","2","08","14","5","0","0","1","1","0","0"
"POINT (8.651651944000037 50.088461672000051)","Unfall 16632 (2019) Kat:3, Licht: 2","16632","3","2","5","08","21","5","0","2","1","1","0","0"
"POINT (8.585887341000046 50.053972333000047)","Unfall 16636 (2019) Kat:3, Licht: 0","16636","3","6","3","08","09","5","0","0","0","1","0","0"
"POINT (8.667188806000070 50.094603003000032)","Unfall 16646 (2019) Kat:3, Licht: 0","16646","3","4","6","08","11","5","1","0","0","1","1","0"
"POINT (8.696038325000075 50.061194438000030)","Unfall 16664 (2019) Kat:1, Licht: 0","16664","1","6","2","08","08","6","0","0","0","0","0","0"
"POINT (8.675086754000063 50.103206212000032)","Unfall 16675 (2019) Kat:1, Licht: 0","16675","1","4","6","08","12","6","0","0","0","0","1","0"
"POINT (8.514373741000043 50.085336195000082)","Unfall 16691 (2019) Kat:3, Licht: 0","16691","3","6","2","08","14","1","0","0","0","1","0","0"
"POINT (8.694912016000046 50.113533214000029)","Unfall 16697 (2019) Kat:3, Licht: 0","16697","3","7","3","08","19","4","0","0","0","1","0","0"
"POINT (8.558159950000061 50.022368724000046)","Unfall 16725 (2019) Kat:3, Licht: 2","16725","3","6","2","08","05","2","0","2","0","1","0","0"
"POINT (8.669130980000034 50.099249668000027)","Unfall 16728 (2019) Kat:3, Licht: 0","16728","3","6","3","08","08","5","0","0","0","1","0","1"
"POINT (8.551041047000069 50.046859607000044)","Unfall 16734 (2019) Kat:3, Licht: 0","16734","3","6","2","08","05","6","1","0","0","1","0","0"
"POINT (8.612161152000056 50.100273905000051)","Unfall 16757 (2019) Kat:3, Licht: 1","16757","3","1","0","08","20","4","0","1","1","0","0","0"
"POINT (8.776904389000038 50.137736102000076)","Unfall 16759 (2019) Kat:3, Licht: 0","16759","3","6","2","08","19","4","0","0","0","1","0","1"
"POINT (8.729994313000077 50.117866634000052)","Unfall 16762 (2019) Kat:2, Licht: 0","16762","2","6","2","08","17","4","0","0","0","0","0","1"
"POINT (8.705019599000025 50.120399591000080)","Unfall 16786 (2019) Kat:3, Licht: 0","16786","3","2","3","08","07","1","1","0","1","1","0","0"
"POINT (8.694403163000061 50.109160089000056)","Unfall 16801 (2019) Kat:2, Licht: 0","16801","2","2","3","08","10","6","0","0","1","1","0","0"
"POINT (8.659681591000037 50.060817273000055)","Unfall 16821 (2019) Kat:3, Licht: 0","16821","3","6","1","08","18","4","0","0","0","1","0","0"
"POINT (8.607942160000050 50.060233905000075)","Unfall 16822 (2019) Kat:3, Licht: 0","16822","3","6","3","08","08","4","0","0","0","1","0","0"
"POINT (8.730526692000069 50.118678159000069)","Unfall 16823 (2019) Kat:3, Licht: 0","16823","3","6","2","08","18","5","0","0","0","1","0","0"
"POINT (8.597682261000045 50.137580529000047)","Unfall 16829 (2019) Kat:3, Licht: 0","16829","3","6","2","08","18","5","0","0","0","1","0","1"
"POINT (8.574974424000061 50.054146470000035)","Unfall 16848 (2019) Kat:3, Licht: 2","16848","3","6","2","08","21","1","1","2","0","1","0","0"
"POINT (8.674950393000074 50.166829968000059)","Unfall 16853 (2019) Kat:3, Licht: 0","16853","3","5","1","08","14","3","0","0","1","1","0","0"
"POINT (8.627842401000066 50.115771648000077)","Unfall 16855 (2019) Kat:3, Licht: 0","16855","3","1","2","08","16","3","0","0","0","1","0","0"
"POINT (8.529747680000071 50.114170766000029)","Unfall 16862 (2019) Kat:3, Licht: 0","16862","3","6","2","08","17","6","0","0","0","1","0","0"
"POINT (8.589510304000044 50.132990073000030)","Unfall 16880 (2019) Kat:3, Licht: 0","16880","3","6","2","08","07","2","0","0","0","1","0","0"
"POINT (8.647355290000064 50.188298351000071)","Unfall 16892 (2019) Kat:2, Licht: 2","16892","2","7","8","08","23","7","0","2","0","1","0","0"
"POINT (8.710445325000023 50.111393178000071)","Unfall 16894 (2019) Kat:3, Licht: 2","16894","3","7","8","08","00","4","0","2","0","0","0","0"
"POINT (8.636149821000061 50.102280390000033)","Unfall 16897 (2019) Kat:3, Licht: 0","16897","3","4","6","08","15","6","0","0","0","0","1","0"
"POINT (8.563249765000023 50.050006367000037)","Unfall 16907 (2019) Kat:3, Licht: 0","16907","3","6","2","08","11","2","0","0","0","1","0","0"
"POINT (8.551753352000048 50.047028378000050)","Unfall 16908 (2019) Kat:3, Licht: 0","16908","3","6","2","08","08","2","0","0","0","1","0","0"
"POINT (8.677632918000029 50.102660296000067)","Unfall 16926 (2019) Kat:3, Licht: 0","16926","3","7","3","08","12","5","0","0","0","1","0","0"
"POINT (8.671354751000024 50.135657134000041)","Unfall 16935 (2019) Kat:3, Licht: 0","16935","3","7","1","08","17","2","0","0","1","0","0","0"
"POINT (8.683418063000033 50.142051138000056)","Unfall 16938 (2019) Kat:3, Licht: 0","16938","3","6","0","08","15","2","0","0","0","0","0","1"
"POINT (8.699152614000070 50.084232232000033)","Unfall 16940 (2019) Kat:3, Licht: 0","16940","3","3","5","08","20","2","1","0","0","1","0","0"
"POINT (8.705394601000023 50.142459918000043)","Unfall 16957 (2019) Kat:3, Licht: 0","16957","3","6","2","08","18","6","0","0","0","1","0","0"
"POINT (8.731962211000052 50.118652234000081)","Unfall 16969 (2019) Kat:3, Licht: 0","16969","3","6","2","08","15","6","0","0","0","1","0","0"
"POINT (8.685028294000063 50.097347300000081)","Unfall 16986 (2019) Kat:3, Licht: 2","16986","3","3","5","08","21","1","1","2","0","1","0","1"
"POINT (8.646856516000071 50.199854207000044)","Unfall 16987 (2019) Kat:3, Licht: 0","16987","3","6","0","08","10","2","0","0","0","1","0","0"
"POINT (8.593247886000029 50.139380365000079)","Unfall 16989 (2019) Kat:3, Licht: 0","16989","3","6","2","08","16","2","0","0","0","1","0","0"
"POINT (8.644491483000024 50.096742856000049)","Unfall 16993 (2019) Kat:3, Licht: 0","16993","3","2","2","08","09","4","0","0","0","1","0","1"
"POINT (8.670269993000034 50.138614002000054)","Unfall 17001 (2019) Kat:3, Licht: 0","17001","3","3","5","08","17","5","0","0","1","1","0","0"
"POINT (8.545638711000038 50.098272802000054)","Unfall 17019 (2019) Kat:3, Licht: 2","17019","3","7","0","08","00","1","0","2","1","0","0","0"
"POINT (8.706092021000075 50.111634574000050)","Unfall 17021 (2019) Kat:2, Licht: 2","17021","2","7","0","08","03","1","0","2","1","0","0","0"
"POINT (8.697578896000039 50.138004138000042)","Unfall 17026 (2019) Kat:3, Licht: 0","17026","3","2","3","08","18","5","0","0","1","1","0","0"
"POINT (8.709051917000068 50.130968837000069)","Unfall 17039 (2019) Kat:3, Licht: 0","17039","3","2","5","08","16","7","0","0","0","1","0","0"
"POINT (8.740216537000038 50.093626670000049)","Unfall 17093 (2019) Kat:3, Licht: 0","17093","3","6","2","08","13","2","0","0","0","1","0","0"
"POINT (8.590225180000061 50.133299109000063)","Unfall 17115 (2019) Kat:3, Licht: 2","17115","3","6","3","08","21","6","0","2","0","1","0","0"
"POINT (8.816369661000067 50.067965796000067)","Unfall 17116 (2019) Kat:3, Licht: 0","17116","3","6","3","08","20","6","0","0","0","1","0","0"
"POINT (8.677228882000065 50.105170550000025)","Unfall 17141 (2019) Kat:3, Licht: 0","17141","3","6","2","09","08","2","0","0","0","1","0","0"
"POINT (8.679555389000029 50.158866250000074)","Unfall 17146 (2019) Kat:3, Licht: 0","17146","3","6","2","08","15","5","0","0","0","1","0","0"
"POINT (8.688705859000038 50.158658672000058)","Unfall 17149 (2019) Kat:3, Licht: 0","17149","3","2","3","08","12","5","0","0","1","1","0","0"
"POINT (8.610275309000031 50.125941152000053)","Unfall 17151 (2019) Kat:3, Licht: 0","17151","3","2","5","08","08","5","0","0","0","1","0","1"
"POINT (8.720123665000074 50.100104290000047)","Unfall 17154 (2019) Kat:3, Licht: 2","17154","3","2","2","08","21","5","0","2","0","1","0","1"
"POINT (8.648585246000039 50.104667983000070)","Unfall 17156 (2019) Kat:3, Licht: 0","17156","3","7","0","08","12","5","0","0","0","1","0","0"
"POINT (8.617472803000055 50.132888289000050)","Unfall 17187 (2019) Kat:3, Licht: 2","17187","3","1","9","09","02","2","1","2","0","1","0","0"
"POINT (8.703561855000032 50.143089908000036)","Unfall 17192 (2019) Kat:3, Licht: 0","17192","3","6","2","09","14","4","0","0","0","1","0","0"
"POINT (8.624368022000056 50.189015218000065)","Unfall 17193 (2019) Kat:3, Licht: 0","17193","3","1","8","09","08","1","1","0","0","1","0","0"
"POINT (8.693387561000066 50.129048392000072)","Unfall 17198 (2019) Kat:3, Licht: 0","17198","3","3","5","09","07","3","0","0","1","1","0","0"
"POINT (8.579402455000036 50.131182770000066)","Unfall 17229 (2019) Kat:3, Licht: 0","17229","3","6","2","08","18","5","0","0","0","1","0","0"
"POINT (8.650575253000056 50.059391983000069)","Unfall 17233 (2019) Kat:3, Licht: 0","17233","3","6","2","09","08","6","0","0","0","1","0","0"
"POINT (8.686680986000056 50.160466651000036)","Unfall 17256 (2019) Kat:3, Licht: 0","17256","3","3","5","08","11","4","0","0","1","1","0","0"
"POINT (8.715111463000028 50.153264942000078)","Unfall 17261 (2019) Kat:3, Licht: 0","17261","3","6","2","08","16","6","0","0","0","1","0","0"
"POINT (8.695830309000030 50.133939224000073)","Unfall 17262 (2019) Kat:3, Licht: 2","17262","3","3","5","09","20","2","0","2","0","1","0","1"
"POINT (8.710213191000037 50.149604672000066)","Unfall 17264 (2019) Kat:3, Licht: 2","17264","3","2","5","09","21","2","0","2","1","1","0","0"
"POINT (8.692426847000036 50.106878997000081)","Unfall 17290 (2019) Kat:3, Licht: 0","17290","3","6","2","09","08","5","0","0","0","1","0","1"
"POINT (8.728213219000054 50.128730501000064)","Unfall 17335 (2019) Kat:3, Licht: 1","17335","3","7","4","09","06","6","0","1","0","1","0","0"
"POINT (8.650207170000044 50.197766705000049)","Unfall 17354 (2019) Kat:3, Licht: 0","17354","3","6","4","08","07","3","0","0","0","0","0","0"
"POINT (8.652772897000034 50.192036175000055)","Unfall 17356 (2019) Kat:3, Licht: 0","17356","3","6","2","08","15","6","0","0","0","1","0","0"
"POINT (8.668590525000070 50.104866145000074)","Unfall 17358 (2019) Kat:3, Licht: 0","17358","3","6","2","08","17","3","0","0","0","1","0","0"
"POINT (8.666115213000069 50.147872470000038)","Unfall 17359 (2019) Kat:3, Licht: 0","17359","3","6","2","09","08","2","0","0","0","1","0","0"
"POINT (8.599244551000027 50.114445292000028)","Unfall 17376 (2019) Kat:2, Licht: 0","17376","2","6","2","08","16","3","0","0","0","1","0","0"
"POINT (8.608939196000051 50.126835153000059)","Unfall 17377 (2019) Kat:2, Licht: 0","17377","2","3","5","09","07","6","0","0","0","1","0","1"
"POINT (8.613260244000060 50.070880508000073)","Unfall 17379 (2019) Kat:3, Licht: 0","17379","3","6","3","08","15","3","0","0","0","1","0","0"
"POINT (8.648259069000062 50.178715363000038)","Unfall 17381 (2019) Kat:3, Licht: 0","17381","3","6","2","08","09","3","0","0","0","1","0","0"
"POINT (8.563241522000055 50.126938335000034)","Unfall 17383 (2019) Kat:3, Licht: 0","17383","3","6","3","08","09","3","0","0","0","1","0","0"
"POINT (8.682022718000042 50.104202245000067)","Unfall 17409 (2019) Kat:3, Licht: 0","17409","3","5","5","08","08","2","0","0","0","1","0","1"
"POINT (8.722203290000039 50.123059518000048)","Unfall 17410 (2019) Kat:3, Licht: 2","17410","3","1","9","08","03","2","0","2","1","0","0","0"
"POINT (8.703499618000024 50.111107029000038)","Unfall 17412 (2019) Kat:3, Licht: 0","17412","3","5","1","08","19","2","0","0","0","1","0","0"
"POINT (8.590767626000059 50.133023872000081)","Unfall 17444 (2019) Kat:3, Licht: 0","17444","3","6","3","09","16","2","0","0","0","0","0","1"
"POINT (8.758816645000024 50.129476023000052)","Unfall 17449 (2019) Kat:3, Licht: 0","17449","3","1","0","09","17","4","0","0","0","0","0","1"
"POINT (8.593360682000025 50.053259693000030)","Unfall 17450 (2019) Kat:3, Licht: 2","17450","3","1","9","09","20","1","1","2","0","1","0","0"
"POINT (8.682529732000035 50.131948486000056)","Unfall 17455 (2019) Kat:3, Licht: 0","17455","3","7","5","09","17","3","0","0","1","1","0","0"
"POINT (8.725253904000056 50.124964538000029)","Unfall 17466 (2019) Kat:3, Licht: 0","17466","3","6","2","09","16","2","0","0","0","1","0","0"
"POINT (8.651744491000045 50.181216744000039)","Unfall 17491 (2019) Kat:3, Licht: 0","17491","3","6","2","08","17","2","0","0","0","1","0","0"
"POINT (8.549105698000062 50.120979494000039)","Unfall 17494 (2019) Kat:3, Licht: 0","17494","3","6","2","08","08","2","0","0","0","1","0","0"
"POINT (8.691506639000068 50.100315523000063)","Unfall 17516 (2019) Kat:3, Licht: 0","17516","3","7","0","08","15","6","0","0","1","0","0","0"
"POINT (8.599167605000048 50.131419267000069)","Unfall 17517 (2019) Kat:1, Licht: 0","17517","1","2","5","09","12","2","1","0","0","1","0","0"
"POINT (8.697980077000068 50.138999237000064)","Unfall 17519 (2019) Kat:3, Licht: 0","17519","3","3","5","09","19","2","0","0","1","1","0","0"
"POINT (8.683474448000027 50.141925334000064)","Unfall 17523 (2019) Kat:3, Licht: 0","17523","3","7","0","08","19","1","0","0","1","0","0","0"
"POINT (8.705685546000041 50.105206178000060)","Unfall 17524 (2019) Kat:3, Licht: 0","17524","3","3","5","08","13","1","0","0","1","1","0","0"
"POINT (8.738595978000035 50.105078149000065)","Unfall 17565 (2019) Kat:3, Licht: 0","17565","3","6","2","09","07","2","0","0","0","1","0","0"
"POINT (8.698250748000021 50.139040048000027)","Unfall 17570 (2019) Kat:2, Licht: 0","17570","2","3","5","09","12","4","0","0","1","1","0","0"
"POINT (8.616145971000037 50.134227129000067)","Unfall 17571 (2019) Kat:3, Licht: 0","17571","3","1","9","09","19","1","1","0","0","1","0","0"
"POINT (8.655876608000028 50.112129320000065)","Unfall 17617 (2019) Kat:3, Licht: 0","17617","3","2","5","09","17","2","0","0","1","1","0","0"
"POINT (8.546093688000042 50.103941587000065)","Unfall 17622 (2019) Kat:3, Licht: 0","17622","3","6","2","08","12","7","0","0","0","1","0","0"
"POINT (8.682821236000052 50.144291803000044)","Unfall 17624 (2019) Kat:3, Licht: 1","17624","3","6","2","08","19","7","0","1","0","1","0","1"
"POINT (8.670779659000061 50.097718138000062)","Unfall 17626 (2019) Kat:3, Licht: 2","17626","3","7","5","08","22","7","0","2","0","1","0","0"
"POINT (8.601433548000045 50.111420587000055)","Unfall 17674 (2019) Kat:3, Licht: 0","17674","3","7","0","08","13","7","0","0","0","0","0","1"
"POINT (8.535174479000034 50.116255678000073)","Unfall 17676 (2019) Kat:3, Licht: 0","17676","3","6","2","08","13","7","0","0","0","1","0","0"
"POINT (8.709570560000032 50.121702151000079)","Unfall 17678 (2019) Kat:3, Licht: 0","17678","3","5","1","09","17","5","0","0","0","1","0","0"
"POINT (8.647925932000021 50.055405155000074)","Unfall 17697 (2019) Kat:3, Licht: 0","17697","3","6","2","08","19","7","0","0","0","1","0","0"
"POINT (8.644695593000051 50.141404067000053)","Unfall 17716 (2019) Kat:3, Licht: 0","17716","3","6","3","09","09","4","0","0","0","1","0","0"
"POINT (8.635095706000072 50.088664271000027)","Unfall 17723 (2019) Kat:2, Licht: 0","17723","2","6","2","09","15","3","0","0","0","1","0","0"
"POINT (8.580048139000041 50.099974577000069)","Unfall 17727 (2019) Kat:3, Licht: 0","17727","3","4","6","08","14","6","0","0","0","0","1","0"
"POINT (8.647676433000072 50.161628707000034)","Unfall 17729 (2019) Kat:3, Licht: 0","17729","3","6","3","08","14","6","0","0","0","1","0","1"
"POINT (8.709817986000076 50.149652134000064)","Unfall 17732 (2019) Kat:2, Licht: 0","17732","2","3","5","08","13","6","0","0","1","1","0","0"
"POINT (8.688230971000053 50.112559373000067)","Unfall 17738 (2019) Kat:3, Licht: 0","17738","3","6","2","09","10","7","1","0","0","1","0","0"
"POINT (8.710493864000057 50.125324005000039)","Unfall 17741 (2019) Kat:3, Licht: 0","17741","3","2","3","08","19","7","0","0","0","0","0","1"
"POINT (8.674114641000074 50.100566608000065)","Unfall 17748 (2019) Kat:3, Licht: 0","17748","3","6","2","08","11","6","0","0","0","1","0","0"
"POINT (8.689907366000057 50.157586723000065)","Unfall 17749 (2019) Kat:3, Licht: 0","17749","3","6","5","09","14","2","0","0","0","1","0","1"
"POINT (8.739343657000063 50.122046978000071)","Unfall 17773 (2019) Kat:3, Licht: 2","17773","3","6","2","09","22","5","1","2","0","1","0","0"
"POINT (8.729935723000040 50.118111075000058)","Unfall 17788 (2019) Kat:2, Licht: 2","17788","2","3","4","09","05","6","0","2","1","0","0","0"
"POINT (8.578486320000025 50.054934728000035)","Unfall 17831 (2019) Kat:3, Licht: 2","17831","3","6","3","09","19","1","0","2","0","1","0","0"
"POINT (8.647053725000035 50.113646917000040)","Unfall 17834 (2019) Kat:3, Licht: 0","17834","3","7","6","09","13","1","0","0","0","0","1","0"
"POINT (8.540678457000070 50.118164838000041)","Unfall 17838 (2019) Kat:3, Licht: 0","17838","3","6","2","09","18","6","0","0","0","1","0","0"
"POINT (8.654141924000044 50.076463164000074)","Unfall 17840 (2019) Kat:3, Licht: 0","17840","3","6","2","09","12","1","0","0","0","1","0","0"
"POINT (8.691644269000051 50.086115017000054)","Unfall 17842 (2019) Kat:3, Licht: 2","17842","3","1","8","09","04","1","0","2","0","1","0","0"
"POINT (8.652978470000051 50.106404843000064)","Unfall 17847 (2019) Kat:3, Licht: 0","17847","3","1","0","09","15","1","0","0","0","0","0","1"
"POINT (8.642475897000054 50.102866612000071)","Unfall 17872 (2019) Kat:3, Licht: 0","17872","3","3","6","09","07","4","1","0","1","0","1","0"
"POINT (8.608692553000026 50.062337605000039)","Unfall 17876 (2019) Kat:3, Licht: 0","17876","3","6","3","09","08","4","0","0","0","1","0","0"
"POINT (8.679439127000023 50.158720658000050)","Unfall 17886 (2019) Kat:3, Licht: 0","17886","3","6","2","09","16","4","0","0","0","1","0","0"
"POINT (8.697463231000029 50.137722978000056)","Unfall 17930 (2019) Kat:2, Licht: 0","17930","2","2","3","09","12","3","0","0","1","1","0","0"
"POINT (8.661055274000034 50.109357476000071)","Unfall 17931 (2019) Kat:3, Licht: 0","17931","3","6","2","09","17","5","0","0","0","1","0","0"
"POINT (8.629052720000061 50.129449093000062)","Unfall 17932 (2019) Kat:3, Licht: 0","17932","3","2","0","09","13","7","1","0","0","1","0","0"
"POINT (8.692402374000039 50.143583471000056)","Unfall 17933 (2019) Kat:3, Licht: 2","17933","3","6","2","09","04","7","0","2","0","1","0","0"
"POINT (8.733867823000026 50.119767684000067)","Unfall 17937 (2019) Kat:3, Licht: 0","17937","3","2","5","09","13","2","1","0","1","1","0","0"
"POINT (8.645626925000045 50.136518512000066)","Unfall 17938 (2019) Kat:3, Licht: 0","17938","3","6","3","09","15","4","0","0","0","1","0","0"
"POINT (8.745054549000031 50.124358417000053)","Unfall 17975 (2019) Kat:2, Licht: 2","17975","2","1","8","09","02","6","1","2","0","1","0","0"
"POINT (8.646241700000076 50.058364458000028)","Unfall 17980 (2019) Kat:3, Licht: 0","17980","3","1","9","09","15","2","1","0","0","1","0","0"
"POINT (8.589956977000043 50.132759284000031)","Unfall 17984 (2019) Kat:3, Licht: 0","17984","3","6","2","09","14","6","0","0","0","1","0","0"
"POINT (8.680732648000060 50.165628585000036)","Unfall 17988 (2019) Kat:3, Licht: 0","17988","3","5","1","09","13","7","0","0","1","1","0","0"
"POINT (8.666429778000065 50.147971816000052)","Unfall 18026 (2019) Kat:3, Licht: 0","18026","3","2","3","09","11","4","0","0","0","1","0","0"
"POINT (8.601705513000070 50.110659122000072)","Unfall 18027 (2019) Kat:3, Licht: 0","18027","3","6","3","09","16","7","0","0","0","1","0","0"
"POINT (8.620368834000033 50.115366159000075)","Unfall 18030 (2019) Kat:3, Licht: 2","18030","3","6","3","09","21","4","0","2","0","1","0","0"
"POINT (8.647145263000027 50.056730564000077)","Unfall 18052 (2019) Kat:3, Licht: 0","18052","3","3","5","09","12","7","0","0","0","1","0","1"
"POINT (8.731364203000055 50.119138170000042)","Unfall 18054 (2019) Kat:3, Licht: 0","18054","3","6","2","09","16","3","0","0","0","1","0","0"
"POINT (8.562012240000058 50.049424523000027)","Unfall 18062 (2019) Kat:3, Licht: 0","18062","3","4","6","09","07","6","0","0","0","1","1","0"
"POINT (8.627963540000053 50.116193482000028)","Unfall 18072 (2019) Kat:3, Licht: 0","18072","3","3","5","09","16","5","0","0","0","1","0","0"
"POINT (8.522067385000071 50.111893830000042)","Unfall 18073 (2019) Kat:3, Licht: 2","18073","3","2","5","09","04","6","1","2","0","1","0","0"
"POINT (8.666432705000034 50.101378332000081)","Unfall 18076 (2019) Kat:3, Licht: 0","18076","3","6","3","09","07","6","0","0","1","0","0","0"
"POINT (8.681199425000045 50.111610524000071)","Unfall 18078 (2019) Kat:3, Licht: 0","18078","3","6","2","09","08","7","0","0","0","1","0","1"
"POINT (8.721521010000060 50.114740216000030)","Unfall 18083 (2019) Kat:3, Licht: 0","18083","3","6","2","09","15","4","0","0","0","1","0","0"
"POINT (8.730570296000053 50.118544777000068)","Unfall 18087 (2019) Kat:3, Licht: 0","18087","3","3","5","09","17","6","0","0","0","1","0","0"
"POINT (8.655760275000034 50.107504356000049)","Unfall 18116 (2019) Kat:3, Licht: 0","18116","3","6","3","09","11","6","1","0","1","0","0","0"
"POINT (8.599661936000075 50.043664513000067)","Unfall 18127 (2019) Kat:3, Licht: 2","18127","3","6","3","09","20","1","0","2","0","1","0","0"
"POINT (8.570467996000048 50.089330263000079)","Unfall 18139 (2019) Kat:2, Licht: 0","18139","2","1","8","09","17","4","0","0","0","1","0","0"
"POINT (8.616540298000075 50.181627089000074)","Unfall 18168 (2019) Kat:2, Licht: 0","18168","2","6","2","09","15","5","0","0","0","1","0","0"
"POINT (8.724046431000033 50.159568939000053)","Unfall 18171 (2019) Kat:3, Licht: 0","18171","3","6","2","09","06","4","1","0","0","1","0","0"
"POINT (8.540859287000046 50.098791631000040)","Unfall 18173 (2019) Kat:2, Licht: 0","18173","2","4","6","09","18","5","0","0","0","1","1","0"
"POINT (8.602795943000047 50.108986391000030)","Unfall 18175 (2019) Kat:3, Licht: 0","18175","3","6","2","09","08","4","0","0","0","1","0","0"
"POINT (8.649752840000076 50.113421606000031)","Unfall 18176 (2019) Kat:3, Licht: 2","18176","3","7","7","09","03","5","0","2","0","0","0","0"
"POINT (8.665606301000025 50.093268084000044)","Unfall 18178 (2019) Kat:3, Licht: 2","18178","3","7","9","09","05","5","0","2","0","1","0","0"
"POINT (8.717522137000060 50.099723822000044)","Unfall 18180 (2019) Kat:3, Licht: 2","18180","3","2","0","09","06","1","0","2","0","1","0","1"
"POINT (8.749808898000026 50.121614599000054)","Unfall 18181 (2019) Kat:3, Licht: 0","18181","3","2","4","09","14","5","0","0","0","1","0","0"
"POINT (8.657335279000051 50.111245669000027)","Unfall 18185 (2019) Kat:3, Licht: 0","18185","3","6","3","09","11","5","0","0","0","1","0","0"
"POINT (8.602042586000039 50.110367639000060)","Unfall 18194 (2019) Kat:3, Licht: 0","18194","3","6","2","09","18","4","0","0","0","1","0","0"
"POINT (8.659896464000042 50.109178117000056)","Unfall 18215 (2019) Kat:3, Licht: 0","18215","3","6","3","09","16","5","0","0","1","1","0","0"
"POINT (8.656229783000072 50.111295312000038)","Unfall 18228 (2019) Kat:3, Licht: 0","18228","3","6","1","09","17","6","0","0","0","1","0","0"
"POINT (8.658745032000070 50.146395852000069)","Unfall 18231 (2019) Kat:3, Licht: 0","18231","3","6","2","09","11","7","0","0","0","1","0","0"
"POINT (8.645936722000045 50.119519554000078)","Unfall 18232 (2019) Kat:3, Licht: 0","18232","3","7","6","09","15","7","0","0","1","0","1","0"
"POINT (8.662559085000055 50.090735995000045)","Unfall 18236 (2019) Kat:3, Licht: 0","18236","3","6","2","09","18","2","0","0","0","1","0","0"