WKT,Name,OBJECTID,UKATEGORIE,UTYP1,UART,UMONAT,USTUNDE,UWOCHENTAG,STRZUSTAND,ULICHTVERH,ISTRAD,ISTPKW,ISTFUSS,ISTKRAD
"POINT (8.655057993000071 50.112614727000050)","Unfall 18237 (2019) Kat:3, Licht: 0","18237","3","2","5","09","08","4","0","0","1","1","0","0"
"POINT (8.539134453000031 50.111896619000049)","Unfall 18292 (2019) Kat:3, Licht: 2","18292","3","3","5","09","22","4","0","2","0","1","0","0"
"POINT (8.482708146000050 50.094228759000032)","Unfall 18297 (2019) Kat:3, Licht: 0","18297","3","6","4","09","12","4","0","0","0","1","0","0"
"POINT (8.628969225000049 50.115388623000058)","Unfall 18301 (2019) Kat:3, Licht: 0","18301","3","3","5","09","08","4","0","0","1","1","0","0"
"POINT (8.560586749000038 50.049055213000031)","Unfall 18315 (2019) Kat:3, Licht: 0","18315","3","6","2","09","13","6","0","0","0","0","0","1"
"POINT (8.741858464000075 50.134588041000029)","Unfall 18322 (2019) Kat:3, Licht: 0","18322","3","2","3","09","12","7","1","0","0","1","0","0"
"POINT (8.605841459000033 50.057005898000057)","Unfall 18329 (2019) Kat:3, Licht: 0","18329","3","6","2","09","08","4","0","0","0","1","0","0"
"POINT (8.598826573000054 50.133455368000057)","Unfall 18366 (2019) Kat:3, Licht: 0","18366","3","6","2","09","08","4","0","0","0","1","0","0"
"POINT (8.521184516000062 50.111011337000036)","Unfall 18368 (2019) Kat:2, Licht: 0","18368","2","6","3","09","11","4","0","0","0","1","0","0"
"POINT (8.558023528000035 50.048435976000064)","Unfall 18371 (2019) Kat:3, Licht: 0","18371","3","6","2","09","15","3","0","0","0","1","0","0"
"POINT (8.707194229000038 50.120765309000035)","Unfall 18377 (2019) Kat:3, Licht: 0","18377","3","2","3","09","15","7","0","0","0","1","0","0"
"POINT (8.687962578000054 50.107194576000040)","Unfall 18383 (2019) Kat:3, Licht: 0","18383","3","7","2","09","16","4","0","0","1","0","0","0"
"POINT (8.702206614000033 50.203215566000040)","Unfall 18387 (2019) Kat:3, Licht: 0","18387","3","2","2","09","08","6","0","0","0","0","0","1"
"POINT (8.537750558000028 50.113129762000028)","Unfall 18391 (2019) Kat:3, Licht: 0","18391","3","3","5","09","19","3","0","0","1","1","0","0"
"POINT (8.621294814000066 50.100836624000067)","Unfall 18393 (2019) Kat:3, Licht: 2","18393","3","6","3","09","23","3","0","2","0","1","0","0"
"POINT (8.723507327000050 50.123024062000070)","Unfall 18396 (2019) Kat:3, Licht: 0","18396","3","6","2","09","13","3","0","0","0","1","0","1"
"POINT (8.651815174000035 50.105944966000038)","Unfall 18399 (2019) Kat:3, Licht: 0","18399","3","2","5","09","09","3","0","0","1","1","0","0"
"POINT (8.629223955000043 50.115353461000041)","Unfall 18419 (2019) Kat:3, Licht: 1","18419","3","3","5","09","20","2","1","1","0","1","0","0"
"POINT (8.647024809000072 50.113649331000033)","Unfall 18423 (2019) Kat:3, Licht: 0","18423","3","7","6","09","12","2","0","0","0","0","1","0"
"POINT (8.698221100000069 50.138977479000062)","Unfall 18426 (2019) Kat:3, Licht: 2","18426","3","2","5","09","20","6","0","2","0","1","0","0"
"POINT (8.660742922000054 50.153401897000037)","Unfall 18432 (2019) Kat:3, Licht: 2","18432","3","1","0","09","22","2","1","2","0","0","0","0"
"POINT (8.601064927000039 50.046473981000076)","Unfall 18477 (2019) Kat:3, Licht: 2","18477","3","6","3","09","05","3","0","2","0","1","0","0"
"POINT (8.703238551000027 50.143833539000070)","Unfall 18479 (2019) Kat:3, Licht: 0","18479","3","3","5","09","18","5","0","0","0","1","0","1"
"POINT (8.611720081000044 50.099398132000033)","Unfall 18481 (2019) Kat:3, Licht: 0","18481","3","6","2","09","17","3","0","0","0","1","0","0"
"POINT (8.650722632000054 50.088470828000027)","Unfall 18482 (2019) Kat:2, Licht: 0","18482","2","7","4","09","10","4","1","0","0","1","0","1"
"POINT (8.601017178000063 50.111103680000042)","Unfall 18483 (2019) Kat:3, Licht: 0","18483","3","6","2","09","11","7","0","0","0","1","0","0"
"POINT (8.555261552000047 50.123443032000068)","Unfall 18484 (2019) Kat:3, Licht: 0","18484","3","1","0","09","17","3","0","0","0","0","0","1"
"POINT (8.698413267000035 50.140002931000026)","Unfall 18485 (2019) Kat:3, Licht: 0","18485","3","6","2","09","11","2","0","0","0","1","0","0"
"POINT (8.610537684000065 50.065429473000052)","Unfall 18487 (2019) Kat:3, Licht: 0","18487","3","6","2","09","09","4","0","0","0","1","0","0"
"POINT (8.559905933000039 50.101726760000076)","Unfall 18498 (2019) Kat:3, Licht: 0","18498","3","3","0","09","11","7","1","0","0","1","0","1"
"POINT (8.665690200000029 50.198607026000047)","Unfall 18499 (2019) Kat:3, Licht: 0","18499","3","2","2","09","13","7","0","0","0","1","0","1"
"POINT (8.743481893000023 50.123926045000076)","Unfall 18501 (2019) Kat:3, Licht: 0","18501","3","6","2","09","15","2","0","0","0","1","0","0"
"POINT (8.612562112000035 50.182602770000074)","Unfall 18505 (2019) Kat:2, Licht: 0","18505","2","6","3","09","17","4","0","0","0","1","0","1"
"POINT (8.666054594000059 50.147998124000026)","Unfall 18507 (2019) Kat:3, Licht: 2","18507","3","3","5","10","20","3","1","2","0","1","0","0"
"POINT (8.734944988000052 50.100368981000031)","Unfall 18508 (2019) Kat:3, Licht: 0","18508","3","3","5","10","17","3","1","0","1","1","0","0"
"POINT (8.656942309000044 50.107971627000040)","Unfall 18510 (2019) Kat:3, Licht: 2","18510","3","4","6","10","23","3","1","2","0","1","1","0"
"POINT (8.665089401000046 50.105522929000074)","Unfall 18514 (2019) Kat:3, Licht: 0","18514","3","6","2","10","12","3","1","0","0","1","0","0"
"POINT (8.592083702000025 50.100064878000069)","Unfall 18553 (2019) Kat:2, Licht: 0","18553","2","7","3","10","16","6","0","0","0","1","0","0"
"POINT (8.638300728000047 50.197087345000057)","Unfall 18558 (2019) Kat:3, Licht: 1","18558","3","6","3","10","07","5","0","1","0","1","0","0"
"POINT (8.631614146000061 50.193239580000068)","Unfall 18572 (2019) Kat:3, Licht: 0","18572","3","6","2","10","15","6","1","0","0","1","0","0"
"POINT (8.706432463000056 50.127415392000046)","Unfall 18588 (2019) Kat:3, Licht: 2","18588","3","2","5","10","19","4","1","2","1","1","0","0"
"POINT (8.539075949000051 50.111948753000036)","Unfall 18601 (2019) Kat:3, Licht: 0","18601","3","2","5","10","11","2","0","0","1","1","0","0"
"POINT (8.582329230000028 50.123889209000026)","Unfall 18607 (2019) Kat:3, Licht: 1","18607","3","6","2","10","07","3","0","1","0","1","0","0"
"POINT (8.600583125000071 50.046110996000039)","Unfall 18608 (2019) Kat:3, Licht: 0","18608","3","6","2","10","17","3","1","0","0","1","0","0"
"POINT (8.609110004000058 50.142780963000064)","Unfall 18609 (2019) Kat:3, Licht: 0","18609","3","6","2","10","17","2","0","0","0","1","0","1"
"POINT (8.655633750000050 50.112266350000027)","Unfall 18611 (2019) Kat:3, Licht: 0","18611","3","6","2","10","07","2","0","0","0","1","0","1"
"POINT (8.597551644000021 50.116223637000076)","Unfall 18612 (2019) Kat:3, Licht: 2","18612","3","1","9","10","22","3","1","2","0","0","0","0"
"POINT (8.486598355000069 50.084072471000070)","Unfall 18613 (2019) Kat:2, Licht: 2","18613","2","1","9","10","05","3","1","2","0","0","0","0"
"POINT (8.602514649000057 50.108959419000030)","Unfall 18615 (2019) Kat:2, Licht: 2","18615","2","1","8","10","22","3","1","2","0","1","0","0"
"POINT (8.682693786000073 50.104412296000078)","Unfall 18616 (2019) Kat:3, Licht: 1","18616","3","5","1","10","18","2","0","1","1","1","0","0"
"POINT (8.739897843000051 50.122253606000072)","Unfall 18620 (2019) Kat:3, Licht: 2","18620","3","4","6","10","19","2","0","2","0","1","1","0"
"POINT (8.545423294000045 50.106292106000069)","Unfall 18648 (2019) Kat:2, Licht: 0","18648","2","3","5","10","13","2","0","0","0","1","0","0"
"POINT (8.674827541000070 50.170824504000052)","Unfall 18649 (2019) Kat:3, Licht: 0","18649","3","2","0","10","10","2","0","0","1","1","0","0"
"POINT (8.691034262000073 50.093321559000060)","Unfall 18653 (2019) Kat:3, Licht: 0","18653","3","3","5","10","09","3","0","0","0","1","0","0"
"POINT (8.640836618000037 50.198346170000036)","Unfall 18709 (2019) Kat:3, Licht: 0","18709","3","6","2","10","07","2","0","0","0","1","0","0"
"POINT (8.645856351000020 50.200369869000042)","Unfall 18713 (2019) Kat:3, Licht: 0","18713","3","6","2","10","06","2","0","0","0","1","0","0"
"POINT (8.602809824000076 50.108506132000059)","Unfall 18717 (2019) Kat:2, Licht: 0","18717","2","6","3","10","19","2","0","0","0","1","0","0"
"POINT (8.709412266000072 50.114875513000072)","Unfall 18718 (2019) Kat:3, Licht: 0","18718","3","1","0","10","08","5","0","0","1","1","0","0"
"POINT (8.553017277000038 50.122471702000041)","Unfall 18719 (2019) Kat:2, Licht: 0","18719","2","6","2","10","17","2","0","0","0","1","0","0"
"POINT (8.595612046000042 50.114329466000072)","Unfall 18723 (2019) Kat:3, Licht: 0","18723","3","6","3","10","08","2","0","0","0","1","0","0"
"POINT (8.657040404000043 50.110937502000070)","Unfall 18729 (2019) Kat:3, Licht: 2","18729","3","6","2","10","21","1","1","2","0","1","0","0"
"POINT (8.554446599000073 50.113085031000026)","Unfall 18740 (2019) Kat:3, Licht: 0","18740","3","2","5","10","16","1","0","0","1","1","0","0"
"POINT (8.690474312000049 50.113507937000065)","Unfall 18745 (2019) Kat:3, Licht: 0","18745","3","7","6","10","16","1","0","0","0","1","1","0"
"POINT (8.594959336000045 50.114661469000055)","Unfall 18770 (2019) Kat:3, Licht: 0","18770","3","1","9","10","12","1","1","0","0","1","0","0"
"POINT (8.646515320000049 50.084541825000031)","Unfall 18772 (2019) Kat:3, Licht: 0","18772","3","6","2","10","17","6","0","0","0","1","0","0"
"POINT (8.613237426000069 50.070834822000052)","Unfall 18774 (2019) Kat:3, Licht: 0","18774","3","6","2","10","09","4","0","0","0","1","0","0"
"POINT (8.650132409000037 50.113389944000062)","Unfall 18786 (2019) Kat:3, Licht: 1","18786","3","2","3","10","07","4","0","1","1","0","0","0"
"POINT (8.551728763000028 50.104774357000053)","Unfall 18831 (2019) Kat:3, Licht: 0","18831","3","1","0","10","08","3","0","0","1","0","0","0"
"POINT (8.622455980000041 50.100949012000058)","Unfall 18843 (2019) Kat:3, Licht: 0","18843","3","4","6","10","15","5","0","0","0","1","1","0"
"POINT (8.559994596000024 50.101618618000032)","Unfall 18864 (2019) Kat:2, Licht: 2","18864","2","4","6","10","21","7","1","2","0","1","1","0"
"POINT (8.540389652000044 50.099527656000078)","Unfall 18867 (2019) Kat:2, Licht: 0","18867","2","3","5","10","10","7","0","0","0","1","0","0"
"POINT (8.701511556000071 50.123135537000053)","Unfall 18870 (2019) Kat:3, Licht: 0","18870","3","4","6","10","11","3","0","0","0","0","1","0"
"POINT (8.635560607000059 50.195484003000047)","Unfall 18913 (2019) Kat:3, Licht: 2","18913","3","6","2","10","18","6","1","2","0","1","0","0"
"POINT (8.642591460000062 50.057119937000039)","Unfall 18915 (2019) Kat:3, Licht: 0","18915","3","6","2","10","14","6","0","0","0","1","0","0"
"POINT (8.578811813000073 50.053799345000073)","Unfall 18916 (2019) Kat:3, Licht: 2","18916","3","1","8","10","19","6","1","2","0","1","0","0"
"POINT (8.662039732000039 50.102850859000057)","Unfall 18927 (2019) Kat:3, Licht: 0","18927","3","6","3","10","14","7","0","0","1","1","0","0"
"POINT (8.653246820000049 50.073637428000040)","Unfall 18930 (2019) Kat:3, Licht: 0","18930","3","6","2","10","17","4","1","0","0","1","0","0"
"POINT (8.665292854000029 50.147898424000061)","Unfall 18946 (2019) Kat:3, Licht: 0","18946","3","5","1","10","11","6","0","0","1","1","0","0"
"POINT (8.688061402000074 50.099107866000054)","Unfall 18947 (2019) Kat:3, Licht: 0","18947","3","6","3","10","08","4","0","0","0","1","0","0"
"POINT (8.669274759000075 50.131601599000078)","Unfall 18950 (2019) Kat:3, Licht: 0","18950","3","5","1","10","14","6","0","0","1","0","0","0"
"POINT (8.691234763000068 50.099517386000059)","Unfall 18996 (2019) Kat:3, Licht: 0","18996","3","6","2","10","14","3","0","0","0","1","0","0"
"POINT (8.670449371000075 50.097314520000054)","Unfall 19004 (2019) Kat:3, Licht: 0","19004","3","6","2","10","12","4","0","0","0","1","0","0"
"POINT (8.618829126000037 50.149528125000074)","Unfall 19021 (2019) Kat:3, Licht: 0","19021","3","2","5","10","18","5","0","0","1","1","0","0"
"POINT (8.639312061000055 50.161682723000069)","Unfall 19025 (2019) Kat:3, Licht: 2","19025","3","2","6","10","05","5","1","2","0","1","1","0"
"POINT (8.655696625000076 50.107479196000043)","Unfall 19029 (2019) Kat:3, Licht: 0","19029","3","2","5","10","16","5","0","0","1","1","0","0"
"POINT (8.758343077000063 50.118108586000062)","Unfall 19032 (2019) Kat:3, Licht: 1","19032","3","2","3","10","18","5","0","1","1","1","0","0"
"POINT (8.682579657000076 50.131938783000066)","Unfall 19034 (2019) Kat:3, Licht: 0","19034","3","3","5","10","08","5","1","0","1","1","0","0"
"POINT (8.733744489000060 50.119712734000075)","Unfall 19060 (2019) Kat:3, Licht: 0","19060","3","2","3","10","12","5","0","0","1","1","0","0"
"POINT (8.737409870000022 50.121261096000069)","Unfall 19097 (2019) Kat:3, Licht: 0","19097","3","3","3","10","09","4","0","0","1","1","0","0"
"POINT (8.724868496000056 50.125970327000061)","Unfall 19102 (2019) Kat:3, Licht: 0","19102","3","7","2","10","13","5","1","0","0","1","0","0"
"POINT (8.584020938000037 50.135370611000042)","Unfall 19111 (2019) Kat:3, Licht: 0","19111","3","6","2","10","13","6","1","0","0","1","0","0"
"POINT (8.640816798000060 50.198334607000049)","Unfall 19113 (2019) Kat:3, Licht: 2","19113","3","6","2","10","19","4","1","2","0","1","0","0"
"POINT (8.610114812000063 50.064582808000068)","Unfall 19115 (2019) Kat:3, Licht: 0","19115","3","6","2","10","08","3","0","0","0","1","0","0"
"POINT (8.595255077000047 50.134344902000066)","Unfall 19119 (2019) Kat:2, Licht: 0","19119","2","6","2","10","08","5","1","0","0","1","0","0"
"POINT (8.738236474000075 50.160885208000082)","Unfall 19122 (2019) Kat:3, Licht: 0","19122","3","2","2","10","10","2","0","0","0","1","0","0"
"POINT (8.614397447000044 50.177260189000037)","Unfall 19124 (2019) Kat:3, Licht: 0","19124","3","6","2","10","12","5","0","0","0","1","0","0"
"POINT (8.748576772000035 50.146240257000045)","Unfall 19159 (2019) Kat:3, Licht: 2","19159","3","1","9","10","19","3","1","2","0","1","0","0"
"POINT (8.642957343000035 50.199463089000062)","Unfall 19169 (2019) Kat:3, Licht: 0","19169","3","6","2","10","15","3","0","0","0","1","0","0"
"POINT (8.656486196000060 50.190182859000060)","Unfall 19176 (2019) Kat:3, Licht: 0","19176","3","6","3","10","15","3","0","0","0","1","0","0"
"POINT (8.688087523000036 50.130565726000043)","Unfall 19184 (2019) Kat:2, Licht: 1","19184","2","4","6","10","07","2","0","1","0","1","1","0"
"POINT (8.510616296000023 50.081773814000030)","Unfall 19186 (2019) Kat:3, Licht: 1","19186","3","1","0","10","07","4","1","1","0","0","0","1"
"POINT (8.519901520000076 50.112728431000050)","Unfall 19188 (2019) Kat:2, Licht: 1","19188","2","3","5","10","18","5","1","1","1","1","0","0"
"POINT (8.686226588000068 50.155346068000028)","Unfall 19189 (2019) Kat:2, Licht: 0","19189","2","3","5","10","15","4","1","0","0","1","0","0"
"POINT (8.688611225000045 50.062158081000064)","Unfall 19193 (2019) Kat:3, Licht: 0","19193","3","3","5","10","15","4","1","0","0","1","0","0"
"POINT (8.676572972000031 50.132148591000032)","Unfall 19197 (2019) Kat:3, Licht: 0","19197","3","2","5","10","09","4","0","0","1","1","0","0"
"POINT (8.675502285000050 50.150278964000051)","Unfall 19198 (2019) Kat:3, Licht: 0","19198","3","1","4","09","16","2","0","0","0","1","0","0"
"POINT (8.684720044000073 50.137103407000041)","Unfall 19199 (2019) Kat:3, Licht: 0","19199","3","3","5","09","13","2","0","0","1","1","0","0"
"POINT (8.667823689000045 50.145610996000073)","Unfall 19205 (2019) Kat:3, Licht: 0","19205","3","7","0","09","12","2","0","0","1","0","1","0"
"POINT (8.762210494000044 50.114820557000030)","Unfall 19207 (2019) Kat:3, Licht: 0","19207","3","2","2","09","09","2","1","0","0","1","0","0"
"POINT (8.733578510000029 50.119631743000070)","Unfall 19216 (2019) Kat:3, Licht: 0","19216","3","6","2","10","07","3","0","0","0","1","0","0"
"POINT (8.582602084000030 50.132674196000039)","Unfall 19266 (2019) Kat:3, Licht: 0","19266","3","6","2","10","13","6","1","0","0","1","0","0"
"POINT (8.742011549000040 50.158584227000063)","Unfall 19272 (2019) Kat:3, Licht: 0","19272","3","1","0","09","08","2","1","0","0","0","0","1"
"POINT (8.763681857000051 50.160464363000074)","Unfall 19276 (2019) Kat:3, Licht: 0","19276","3","6","2","09","14","2","0","0","0","1","0","0"
"POINT (8.556065866000040 50.102464454000028)","Unfall 19281 (2019) Kat:3, Licht: 2","19281","3","1","1","10","23","3","1","2","0","1","0","0"
"POINT (8.726435369000058 50.143997304000038)","Unfall 19282 (2019) Kat:3, Licht: 0","19282","3","6","2","10","12","7","1","0","0","1","0","0"
"POINT (8.627232497000023 50.052732769000045)","Unfall 19286 (2019) Kat:3, Licht: 2","19286","3","1","9","09","00","2","1","2","0","1","0","0"
"POINT (8.639306954000062 50.197453686000074)","Unfall 19289 (2019) Kat:3, Licht: 0","19289","3","6","3","09","08","2","0","0","0","1","0","0"
"POINT (8.705072152000071 50.112984923000056)","Unfall 19291 (2019) Kat:3, Licht: 2","19291","3","1","0","10","02","6","1","2","0","0","0","0"
"POINT (8.692322938000075 50.143815588000052)","Unfall 19304 (2019) Kat:3, Licht: 1","19304","3","2","3","10","07","4","0","1","1","0","0","0"
"POINT (8.558509268000023 50.102152296000042)","Unfall 19310 (2019) Kat:3, Licht: 2","19310","3","3","5","10","06","3","0","2","0","1","0","0"
"POINT (8.530137360000026 50.114372587000048)","Unfall 19323 (2019) Kat:3, Licht: 2","19323","3","1","9","10","20","4","1","2","0","1","0","0"
"POINT (8.735719403000076 50.110678574000076)","Unfall 19327 (2019) Kat:3, Licht: 0","19327","3","6","2","10","14","4","1","0","0","1","0","0"
"POINT (8.618507817000022 50.084406678000050)","Unfall 19329 (2019) Kat:3, Licht: 2","19329","3","6","3","10","19","4","1","2","0","1","0","0"
"POINT (8.656786615000044 50.081362631000047)","Unfall 19353 (2019) Kat:3, Licht: 0","19353","3","6","2","10","09","3","0","0","0","1","0","0"
"POINT (8.591851419000022 50.134805435000033)","Unfall 19356 (2019) Kat:3, Licht: 2","19356","3","6","3","09","05","1","0","2","0","1","0","0"
"POINT (8.686240049000048 50.155288522000035)","Unfall 19366 (2019) Kat:2, Licht: 0","19366","2","3","5","10","13","5","0","0","0","1","0","0"
"POINT (8.686876913000049 50.130881009000063)","Unfall 19372 (2019) Kat:3, Licht: 1","19372","3","5","1","11","16","2","1","1","1","1","0","0"
"POINT (8.653779845000031 50.075319960000058)","Unfall 19380 (2019) Kat:3, Licht: 1","19380","3","6","2","11","17","4","0","1","0","1","0","0"
"POINT (8.716863446000048 50.139028788000076)","Unfall 19405 (2019) Kat:3, Licht: 2","19405","3","3","5","11","17","6","1","2","1","1","0","0"
"POINT (8.653297155000075 50.074290818000065)","Unfall 19425 (2019) Kat:3, Licht: 0","19425","3","6","2","10","10","4","0","0","0","1","0","0"
"POINT (8.725548154000023 50.116110032000051)","Unfall 19426 (2019) Kat:3, Licht: 0","19426","3","6","2","10","07","4","0","0","0","1","0","0"
"POINT (8.657593796000072 50.188358392000055)","Unfall 19427 (2019) Kat:3, Licht: 0","19427","3","6","2","11","07","5","0","0","0","1","0","0"
"POINT (8.536579016000076 50.116671341000028)","Unfall 19447 (2019) Kat:3, Licht: 2","19447","3","6","2","11","17","7","0","2","0","1","0","0"
"POINT (8.616375244000039 50.093263310000054)","Unfall 19458 (2019) Kat:3, Licht: 2","19458","3","1","8","11","04","2","1","2","0","1","0","0"
"POINT (8.641705067000032 50.198728889000051)","Unfall 19466 (2019) Kat:3, Licht: 0","19466","3","6","2","11","15","6","0","0","0","1","0","0"
"POINT (8.709847835000062 50.149638560000028)","Unfall 19467 (2019) Kat:3, Licht: 2","19467","3","3","5","10","17","5","1","2","1","1","0","0"
"POINT (8.610430336000036 50.052846958000032)","Unfall 19470 (2019) Kat:3, Licht: 2","19470","3","6","2","11","06","5","0","2","0","1","0","0"
"POINT (8.732006997000042 50.100403327000038)","Unfall 19477 (2019) Kat:3, Licht: 2","19477","3","7","0","11","05","5","0","2","1","0","0","0"
"POINT (8.659555868000041 50.207523796000032)","Unfall 19482 (2019) Kat:3, Licht: 0","19482","3","2","0","11","14","6","1","0","0","0","0","1"
"POINT (8.743829401000028 50.157553001000053)","Unfall 19484 (2019) Kat:3, Licht: 0","19484","3","6","2","11","14","7","0","0","0","1","0","0"
"POINT (8.694147691000069 50.109286135000048)","Unfall 19492 (2019) Kat:2, Licht: 0","19492","2","3","5","11","14","6","0","0","1","1","0","0"
"POINT (8.735519989000068 50.110937672000034)","Unfall 19495 (2019) Kat:3, Licht: 2","19495","3","6","2","11","17","3","0","2","0","1","0","0"
"POINT (8.654340767000065 50.144714072000056)","Unfall 19500 (2019) Kat:2, Licht: 1","19500","2","3","5","11","16","3","1","1","0","1","0","1"
"POINT (8.694858114000056 50.131669287000079)","Unfall 19509 (2019) Kat:3, Licht: 2","19509","3","5","1","11","21","5","1","2","1","1","0","0"
"POINT (8.655759211000031 50.107503936000057)","Unfall 19516 (2019) Kat:3, Licht: 0","19516","3","3","5","10","14","5","0","0","0","1","0","0"
"POINT (8.672065423000049 50.098726406000026)","Unfall 19519 (2019) Kat:3, Licht: 0","19519","3","6","2","11","08","4","0","0","0","1","0","0"
"POINT (8.555569552000065 50.102310032000048)","Unfall 19525 (2019) Kat:3, Licht: 2","19525","3","3","5","11","06","4","1","2","1","1","0","0"
"POINT (8.590563044000021 50.128736309000033)","Unfall 19532 (2019) Kat:3, Licht: 0","19532","3","6","2","11","11","1","1","0","0","1","0","0"
"POINT (8.608998290000045 50.142899601000067)","Unfall 19538 (2019) Kat:2, Licht: 1","19538","2","4","6","11","07","4","1","1","0","1","1","0"
"POINT (8.712021290000052 50.063386319000074)","Unfall 19541 (2019) Kat:3, Licht: 0","19541","3","6","2","11","10","3","1","0","0","1","0","0"
"POINT (8.583781833000046 50.053908386000046)","Unfall 19553 (2019) Kat:3, Licht: 2","19553","3","3","5","10","22","4","0","2","0","1","0","0"
"POINT (8.590059736000058 50.133127956000067)","Unfall 19557 (2019) Kat:3, Licht: 1","19557","3","6","2","10","18","4","0","1","0","1","0","0"
"POINT (8.667955900000038 50.145318806000034)","Unfall 19561 (2019) Kat:2, Licht: 0","19561","2","7","1","10","13","5","0","0","0","1","0","0"
"POINT (8.582942533000050 50.121074377000070)","Unfall 19562 (2019) Kat:3, Licht: 2","19562","3","6","2","10","17","4","0","2","0","1","0","0"
"POINT (8.483532603000072 50.096252516000050)","Unfall 19563 (2019) Kat:3, Licht: 0","19563","3","6","2","11","16","5","0","0","0","1","0","0"
"POINT (8.715474502000063 50.112564904000067)","Unfall 19573 (2019) Kat:3, Licht: 0","19573","3","2","2","11","07","7","1","0","0","1","0","0"
"POINT (8.604287139000064 50.100155834000077)","Unfall 19582 (2019) Kat:3, Licht: 2","19582","3","6","3","11","17","7","0","2","0","1","0","1"
"POINT (8.592206286000021 50.137720833000060)","Unfall 19593 (2019) Kat:3, Licht: 0","19593","3","6","2","11","08","6","0","0","0","1","0","0"
"POINT (8.666536229000030 50.195750379000060)","Unfall 19595 (2019) Kat:3, Licht: 2","19595","3","6","2","10","18","3","0","2","0","1","0","0"
"POINT (8.625924815000076 50.087779743000056)","Unfall 19599 (2019) Kat:2, Licht: 0","19599","2","6","2","10","08","3","0","0","0","1","0","1"
"POINT (8.717107733000034 50.123438959000055)","Unfall 19600 (2019) Kat:2, Licht: 1","19600","2","4","6","10","07","3","0","1","0","1","1","0"
"POINT (8.705148323000060 50.111758320000035)","Unfall 19612 (2019) Kat:3, Licht: 2","19612","3","7","0","11","21","6","1","2","1","1","0","0"
"POINT (8.749588792000054 50.145748492000052)","Unfall 19639 (2019) Kat:3, Licht: 2","19639","3","6","2","10","06","3","0","2","0","1","0","0"
"POINT (8.740690590000042 50.133079945000077)","Unfall 19641 (2019) Kat:2, Licht: 2","19641","2","4","0","11","17","6","0","2","0","0","1","0"
"POINT (8.617333671000040 50.172946904000071)","Unfall 19657 (2019) Kat:2, Licht: 0","19657","2","6","2","11","10","1","0","0","0","1","0","0"
"POINT (8.652251848000049 50.194626178000078)","Unfall 19661 (2019) Kat:3, Licht: 0","19661","3","6","2","11","16","5","0","0","0","1","0","0"
"POINT (8.721345485000029 50.064598054000044)","Unfall 19665 (2019) Kat:3, Licht: 2","19665","3","6","2","11","18","7","0","2","0","1","0","0"
"POINT (8.647197978000065 50.056777836000037)","Unfall 19667 (2019) Kat:3, Licht: 0","19667","3","6","2","11","09","2","0","0","0","1","0","0"
"POINT (8.554373664000025 50.047806763000040)","Unfall 19672 (2019) Kat:3, Licht: 0","19672","3","3","5","10","14","5","1","0","0","1","0","0"
"POINT (8.655321300000026 50.107330855000043)","Unfall 19682 (2019) Kat:3, Licht: 0","19682","3","6","3","10","12","2","0","0","0","1","0","1"
"POINT (8.715219289000061 50.112600278000059)","Unfall 19693 (2019) Kat:3, Licht: 2","19693","3","3","5","11","22","3","0","2","0","1","0","0"
"POINT (8.536192416000063 50.116530484000066)","Unfall 19696 (2019) Kat:3, Licht: 1","19696","3","6","2","11","16","5","0","1","0","1","0","0"
"POINT (8.647793801000034 50.061413573000038)","Unfall 19717 (2019) Kat:3, Licht: 1","19717","3","6","2","11","16","4","0","1","0","1","0","0"
"POINT (8.683458930000029 50.131762978000040)","Unfall 19724 (2019) Kat:3, Licht: 2","19724","3","6","2","11","06","4","1","2","0","1","0","0"
"POINT (8.607561071000021 50.100181322000026)","Unfall 19729 (2019) Kat:3, Licht: 0","19729","3","3","5","11","09","7","0","0","1","1","0","0"
"POINT (8.646437114000037 50.097345180000048)","Unfall 19736 (2019) Kat:3, Licht: 2","19736","3","5","1","11","19","2","1","2","0","1","0","1"
"POINT (8.670562850000067 50.148913653000079)","Unfall 19744 (2019) Kat:3, Licht: 0","19744","3","6","2","11","11","4","0","0","0","1","0","0"
"POINT (8.666542946000050 50.101284305000036)","Unfall 19748 (2019) Kat:3, Licht: 2","19748","3","6","2","11","18","5","0","2","0","1","0","0"
"POINT (8.591625486000055 50.137091598000040)","Unfall 19751 (2019) Kat:3, Licht: 1","19751","3","6","2","11","17","4","0","1","0","1","0","0"
"POINT (8.695172837000030 50.132860480000033)","Unfall 19753 (2019) Kat:2, Licht: 1","19753","2","2","3","11","07","6","0","1","1","0","0","0"
"POINT (8.730618219000064 50.118653428000073)","Unfall 19772 (2019) Kat:3, Licht: 0","19772","3","3","5","11","08","5","0","0","0","1","0","1"
"POINT (8.609498070000029 50.168395758000031)","Unfall 19779 (2019) Kat:3, Licht: 1","19779","3","1","8","11","06","2","1","1","0","1","0","0"
"POINT (8.666480439000054 50.147922082000036)","Unfall 19818 (2019) Kat:3, Licht: 0","19818","3","6","2","10","16","1","1","0","0","1","0","0"
"POINT (8.665058758000043 50.106167581000079)","Unfall 19821 (2019) Kat:2, Licht: 0","19821","2","2","5","10","12","1","1","0","0","0","0","1"
"POINT (8.567958307000026 50.098433454000030)","Unfall 19831 (2019) Kat:3, Licht: 2","19831","3","4","6","11","18","6","1","2","0","1","1","0"
"POINT (8.738614958000028 50.103597619000027)","Unfall 19841 (2019) Kat:3, Licht: 0","19841","3","6","2","11","07","3","0","0","0","1","0","0"
"POINT (8.604111640000042 50.159084517000053)","Unfall 19859 (2019) Kat:3, Licht: 0","19859","3","6","2","11","15","3","1","0","0","1","0","0"