WKT,Name,OBJECTID,UKATEGORIE,UTYP1,UART,UMONAT,USTUNDE,UWOCHENTAG,STRZUSTAND,ULICHTVERH,ISTRAD,ISTPKW,ISTFUSS,ISTKRAD
"POINT (8.551946027000042 50.110615852000080)","Unfall 19864 (2019) Kat:2, Licht: 2","19864","2","2","5","11","19","3","1","2","0","1","0","1"
"POINT (8.747364618000063 50.146832750000044)","Unfall 19893 (2019) Kat:3, Licht: 0","19893","3","7","0","10","13","1","1","0","0","0","0","1"
"POINT (8.589975772000059 50.132743952000055)","Unfall 19895 (2019) Kat:3, Licht: 0","19895","3","6","2","11","11","6","0","0","0","0","0","0"
"POINT (8.627294269000061 50.135140481000064)","Unfall 19899 (2019) Kat:3, Licht: 1","19899","3","6","2","11","17","5","1","1","0","1","0","0"
"POINT (8.683272952000039 50.107217458000036)","Unfall 19905 (2019) Kat:3, Licht: 0","19905","3","6","2","11","09","5","0","0","0","1","0","0"
"POINT (8.778186567000034 50.159404153000025)","Unfall 19918 (2019) Kat:3, Licht: 0","19918","3","2","2","11","10","3","1","0","0","1","0","0"
"POINT (8.691046824000068 50.112674116000051)","Unfall 19919 (2019) Kat:3, Licht: 2","19919","3","5","1","11","19","6","0","2","0","1","0","0"
"POINT (8.630529647000060 50.115798540000071)","Unfall 19924 (2019) Kat:3, Licht: 2","19924","3","3","5","11","23","2","1","2","1","1","0","0"
"POINT (8.718439818000036 50.064577350000036)","Unfall 19925 (2019) Kat:3, Licht: 0","19925","3","6","2","11","09","4","0","0","0","0","0","0"
"POINT (8.689856371000076 50.148383452000076)","Unfall 19926 (2019) Kat:3, Licht: 0","19926","3","4","6","10","14","5","0","0","0","1","1","0"
"POINT (8.701987278000047 50.100625111000056)","Unfall 19930 (2019) Kat:3, Licht: 2","19930","3","1","0","11","05","7","1","2","0","0","0","0"
"POINT (8.602651351000077 50.108749825000075)","Unfall 19952 (2019) Kat:3, Licht: 0","19952","3","1","3","11","11","7","1","0","0","1","0","0"
"POINT (8.519305241000041 50.110137376000068)","Unfall 19954 (2019) Kat:2, Licht: 0","19954","2","1","3","11","15","4","0","0","0","1","0","0"
"POINT (8.569370127000070 50.053543543000046)","Unfall 19965 (2019) Kat:3, Licht: 0","19965","3","6","2","11","07","3","1","0","0","1","0","0"
"POINT (8.636966751000045 50.156321775000038)","Unfall 19973 (2019) Kat:3, Licht: 0","19973","3","7","8","10","13","7","0","0","0","1","0","0"
"POINT (8.622382171000027 50.150671492000072)","Unfall 19974 (2019) Kat:3, Licht: 0","19974","3","6","2","10","11","7","0","0","0","1","0","0"
"POINT (8.668599442000073 50.099238031000027)","Unfall 19977 (2019) Kat:3, Licht: 2","19977","3","7","6","10","00","7","0","2","1","0","1","0"
"POINT (8.654486905000056 50.099822566000057)","Unfall 19984 (2019) Kat:3, Licht: 2","19984","3","7","3","10","21","7","0","2","0","1","0","0"
"POINT (8.645352696000032 50.103535032000082)","Unfall 19989 (2019) Kat:3, Licht: 0","19989","3","4","6","11","16","3","1","0","0","1","1","0"
"POINT (8.696487649000062 50.135757694000063)","Unfall 19998 (2019) Kat:3, Licht: 0","19998","3","7","3","11","13","7","0","0","0","1","0","0"
"POINT (8.539816848000044 50.109542879000060)","Unfall 20007 (2019) Kat:3, Licht: 0","20007","3","6","3","11","14","7","0","0","0","1","0","0"
"POINT (8.681081849000066 50.095162933000040)","Unfall 20013 (2019) Kat:3, Licht: 2","20013","3","3","5","11","18","4","0","2","1","1","0","0"
"POINT (8.558997392000038 50.051950799000053)","Unfall 20018 (2019) Kat:3, Licht: 2","20018","3","6","2","11","17","6","1","2","0","1","0","0"
"POINT (8.699249972000075 50.141169940000054)","Unfall 20037 (2019) Kat:3, Licht: 0","20037","3","6","2","11","16","6","1","0","0","1","0","0"
"POINT (8.635957752000024 50.123869802000058)","Unfall 20057 (2019) Kat:2, Licht: 2","20057","2","3","5","11","20","6","1","2","0","1","0","0"
"POINT (8.592128190000040 50.100065569000037)","Unfall 20065 (2019) Kat:3, Licht: 2","20065","3","3","5","11","18","2","1","2","0","1","0","0"
"POINT (8.578304938000031 50.125592905000076)","Unfall 20081 (2019) Kat:2, Licht: 2","20081","2","1","8","11","05","7","0","2","0","1","0","0"
"POINT (8.595238730000062 50.134349232000034)","Unfall 20090 (2019) Kat:3, Licht: 2","20090","3","6","2","11","17","7","0","2","0","1","0","0"
"POINT (8.560814611000069 50.052241005000042)","Unfall 20092 (2019) Kat:2, Licht: 1","20092","2","6","2","11","07","2","1","1","0","1","0","0"
"POINT (8.762117453000030 50.114762983000048)","Unfall 20098 (2019) Kat:2, Licht: 0","20098","2","3","0","10","08","6","0","0","1","1","0","0"
"POINT (8.728590469000039 50.121764009000060)","Unfall 20109 (2019) Kat:3, Licht: 0","20109","3","2","5","11","07","5","0","0","0","1","0","0"
"POINT (8.659767958000032 50.146606051000049)","Unfall 20114 (2019) Kat:3, Licht: 2","20114","3","6","2","11","19","6","0","2","0","1","0","0"
"POINT (8.559603750000065 50.052053380000075)","Unfall 20117 (2019) Kat:3, Licht: 0","20117","3","6","3","11","07","2","0","0","0","1","0","0"
"POINT (8.706454055000052 50.153094334000059)","Unfall 20121 (2019) Kat:3, Licht: 2","20121","3","6","2","11","19","5","0","2","0","1","0","0"
"POINT (8.629317222000054 50.115807672000074)","Unfall 20126 (2019) Kat:3, Licht: 2","20126","3","6","2","11","18","3","0","2","0","1","0","0"
"POINT (8.656208354000057 50.107681306000075)","Unfall 20131 (2019) Kat:2, Licht: 0","20131","2","4","6","11","16","3","1","0","0","0","1","0"
"POINT (8.730208388000051 50.118341828000041)","Unfall 20140 (2019) Kat:3, Licht: 0","20140","3","6","3","11","10","5","0","0","0","1","0","0"
"POINT (8.706050963000052 50.111382452000043)","Unfall 20150 (2019) Kat:3, Licht: 2","20150","3","3","5","11","18","4","0","2","1","1","0","0"
"POINT (8.675845703000050 50.132081978000031)","Unfall 20157 (2019) Kat:3, Licht: 0","20157","3","6","2","11","14","4","0","0","0","1","0","0"
"POINT (8.690876886000069 50.095236013000033)","Unfall 20162 (2019) Kat:3, Licht: 0","20162","3","6","2","11","09","2","0","0","0","1","0","0"
"POINT (8.668609668000045 50.143873607000046)","Unfall 20170 (2019) Kat:3, Licht: 2","20170","3","3","0","11","17","4","0","2","1","1","0","0"
"POINT (8.696367471000031 50.135528732000068)","Unfall 20190 (2019) Kat:2, Licht: 2","20190","2","4","6","11","18","1","1","2","0","1","1","0"
"POINT (8.607515462000038 50.087149427000043)","Unfall 20195 (2019) Kat:3, Licht: 0","20195","3","6","2","10","08","5","0","0","0","1","0","0"
"POINT (8.646685579000064 50.139074388000040)","Unfall 20199 (2019) Kat:3, Licht: 0","20199","3","7","0","11","16","5","0","0","1","1","0","0"
"POINT (8.636753596000062 50.133992614000078)","Unfall 20230 (2019) Kat:3, Licht: 2","20230","3","6","2","11","17","6","0","2","0","1","0","0"
"POINT (8.566823542000066 50.121799466000027)","Unfall 20262 (2019) Kat:3, Licht: 2","20262","3","6","2","11","23","6","1","2","1","0","0","0"
"POINT (8.595994150000024 50.118673803000036)","Unfall 20272 (2019) Kat:3, Licht: 2","20272","3","6","2","11","17","3","1","2","0","1","0","0"
"POINT (8.731293080000057 50.117959023000026)","Unfall 20286 (2019) Kat:3, Licht: 2","20286","3","6","2","11","22","5","0","2","0","1","0","0"
"POINT (8.670331044000022 50.131629946000032)","Unfall 20317 (2019) Kat:3, Licht: 0","20317","3","6","2","11","13","6","1","0","0","1","0","0"
"POINT (8.595952940000075 50.134160075000068)","Unfall 20329 (2019) Kat:3, Licht: 0","20329","3","6","2","11","15","6","1","0","0","1","0","0"
"POINT (8.609853656000041 50.064059914000040)","Unfall 20364 (2019) Kat:3, Licht: 2","20364","3","6","2","11","17","4","1","2","0","1","0","0"
"POINT (8.615224364000028 50.147954032000030)","Unfall 20376 (2019) Kat:3, Licht: 0","20376","3","6","2","11","15","7","0","0","0","1","0","0"
"POINT (8.611455065000030 50.052787578000050)","Unfall 20393 (2019) Kat:3, Licht: 2","20393","3","6","2","11","18","7","1","2","0","1","0","0"
"POINT (8.649698153000031 50.180204850000052)","Unfall 20395 (2019) Kat:2, Licht: 2","20395","2","6","2","11","17","4","1","2","0","1","0","0"
"POINT (8.666298378000022 50.101328948000059)","Unfall 20397 (2019) Kat:3, Licht: 2","20397","3","6","2","11","17","6","0","2","0","1","0","0"
"POINT (8.583036500000048 50.121215592000055)","Unfall 20405 (2019) Kat:3, Licht: 0","20405","3","6","3","10","15","5","0","0","0","1","0","0"
"POINT (8.724135618000048 50.133415245000037)","Unfall 20424 (2019) Kat:3, Licht: 2","20424","3","6","2","11","17","2","0","2","0","1","0","0"
"POINT (8.579311690000054 50.123562869000068)","Unfall 20431 (2019) Kat:3, Licht: 0","20431","3","2","5","11","14","3","0","0","0","1","0","0"
"POINT (8.575457571000072 50.129656370000077)","Unfall 20448 (2019) Kat:3, Licht: 2","20448","3","6","2","12","18","5","0","2","0","1","0","0"
"POINT (8.657249991000072 50.111299492000057)","Unfall 20452 (2019) Kat:3, Licht: 0","20452","3","3","5","12","12","1","0","0","0","1","0","0"
"POINT (8.653252832000021 50.181954254000061)","Unfall 20458 (2019) Kat:3, Licht: 2","20458","3","6","2","12","17","6","1","2","0","1","0","0"
"POINT (8.611333506000051 50.067624760000058)","Unfall 20470 (2019) Kat:3, Licht: 0","20470","3","3","3","11","10","7","0","0","0","1","0","0"
"POINT (8.585693879000075 50.123585323000043)","Unfall 20480 (2019) Kat:3, Licht: 0","20480","3","6","2","12","14","3","0","0","0","1","0","0"
"POINT (8.683903220000047 50.162853251000058)","Unfall 20489 (2019) Kat:3, Licht: 2","20489","3","2","5","12","07","6","0","2","0","1","0","0"
"POINT (8.637717282000040 50.155386287000056)","Unfall 20493 (2019) Kat:3, Licht: 2","20493","3","6","3","12","17","7","1","2","0","1","0","0"
"POINT (8.642139550000024 50.102835447000075)","Unfall 20510 (2019) Kat:3, Licht: 2","20510","3","6","2","11","17","6","0","2","0","1","0","0"
"POINT (8.590844273000073 50.087221686000078)","Unfall 20517 (2019) Kat:3, Licht: 1","20517","3","6","2","12","06","5","0","1","0","1","0","0"
"POINT (8.695275545000072 50.133151012000042)","Unfall 20524 (2019) Kat:2, Licht: 0","20524","2","2","3","12","10","2","1","0","1","0","0","0"
"POINT (8.666621868000050 50.101216991000058)","Unfall 20526 (2019) Kat:3, Licht: 0","20526","3","6","3","12","19","5","2","0","0","1","0","1"
"POINT (8.652491534000035 50.115628846000050)","Unfall 20549 (2019) Kat:3, Licht: 2","20549","3","3","5","12","17","4","1","2","0","1","0","0"
"POINT (8.694476403000067 50.101696474000050)","Unfall 20610 (2019) Kat:3, Licht: 2","20610","3","1","0","12","06","7","1","2","0","0","0","0"
"POINT (8.654055736000032 50.106830647000038)","Unfall 20611 (2019) Kat:3, Licht: 0","20611","3","6","3","12","14","2","0","0","1","1","1","0"
"POINT (8.640987876000054 50.198657676000039)","Unfall 20629 (2019) Kat:2, Licht: 0","20629","2","6","3","12","09","4","1","0","0","1","0","0"
"POINT (8.732425993000049 50.119318490000069)","Unfall 20658 (2019) Kat:3, Licht: 0","20658","3","6","2","12","15","5","0","0","0","1","0","0"
"POINT (8.619621578000022 50.086289250000050)","Unfall 20667 (2019) Kat:3, Licht: 2","20667","3","6","2","11","17","6","0","2","0","1","0","0"
"POINT (8.527994883000076 50.113341320000075)","Unfall 20675 (2019) Kat:3, Licht: 2","20675","3","6","2","11","18","6","0","2","0","1","0","0"
"POINT (8.547668636000026 50.120663174000072)","Unfall 20678 (2019) Kat:3, Licht: 2","20678","3","6","2","11","16","6","0","2","0","1","0","0"
"POINT (8.602184306000027 50.052491469000074)","Unfall 20681 (2019) Kat:3, Licht: 2","20681","3","6","3","12","17","5","0","2","0","1","0","0"
"POINT (8.740723374000027 50.094265043000064)","Unfall 20684 (2019) Kat:3, Licht: 2","20684","3","1","8","11","07","6","1","2","0","1","0","0"
"POINT (8.758422401000075 50.129337501000066)","Unfall 20710 (2019) Kat:2, Licht: 2","20710","2","6","2","12","18","6","1","2","0","1","0","0"
"POINT (8.692909807000035 50.129269283000042)","Unfall 20723 (2019) Kat:3, Licht: 0","20723","3","2","5","12","09","4","1","0","1","1","0","0"
"POINT (8.705341113000031 50.112966224000047)","Unfall 20745 (2019) Kat:3, Licht: 0","20745","3","6","2","12","12","2","1","0","0","1","0","0"
"POINT (8.730740834000073 50.118746815000065)","Unfall 20755 (2019) Kat:3, Licht: 0","20755","3","6","2","12","15","1","1","0","0","1","0","0"
"POINT (8.657276724000042 50.110833190000051)","Unfall 20756 (2019) Kat:3, Licht: 0","20756","3","4","6","11","13","5","0","0","0","1","1","0"
"POINT (8.541433592000033 50.109847910000042)","Unfall 20758 (2019) Kat:2, Licht: 2","20758","2","3","5","12","17","4","0","2","1","1","0","0"
"POINT (8.624498343000028 50.136110893000080)","Unfall 20763 (2019) Kat:3, Licht: 0","20763","3","6","3","11","12","5","0","0","1","1","0","0"
"POINT (8.653270281000062 50.073711502000037)","Unfall 20764 (2019) Kat:3, Licht: 0","20764","3","6","2","12","08","4","0","0","0","1","0","0"
"POINT (8.648252572000047 50.202853883000046)","Unfall 20767 (2019) Kat:3, Licht: 0","20767","3","6","2","12","15","2","0","0","0","1","0","0"
"POINT (8.694315835000054 50.109040826000069)","Unfall 20769 (2019) Kat:3, Licht: 2","20769","3","2","5","12","20","4","1","2","1","1","0","0"
"POINT (8.691261365000059 50.100529224000070)","Unfall 20770 (2019) Kat:3, Licht: 2","20770","3","6","2","12","20","4","1","2","0","1","0","0"
"POINT (8.671027130000027 50.107209766000040)","Unfall 20775 (2019) Kat:2, Licht: 0","20775","2","7","0","12","12","4","0","0","0","0","0","0"
"POINT (8.600191940000059 50.086773009000069)","Unfall 20779 (2019) Kat:3, Licht: 2","20779","3","6","2","12","19","7","1","2","0","1","0","0"
"POINT (8.624445442000024 50.140989756000067)","Unfall 20785 (2019) Kat:3, Licht: 0","20785","3","6","3","12","13","3","0","0","0","1","0","0"
"POINT (8.644072694000045 50.103150680000056)","Unfall 20786 (2019) Kat:3, Licht: 2","20786","3","4","6","12","06","4","0","2","0","0","1","0"
"POINT (8.681086654000069 50.095164587000056)","Unfall 20820 (2019) Kat:3, Licht: 2","20820","3","1","0","12","18","1","1","2","0","0","0","1"
"POINT (8.665683220000062 50.148352128000056)","Unfall 20828 (2019) Kat:3, Licht: 1","20828","3","3","5","12","07","5","1","1","1","1","0","0"
"POINT (8.682948838000073 50.159139857000071)","Unfall 20838 (2019) Kat:3, Licht: 0","20838","3","6","2","12","15","5","0","0","0","1","0","0"
"POINT (8.704841020000060 50.144017044000066)","Unfall 20839 (2019) Kat:3, Licht: 2","20839","3","6","2","12","19","6","1","2","0","1","0","0"
"POINT (8.718160156000067 50.064361208000037)","Unfall 20853 (2019) Kat:3, Licht: 2","20853","3","6","2","12","18","2","1","2","0","1","0","0"
"POINT (8.732019725000043 50.118710146000069)","Unfall 20859 (2019) Kat:3, Licht: 0","20859","3","6","2","12","15","2","1","0","0","1","0","0"
"POINT (8.530086990000029 50.114353631000029)","Unfall 20918 (2019) Kat:3, Licht: 0","20918","3","1","9","11","10","5","1","0","0","1","0","0"
"POINT (8.611175028000048 50.066705454000044)","Unfall 20921 (2019) Kat:3, Licht: 2","20921","3","6","2","11","16","5","1","2","0","1","0","0"
"POINT (8.636470269000029 50.196016298000075)","Unfall 20937 (2019) Kat:3, Licht: 0","20937","3","6","3","12","13","2","1","0","0","1","0","0"
"POINT (8.740835848000074 50.131887890000030)","Unfall 20952 (2019) Kat:2, Licht: 0","20952","2","2","5","12","15","4","0","0","1","0","0","0"
"POINT (8.751533892000055 50.144740873000046)","Unfall 20954 (2019) Kat:3, Licht: 2","20954","3","2","6","12","16","6","1","2","0","1","1","0"
"POINT (8.701592125000047 50.161829222000051)","Unfall 20976 (2019) Kat:3, Licht: 0","20976","3","1","8","12","14","3","1","0","0","1","0","0"
"POINT (8.674124249000045 50.100575343000060)","Unfall 20980 (2019) Kat:3, Licht: 2","20980","3","6","2","12","17","2","1","2","0","1","0","0"
"POINT (8.730875739000055 50.118205335000027)","Unfall 20997 (2019) Kat:3, Licht: 0","20997","3","6","3","12","14","6","1","0","0","0","0","1"
"POINT (8.590625495000040 50.116325789000030)","Unfall 21008 (2019) Kat:3, Licht: 0","21008","3","6","3","12","10","7","0","0","0","1","0","0"
"POINT (8.683612745000062 50.142091277000077)","Unfall 21054 (2019) Kat:1, Licht: 0","21054","1","2","3","12","13","3","1","0","1","0","0","0"
"POINT (8.675589136000042 50.068459608000069)","Unfall 21063 (2019) Kat:3, Licht: 0","21063","3","3","5","12","14","7","1","0","0","1","0","0"
"POINT (8.591573466000057 50.134602164000057)","Unfall 21075 (2019) Kat:3, Licht: 2","21075","3","6","2","12","18","2","0","2","0","1","0","0"
"POINT (8.605158770000060 50.114752713000030)","Unfall 21083 (2019) Kat:2, Licht: 2","21083","2","6","3","12","17","4","0","2","0","1","0","0"
"POINT (8.725449127000047 50.115954393000038)","Unfall 21109 (2019) Kat:3, Licht: 0","21109","3","6","2","12","11","4","0","0","0","1","0","0"
"POINT (8.710074372000065 50.131623053000055)","Unfall 21113 (2019) Kat:3, Licht: 2","21113","3","4","6","12","17","5","0","2","0","1","1","0"
"POINT (8.609871344000055 50.052559797000072)","Unfall 21116 (2019) Kat:3, Licht: 2","21116","3","6","2","11","00","4","0","2","0","0","0","0"
"POINT (8.732456433000039 50.116171724000026)","Unfall 21137 (2019) Kat:3, Licht: 2","21137","3","6","2","12","18","5","0","2","0","1","0","0"
"POINT (8.555587909000053 50.114194694000048)","Unfall 21148 (2019) Kat:3, Licht: 2","21148","3","6","0","12","17","6","1","2","0","1","0","1"
"POINT (8.751248626000063 50.126863347000040)","Unfall 21157 (2019) Kat:3, Licht: 0","21157","3","6","2","12","15","3","1","0","0","1","0","0"
"POINT (8.712030476000052 50.063584242000047)","Unfall 21159 (2019) Kat:3, Licht: 2","21159","3","6","3","12","18","2","1","2","0","1","0","0"
"POINT (8.691169215000059 50.098733002000074)","Unfall 21166 (2019) Kat:3, Licht: 0","21166","3","6","2","12","13","6","1","0","0","1","0","0"
"POINT (8.557455697000023 50.124404260000063)","Unfall 21169 (2019) Kat:3, Licht: 0","21169","3","6","2","12","09","3","1","0","0","1","0","0"
"POINT (8.599260564000076 50.135099781000065)","Unfall 21170 (2019) Kat:3, Licht: 0","21170","3","7","0","12","14","7","0","0","0","1","0","0"
"POINT (8.618614023000021 50.100690056000076)","Unfall 21171 (2019) Kat:3, Licht: 0","21171","3","6","2","11","15","3","1","0","0","1","0","0"
"POINT (8.634968194000066 50.160399262000055)","Unfall 21178 (2019) Kat:2, Licht: 0","21178","2","3","4","11","13","3","1","0","0","1","0","0"
"POINT (8.697083915000064 50.109430506000081)","Unfall 21180 (2019) Kat:3, Licht: 1","21180","3","3","5","11","08","3","1","1","1","1","0","0"
"POINT (8.694318146000057 50.109024586000032)","Unfall 21183 (2019) Kat:2, Licht: 2","21183","2","7","0","11","19","3","1","2","0","0","0","0"
"POINT (8.699786087000064 50.141245004000041)","Unfall 21186 (2019) Kat:3, Licht: 2","21186","3","6","3","11","17","3","1","2","0","1","0","1"
"POINT (8.730520311000021 50.118727577000072)","Unfall 21200 (2019) Kat:3, Licht: 0","21200","3","6","2","12","15","2","0","0","0","1","0","0"
"POINT (8.605673780000075 50.180898446000072)","Unfall 21210 (2019) Kat:3, Licht: 2","21210","3","3","5","12","18","1","1","2","0","1","0","0"
"POINT (8.628514494000058 50.087783702000081)","Unfall 21225 (2019) Kat:3, Licht: 0","21225","3","6","2","12","12","4","1","0","0","1","0","0"
"POINT (8.539095160000045 50.101324949000059)","Unfall 21233 (2019) Kat:3, Licht: 2","21233","3","2","5","12","18","7","1","2","0","1","0","0"
"POINT (8.691270793000058 50.154724757000054)","Unfall 21265 (2019) Kat:3, Licht: 0","21265","3","3","6","12","08","2","0","0","0","0","1","0"
"POINT (8.694332343000042 50.109158568000055)","Unfall 21271 (2019) Kat:3, Licht: 0","21271","3","2","5","12","11","2","0","0","1","1","0","0"
"POINT (8.548972027000048 50.121117132000052)","Unfall 21281 (2019) Kat:3, Licht: 2","21281","3","6","2","11","19","3","0","2","0","1","0","0"
"POINT (8.554624991000026 50.047850042000050)","Unfall 21297 (2019) Kat:3, Licht: 0","21297","3","6","2","12","12","1","1","0","0","1","0","0"
"POINT (8.717199535000077 50.064239062000070)","Unfall 21298 (2019) Kat:3, Licht: 2","21298","3","6","2","11","17","3","0","2","0","1","0","0"
"POINT (8.665626766000059 50.093285344000037)","Unfall 21314 (2019) Kat:2, Licht: 0","21314","2","3","5","12","09","2","1","0","0","1","0","0"
"POINT (8.711779031000049 50.134061018000068)","Unfall 21319 (2019) Kat:3, Licht: 2","21319","3","2","5","12","07","7","1","2","0","1","0","0"
"POINT (8.664545165000050 50.107618969000043)","Unfall 21334 (2019) Kat:3, Licht: 0","21334","3","5","1","12","13","5","0","0","0","1","0","0"
"POINT (8.683990686000072 50.096627525000031)","Unfall 21337 (2019) Kat:3, Licht: 0","21337","3","3","6","11","12","2","0","0","1","0","1","0"
"POINT (8.695623535000038 50.109215594000034)","Unfall 21341 (2019) Kat:3, Licht: 2","21341","3","3","5","11","21","2","1","2","1","1","0","0"
"POINT (8.693221716000039 50.129223072000059)","Unfall 21343 (2019) Kat:3, Licht: 2","21343","3","3","5","11","05","2","1","2","1","1","0","0"
"POINT (8.710578978000058 50.063104825000039)","Unfall 21353 (2019) Kat:3, Licht: 2","21353","3","6","2","12","18","3","1","2","0","1","0","0"
"POINT (8.701153853000051 50.159588315000065)","Unfall 21374 (2019) Kat:3, Licht: 0","21374","3","6","2","12","08","2","0","0","0","1","0","0"
"POINT (8.708524482000030 50.111338909000040)","Unfall 21379 (2019) Kat:3, Licht: 2","21379","3","3","5","12","17","6","1","2","1","1","0","0"
"POINT (8.649386301000050 50.058728674000065)","Unfall 21419 (2019) Kat:2, Licht: 0","21419","2","1","8","12","14","1","1","0","0","1","0","0"
"POINT (8.652099667000073 50.106057425000074)","Unfall 21424 (2019) Kat:3, Licht: 2","21424","3","2","3","12","21","2","0","2","0","1","0","0"
"POINT (8.539966823000043 50.100166246000072)","Unfall 21429 (2019) Kat:3, Licht: 2","21429","3","1","9","12","04","1","0","2","0","1","0","0"
"POINT (8.708634635000067 50.121596913000076)","Unfall 21451 (2019) Kat:3, Licht: 0","21451","3","6","0","12","13","4","1","0","0","1","0","1"
"POINT (8.595456165000030 50.139747703000069)","Unfall 21459 (2019) Kat:3, Licht: 1","21459","3","6","2","12","16","5","0","1","0","1","0","0"
"POINT (8.716336895000040 50.123621651000065)","Unfall 21461 (2019) Kat:3, Licht: 0","21461","3","6","3","12","14","6","1","0","0","1","0","1"
"POINT (8.619445715000040 50.131909261000033)","Unfall 21469 (2019) Kat:3, Licht: 2","21469","3","6","3","12","07","3","0","2","0","1","0","0"
"POINT (8.655144173000053 50.077553708000039)","Unfall 21515 (2019) Kat:3, Licht: 0","21515","3","6","2","12","15","5","0","0","0","1","0","0"
"POINT (8.666113863000021 50.087079375000030)","Unfall 21530 (2019) Kat:3, Licht: 0","21530","3","3","5","12","10","7","0","0","1","1","0","0"
"POINT (8.617611464000049 50.100564243000065)","Unfall 21577 (2019) Kat:3, Licht: 0","21577","3","4","6","12","14","4","0","0","0","1","1","0"
"POINT (8.689233615000035 50.112617316000069)","Unfall 21585 (2019) Kat:3, Licht: 2","21585","3","2","3","11","18","7","0","2","0","1","0","1"
"POINT (8.623104732000058 50.188274122000053)","Unfall 21736 (2019) Kat:2, Licht: 0","21736","2","6","2","12","10","3","0","0","0","0","0","0"
"POINT (8.560454886000059 50.081544998000027)","Unfall 21737 (2019) Kat:3, Licht: 2","21737","3","7","4","12","07","3","1","2","0","1","0","0"
"POINT (8.524268128000074 50.096408056000030)","Unfall 21743 (2019) Kat:3, Licht: 2","21743","3","3","4","12","18","2","0","2","1","1","0","0"
"POINT (8.662146755000038 50.151873669000054)","Unfall 21744 (2019) Kat:3, Licht: 0","21744","3","4","6","12","10","2","0","0","0","1","1","0"
"POINT (8.523447780000026 50.111278581000079)","Unfall 21760 (2019) Kat:2, Licht: 2","21760","2","3","5","12","22","1","0","2","0","1","0","0"
"POINT (8.693165850000071 50.086196838000035)","Unfall 21761 (2019) Kat:3, Licht: 2","21761","3","1","8","12","18","1","1","2","0","1","0","0"
"POINT (8.611122265000063 50.171373659000039)","Unfall 21771 (2019) Kat:3, Licht: 2","21771","3","1","8","12","21","1","1","2","0","1","0","0"
"POINT (8.579311629000074 50.053255725000042)","Unfall 21772 (2019) Kat:3, Licht: 0","21772","3","6","2","12","10","7","0","0","0","1","0","0"
"POINT (8.667815432000054 50.099993096000048)","Unfall 21775 (2019) Kat:3, Licht: 2","21775","3","6","2","12","02","7","0","2","0","1","0","0"
"POINT (8.547364662000064 50.120557299000041)","Unfall 21792 (2019) Kat:3, Licht: 2","21792","3","6","2","12","17","7","0","2","0","1","0","0"
"POINT (8.740875868000046 50.149252769000043)","Unfall 21798 (2019) Kat:3, Licht: 2","21798","3","7","0","12","16","6","0","2","0","0","0","0"
"POINT (8.704258636000077 50.113028150000048)","Unfall 21830 (2019) Kat:3, Licht: 2","21830","3","1","0","12","22","4","1","2","0","0","0","1"
"POINT (8.674371769000061 50.125969643000076)","Unfall 165668 (2019) Kat:3, Licht: 0","165668","3","3","5","01","16","1","0","0","1","1","0","0"
"POINT (8.626714908000054 50.095589571000062)","Unfall 165675 (2019) Kat:2, Licht: 2","165675","2","4","6","01","20","7","1","2","0","1","1","0"
"POINT (8.691977565000059 50.126354437000032)","Unfall 165676 (2019) Kat:3, Licht: 0","165676","3","7","6","01","10","7","0","0","0","0","1","0"
"POINT (8.686227976000055 50.120695704000070)","Unfall 165677 (2019) Kat:3, Licht: 1","165677","3","6","0","01","16","7","0","1","0","1","1","0"
"POINT (8.688531445000024 50.126947412000050)","Unfall 165678 (2019) Kat:3, Licht: 2","165678","3","1","0","01","01","7","1","2","1","0","0","0"
"POINT (8.598795757000062 50.096417343000041)","Unfall 165683 (2019) Kat:2, Licht: 2","165683","2","4","6","01","18","6","1","2","0","1","1","0"
"POINT (8.698561658000074 50.124619041000074)","Unfall 165684 (2019) Kat:3, Licht: 2","165684","3","3","5","01","19","6","1","2","1","1","0","0"
"POINT (8.679011722000041 50.117916464000075)","Unfall 165685 (2019) Kat:3, Licht: 2","165685","3","2","6","01","18","6","1","2","0","1","1","0"
"POINT (8.689171098000031 50.114753360000066)","Unfall 165686 (2019) Kat:3, Licht: 2","165686","3","3","5","01","17","6","1","2","0","1","0","0"
"POINT (8.642166467000038 50.108530847000054)","Unfall 165692 (2019) Kat:3, Licht: 0","165692","3","6","3","01","12","5","0","0","0","1","0","0"
"POINT (8.651858602000061 50.108573362000072)","Unfall 165699 (2019) Kat:2, Licht: 2","165699","2","1","0","01","18","4","1","2","0","0","0","1"
"POINT (8.626265772000068 50.102901054000029)","Unfall 165700 (2019) Kat:3, Licht: 0","165700","3","3","5","01","15","4","0","0","1","1","0","0"
"POINT (8.624562892000029 50.107748882000067)","Unfall 165712 (2019) Kat:3, Licht: 2","165712","3","7","0","01","04","3","1","2","0","0","0","0"
"POINT (8.658303268000054 50.103306749000069)","Unfall 165713 (2019) Kat:3, Licht: 2","165713","3","7","7","01","00","3","1","2","1","0","0","0"
"POINT (8.655408083000054 50.111594368000056)","Unfall 165887 (2019) Kat:3, Licht: 0","165887","3","2","3","01","10","7","1","0","0","1","0","0"
"POINT (8.675882264000052 50.120719655000073)","Unfall 165890 (2019) Kat:3, Licht: 2","165890","3","7","0","01","20","7","1","2","0","1","0","0"
"POINT (8.694691865000038 50.124657531000025)","Unfall 165892 (2019) Kat:3, Licht: 2","165892","3","1","1","01","23","7","1","2","1","1","0","0"