WKT,Name,OBJECTID,UKATEGORIE,UTYP1,UART,UMONAT,USTUNDE,UWOCHENTAG,STRZUSTAND,ULICHTVERH,ISTRAD,ISTPKW,ISTFUSS,ISTKRAD
"POINT (8.687537501000065 50.109593916000051)","Unfall 165896 (2019) Kat:3, Licht: 0","165896","3","2","5","01","10","7","1","0","1","1","0","0"
"POINT (8.643368948000045 50.118394272000046)","Unfall 165940 (2019) Kat:3, Licht: 0","165940","3","7","1","01","13","5","0","0","0","1","0","0"
"POINT (8.629031233000035 50.162722434000045)","Unfall 165970 (2019) Kat:3, Licht: 2","165970","3","7","0","01","18","4","0","2","0","0","0","0"
"POINT (8.687729873000023 50.117377975000068)","Unfall 165972 (2019) Kat:3, Licht: 2","165972","3","6","3","01","07","4","1","2","1","1","0","0"
"POINT (8.699194299000055 50.138825797000038)","Unfall 165995 (2019) Kat:3, Licht: 2","165995","3","2","5","01","06","3","1","2","0","1","0","1"
"POINT (8.636146305000068 50.103969101000075)","Unfall 165998 (2019) Kat:2, Licht: 2","165998","2","3","6","01","17","3","1","2","0","1","1","0"
"POINT (8.675736420000021 50.107514797000078)","Unfall 166000 (2019) Kat:3, Licht: 0","166000","3","6","3","01","13","3","1","0","0","0","0","1"
"POINT (8.644414494000046 50.122181136000052)","Unfall 166027 (2019) Kat:3, Licht: 2","166027","3","4","6","01","21","2","1","2","0","1","1","0"
"POINT (8.667749760000049 50.110433367000041)","Unfall 166029 (2019) Kat:3, Licht: 0","166029","3","6","3","01","13","2","0","0","1","1","0","0"
"POINT (8.571507833000055 50.099868145000073)","Unfall 166044 (2019) Kat:3, Licht: 1","166044","3","4","6","01","17","5","1","1","0","1","1","0"
"POINT (8.610245559000020 50.125922608000053)","Unfall 166045 (2019) Kat:3, Licht: 2","166045","3","2","6","01","19","5","1","2","0","1","1","0"
"POINT (8.691846824000038 50.125426653000034)","Unfall 166060 (2019) Kat:3, Licht: 0","166060","3","3","5","01","08","4","1","0","0","1","0","0"
"POINT (8.687867839000035 50.098970420000057)","Unfall 166072 (2019) Kat:3, Licht: 0","166072","3","6","2","01","09","3","0","0","0","1","0","0"
"POINT (8.705991153000070 50.127446924000026)","Unfall 166073 (2019) Kat:3, Licht: 0","166073","3","1","8","01","10","3","1","0","0","1","0","0"
"POINT (8.657237158000044 50.110967865000077)","Unfall 166081 (2019) Kat:3, Licht: 0","166081","3","3","5","01","09","2","1","0","0","1","0","0"
"POINT (8.665674732000070 50.108695935000071)","Unfall 166082 (2019) Kat:3, Licht: 0","166082","3","2","6","01","09","2","1","0","0","0","1","0"
"POINT (8.640793299000052 50.101637871000037)","Unfall 166083 (2019) Kat:3, Licht: 2","166083","3","2","2","01","07","2","1","2","0","1","0","1"
"POINT (8.687983372000076 50.112477153000043)","Unfall 166084 (2019) Kat:3, Licht: 2","166084","3","2","2","01","18","2","1","2","0","1","0","0"
"POINT (8.687829380000039 50.113708059000032)","Unfall 166085 (2019) Kat:3, Licht: 0","166085","3","6","3","01","11","2","1","0","0","1","0","0"
"POINT (8.538596229000063 50.102656230000036)","Unfall 166093 (2019) Kat:3, Licht: 2","166093","3","4","6","01","17","1","1","2","0","1","1","0"
"POINT (8.730432990000054 50.118993086000046)","Unfall 166094 (2019) Kat:3, Licht: 0","166094","3","6","2","01","15","1","1","0","0","1","0","0"
"POINT (8.679725389000055 50.119281869000076)","Unfall 166095 (2019) Kat:3, Licht: 2","166095","3","1","1","01","01","1","1","2","1","1","0","0"
"POINT (8.539077710000072 50.110202207000043)","Unfall 166101 (2019) Kat:3, Licht: 2","166101","3","3","5","01","20","7","1","2","0","1","0","0"
"POINT (8.671446931000048 50.127239593000070)","Unfall 166102 (2019) Kat:3, Licht: 0","166102","3","3","5","01","13","7","1","0","0","1","0","0"
"POINT (8.690817659000061 50.122012995000034)","Unfall 166103 (2019) Kat:2, Licht: 1","166103","2","4","6","01","16","7","1","1","0","0","1","0"
"POINT (8.696081019000076 50.104953099000056)","Unfall 166116 (2019) Kat:3, Licht: 0","166116","3","3","5","01","07","6","1","0","1","1","0","0"
"POINT (8.635780456000020 50.163510606000045)","Unfall 166125 (2019) Kat:3, Licht: 0","166125","3","1","0","01","16","5","1","0","0","0","0","0"
"POINT (8.693254219000039 50.098688701000071)","Unfall 166126 (2019) Kat:3, Licht: 2","166126","3","3","5","01","06","5","0","2","1","1","0","0"
"POINT (8.748470824000037 50.132320147000030)","Unfall 166127 (2019) Kat:3, Licht: 2","166127","3","3","5","01","17","5","1","2","1","1","0","0"
"POINT (8.727064475000077 50.144714392000026)","Unfall 166128 (2019) Kat:3, Licht: 0","166128","3","2","5","01","15","5","1","0","1","1","0","0"
"POINT (8.635926957000038 50.103864424000051)","Unfall 166143 (2019) Kat:3, Licht: 2","166143","3","4","6","01","18","4","0","2","0","1","1","0"
"POINT (8.691040472000054 50.151349192000055)","Unfall 166152 (2019) Kat:3, Licht: 2","166152","3","4","6","01","17","3","0","2","0","1","1","0"
"POINT (8.745005997000021 50.123325594000050)","Unfall 166153 (2019) Kat:3, Licht: 2","166153","3","4","6","01","06","3","2","2","0","1","1","0"
"POINT (8.604640307000068 50.096580508000045)","Unfall 166167 (2019) Kat:2, Licht: 0","166167","2","4","6","01","13","2","0","0","0","1","1","0"
"POINT (8.626618737000058 50.079208467000058)","Unfall 166168 (2019) Kat:3, Licht: 0","166168","3","3","6","01","15","2","0","0","0","1","1","0"
"POINT (8.670460102000050 50.121398353000075)","Unfall 166169 (2019) Kat:3, Licht: 0","166169","3","6","2","01","12","2","0","0","0","1","0","0"
"POINT (8.697565009000073 50.125995368000076)","Unfall 166170 (2019) Kat:2, Licht: 2","166170","2","2","6","01","19","2","0","2","0","1","1","0"
"POINT (8.634149073000060 50.155998439000030)","Unfall 166183 (2019) Kat:3, Licht: 2","166183","3","1","9","01","22","1","2","2","0","1","0","0"
"POINT (8.660292141000070 50.160921950000045)","Unfall 166184 (2019) Kat:3, Licht: 0","166184","3","3","5","01","12","1","0","0","0","1","0","0"
"POINT (8.675786234000043 50.107497899000066)","Unfall 166185 (2019) Kat:3, Licht: 2","166185","3","6","1","01","18","1","0","2","0","1","0","0"
"POINT (8.676131490000046 50.116013160000080)","Unfall 166186 (2019) Kat:3, Licht: 2","166186","3","6","2","01","00","1","0","2","0","1","0","0"
"POINT (8.684062194000035 50.137497464000035)","Unfall 166191 (2019) Kat:3, Licht: 0","166191","3","6","3","01","14","7","0","0","1","1","0","0"
"POINT (8.740229351000039 50.122210981000080)","Unfall 166192 (2019) Kat:3, Licht: 0","166192","3","6","2","01","12","7","0","0","0","1","0","0"
"POINT (8.679759252000054 50.096991311000068)","Unfall 166201 (2019) Kat:3, Licht: 0","166201","3","1","0","01","16","6","0","0","1","0","0","0"
"POINT (8.679642859000069 50.109897577000027)","Unfall 166202 (2019) Kat:2, Licht: 2","166202","2","3","5","01","21","6","0","2","0","1","0","1"
"POINT (8.650020229000063 50.120260854000037)","Unfall 166220 (2019) Kat:3, Licht: 0","166220","3","7","1","01","13","5","1","0","0","0","0","1"
"POINT (8.629166003000023 50.084613636000029)","Unfall 166221 (2019) Kat:2, Licht: 2","166221","2","2","5","01","18","5","1","2","1","1","0","0"
"POINT (8.704916332000039 50.115411321000067)","Unfall 166222 (2019) Kat:3, Licht: 0","166222","3","7","0","01","08","5","1","0","1","0","0","0"
"POINT (8.635984721000057 50.103952184000036)","Unfall 166223 (2019) Kat:2, Licht: 2","166223","2","3","5","01","01","5","0","2","0","1","0","0"
"POINT (8.679392806000067 50.114265384000078)","Unfall 166242 (2019) Kat:3, Licht: 0","166242","3","6","3","01","12","4","0","0","1","1","0","0"
"POINT (8.762708304000057 50.151183065000055)","Unfall 166248 (2019) Kat:3, Licht: 0","166248","3","3","5","01","10","4","0","0","0","1","0","0"
"POINT (8.608259116000056 50.106710129000078)","Unfall 166253 (2019) Kat:3, Licht: 0","166253","3","1","9","01","07","3","0","0","0","1","0","0"
"POINT (8.659440447000065 50.136276970000040)","Unfall 166254 (2019) Kat:3, Licht: 2","166254","3","3","4","01","21","3","0","2","0","1","0","0"
"POINT (8.670862885000076 50.104935386000079)","Unfall 166255 (2019) Kat:3, Licht: 1","166255","3","3","5","01","16","3","0","1","1","0","0","0"
"POINT (8.596227474000045 50.128136238000081)","Unfall 166268 (2019) Kat:3, Licht: 2","166268","3","7","0","01","07","2","0","2","0","0","1","0"
"POINT (8.717364302000021 50.138918448000027)","Unfall 166269 (2019) Kat:3, Licht: 2","166269","3","2","5","01","17","2","0","2","1","1","0","0"
"POINT (8.690115693000053 50.120077254000080)","Unfall 166270 (2019) Kat:2, Licht: 2","166270","2","1","9","01","19","2","0","2","0","1","0","0"
"POINT (8.547780128000056 50.102407929000037)","Unfall 166280 (2019) Kat:2, Licht: 2","166280","2","7","6","01","05","1","1","2","0","0","1","0"
"POINT (8.599703602000034 50.093911027000047)","Unfall 166281 (2019) Kat:3, Licht: 2","166281","3","3","5","01","22","1","1","2","1","1","0","0"
"POINT (8.685198488000026 50.109460176000027)","Unfall 166282 (2019) Kat:3, Licht: 0","166282","3","3","5","01","08","1","1","0","0","1","0","0"
"POINT (8.670961027000033 50.110523444000080)","Unfall 166283 (2019) Kat:3, Licht: 1","166283","3","4","6","01","07","1","1","1","0","1","1","0"
"POINT (8.515544146000025 50.083669211000029)","Unfall 166301 (2019) Kat:3, Licht: 0","166301","3","5","1","02","11","3","1","0","0","1","0","0"
"POINT (8.642824991000055 50.114297795000027)","Unfall 166302 (2019) Kat:3, Licht: 0","166302","3","3","5","02","17","3","0","0","1","0","0","0"
"POINT (8.606979097000021 50.126956993000078)","Unfall 166303 (2019) Kat:3, Licht: 0","166303","3","2","5","02","17","3","0","0","1","1","0","0"
"POINT (8.662672925000038 50.105298576000052)","Unfall 166304 (2019) Kat:2, Licht: 0","166304","2","4","6","02","17","3","0","0","0","1","1","0"
"POINT (8.675734168000076 50.107514086000037)","Unfall 166305 (2019) Kat:3, Licht: 2","166305","3","2","5","02","07","3","0","2","1","1","0","0"
"POINT (8.643083826000066 50.158405281000057)","Unfall 166317 (2019) Kat:2, Licht: 0","166317","2","3","5","02","15","2","0","0","1","1","0","0"
"POINT (8.617333671000040 50.172946904000071)","Unfall 166318 (2019) Kat:3, Licht: 0","166318","3","6","2","02","07","2","0","0","0","1","0","0"
"POINT (8.636312641000075 50.116935626000043)","Unfall 166319 (2019) Kat:3, Licht: 0","166319","3","4","6","02","15","2","0","0","0","1","1","0"
"POINT (8.673085619000062 50.106274157000030)","Unfall 166320 (2019) Kat:3, Licht: 0","166320","3","6","2","02","16","2","0","0","0","1","0","0"
"POINT (8.675597965000065 50.107771263000075)","Unfall 166321 (2019) Kat:2, Licht: 2","166321","2","5","1","02","18","2","0","2","1","1","0","0"
"POINT (8.697967947000052 50.115474475000042)","Unfall 166335 (2019) Kat:3, Licht: 0","166335","3","7","6","02","12","1","0","0","0","1","1","0"
"POINT (8.692448934000026 50.117074476000028)","Unfall 166336 (2019) Kat:3, Licht: 0","166336","3","7","1","02","12","1","0","0","0","1","0","0"
"POINT (8.687737644000038 50.109601450000071)","Unfall 166337 (2019) Kat:2, Licht: 2","166337","2","2","5","02","00","1","0","2","0","1","0","0"
"POINT (8.622991178000063 50.165439632000073)","Unfall 166357 (2019) Kat:2, Licht: 0","166357","2","2","5","02","16","6","0","0","1","1","0","0"
"POINT (8.652763375000063 50.196707143000026)","Unfall 166358 (2019) Kat:3, Licht: 0","166358","3","6","2","02","16","6","0","0","0","1","0","0"
"POINT (8.655770730000029 50.156724889000031)","Unfall 166359 (2019) Kat:3, Licht: 0","166359","3","3","5","02","10","6","0","0","1","1","0","0"
"POINT (8.681609767000055 50.094623712000043)","Unfall 166360 (2019) Kat:2, Licht: 0","166360","2","4","6","02","15","6","0","0","0","1","1","0"
"POINT (8.643690860000049 50.106548170000053)","Unfall 166361 (2019) Kat:2, Licht: 0","166361","2","3","5","02","13","6","0","0","1","1","0","0"
"POINT (8.649238959000059 50.186221212000078)","Unfall 166382 (2019) Kat:3, Licht: 0","166382","3","6","2","02","10","5","0","0","1","1","0","0"
"POINT (8.680414096000050 50.121410045000061)","Unfall 166383 (2019) Kat:3, Licht: 0","166383","3","2","2","02","10","5","0","0","1","0","0","0"
"POINT (8.498375560000056 50.097259624000060)","Unfall 166404 (2019) Kat:3, Licht: 0","166404","3","7","6","02","13","4","0","0","0","1","1","0"
"POINT (8.634261527000035 50.125218420000067)","Unfall 166405 (2019) Kat:2, Licht: 0","166405","2","1","0","02","10","4","0","0","0","0","0","1"
"POINT (8.595327990000044 50.084940403000076)","Unfall 166406 (2019) Kat:2, Licht: 1","166406","2","2","5","02","18","4","0","1","1","1","0","0"
"POINT (8.718898567000053 50.100704576000055)","Unfall 166407 (2019) Kat:3, Licht: 1","166407","3","3","5","02","20","4","0","1","0","1","0","1"
"POINT (8.715754117000074 50.125817917000063)","Unfall 166408 (2019) Kat:2, Licht: 2","166408","2","7","6","02","18","4","0","2","0","1","1","0"
"POINT (8.516577531000053 50.081564709000077)","Unfall 166425 (2019) Kat:3, Licht: 1","166425","3","3","5","02","17","3","0","1","0","1","0","0"
"POINT (8.613666029000058 50.114270891000047)","Unfall 166426 (2019) Kat:3, Licht: 0","166426","3","3","5","02","07","3","0","0","0","1","0","0"
"POINT (8.662730460000034 50.153809638000041)","Unfall 166427 (2019) Kat:3, Licht: 0","166427","3","5","1","02","09","3","0","0","0","1","0","0"
"POINT (8.636568930000067 50.087737416000039)","Unfall 166428 (2019) Kat:3, Licht: 1","166428","3","3","5","02","07","3","0","1","0","1","0","0"
"POINT (8.716400608000072 50.132903725000062)","Unfall 166429 (2019) Kat:3, Licht: 1","166429","3","2","0","02","07","3","0","1","0","0","1","0"
"POINT (8.636956894000036 50.098680482000077)","Unfall 166430 (2019) Kat:3, Licht: 2","166430","3","7","1","02","19","3","0","2","0","1","0","0"
"POINT (8.699692635000076 50.123679171000049)","Unfall 166431 (2019) Kat:3, Licht: 0","166431","3","3","5","02","16","3","0","0","1","1","0","0"
"POINT (8.576376675000063 50.131735550000030)","Unfall 166446 (2019) Kat:3, Licht: 0","166446","3","2","5","02","08","2","0","0","1","1","0","0"
"POINT (8.652600145000065 50.158528744000080)","Unfall 166447 (2019) Kat:3, Licht: 0","166447","3","4","6","02","09","2","0","0","0","1","1","0"
"POINT (8.685570749000021 50.126521081000078)","Unfall 166448 (2019) Kat:3, Licht: 0","166448","3","1","3","02","11","2","0","0","1","1","0","0"
"POINT (8.675881725000068 50.112225912000042)","Unfall 166449 (2019) Kat:2, Licht: 0","166449","2","7","0","02","07","2","1","0","1","1","0","0"
"POINT (8.661894554000071 50.156327034000071)","Unfall 166463 (2019) Kat:3, Licht: 0","166463","3","6","2","02","12","7","0","0","0","1","0","0"
"POINT (8.682692907000046 50.099337797000032)","Unfall 166464 (2019) Kat:3, Licht: 2","166464","3","6","2","02","18","7","0","2","0","1","0","0"
"POINT (8.571763375000046 50.053499425000041)","Unfall 166466 (2019) Kat:3, Licht: 2","166466","3","1","8","02","20","6","0","2","0","1","0","0"
"POINT (8.657186830000057 50.080739842000071)","Unfall 166468 (2019) Kat:3, Licht: 0","166468","3","6","2","02","16","6","0","0","0","1","0","0"
"POINT (8.679530107000062 50.117078920000040)","Unfall 166469 (2019) Kat:2, Licht: 0","166469","2","6","3","02","11","6","0","0","1","1","0","0"
"POINT (8.628093960000058 50.167883720000077)","Unfall 166484 (2019) Kat:2, Licht: 0","166484","2","1","0","02","11","5","1","0","1","0","0","0"
"POINT (8.652481351000063 50.110687622000057)","Unfall 166485 (2019) Kat:3, Licht: 2","166485","3","6","2","02","18","5","0","2","0","1","0","0"
"POINT (8.695624184000053 50.143235794000077)","Unfall 166486 (2019) Kat:3, Licht: 0","166486","3","2","3","02","11","5","1","0","1","1","0","0"
"POINT (8.686297985000067 50.142561626000031)","Unfall 166487 (2019) Kat:3, Licht: 0","166487","3","6","4","02","08","5","1","0","1","0","0","0"
"POINT (8.676089204000050 50.100462183000047)","Unfall 166488 (2019) Kat:3, Licht: 0","166488","3","2","5","02","08","5","1","0","0","1","0","0"
"POINT (8.663587116000031 50.108583106000026)","Unfall 166489 (2019) Kat:3, Licht: 2","166489","3","6","2","02","18","5","1","2","0","1","0","0"
"POINT (8.587288312000055 50.055622893000077)","Unfall 166498 (2019) Kat:3, Licht: 0","166498","3","3","5","02","16","4","0","0","1","1","0","0"
"POINT (8.694888076000041 50.183230309000066)","Unfall 166503 (2019) Kat:3, Licht: 0","166503","3","2","5","02","15","4","0","0","1","1","0","0"
"POINT (8.620174195000061 50.167646618000049)","Unfall 166504 (2019) Kat:2, Licht: 0","166504","2","3","5","02","09","4","0","0","1","1","0","0"
"POINT (8.762738102000071 50.151117517000046)","Unfall 166511 (2019) Kat:3, Licht: 0","166511","3","3","5","02","09","4","0","0","0","1","0","0"
"POINT (8.690895213000033 50.101792427000078)","Unfall 166514 (2019) Kat:3, Licht: 0","166514","3","6","2","02","16","3","0","0","0","1","0","0"
"POINT (8.688693742000055 50.118639811000037)","Unfall 166515 (2019) Kat:3, Licht: 0","166515","3","4","6","02","07","3","0","0","0","1","1","0"
"POINT (8.731659220000040 50.111506594000048)","Unfall 166529 (2019) Kat:3, Licht: 0","166529","3","6","2","02","14","2","0","0","0","0","0","0"
"POINT (8.667188582000051 50.109210051000048)","Unfall 166530 (2019) Kat:3, Licht: 0","166530","3","2","6","02","08","2","0","0","0","1","1","0"
"POINT (8.665485917000069 50.136827964000076)","Unfall 166539 (2019) Kat:3, Licht: 0","166539","3","3","5","02","16","7","1","0","0","1","0","0"
"POINT (8.691605122000055 50.118278090000047)","Unfall 166540 (2019) Kat:3, Licht: 0","166540","3","6","2","02","10","7","1","0","0","1","0","0"
"POINT (8.642591544000027 50.171965907000072)","Unfall 166550 (2019) Kat:3, Licht: 2","166550","3","1","4","02","05","6","2","2","0","1","0","0"
"POINT (8.674081241000067 50.139714487000049)","Unfall 166551 (2019) Kat:3, Licht: 2","166551","3","3","5","02","23","6","1","2","0","1","0","0"
"POINT (8.621232083000052 50.165584461000037)","Unfall 166553 (2019) Kat:2, Licht: 0","166553","2","3","5","03","16","2","1","0","1","1","0","0"
"POINT (8.680916440000033 50.093735984000034)","Unfall 166554 (2019) Kat:3, Licht: 0","166554","3","7","1","03","16","2","1","0","0","1","0","1"
"POINT (8.663587746000076 50.110695215000078)","Unfall 166567 (2019) Kat:3, Licht: 2","166567","3","6","2","03","23","1","1","2","0","1","0","0"
"POINT (8.656085978000021 50.156953404000035)","Unfall 166576 (2019) Kat:3, Licht: 0","166576","3","2","3","03","17","7","1","0","1","1","0","0"
"POINT (8.645921435000048 50.086731645000043)","Unfall 166577 (2019) Kat:3, Licht: 2","166577","3","7","0","03","19","7","1","2","0","1","0","0"
"POINT (8.716377817000023 50.114129581000043)","Unfall 166578 (2019) Kat:3, Licht: 0","166578","3","3","5","03","11","7","0","0","0","1","0","0"
"POINT (8.679695309000067 50.118360049000046)","Unfall 166579 (2019) Kat:3, Licht: 0","166579","3","3","0","03","10","7","0","0","1","1","0","0"
"POINT (8.575082983000073 50.104588961000047)","Unfall 166585 (2019) Kat:3, Licht: 0","166585","3","2","5","03","16","6","0","0","1","1","0","0"
"POINT (8.646434967000062 50.145205985000075)","Unfall 166596 (2019) Kat:3, Licht: 0","166596","3","7","0","03","10","5","0","0","0","1","0","0"
"POINT (8.664449913000055 50.109606474000032)","Unfall 166597 (2019) Kat:3, Licht: 0","166597","3","6","3","03","16","5","0","0","1","1","0","0"
"POINT (8.633793019000052 50.098865534000026)","Unfall 166598 (2019) Kat:2, Licht: 0","166598","2","4","6","03","07","5","0","0","0","1","1","0"
"POINT (8.676235801000075 50.116251838000039)","Unfall 166599 (2019) Kat:3, Licht: 2","166599","3","6","2","03","22","5","1","2","0","1","0","0"
"POINT (8.691110986000069 50.151119745000074)","Unfall 166606 (2019) Kat:3, Licht: 2","166606","3","5","1","03","20","4","0","2","1","1","0","0"
"POINT (8.709353894000060 50.129121100000077)","Unfall 166607 (2019) Kat:2, Licht: 2","166607","2","1","0","03","21","4","1","2","1","0","0","0"
"POINT (8.692463075000035 50.109388206000062)","Unfall 166608 (2019) Kat:3, Licht: 2","166608","3","6","2","03","20","4","0","2","0","1","0","0"
"POINT (8.546759761000033 50.100975884000036)","Unfall 166621 (2019) Kat:2, Licht: 0","166621","2","2","6","03","12","3","1","0","0","0","1","0"
"POINT (8.583834191000051 50.087033423000037)","Unfall 166622 (2019) Kat:3, Licht: 0","166622","3","1","0","03","13","3","1","0","1","0","0","0"
"POINT (8.544863181000039 50.104483367000057)","Unfall 166634 (2019) Kat:3, Licht: 0","166634","3","2","5","03","15","2","1","0","1","1","0","0"
"POINT (8.543536560000064 50.110762082000065)","Unfall 166635 (2019) Kat:3, Licht: 0","166635","3","7","6","03","12","2","0","0","0","1","1","0"
"POINT (8.671457215000032 50.120240739000053)","Unfall 166636 (2019) Kat:2, Licht: 0","166636","2","3","0","03","16","2","1","0","1","1","0","0"
"POINT (8.673040827000023 50.111105600000030)","Unfall 166646 (2019) Kat:3, Licht: 2","166646","3","3","5","03","01","1","0","2","0","1","0","0"
"POINT (8.625624333000076 50.100231267000026)","Unfall 166653 (2019) Kat:3, Licht: 0","166653","3","4","6","03","18","7","0","0","0","1","1","0"
"POINT (8.684702294000033 50.101602757000080)","Unfall 166654 (2019) Kat:3, Licht: 2","166654","3","3","5","03","21","7","0","2","0","1","0","0"
"POINT (8.706598087000032 50.125231630000030)","Unfall 166655 (2019) Kat:3, Licht: 0","166655","3","6","3","03","10","7","0","0","1","1","0","0"
"POINT (8.673011712000061 50.111116245000062)","Unfall 166656 (2019) Kat:3, Licht: 2","166656","3","7","5","03","05","7","0","2","0","1","0","0"
"POINT (8.681891443000041 50.110883337000075)","Unfall 166657 (2019) Kat:3, Licht: 2","166657","3","4","6","03","00","7","0","2","0","1","1","0"
"POINT (8.596029137000073 50.096466259000067)","Unfall 166663 (2019) Kat:3, Licht: 0","166663","3","3","5","03","09","6","0","0","1","1","0","0"
"POINT (8.684130903000039 50.142029816000047)","Unfall 166664 (2019) Kat:3, Licht: 2","166664","3","4","6","03","19","6","1","2","0","1","1","0"
"POINT (8.661993400000029 50.107986065000034)","Unfall 166665 (2019) Kat:3, Licht: 0","166665","3","5","0","03","09","6","1","0","1","1","0","0"
"POINT (8.573696857000073 50.098082214000044)","Unfall 166679 (2019) Kat:2, Licht: 0","166679","2","7","1","02","08","5","0","0","1","1","0","0"
"POINT (8.628367281000067 50.164910557000042)","Unfall 166680 (2019) Kat:3, Licht: 2","166680","3","3","5","02","23","5","1","2","0","1","0","0"
"POINT (8.649999253000033 50.120273677000057)","Unfall 166681 (2019) Kat:3, Licht: 0","166681","3","7","6","02","12","5","0","0","0","1","1","0"
"POINT (8.678844876000028 50.118205823000039)","Unfall 166682 (2019) Kat:3, Licht: 0","166682","3","6","0","02","14","5","0","0","1","0","1","0"
"POINT (8.671082824000052 50.118855871000051)","Unfall 166683 (2019) Kat:3, Licht: 0","166683","3","3","5","02","08","5","0","0","1","1","0","0"
"POINT (8.675831616000039 50.107541251000043)","Unfall 166684 (2019) Kat:3, Licht: 0","166684","3","2","2","02","17","5","0","0","0","1","0","0"
"POINT (8.669084674000033 50.201763567000057)","Unfall 166700 (2019) Kat:3, Licht: 0","166700","3","6","4","02","17","4","0","0","0","0","0","1"
"POINT (8.663776364000057 50.114572969000051)","Unfall 166701 (2019) Kat:2, Licht: 0","166701","2","4","6","02","16","4","0","0","1","0","1","0"
"POINT (8.627061107000031 50.114279061000047)","Unfall 166702 (2019) Kat:2, Licht: 0","166702","2","7","0","02","12","4","0","0","1","0","0","0"
"POINT (8.684483922000027 50.111646990000054)","Unfall 166703 (2019) Kat:3, Licht: 0","166703","3","3","5","02","16","4","0","0","1","1","0","0"
"POINT (8.692519967000067 50.109279712000045)","Unfall 166704 (2019) Kat:3, Licht: 0","166704","3","6","3","02","08","4","0","0","1","1","0","0"
"POINT (8.618543834000036 50.102153814000076)","Unfall 166719 (2019) Kat:3, Licht: 0","166719","3","6","2","02","13","3","0","0","0","1","0","0"
"POINT (8.652433166000037 50.121965169000077)","Unfall 166720 (2019) Kat:3, Licht: 0","166720","3","6","6","02","07","3","0","0","1","0","1","0"
"POINT (8.693008604000056 50.151290824000057)","Unfall 166721 (2019) Kat:3, Licht: 0","166721","3","3","5","02","16","3","0","0","1","1","0","0"
"POINT (8.698715198000059 50.140995128000043)","Unfall 166722 (2019) Kat:3, Licht: 0","166722","3","6","0","02","07","3","0","0","0","1","0","0"
"POINT (8.644473124000058 50.167795557000034)","Unfall 166739 (2019) Kat:3, Licht: 0","166739","3","3","5","02","16","2","0","0","1","0","0","0"
"POINT (8.652929909000022 50.190127874000041)","Unfall 166740 (2019) Kat:3, Licht: 0","166740","3","3","5","02","14","2","0","0","0","1","0","0"
"POINT (8.642651530000023 50.175034587000027)","Unfall 166741 (2019) Kat:3, Licht: 1","166741","3","6","3","02","16","2","0","1","0","1","0","0"
"POINT (8.680992581000055 50.095237092000048)","Unfall 166742 (2019) Kat:3, Licht: 0","166742","3","2","5","02","08","2","0","0","1","1","0","0"
"POINT (8.671600247000072 50.101317287000029)","Unfall 166743 (2019) Kat:3, Licht: 0","166743","3","6","4","02","07","2","0","0","1","1","0","0"
"POINT (8.705155704000049 50.144399783000040)","Unfall 166744 (2019) Kat:3, Licht: 0","166744","3","6","2","02","11","2","0","0","0","1","0","0"
"POINT (8.714769285000045 50.132487353000045)","Unfall 166745 (2019) Kat:2, Licht: 0","166745","2","7","0","02","16","2","0","0","1","0","0","0"
"POINT (8.662183723000055 50.108055480000075)","Unfall 166746 (2019) Kat:3, Licht: 0","166746","3","3","0","02","08","2","0","0","1","1","0","0"
"POINT (8.679506098000047 50.115182817000061)","Unfall 166747 (2019) Kat:3, Licht: 0","166747","3","7","4","02","13","2","0","0","1","1","0","0"
"POINT (8.614121137000041 50.114237413000069)","Unfall 166757 (2019) Kat:3, Licht: 0","166757","3","3","5","02","16","1","0","0","0","1","0","0"
"POINT (8.663790004000020 50.109568588000059)","Unfall 166758 (2019) Kat:3, Licht: 0","166758","3","3","5","02","14","1","0","0","1","1","0","0"
"POINT (8.544435199000077 50.111263941000061)","Unfall 166768 (2019) Kat:3, Licht: 0","166768","3","3","5","02","17","7","0","0","0","1","0","1"
"POINT (8.652549809000050 50.081475912000030)","Unfall 166769 (2019) Kat:3, Licht: 0","166769","3","6","2","02","15","7","0","0","0","1","0","0"
"POINT (8.679482359000076 50.117734578000068)","Unfall 166770 (2019) Kat:3, Licht: 1","166770","3","4","6","02","18","7","0","1","0","0","1","0"
"POINT (8.733685671000046 50.137652218000028)","Unfall 166776 (2019) Kat:3, Licht: 2","166776","3","6","6","02","17","7","0","2","0","1","1","0"
"POINT (8.646365183000057 50.125336159000028)","Unfall 166783 (2019) Kat:3, Licht: 0","166783","3","5","1","02","10","6","0","0","1","0","0","0"
"POINT (8.671111165000070 50.121354551000081)","Unfall 166784 (2019) Kat:3, Licht: 2","166784","3","1","0","02","20","6","0","2","1","0","0","0"
"POINT (8.643659330000048 50.112620632000073)","Unfall 166799 (2019) Kat:2, Licht: 2","166799","2","2","2","02","18","5","1","2","0","1","0","0"
"POINT (8.643679730000031 50.111296849000041)","Unfall 166800 (2019) Kat:3, Licht: 0","166800","3","6","2","02","08","5","0","0","0","1","0","0"
"POINT (8.674209321000035 50.110159936000059)","Unfall 166801 (2019) Kat:3, Licht: 0","166801","3","5","1","02","11","5","0","0","0","1","0","0"