WKT,Name,OBJECTID,UKATEGORIE,UTYP1,UART,UMONAT,USTUNDE,UWOCHENTAG,STRZUSTAND,ULICHTVERH,ISTRAD,ISTPKW,ISTFUSS,ISTKRAD
"POINT (8.585662567000043 50.126618856000050)","Unfall 166814 (2019) Kat:3, Licht: 2","166814","3","3","5","02","18","4","0","2","1","1","0","0"
"POINT (8.658160181000028 50.159286506000058)","Unfall 166815 (2019) Kat:3, Licht: 1","166815","3","3","5","02","06","4","0","1","1","1","0","0"
"POINT (8.636020579000046 50.086033404000034)","Unfall 166816 (2019) Kat:3, Licht: 2","166816","3","4","6","02","21","4","1","2","0","1","1","0"
"POINT (8.688917942000046 50.102396921000036)","Unfall 166817 (2019) Kat:3, Licht: 0","166817","3","6","1","02","08","4","0","0","1","1","0","0"
"POINT (8.680553997000061 50.095946536000042)","Unfall 166818 (2019) Kat:3, Licht: 0","166818","3","2","3","02","08","4","0","0","1","1","0","0"
"POINT (8.679576332000067 50.115559536000035)","Unfall 166819 (2019) Kat:3, Licht: 0","166819","3","5","1","02","08","4","0","0","1","1","0","0"
"POINT (8.541736045000050 50.109990663000076)","Unfall 166826 (2019) Kat:2, Licht: 0","166826","2","7","6","03","13","4","0","0","0","1","1","0"
"POINT (8.662884831000042 50.180905633000066)","Unfall 166827 (2019) Kat:3, Licht: 0","166827","3","4","6","03","08","4","0","0","0","0","1","0"
"POINT (8.646954634000053 50.136967072000061)","Unfall 166828 (2019) Kat:3, Licht: 0","166828","3","5","0","03","15","4","0","0","0","1","0","1"
"POINT (8.749158822000027 50.121767297000076)","Unfall 166829 (2019) Kat:3, Licht: 0","166829","3","6","3","03","09","4","0","0","0","1","0","0"
"POINT (8.539556772000026 50.101243780000061)","Unfall 166844 (2019) Kat:3, Licht: 0","166844","3","6","2","03","09","3","0","0","0","1","0","0"
"POINT (8.647005554000032 50.122090375000028)","Unfall 166845 (2019) Kat:3, Licht: 0","166845","3","4","6","03","17","3","0","0","1","0","1","0"
"POINT (8.538644256000055 50.102660027000070)","Unfall 166859 (2019) Kat:3, Licht: 0","166859","3","6","2","03","12","2","1","0","0","1","0","0"
"POINT (8.637721295000063 50.117560762000039)","Unfall 166860 (2019) Kat:3, Licht: 0","166860","3","7","6","03","16","2","1","0","0","1","1","0"
"POINT (8.634233429000062 50.159522306000042)","Unfall 166875 (2019) Kat:2, Licht: 1","166875","2","7","8","03","05","1","0","1","0","1","0","0"
"POINT (8.667235528000049 50.131560080000042)","Unfall 166876 (2019) Kat:3, Licht: 2","166876","3","6","2","03","19","1","0","2","0","1","0","0"
"POINT (8.681474987000058 50.110839243000044)","Unfall 166877 (2019) Kat:3, Licht: 0","166877","3","7","1","03","16","1","0","0","1","1","0","0"
"POINT (8.692474682000068 50.109366071000068)","Unfall 166878 (2019) Kat:3, Licht: 2","166878","3","6","2","03","00","1","0","2","0","1","0","0"
"POINT (8.660290978000035 50.141115827000078)","Unfall 166886 (2019) Kat:3, Licht: 0","166886","3","1","0","03","16","7","0","0","0","0","0","1"
"POINT (8.675323571000035 50.096465295000030)","Unfall 166887 (2019) Kat:2, Licht: 0","166887","2","7","0","03","16","7","0","0","1","0","0","0"
"POINT (8.695553218000043 50.120225267000080)","Unfall 166888 (2019) Kat:3, Licht: 2","166888","3","3","5","03","20","7","0","2","1","1","0","0"
"POINT (8.681318362000070 50.153541417000042)","Unfall 166903 (2019) Kat:3, Licht: 0","166903","3","7","1","03","14","6","0","0","1","1","0","0"
"POINT (8.667327732000047 50.108109748000061)","Unfall 166904 (2019) Kat:2, Licht: 0","166904","2","4","6","03","10","6","0","0","0","1","1","0"
"POINT (8.679682285000069 50.118001143000072)","Unfall 166905 (2019) Kat:3, Licht: 1","166905","3","2","3","03","18","6","0","1","0","1","0","0"
"POINT (8.691578116000073 50.111276335000071)","Unfall 166906 (2019) Kat:3, Licht: 0","166906","3","7","1","03","12","6","0","0","1","1","0","0"
"POINT (8.684055846000035 50.112897105000059)","Unfall 166907 (2019) Kat:3, Licht: 0","166907","3","6","0","03","10","6","0","0","1","1","0","0"
"POINT (8.541260578000049 50.098771451000061)","Unfall 166933 (2019) Kat:3, Licht: 0","166933","3","7","1","03","10","5","0","0","1","1","0","0"
"POINT (8.607345609000049 50.095241714000053)","Unfall 166934 (2019) Kat:3, Licht: 0","166934","3","4","6","03","10","5","0","0","0","1","1","0"
"POINT (8.651557591000028 50.190738744000043)","Unfall 166935 (2019) Kat:3, Licht: 0","166935","3","3","5","03","15","5","0","0","0","1","0","0"
"POINT (8.628088023000032 50.113702728000078)","Unfall 166942 (2019) Kat:3, Licht: 1","166942","3","3","5","03","17","5","0","1","1","1","0","0"
"POINT (8.753852106000068 50.132718176000026)","Unfall 166943 (2019) Kat:3, Licht: 0","166943","3","6","2","03","18","5","0","0","0","0","0","1"
"POINT (8.754654704000075 50.120311539000056)","Unfall 166944 (2019) Kat:3, Licht: 0","166944","3","2","5","03","13","5","0","0","1","1","0","0"
"POINT (8.767469881000068 50.128890751000029)","Unfall 166945 (2019) Kat:3, Licht: 0","166945","3","6","2","03","13","5","0","0","0","1","0","0"
"POINT (8.745119757000055 50.148040163000076)","Unfall 166950 (2019) Kat:3, Licht: 0","166950","3","3","5","03","09","5","0","0","1","1","0","0"
"POINT (8.548368442000026 50.114770434000036)","Unfall 166956 (2019) Kat:3, Licht: 0","166956","3","3","5","03","14","4","0","0","1","1","0","0"
"POINT (8.625627160000022 50.181979654000031)","Unfall 166957 (2019) Kat:2, Licht: 0","166957","2","3","5","03","15","4","0","0","0","1","0","1"
"POINT (8.648160731000075 50.157168198000079)","Unfall 166972 (2019) Kat:3, Licht: 2","166972","3","4","6","03","19","3","0","2","0","0","1","1"
"POINT (8.680862943000022 50.102047272000050)","Unfall 166973 (2019) Kat:3, Licht: 0","166973","3","1","8","03","17","3","0","0","0","0","1","1"
"POINT (8.761733462000052 50.116116632000058)","Unfall 166974 (2019) Kat:3, Licht: 0","166974","3","2","2","03","09","3","0","0","1","1","0","0"
"POINT (8.662783621000074 50.105341101000079)","Unfall 166993 (2019) Kat:3, Licht: 0","166993","3","4","6","03","17","2","0","0","0","1","1","0"
"POINT (8.651576163000073 50.082644663000053)","Unfall 167009 (2019) Kat:3, Licht: 0","167009","3","3","5","03","15","1","1","0","1","1","0","0"
"POINT (8.671463639000024 50.127216757000042)","Unfall 167010 (2019) Kat:3, Licht: 0","167010","3","3","5","03","14","1","0","0","0","1","0","0"
"POINT (8.563206426000022 50.122707359000060)","Unfall 167022 (2019) Kat:3, Licht: 2","167022","3","2","0","03","20","6","1","2","0","1","0","0"
"POINT (8.584049658000026 50.103942401000040)","Unfall 167023 (2019) Kat:3, Licht: 0","167023","3","3","5","03","07","6","1","0","1","1","0","0"
"POINT (8.647977518000062 50.121471309000071)","Unfall 167024 (2019) Kat:3, Licht: 0","167024","3","4","6","03","09","6","1","0","0","1","1","0"
"POINT (8.644805587000064 50.145325070000069)","Unfall 167025 (2019) Kat:3, Licht: 0","167025","3","7","0","03","10","6","1","0","1","0","0","0"
"POINT (8.643868881000060 50.103197827000031)","Unfall 167026 (2019) Kat:3, Licht: 0","167026","3","4","6","03","14","6","1","0","0","1","1","0"
"POINT (8.635672547000070 50.104139580000037)","Unfall 167027 (2019) Kat:3, Licht: 2","167027","3","4","6","03","20","6","1","2","0","1","1","0"
"POINT (8.641719309000052 50.102005337000037)","Unfall 167028 (2019) Kat:3, Licht: 0","167028","3","7","1","03","17","6","1","0","1","1","0","0"
"POINT (8.669860300000039 50.105577252000046)","Unfall 167029 (2019) Kat:3, Licht: 2","167029","3","3","6","03","21","6","1","2","0","1","1","0"
"POINT (8.668287956000029 50.131571447000056)","Unfall 167030 (2019) Kat:3, Licht: 0","167030","3","6","2","03","08","6","1","0","0","1","0","0"
"POINT (8.656247205000057 50.108924580000064)","Unfall 167044 (2019) Kat:3, Licht: 0","167044","3","4","6","03","13","5","1","0","1","0","1","0"
"POINT (8.633289421000029 50.102314660000047)","Unfall 167045 (2019) Kat:3, Licht: 0","167045","3","4","6","03","08","5","1","0","0","1","1","0"
"POINT (8.638489663000030 50.116210364000040)","Unfall 167057 (2019) Kat:3, Licht: 0","167057","3","4","6","03","08","4","0","0","0","1","1","0"
"POINT (8.650409377000074 50.144573469000079)","Unfall 167058 (2019) Kat:3, Licht: 0","167058","3","7","0","03","18","4","0","0","0","1","1","0"
"POINT (8.697679123000057 50.156354719000035)","Unfall 167092 (2019) Kat:3, Licht: 1","167092","3","6","4","04","19","3","1","1","0","1","0","1"
"POINT (8.693498296000030 50.101043111000081)","Unfall 167093 (2019) Kat:3, Licht: 0","167093","3","4","6","04","17","3","0","0","0","1","1","0"
"POINT (8.496289075000050 50.097453852000058)","Unfall 167114 (2019) Kat:2, Licht: 0","167114","2","7","0","04","18","2","0","0","0","1","0","0"
"POINT (8.612863885000024 50.151866351000081)","Unfall 167115 (2019) Kat:3, Licht: 0","167115","3","4","6","04","17","2","0","0","1","0","1","0"
"POINT (8.661088128000074 50.191824627000074)","Unfall 167116 (2019) Kat:3, Licht: 0","167116","3","3","5","04","16","2","0","0","0","1","0","0"
"POINT (8.656459638000058 50.107899488000044)","Unfall 167117 (2019) Kat:3, Licht: 1","167117","3","7","6","04","18","2","0","1","0","1","1","0"
"POINT (8.668447126000046 50.131730314000038)","Unfall 167118 (2019) Kat:2, Licht: 0","167118","2","2","3","04","08","2","0","0","1","1","0","0"
"POINT (8.646071994000067 50.084302454000067)","Unfall 167140 (2019) Kat:3, Licht: 2","167140","3","3","5","04","22","1","0","2","0","1","0","0"
"POINT (8.700281959000051 50.128862149000042)","Unfall 167141 (2019) Kat:2, Licht: 0","167141","2","4","6","04","13","1","0","0","0","0","1","1"
"POINT (8.635904668000023 50.104163281000069)","Unfall 167142 (2019) Kat:3, Licht: 0","167142","3","3","5","04","18","1","0","0","0","1","0","0"
"POINT (8.681182825000064 50.122989014000041)","Unfall 167143 (2019) Kat:3, Licht: 0","167143","3","3","5","04","12","1","0","0","1","1","0","0"
"POINT (8.688003687000048 50.110981327000047)","Unfall 167144 (2019) Kat:2, Licht: 1","167144","2","7","0","04","19","1","0","1","0","1","0","1"
"POINT (8.693006711000066 50.113200271000039)","Unfall 167145 (2019) Kat:3, Licht: 0","167145","3","3","5","04","15","1","0","0","0","1","0","0"
"POINT (8.627868147000072 50.113491507000049)","Unfall 167160 (2019) Kat:2, Licht: 2","167160","2","3","5","04","23","7","0","2","0","1","0","0"
"POINT (8.660298872000055 50.142221705000054)","Unfall 167161 (2019) Kat:3, Licht: 0","167161","3","2","5","04","16","7","0","0","0","1","0","1"
"POINT (8.633508234000033 50.082297524000069)","Unfall 167162 (2019) Kat:3, Licht: 0","167162","3","3","0","04","12","7","0","0","1","1","0","0"
"POINT (8.688365171000044 50.117676177000078)","Unfall 167163 (2019) Kat:2, Licht: 2","167163","2","3","5","04","23","7","0","2","0","1","0","0"
"POINT (8.680022249000047 50.113923223000029)","Unfall 167164 (2019) Kat:3, Licht: 2","167164","3","1","0","04","01","7","1","2","0","1","0","0"
"POINT (8.700219584000024 50.121145898000066)","Unfall 167176 (2019) Kat:3, Licht: 0","167176","3","3","5","04","15","6","0","0","1","1","0","0"
"POINT (8.643804098000032 50.106128478000073)","Unfall 167177 (2019) Kat:3, Licht: 0","167177","3","6","2","04","16","6","0","0","0","1","0","0"
"POINT (8.605329167000036 50.092403994000051)","Unfall 167193 (2019) Kat:3, Licht: 0","167193","3","4","6","04","08","5","1","0","0","1","1","0"
"POINT (8.651854148000041 50.123353797000050)","Unfall 167194 (2019) Kat:3, Licht: 0","167194","3","2","5","04","08","5","1","0","1","1","0","0"
"POINT (8.637894523000057 50.090134397000043)","Unfall 167195 (2019) Kat:3, Licht: 0","167195","3","6","4","04","14","5","1","0","1","0","1","0"
"POINT (8.684055187000070 50.097612456000036)","Unfall 167196 (2019) Kat:3, Licht: 0","167196","3","5","1","04","07","5","0","0","0","1","0","1"
"POINT (8.731494578000024 50.118950140000038)","Unfall 167197 (2019) Kat:3, Licht: 0","167197","3","6","2","04","16","5","0","0","0","1","0","0"
"POINT (8.666590441000039 50.109758787000032)","Unfall 167215 (2019) Kat:3, Licht: 2","167215","3","4","6","04","22","4","1","2","0","1","1","0"
"POINT (8.673744884000030 50.133644869000079)","Unfall 167227 (2019) Kat:3, Licht: 0","167227","3","7","0","04","18","3","0","0","0","1","0","1"
"POINT (8.636754272000076 50.086207956000067)","Unfall 167228 (2019) Kat:3, Licht: 0","167228","3","6","2","04","15","3","0","0","1","1","0","0"
"POINT (8.682130385000050 50.100050094000039)","Unfall 167229 (2019) Kat:2, Licht: 0","167229","2","3","5","04","07","3","0","0","0","1","0","1"
"POINT (8.724303074000034 50.099164782000059)","Unfall 167251 (2019) Kat:3, Licht: 0","167251","3","3","5","04","18","2","0","0","1","1","0","0"
"POINT (8.701387167000064 50.124487463000037)","Unfall 167252 (2019) Kat:3, Licht: 0","167252","3","3","5","04","15","2","0","0","1","1","0","0"
"POINT (8.668754969000077 50.119986789000052)","Unfall 167253 (2019) Kat:2, Licht: 0","167253","2","3","5","04","10","2","0","0","1","1","0","0"
"POINT (8.675753565000036 50.107541646000072)","Unfall 167254 (2019) Kat:3, Licht: 0","167254","3","2","5","04","08","2","0","0","1","1","0","0"
"POINT (8.738182418000065 50.131497435000028)","Unfall 167275 (2019) Kat:3, Licht: 0","167275","3","3","5","03","12","1","0","0","0","1","0","0"
"POINT (8.526339049000058 50.112483560000044)","Unfall 167299 (2019) Kat:3, Licht: 0","167299","3","1","1","03","16","6","0","0","0","1","0","0"
"POINT (8.547455383000056 50.101176035000037)","Unfall 167300 (2019) Kat:3, Licht: 0","167300","3","4","6","03","13","6","0","0","0","1","1","0"
"POINT (8.652965693000056 50.127074240000070)","Unfall 167301 (2019) Kat:2, Licht: 0","167301","2","3","5","03","15","6","0","0","1","1","0","0"
"POINT (8.673690547000035 50.133637701000055)","Unfall 167302 (2019) Kat:2, Licht: 0","167302","2","3","5","03","11","6","0","0","0","1","0","1"
"POINT (8.679589135000072 50.115620305000050)","Unfall 167303 (2019) Kat:3, Licht: 1","167303","3","4","6","03","18","6","0","1","1","0","1","0"
"POINT (8.622994968000057 50.129469767000046)","Unfall 167327 (2019) Kat:3, Licht: 0","167327","3","6","2","03","17","5","0","0","0","1","0","0"
"POINT (8.727538886000048 50.116681551000056)","Unfall 167328 (2019) Kat:3, Licht: 1","167328","3","2","5","03","05","5","0","1","1","0","0","1"
"POINT (8.663660570000047 50.108939912000039)","Unfall 167329 (2019) Kat:3, Licht: 2","167329","3","6","3","03","23","5","0","2","0","1","0","0"
"POINT (8.656303925000032 50.106795648000059)","Unfall 167330 (2019) Kat:3, Licht: 0","167330","3","2","5","03","15","5","0","0","1","1","0","0"
"POINT (8.645195726000054 50.103004116000079)","Unfall 167331 (2019) Kat:3, Licht: 0","167331","3","6","3","03","14","5","0","0","0","1","0","0"
"POINT (8.505452275000039 50.100157519000049)","Unfall 167335 (2019) Kat:3, Licht: 0","167335","3","7","6","04","11","4","0","0","1","0","1","0"
"POINT (8.674629004000053 50.139870601000041)","Unfall 167336 (2019) Kat:3, Licht: 0","167336","3","6","0","04","13","4","0","0","1","1","0","0"
"POINT (8.580817831000047 50.106264428000031)","Unfall 167341 (2019) Kat:2, Licht: 0","167341","2","4","6","04","10","5","0","0","0","1","1","0"
"POINT (8.651047685000037 50.121736248000047)","Unfall 167342 (2019) Kat:3, Licht: 0","167342","3","3","0","04","19","5","0","0","0","1","0","1"
"POINT (8.742929180000033 50.122448585000029)","Unfall 167343 (2019) Kat:3, Licht: 0","167343","3","6","3","04","11","5","0","0","1","1","0","0"
"POINT (8.672476008000047 50.114538231000040)","Unfall 167354 (2019) Kat:3, Licht: 0","167354","3","6","2","04","12","4","0","0","0","0","0","1"
"POINT (8.657901880000054 50.159257538000077)","Unfall 167368 (2019) Kat:3, Licht: 0","167368","3","4","2","04","16","3","0","0","0","1","1","1"
"POINT (8.648780445000057 50.088344396000082)","Unfall 167369 (2019) Kat:3, Licht: 0","167369","3","3","5","04","18","3","0","0","1","1","0","0"
"POINT (8.660920517000022 50.107652179000070)","Unfall 167370 (2019) Kat:2, Licht: 0","167370","2","3","5","04","10","3","0","0","1","1","0","0"
"POINT (8.614033094000035 50.096558465000044)","Unfall 167382 (2019) Kat:2, Licht: 0","167382","2","6","2","04","20","2","0","0","1","1","0","0"
"POINT (8.633091029000070 50.155874284000049)","Unfall 167383 (2019) Kat:3, Licht: 2","167383","3","1","8","04","01","2","0","2","0","1","0","0"
"POINT (8.588076753000053 50.052536398000029)","Unfall 167395 (2019) Kat:3, Licht: 0","167395","3","7","6","04","14","1","0","0","0","1","1","0"
"POINT (8.663902967000070 50.136223575000031)","Unfall 167398 (2019) Kat:3, Licht: 0","167398","3","6","2","04","12","1","0","0","0","1","0","0"
"POINT (8.725097782000034 50.094791244000078)","Unfall 167399 (2019) Kat:3, Licht: 0","167399","3","7","1","04","11","1","0","0","1","1","0","0"
"POINT (8.692996368000024 50.128813679000075)","Unfall 167400 (2019) Kat:3, Licht: 0","167400","3","6","2","04","13","1","0","0","0","1","0","0"
"POINT (8.674956586000064 50.111314536000066)","Unfall 167414 (2019) Kat:3, Licht: 0","167414","3","2","3","04","13","7","0","0","1","1","0","0"
"POINT (8.637828549000062 50.181077638000033)","Unfall 167432 (2019) Kat:3, Licht: 0","167432","3","7","7","04","14","6","0","0","1","0","1","0"
"POINT (8.687746331000028 50.108880748000047)","Unfall 167433 (2019) Kat:3, Licht: 2","167433","3","6","2","04","23","6","0","2","0","1","0","1"
"POINT (8.530688746000067 50.101644042000032)","Unfall 167445 (2019) Kat:2, Licht: 0","167445","2","6","3","04","10","5","0","0","0","1","0","1"
"POINT (8.630744117000063 50.155988132000061)","Unfall 167446 (2019) Kat:3, Licht: 0","167446","3","7","5","04","11","5","0","0","0","1","0","0"
"POINT (8.608560386000022 50.093170172000043)","Unfall 167466 (2019) Kat:3, Licht: 0","167466","3","3","5","04","16","4","0","0","1","0","0","0"
"POINT (8.605858282000042 50.099207140000033)","Unfall 167467 (2019) Kat:3, Licht: 0","167467","3","7","6","04","16","4","0","0","0","1","1","0"
"POINT (8.650204751000047 50.123094852000065)","Unfall 167468 (2019) Kat:3, Licht: 0","167468","3","7","1","04","12","4","0","0","0","1","0","0"
"POINT (8.688124902000027 50.109576765000043)","Unfall 167469 (2019) Kat:3, Licht: 0","167469","3","6","2","04","15","4","0","0","0","1","0","0"
"POINT (8.687980610000068 50.112487785000042)","Unfall 167470 (2019) Kat:3, Licht: 0","167470","3","7","5","04","13","4","0","0","0","0","0","0"
"POINT (8.545360230000028 50.102228936000074)","Unfall 167485 (2019) Kat:3, Licht: 0","167485","3","3","5","04","14","3","0","0","0","1","0","0"
"POINT (8.678343946000041 50.118921819000036)","Unfall 167486 (2019) Kat:3, Licht: 0","167486","3","6","2","04","12","3","0","0","0","1","1","0"
"POINT (8.672861837000028 50.114927587000068)","Unfall 167487 (2019) Kat:3, Licht: 0","167487","3","6","0","04","09","3","0","0","1","0","0","0"
"POINT (8.624529696000025 50.183801824000057)","Unfall 167504 (2019) Kat:2, Licht: 0","167504","2","3","5","04","20","2","0","0","1","1","0","0"
"POINT (8.690671038000062 50.130156625000041)","Unfall 167505 (2019) Kat:3, Licht: 0","167505","3","3","5","04","12","2","0","0","1","1","0","0"
"POINT (8.587923283000066 50.052499861000058)","Unfall 167521 (2019) Kat:3, Licht: 0","167521","3","7","6","04","09","1","0","0","0","1","1","0"
"POINT (8.708726789000025 50.130973204000043)","Unfall 167523 (2019) Kat:3, Licht: 0","167523","3","7","0","04","10","1","0","0","0","0","0","1"
"POINT (8.666107153000041 50.108956210000031)","Unfall 167524 (2019) Kat:3, Licht: 1","167524","3","4","6","04","06","1","1","1","0","1","1","0"
"POINT (8.623020614000041 50.153880775000061)","Unfall 167535 (2019) Kat:3, Licht: 0","167535","3","3","5","04","15","7","0","0","0","1","0","0"
"POINT (8.658640138000067 50.159621197000035)","Unfall 167536 (2019) Kat:3, Licht: 0","167536","3","1","0","04","15","7","0","0","1","0","0","0"
"POINT (8.542175593000025 50.101718624000057)","Unfall 167543 (2019) Kat:3, Licht: 0","167543","3","2","6","04","10","6","0","0","0","1","1","0"
"POINT (8.608564269000055 50.127925907000076)","Unfall 167544 (2019) Kat:3, Licht: 0","167544","3","3","5","04","07","6","0","0","1","1","0","0"
"POINT (8.699536242000022 50.119115676000035)","Unfall 167545 (2019) Kat:3, Licht: 0","167545","3","3","5","04","11","6","0","0","1","1","0","0"
"POINT (8.687119023000037 50.113732598000070)","Unfall 167546 (2019) Kat:3, Licht: 0","167546","3","4","6","04","19","6","0","0","0","1","1","0"
"POINT (8.687801371000035 50.115731867000079)","Unfall 167547 (2019) Kat:3, Licht: 0","167547","3","6","3","04","18","6","0","0","1","1","0","0"
"POINT (8.669803299000023 50.129384525000035)","Unfall 167561 (2019) Kat:3, Licht: 0","167561","3","6","2","04","16","5","0","0","0","1","0","0"
"POINT (8.642393669000057 50.117604984000081)","Unfall 167588 (2019) Kat:2, Licht: 2","167588","2","6","3","04","22","4","0","2","1","1","0","0"
"POINT (8.652227293000067 50.116742552000062)","Unfall 167589 (2019) Kat:2, Licht: 0","167589","2","3","5","04","17","4","0","0","1","0","0","0"
"POINT (8.642661409000027 50.080348008000044)","Unfall 167590 (2019) Kat:3, Licht: 0","167590","3","3","5","04","16","4","0","0","1","0","0","0"
"POINT (8.635467835000043 50.105840280000052)","Unfall 167591 (2019) Kat:3, Licht: 0","167591","3","3","5","04","06","4","0","0","1","1","0","0"
"POINT (8.670828650000033 50.115471301000071)","Unfall 167592 (2019) Kat:3, Licht: 0","167592","3","2","5","04","09","4","0","0","1","1","0","0"
"POINT (8.692755970000064 50.132014228000060)","Unfall 167593 (2019) Kat:3, Licht: 0","167593","3","6","3","04","16","4","0","0","0","1","0","0"
"POINT (8.677257869000073 50.116120076000072)","Unfall 167594 (2019) Kat:3, Licht: 0","167594","3","1","0","04","11","4","0","0","0","1","0","0"
"POINT (8.665369562000024 50.136745481000048)","Unfall 167609 (2019) Kat:3, Licht: 2","167609","3","2","5","05","22","1","0","2","0","1","0","0"
"POINT (8.677885302000050 50.105322041000079)","Unfall 167610 (2019) Kat:2, Licht: 2","167610","2","4","6","05","00","1","0","2","0","1","1","0"
"POINT (8.672181434000038 50.110829634000027)","Unfall 167611 (2019) Kat:3, Licht: 0","167611","3","3","5","05","17","1","0","0","1","1","0","0"
"POINT (8.691989063000051 50.126256614000056)","Unfall 167622 (2019) Kat:2, Licht: 2","167622","2","7","3","05","02","7","1","2","0","1","0","0"
"POINT (8.688740973000051 50.118599945000028)","Unfall 167623 (2019) Kat:3, Licht: 0","167623","3","1","8","05","06","7","1","0","0","1","0","0"
"POINT (8.683815838000044 50.113507377000076)","Unfall 167624 (2019) Kat:3, Licht: 2","167624","3","4","6","05","02","7","1","2","0","1","1","0"
"POINT (8.547360445000038 50.114665650000063)","Unfall 167638 (2019) Kat:3, Licht: 0","167638","3","6","2","05","12","6","0","0","0","1","0","0"
"POINT (8.638491867000028 50.186353137000026)","Unfall 167639 (2019) Kat:2, Licht: 0","167639","2","3","5","05","15","6","0","0","1","1","0","0"
"POINT (8.675969724000026 50.116188582000063)","Unfall 167640 (2019) Kat:3, Licht: 0","167640","3","6","0","05","14","6","0","0","0","1","0","1"
"POINT (8.626377710000043 50.154400529000043)","Unfall 167657 (2019) Kat:2, Licht: 0","167657","2","2","2","05","17","5","1","0","0","1","0","0"
"POINT (8.660343184000055 50.108169662000080)","Unfall 167658 (2019) Kat:3, Licht: 0","167658","3","3","0","05","17","5","1","0","1","1","0","0"
"POINT (8.675696332000030 50.122021564000079)","Unfall 167659 (2019) Kat:3, Licht: 0","167659","3","3","5","05","10","5","1","0","1","1","0","0"
"POINT (8.688998013000060 50.118389978000039)","Unfall 167660 (2019) Kat:3, Licht: 0","167660","3","3","5","05","12","5","1","0","0","1","0","0"
"POINT (8.692072549000045 50.127238383000076)","Unfall 167661 (2019) Kat:3, Licht: 0","167661","3","6","2","05","11","5","1","0","0","1","0","0"
"POINT (8.675852225000028 50.107546634000073)","Unfall 167662 (2019) Kat:3, Licht: 0","167662","3","2","3","05","08","5","0","0","1","1","0","0"
"POINT (8.649129347000041 50.113743984000052)","Unfall 167683 (2019) Kat:3, Licht: 0","167683","3","6","2","05","16","4","1","0","0","1","0","0"
"POINT (8.625510646000066 50.132583683000064)","Unfall 167684 (2019) Kat:3, Licht: 0","167684","3","7","6","05","13","4","1","0","0","0","1","0"
"POINT (8.658279760000028 50.103366876000052)","Unfall 167685 (2019) Kat:3, Licht: 0","167685","3","6","2","05","09","4","1","0","0","1","0","0"
"POINT (8.673781510000026 50.126676599000064)","Unfall 167686 (2019) Kat:3, Licht: 0","167686","3","2","5","05","12","4","1","0","1","1","0","0"
"POINT (8.692100767000056 50.109325714000079)","Unfall 167687 (2019) Kat:3, Licht: 0","167687","3","6","2","05","17","4","1","0","0","1","0","0"
"POINT (8.595579557000065 50.134258965000072)","Unfall 167702 (2019) Kat:2, Licht: 0","167702","2","6","2","05","19","4","1","0","0","1","0","0"
"POINT (8.605416990000038 50.101126586000078)","Unfall 167705 (2019) Kat:3, Licht: 0","167705","3","3","5","05","14","3","0","0","1","1","0","0"
"POINT (8.627964995000070 50.113868949000050)","Unfall 167706 (2019) Kat:3, Licht: 0","167706","3","4","6","05","07","3","0","0","1","0","1","0"
"POINT (8.664103555000054 50.151532033000080)","Unfall 167723 (2019) Kat:3, Licht: 0","167723","3","3","5","05","19","2","0","0","1","1","0","0"
"POINT (8.678101738000066 50.140780634000066)","Unfall 167724 (2019) Kat:3, Licht: 0","167724","3","5","1","05","08","2","0","0","1","0","0","0"
"POINT (8.632940782000048 50.103856156000063)","Unfall 167725 (2019) Kat:3, Licht: 0","167725","3","3","5","05","19","2","0","0","1","1","0","0"
"POINT (8.676446618000057 50.132204366000053)","Unfall 167726 (2019) Kat:3, Licht: 0","167726","3","7","4","05","08","2","0","0","1","0","0","0"
"POINT (8.626594496000053 50.107837578000044)","Unfall 167735 (2019) Kat:3, Licht: 0","167735","3","1","9","05","06","1","0","0","0","1","0","0"
"POINT (8.705415544000061 50.130763309000031)","Unfall 167736 (2019) Kat:3, Licht: 2","167736","3","1","8","05","04","1","0","2","0","1","0","0"
"POINT (8.658276878000038 50.103605998000035)","Unfall 167745 (2019) Kat:3, Licht: 0","167745","3","6","2","05","15","7","0","0","0","1","0","0"
"POINT (8.692122888000029 50.127589063000073)","Unfall 167746 (2019) Kat:3, Licht: 0","167746","3","1","8","05","06","7","1","0","0","1","0","0"
"POINT (8.695118971000056 50.059268964000069)","Unfall 167748 (2019) Kat:3, Licht: 0","167748","3","4","6","05","13","7","1","0","0","1","1","0"
"POINT (8.767689370000028 50.127483795000046)","Unfall 167754 (2019) Kat:3, Licht: 0","167754","3","3","5","05","07","6","0","0","1","1","0","0"
"POINT (8.668120504000058 50.133471932000077)","Unfall 167767 (2019) Kat:3, Licht: 0","167767","3","2","3","05","09","5","0","0","1","1","0","0"
"POINT (8.680543036000074 50.095964265000077)","Unfall 167768 (2019) Kat:3, Licht: 0","167768","3","7","0","05","08","5","0","0","0","1","0","1"
"POINT (8.671872958000051 50.100471057000050)","Unfall 167781 (2019) Kat:2, Licht: 1","167781","2","3","5","05","20","4","0","1","0","1","0","0"
"POINT (8.675638621000076 50.123258510000028)","Unfall 167782 (2019) Kat:2, Licht: 0","167782","2","2","3","05","14","4","0","0","1","1","0","0"