WKT,Name,OBJECTID,UKATEGORIE,UTYP1,UART,UMONAT,USTUNDE,UWOCHENTAG,STRZUSTAND,ULICHTVERH,ISTRAD,ISTPKW,ISTFUSS,ISTKRAD
"POINT (8.686536129000047 50.120036102000029)","Unfall 167783 (2019) Kat:2, Licht: 0","167783","2","2","3","05","17","4","0","0","1","1","0","0"
"POINT (8.756072843000027 50.155880985000067)","Unfall 167796 (2019) Kat:3, Licht: 0","167796","3","7","6","05","16","4","0","0","0","1","1","0"
"POINT (8.670565013000044 50.101801469000065)","Unfall 167800 (2019) Kat:3, Licht: 0","167800","3","3","5","04","12","3","0","0","0","1","0","1"
"POINT (8.632677892000061 50.098426834000065)","Unfall 167801 (2019) Kat:3, Licht: 0","167801","3","2","5","04","17","3","0","0","1","1","0","0"
"POINT (8.688690250000036 50.118088702000080)","Unfall 167802 (2019) Kat:3, Licht: 0","167802","3","7","3","04","17","3","0","0","1","0","0","0"
"POINT (8.659751492000055 50.119069949000050)","Unfall 167827 (2019) Kat:3, Licht: 0","167827","3","2","4","04","09","2","0","0","1","1","0","0"
"POINT (8.671694049000053 50.127272284000071)","Unfall 167828 (2019) Kat:3, Licht: 0","167828","3","6","3","04","10","2","0","0","0","1","0","0"
"POINT (8.689011578000077 50.118404070000054)","Unfall 167829 (2019) Kat:3, Licht: 2","167829","3","6","3","04","23","2","1","2","0","1","0","0"
"POINT (8.614555359000065 50.113383460000080)","Unfall 167851 (2019) Kat:3, Licht: 0","167851","3","3","5","04","16","7","1","0","0","1","0","0"
"POINT (8.648234300000070 50.121352524000031)","Unfall 167852 (2019) Kat:3, Licht: 0","167852","3","7","0","04","12","7","1","0","1","1","0","0"
"POINT (8.642967252000062 50.068360339000037)","Unfall 167853 (2019) Kat:3, Licht: 0","167853","3","1","8","04","06","7","1","0","0","1","0","0"
"POINT (8.673217504000036 50.122124306000046)","Unfall 167854 (2019) Kat:3, Licht: 0","167854","3","3","5","04","12","7","1","0","1","1","0","0"
"POINT (8.597502664000047 50.099965059000056)","Unfall 167869 (2019) Kat:3, Licht: 0","167869","3","6","3","04","13","6","1","0","0","1","0","0"
"POINT (8.645216227000049 50.113800437000066)","Unfall 167870 (2019) Kat:3, Licht: 0","167870","3","2","3","04","06","6","1","0","1","1","0","0"
"POINT (8.688999219000039 50.118391231000032)","Unfall 167871 (2019) Kat:3, Licht: 0","167871","3","6","2","04","15","6","1","0","0","1","0","0"
"POINT (8.707047598000031 50.128710640000065)","Unfall 167895 (2019) Kat:3, Licht: 0","167895","3","3","5","05","17","1","0","0","1","0","0","0"
"POINT (8.517529866000075 50.080285980000042)","Unfall 167912 (2019) Kat:3, Licht: 0","167912","3","7","1","05","14","7","0","0","1","1","0","0"
"POINT (8.606406153000023 50.112610332000031)","Unfall 167913 (2019) Kat:3, Licht: 0","167913","3","2","5","05","08","7","0","0","1","1","0","0"
"POINT (8.569381407000037 50.101550629000030)","Unfall 167914 (2019) Kat:3, Licht: 0","167914","3","3","5","05","14","7","0","0","0","1","0","0"
"POINT (8.628671918000066 50.162796219000029)","Unfall 167915 (2019) Kat:3, Licht: 0","167915","3","6","2","05","18","7","0","0","0","1","0","0"
"POINT (8.689250605000041 50.102486056000032)","Unfall 167916 (2019) Kat:3, Licht: 2","167916","3","1","0","05","21","7","0","2","1","0","0","0"
"POINT (8.535172783000064 50.108024678000049)","Unfall 167932 (2019) Kat:2, Licht: 2","167932","2","4","6","05","20","6","0","2","0","1","1","0"
"POINT (8.691494635000026 50.183783544000050)","Unfall 167933 (2019) Kat:3, Licht: 0","167933","3","7","6","05","08","6","0","0","0","1","1","0"
"POINT (8.628874775000043 50.176029381000035)","Unfall 167934 (2019) Kat:3, Licht: 0","167934","3","6","2","05","07","6","0","0","0","1","0","0"
"POINT (8.657233714000029 50.110960780000028)","Unfall 167935 (2019) Kat:3, Licht: 0","167935","3","3","5","05","10","6","0","0","0","1","0","0"
"POINT (8.643699817000027 50.108637955000063)","Unfall 167936 (2019) Kat:3, Licht: 0","167936","3","2","3","05","18","6","0","0","1","1","0","0"
"POINT (8.604823072000045 50.121593679000057)","Unfall 167937 (2019) Kat:3, Licht: 0","167937","3","3","5","05","16","6","0","0","1","1","0","0"
"POINT (8.569837467000070 50.050745810000080)","Unfall 167956 (2019) Kat:2, Licht: 0","167956","2","4","6","05","16","5","0","0","0","1","1","0"
"POINT (8.555254806000050 50.118218146000061)","Unfall 167959 (2019) Kat:3, Licht: 0","167959","3","3","5","05","08","5","0","0","0","1","0","1"
"POINT (8.590918120000026 50.058849402000078)","Unfall 167974 (2019) Kat:3, Licht: 0","167974","3","3","5","05","13","4","0","0","0","1","0","0"
"POINT (8.702627767000024 50.117999601000065)","Unfall 167977 (2019) Kat:3, Licht: 0","167977","3","7","1","05","10","4","0","0","1","1","0","0"
"POINT (8.631133918000046 50.158490520000043)","Unfall 167995 (2019) Kat:3, Licht: 2","167995","3","1","8","05","04","3","1","2","0","1","0","0"
"POINT (8.702792534000025 50.119211672000063)","Unfall 167996 (2019) Kat:3, Licht: 0","167996","3","4","0","05","14","3","1","0","1","0","1","0"
"POINT (8.575374703000023 50.104685925000069)","Unfall 168015 (2019) Kat:3, Licht: 0","168015","3","6","0","05","08","2","0","0","1","0","0","0"
"POINT (8.702906727000027 50.119302768000068)","Unfall 168016 (2019) Kat:3, Licht: 0","168016","3","3","5","05","16","2","1","0","0","1","0","0"
"POINT (8.731226193000055 50.111377678000053)","Unfall 168017 (2019) Kat:3, Licht: 0","168017","3","4","6","05","10","2","0","0","0","0","1","0"
"POINT (8.659833917000071 50.119177285000035)","Unfall 168018 (2019) Kat:3, Licht: 0","168018","3","2","0","05","09","2","0","0","1","1","0","0"
"POINT (8.491268633000061 50.096876356000053)","Unfall 168027 (2019) Kat:3, Licht: 1","168027","3","1","1","05","05","1","1","1","0","1","0","0"
"POINT (8.643038640000043 50.116905410000072)","Unfall 168028 (2019) Kat:3, Licht: 0","168028","3","3","5","05","10","1","0","0","1","0","0","0"
"POINT (8.765675547000058 50.124435870000070)","Unfall 168029 (2019) Kat:3, Licht: 0","168029","3","2","5","05","17","1","0","0","0","1","0","0"
"POINT (8.540944192000040 50.104233095000041)","Unfall 168041 (2019) Kat:3, Licht: 0","168041","3","3","5","05","14","7","0","0","1","0","0","0"
"POINT (8.680675396000027 50.167686259000050)","Unfall 168042 (2019) Kat:3, Licht: 0","168042","3","6","0","05","14","7","0","0","1","1","0","0"
"POINT (8.666386375000059 50.111854142000027)","Unfall 168043 (2019) Kat:3, Licht: 2","168043","3","6","0","05","23","7","1","2","0","1","0","1"
"POINT (8.678104732000065 50.105072249000045)","Unfall 168057 (2019) Kat:3, Licht: 0","168057","3","5","1","05","16","6","0","0","1","1","0","0"
"POINT (8.630832172000055 50.105370694000044)","Unfall 168058 (2019) Kat:3, Licht: 0","168058","3","5","1","05","14","6","0","0","1","1","0","0"
"POINT (8.548451531000069 50.101810555000043)","Unfall 168069 (2019) Kat:3, Licht: 0","168069","3","1","6","05","11","5","0","0","0","0","1","0"
"POINT (8.605476913000075 50.092404547000058)","Unfall 168070 (2019) Kat:3, Licht: 2","168070","3","3","5","05","22","5","1","2","0","1","0","0"
"POINT (8.663770760000034 50.110116414000061)","Unfall 168071 (2019) Kat:3, Licht: 0","168071","3","6","4","05","08","5","1","0","1","0","0","0"
"POINT (8.547780332000059 50.102407840000069)","Unfall 168090 (2019) Kat:3, Licht: 0","168090","3","6","2","05","18","4","0","0","0","1","0","1"
"POINT (8.510876887000052 50.087920152000038)","Unfall 168091 (2019) Kat:2, Licht: 0","168091","2","3","5","05","10","4","0","0","1","1","0","0"
"POINT (8.614574315000027 50.096558998000035)","Unfall 168092 (2019) Kat:3, Licht: 0","168092","3","5","1","05","10","4","0","0","0","1","0","0"
"POINT (8.605430515000023 50.096551046000059)","Unfall 168093 (2019) Kat:2, Licht: 0","168093","2","4","6","05","09","4","0","0","0","1","1","0"
"POINT (8.634895617000041 50.116936883000051)","Unfall 168094 (2019) Kat:3, Licht: 0","168094","3","7","1","05","16","4","0","0","1","1","0","0"
"POINT (8.672987338000041 50.103043310000032)","Unfall 168095 (2019) Kat:3, Licht: 2","168095","3","1","1","05","21","4","0","2","1","1","0","0"
"POINT (8.657693612000060 50.105044116000045)","Unfall 168096 (2019) Kat:3, Licht: 0","168096","3","6","0","05","11","4","0","0","0","1","0","0"
"POINT (8.664039907000074 50.125056047000044)","Unfall 168097 (2019) Kat:3, Licht: 0","168097","3","5","1","05","18","4","0","0","1","1","0","0"
"POINT (8.675804602000028 50.107534195000028)","Unfall 168098 (2019) Kat:3, Licht: 0","168098","3","2","3","05","09","4","0","0","1","1","0","0"
"POINT (8.687974802000042 50.114769319000061)","Unfall 168099 (2019) Kat:3, Licht: 0","168099","3","7","5","05","11","4","0","0","0","1","0","0"
"POINT (8.544123330000048 50.098759430000030)","Unfall 168117 (2019) Kat:3, Licht: 0","168117","3","3","5","05","09","3","0","0","0","1","0","0"
"POINT (8.599480784000036 50.096537293000040)","Unfall 168118 (2019) Kat:3, Licht: 0","168118","3","6","2","05","16","3","0","0","0","1","0","0"
"POINT (8.636213081000051 50.170848469000077)","Unfall 168119 (2019) Kat:3, Licht: 2","168119","3","3","5","05","02","3","0","2","0","1","0","0"
"POINT (8.604865847000042 50.109467895000080)","Unfall 168120 (2019) Kat:3, Licht: 0","168120","3","6","2","05","10","3","0","0","0","1","0","0"
"POINT (8.653747925000062 50.080056295000077)","Unfall 168121 (2019) Kat:3, Licht: 0","168121","3","5","1","05","10","3","0","0","0","1","0","0"
"POINT (8.691983359000062 50.126619101000074)","Unfall 168122 (2019) Kat:3, Licht: 0","168122","3","4","0","05","17","3","0","0","1","0","1","0"
"POINT (8.743010208000044 50.144771663000029)","Unfall 168131 (2019) Kat:2, Licht: 0","168131","2","2","5","05","18","3","0","0","1","1","0","0"
"POINT (8.745815830000026 50.159649381000065)","Unfall 168132 (2019) Kat:3, Licht: 0","168132","3","6","2","05","17","3","0","0","0","1","0","1"
"POINT (8.565550631000065 50.049764519000064)","Unfall 168133 (2019) Kat:3, Licht: 0","168133","3","6","2","05","11","2","0","0","0","1","0","0"
"POINT (8.629195307000032 50.084524227000031)","Unfall 168137 (2019) Kat:3, Licht: 0","168137","3","3","5","05","15","2","0","0","0","1","0","0"
"POINT (8.677727875000073 50.105501193000066)","Unfall 168138 (2019) Kat:3, Licht: 0","168138","3","2","3","05","18","2","0","0","1","1","0","0"
"POINT (8.660725446000072 50.096673668000051)","Unfall 168139 (2019) Kat:3, Licht: 0","168139","3","6","2","05","17","2","0","0","0","1","0","0"
"POINT (8.689450886000032 50.124528038000051)","Unfall 168140 (2019) Kat:3, Licht: 2","168140","3","1","1","05","00","2","0","2","1","1","0","0"
"POINT (8.514781745000050 50.085054307000064)","Unfall 168161 (2019) Kat:3, Licht: 0","168161","3","3","5","06","13","1","0","0","1","1","0","0"
"POINT (8.708842178000054 50.130903326000066)","Unfall 168162 (2019) Kat:3, Licht: 0","168162","3","6","2","06","14","1","0","0","0","1","0","0"
"POINT (8.620346163000022 50.118355962000066)","Unfall 168172 (2019) Kat:3, Licht: 0","168172","3","3","5","06","15","7","0","0","0","1","0","0"
"POINT (8.665862566000044 50.131371385000079)","Unfall 168173 (2019) Kat:2, Licht: 0","168173","2","3","5","06","14","7","0","0","1","1","0","0"
"POINT (8.694858825000040 50.127940374000048)","Unfall 168174 (2019) Kat:2, Licht: 2","168174","2","3","5","06","00","7","1","2","0","1","0","1"
"POINT (8.666674921000038 50.142237626000053)","Unfall 168191 (2019) Kat:3, Licht: 0","168191","3","3","5","06","18","6","0","0","0","1","0","0"
"POINT (8.695703766000065 50.116499860000033)","Unfall 168192 (2019) Kat:3, Licht: 0","168192","3","7","2","06","13","6","0","0","0","1","0","1"
"POINT (8.690861552000058 50.123376577000045)","Unfall 168193 (2019) Kat:3, Licht: 0","168193","3","4","6","06","19","6","1","0","0","1","1","0"
"POINT (8.679220276000024 50.169198064000057)","Unfall 168214 (2019) Kat:3, Licht: 0","168214","3","1","1","06","17","5","0","0","0","1","0","1"
"POINT (8.646361796000065 50.129937636000079)","Unfall 168215 (2019) Kat:3, Licht: 0","168215","3","6","4","06","09","5","0","0","0","1","0","0"
"POINT (8.656907164000074 50.142829407000079)","Unfall 168216 (2019) Kat:3, Licht: 0","168216","3","6","2","06","13","5","0","0","0","1","0","1"
"POINT (8.667499386000031 50.099792139000044)","Unfall 168217 (2019) Kat:2, Licht: 0","168217","2","6","3","06","10","5","0","0","0","1","0","0"
"POINT (8.598744776000046 50.096557624000070)","Unfall 168236 (2019) Kat:3, Licht: 0","168236","3","3","5","06","09","4","1","0","0","1","0","1"
"POINT (8.665467360000037 50.155089750000059)","Unfall 168237 (2019) Kat:3, Licht: 0","168237","3","3","5","06","18","4","0","0","1","0","0","0"
"POINT (8.697538884000039 50.128453145000037)","Unfall 168238 (2019) Kat:3, Licht: 0","168238","3","3","5","06","14","4","0","0","1","1","0","0"
"POINT (8.675088893000066 50.109774484000070)","Unfall 168239 (2019) Kat:3, Licht: 1","168239","3","5","1","06","20","4","0","1","1","1","0","0"
"POINT (8.664261992000036 50.204682321000064)","Unfall 168258 (2019) Kat:3, Licht: 0","168258","3","2","5","06","08","3","0","0","1","0","0","0"
"POINT (8.662926591000030 50.111444857000038)","Unfall 168259 (2019) Kat:3, Licht: 0","168259","3","7","6","06","18","3","0","0","0","1","1","0"
"POINT (8.667105375000062 50.137517345000049)","Unfall 168260 (2019) Kat:3, Licht: 0","168260","3","6","2","06","14","3","0","0","0","1","0","0"
"POINT (8.746178375000056 50.130504885000050)","Unfall 168261 (2019) Kat:3, Licht: 0","168261","3","2","6","06","20","3","0","0","0","1","1","0"
"POINT (8.750070120000032 50.133632368000065)","Unfall 168262 (2019) Kat:3, Licht: 0","168262","3","4","6","06","07","3","0","0","1","0","1","0"
"POINT (8.662619874000029 50.101216832000034)","Unfall 168263 (2019) Kat:2, Licht: 1","168263","2","1","0","06","21","3","0","1","1","1","0","0"
"POINT (8.622588937000046 50.105430268000077)","Unfall 168264 (2019) Kat:3, Licht: 1","168264","3","3","5","06","21","3","0","1","1","1","0","0"
"POINT (8.667541682000035 50.108886039000026)","Unfall 168265 (2019) Kat:3, Licht: 0","168265","3","7","6","06","11","3","0","0","0","1","1","0"
"POINT (8.674074627000039 50.119015676000060)","Unfall 168266 (2019) Kat:3, Licht: 0","168266","3","3","5","06","12","3","0","0","1","1","0","0"
"POINT (8.664857957000038 50.122705303000032)","Unfall 168267 (2019) Kat:3, Licht: 0","168267","3","3","5","06","12","3","0","0","1","1","0","0"
"POINT (8.634967958000061 50.110367964000034)","Unfall 168285 (2019) Kat:3, Licht: 0","168285","3","1","0","06","09","2","0","0","1","0","0","0"
"POINT (8.646238029000074 50.131228208000039)","Unfall 168286 (2019) Kat:3, Licht: 0","168286","3","2","5","06","08","2","0","0","0","1","0","0"
"POINT (8.654293249000034 50.158442987000058)","Unfall 168287 (2019) Kat:3, Licht: 0","168287","3","2","3","06","18","2","0","0","1","0","0","0"
"POINT (8.757051370000056 50.132979724000052)","Unfall 168288 (2019) Kat:3, Licht: 0","168288","3","3","5","06","11","2","0","0","1","1","0","0"
"POINT (8.673177621000036 50.107323963000056)","Unfall 168289 (2019) Kat:3, Licht: 0","168289","3","3","5","06","15","2","1","0","0","1","0","0"
"POINT (8.671430345000033 50.127050143000076)","Unfall 168290 (2019) Kat:2, Licht: 0","168290","2","7","7","06","19","2","0","0","1","0","0","0"
"POINT (8.626383073000056 50.084408170000074)","Unfall 168306 (2019) Kat:2, Licht: 0","168306","2","6","2","06","14","1","0","0","0","1","0","0"
"POINT (8.676099404000070 50.116219412000078)","Unfall 168307 (2019) Kat:3, Licht: 0","168307","3","6","0","06","15","1","0","0","0","1","0","1"
"POINT (8.546842808000065 50.114611835000062)","Unfall 168319 (2019) Kat:3, Licht: 0","168319","3","3","5","06","13","7","0","0","1","1","0","0"
"POINT (8.599736347000032 50.093911285000047)","Unfall 168320 (2019) Kat:3, Licht: 0","168320","3","3","5","06","08","7","0","0","1","1","0","0"
"POINT (8.616115321000052 50.163331892000031)","Unfall 168321 (2019) Kat:3, Licht: 0","168321","3","3","5","06","13","7","0","0","0","1","0","0"
"POINT (8.689992031000031 50.102684687000078)","Unfall 168322 (2019) Kat:3, Licht: 0","168322","3","7","0","06","16","7","0","0","0","0","1","0"
"POINT (8.679398950000064 50.112615135000055)","Unfall 168323 (2019) Kat:3, Licht: 0","168323","3","6","3","06","17","7","0","0","1","1","0","0"
"POINT (8.568839380000043 50.050502047000066)","Unfall 168338 (2019) Kat:3, Licht: 0","168338","3","7","0","05","13","6","0","0","0","1","0","0"
"POINT (8.534635009000056 50.108515855000064)","Unfall 168341 (2019) Kat:3, Licht: 1","168341","3","3","5","05","21","6","0","1","0","1","0","0"
"POINT (8.544121177000022 50.098762772000043)","Unfall 168342 (2019) Kat:3, Licht: 2","168342","3","3","5","05","00","6","0","2","0","1","0","0"
"POINT (8.649280982000050 50.108922840000048)","Unfall 168343 (2019) Kat:3, Licht: 0","168343","3","3","5","05","13","6","0","0","0","1","0","1"
"POINT (8.605043602000023 50.123304834000066)","Unfall 168344 (2019) Kat:3, Licht: 0","168344","3","3","5","05","11","6","0","0","0","1","0","1"
"POINT (8.746221792000029 50.122704363000025)","Unfall 168345 (2019) Kat:3, Licht: 0","168345","3","2","5","05","14","6","0","0","1","1","0","0"
"POINT (8.676922215000047 50.115918698000030)","Unfall 168346 (2019) Kat:3, Licht: 0","168346","3","4","6","05","17","6","0","0","0","1","1","0"
"POINT (8.595628818000023 50.097701526000037)","Unfall 168360 (2019) Kat:3, Licht: 0","168360","3","4","6","05","19","5","0","0","0","1","1","0"
"POINT (8.622718965000047 50.149916470000051)","Unfall 168375 (2019) Kat:3, Licht: 0","168375","3","7","0","05","14","4","0","0","1","1","0","0"
"POINT (8.614109787000075 50.114288866000038)","Unfall 168376 (2019) Kat:3, Licht: 0","168376","3","3","5","05","20","4","0","0","0","1","0","0"
"POINT (8.649234804000059 50.117227727000056)","Unfall 168377 (2019) Kat:3, Licht: 0","168377","3","3","5","05","10","4","0","0","1","1","0","0"
"POINT (8.692528510000045 50.092014466000080)","Unfall 168378 (2019) Kat:3, Licht: 0","168378","3","6","2","05","14","4","0","0","0","1","0","0"
"POINT (8.767525046000060 50.122020069000030)","Unfall 168379 (2019) Kat:3, Licht: 0","168379","3","7","6","05","17","4","0","0","0","1","0","0"
"POINT (8.702634531000058 50.142631485000038)","Unfall 168380 (2019) Kat:2, Licht: 0","168380","2","6","2","05","14","4","0","0","0","1","0","1"
"POINT (8.728351330000066 50.115650912000035)","Unfall 168381 (2019) Kat:3, Licht: 0","168381","3","7","0","05","08","4","0","0","0","0","0","0"
"POINT (8.655307677000053 50.100144965000027)","Unfall 168382 (2019) Kat:2, Licht: 0","168382","2","3","5","05","13","4","0","0","1","1","0","0"
"POINT (8.674743987000056 50.125367010000048)","Unfall 168383 (2019) Kat:3, Licht: 0","168383","3","2","3","05","08","4","0","0","1","1","0","0"
"POINT (8.662420469000040 50.123211312000080)","Unfall 168384 (2019) Kat:3, Licht: 0","168384","3","7","1","05","10","4","0","0","1","1","0","0"
"POINT (8.664749265000069 50.117445994000036)","Unfall 168385 (2019) Kat:3, Licht: 0","168385","3","2","5","05","10","4","0","0","1","1","0","0"
"POINT (8.687717070000076 50.117029971000079)","Unfall 168386 (2019) Kat:2, Licht: 0","168386","2","6","4","05","18","4","0","0","0","0","0","0"
"POINT (8.631745673000069 50.116279751000036)","Unfall 168403 (2019) Kat:3, Licht: 0","168403","3","3","5","05","11","3","0","0","0","1","0","0"
"POINT (8.536145032000036 50.114533467000058)","Unfall 168420 (2019) Kat:3, Licht: 0","168420","3","3","5","05","19","2","1","0","0","1","0","0"
"POINT (8.605123591000051 50.126935460000027)","Unfall 168421 (2019) Kat:3, Licht: 0","168421","3","2","5","05","14","2","1","0","0","1","0","1"
"POINT (8.673353765000059 50.089416647000064)","Unfall 168422 (2019) Kat:2, Licht: 0","168422","2","4","5","05","16","2","0","0","0","1","1","0"
"POINT (8.621504244000050 50.165260336000074)","Unfall 168454 (2019) Kat:3, Licht: 2","168454","3","4","6","06","23","6","0","2","0","1","1","0"
"POINT (8.642545165000058 50.172106801000041)","Unfall 168455 (2019) Kat:3, Licht: 0","168455","3","4","6","06","08","6","0","0","0","0","1","0"
"POINT (8.624264743000026 50.121011971000030)","Unfall 168456 (2019) Kat:3, Licht: 0","168456","3","3","5","06","15","6","0","0","1","0","0","0"
"POINT (8.628610532000039 50.084500274000050)","Unfall 168457 (2019) Kat:3, Licht: 0","168457","3","1","0","06","15","6","0","0","0","0","0","0"
"POINT (8.694204443000047 50.109669246000067)","Unfall 168458 (2019) Kat:3, Licht: 0","168458","3","5","1","06","08","6","0","0","1","1","0","0"
"POINT (8.700909743000068 50.121637624000073)","Unfall 168459 (2019) Kat:3, Licht: 0","168459","3","1","1","06","10","6","0","0","0","1","0","1"
"POINT (8.708983769000042 50.203215421000039)","Unfall 168476 (2019) Kat:3, Licht: 0","168476","3","2","5","06","16","5","0","0","0","1","0","1"
"POINT (8.676934688000074 50.109530318000054)","Unfall 168477 (2019) Kat:2, Licht: 2","168477","2","3","5","06","22","5","0","2","1","0","0","0"
"POINT (8.621494588000076 50.151759113000026)","Unfall 168495 (2019) Kat:3, Licht: 0","168495","3","3","5","06","19","4","0","0","1","1","0","0"
"POINT (8.616112957000041 50.150281022000058)","Unfall 168496 (2019) Kat:3, Licht: 0","168496","3","3","5","06","15","4","0","0","1","0","0","0"
"POINT (8.655239633000065 50.111453032000043)","Unfall 168497 (2019) Kat:3, Licht: 0","168497","3","1","2","06","18","4","0","0","1","1","0","0"
"POINT (8.683328307000068 50.141972406000036)","Unfall 168498 (2019) Kat:3, Licht: 0","168498","3","3","5","06","07","4","0","0","1","0","0","0"
"POINT (8.671078728000055 50.116725164000059)","Unfall 168499 (2019) Kat:3, Licht: 2","168499","3","7","0","06","00","4","0","2","0","1","0","1"
"POINT (8.692985918000034 50.113155048000067)","Unfall 168500 (2019) Kat:3, Licht: 0","168500","3","7","0","06","18","4","0","0","1","0","0","0"
"POINT (8.578775250000035 50.052223173000073)","Unfall 168520 (2019) Kat:3, Licht: 0","168520","3","6","3","06","14","3","0","0","0","1","0","0"
"POINT (8.637322036000057 50.179256300000077)","Unfall 168527 (2019) Kat:2, Licht: 0","168527","2","6","4","06","17","3","0","0","0","1","0","0"
"POINT (8.636369973000058 50.170833662000064)","Unfall 168528 (2019) Kat:3, Licht: 0","168528","3","2","2","06","08","3","0","0","1","1","0","0"
"POINT (8.677867655000057 50.119589674000053)","Unfall 168529 (2019) Kat:3, Licht: 0","168529","3","2","6","06","08","3","0","0","0","1","1","0"
"POINT (8.683932349000031 50.129998177000061)","Unfall 168530 (2019) Kat:3, Licht: 0","168530","3","3","5","06","12","3","0","0","1","1","0","0"
"POINT (8.690671059000067 50.120927712000082)","Unfall 168531 (2019) Kat:3, Licht: 0","168531","3","6","3","06","15","3","0","0","1","1","0","0"
"POINT (8.688980363000042 50.118341560000033)","Unfall 168532 (2019) Kat:3, Licht: 0","168532","3","6","3","06","17","3","0","0","0","1","0","0"
"POINT (8.684220710000034 50.113442610000050)","Unfall 168533 (2019) Kat:3, Licht: 0","168533","3","6","3","06","14","3","0","0","1","0","0","0"
"POINT (8.642645385000037 50.175031899000032)","Unfall 168556 (2019) Kat:3, Licht: 0","168556","3","6","2","06","13","2","0","0","0","1","0","0"
"POINT (8.645607148000067 50.122604806000027)","Unfall 168557 (2019) Kat:3, Licht: 0","168557","3","6","4","06","16","2","0","0","1","0","0","1"
"POINT (8.648705857000039 50.115654848000077)","Unfall 168558 (2019) Kat:3, Licht: 0","168558","3","5","1","06","16","2","0","0","1","1","0","0"
"POINT (8.699160368000037 50.143295274000081)","Unfall 168559 (2019) Kat:3, Licht: 0","168559","3","5","1","06","17","2","0","0","0","1","0","0"
"POINT (8.583217012000034 50.085054583000044)","Unfall 168560 (2019) Kat:3, Licht: 0","168560","3","6","4","06","18","2","0","0","0","1","0","1"
"POINT (8.695031296000025 50.106018491000043)","Unfall 168561 (2019) Kat:3, Licht: 0","168561","3","6","3","06","10","2","0","0","0","1","0","0"
"POINT (8.686327604000041 50.122768116000032)","Unfall 168562 (2019) Kat:3, Licht: 0","168562","3","6","4","06","12","2","0","0","1","0","0","0"
"POINT (8.563309870000069 50.126656862000061)","Unfall 168577 (2019) Kat:3, Licht: 0","168577","3","7","8","06","06","2","0","0","0","1","0","0"
"POINT (8.721316672000057 50.142142744000068)","Unfall 168597 (2019) Kat:3, Licht: 0","168597","3","6","4","06","17","7","0","0","0","1","0","0"
"POINT (8.514668205000021 50.078220846000079)","Unfall 168613 (2019) Kat:3, Licht: 0","168613","3","7","1","06","14","6","0","0","1","1","0","0"
"POINT (8.636481308000043 50.163163211000040)","Unfall 168614 (2019) Kat:3, Licht: 0","168614","3","5","1","06","13","6","0","0","1","1","0","0"
"POINT (8.604476818000023 50.123113785000044)","Unfall 168615 (2019) Kat:3, Licht: 0","168615","3","7","5","06","14","6","0","0","0","1","0","1"
"POINT (8.738739019000036 50.118557841000040)","Unfall 168616 (2019) Kat:3, Licht: 0","168616","3","7","1","06","06","6","0","0","0","1","0","0"
"POINT (8.665691245000062 50.117074956000067)","Unfall 168617 (2019) Kat:3, Licht: 0","168617","3","6","2","06","18","6","1","0","0","1","0","0"
"POINT (8.596409726000047 50.054957102000060)","Unfall 168631 (2019) Kat:3, Licht: 0","168631","3","3","5","06","18","5","0","0","0","1","0","0"
"POINT (8.615133574000026 50.162626792000026)","Unfall 168637 (2019) Kat:3, Licht: 0","168637","3","3","5","06","07","5","0","0","1","1","0","0"
"POINT (8.656331930000022 50.150008035000042)","Unfall 168638 (2019) Kat:3, Licht: 0","168638","3","6","2","06","14","5","0","0","0","1","0","1"
"POINT (8.640207230000044 50.085556152000038)","Unfall 168639 (2019) Kat:3, Licht: 0","168639","3","4","6","06","07","5","0","0","0","1","1","0"
"POINT (8.678902339000047 50.116908082000066)","Unfall 168640 (2019) Kat:3, Licht: 0","168640","3","6","2","06","18","5","0","0","0","1","0","0"
"POINT (8.567462973000033 50.098153453000066)","Unfall 168664 (2019) Kat:3, Licht: 0","168664","3","6","2","06","13","4","0","0","0","1","0","0"
"POINT (8.692894080000031 50.160307505000048)","Unfall 168665 (2019) Kat:3, Licht: 0","168665","3","1","9","06","16","4","0","0","0","1","0","0"
"POINT (8.650644578000026 50.120818032000045)","Unfall 168666 (2019) Kat:3, Licht: 0","168666","3","6","2","06","11","4","1","0","0","1","0","0"
"POINT (8.617327595000063 50.085375744000032)","Unfall 168667 (2019) Kat:3, Licht: 0","168667","3","2","5","06","16","4","0","0","1","1","0","0"
"POINT (8.623777383000061 50.129452268000080)","Unfall 168690 (2019) Kat:3, Licht: 0","168690","3","6","2","06","20","3","0","0","0","1","0","0"
"POINT (8.648929823000060 50.120927438000081)","Unfall 168716 (2019) Kat:3, Licht: 0","168716","3","7","0","07","11","4","0","0","1","0","0","0"
"POINT (8.695406011000046 50.146146825000073)","Unfall 168717 (2019) Kat:3, Licht: 0","168717","3","7","1","07","17","4","0","0","0","1","0","0"
"POINT (8.695426692000069 50.115737749000061)","Unfall 168718 (2019) Kat:2, Licht: 0","168718","2","6","3","07","08","4","0","0","0","1","0","1"
"POINT (8.691177761000063 50.122186378000038)","Unfall 168719 (2019) Kat:3, Licht: 0","168719","3","6","3","07","08","4","0","0","1","1","0","0"