WKT,Name,OBJECTID,UKATEGORIE,UTYP1,UART,UMONAT,USTUNDE,UWOCHENTAG,STRZUSTAND,ULICHTVERH,ISTRAD,ISTPKW,ISTFUSS,ISTKRAD
"POINT (8.685885182000050 50.117542777000040)","Unfall 169619 (2019) Kat:3, Licht: 0","169619","3","2","2","08","16","3","0","0","0","1","0","1"
"POINT (8.564318455000034 50.118059793000043)","Unfall 169642 (2019) Kat:3, Licht: 0","169642","3","7","6","08","15","2","0","0","1","0","1","0"
"POINT (8.631739180000068 50.159724172000040)","Unfall 169643 (2019) Kat:3, Licht: 1","169643","3","1","8","08","20","2","1","1","0","1","0","0"
"POINT (8.612579157000027 50.112924279000026)","Unfall 169644 (2019) Kat:3, Licht: 0","169644","3","7","0","08","19","2","1","0","0","0","0","1"
"POINT (8.655005267000036 50.146865047000063)","Unfall 169645 (2019) Kat:3, Licht: 0","169645","3","2","5","08","13","2","0","0","1","0","0","0"
"POINT (8.711708566000027 50.128706974000067)","Unfall 169646 (2019) Kat:3, Licht: 0","169646","3","1","0","08","09","2","0","0","1","0","0","0"
"POINT (8.676508153000043 50.120302132000063)","Unfall 169647 (2019) Kat:2, Licht: 0","169647","2","7","3","08","12","2","0","0","0","1","0","1"
"POINT (8.568022310000060 50.050183499000070)","Unfall 169666 (2019) Kat:3, Licht: 0","169666","3","6","2","08","11","1","0","0","0","1","0","0"
"POINT (8.671455692000052 50.127227618000063)","Unfall 169668 (2019) Kat:2, Licht: 0","169668","2","2","5","08","13","1","0","0","0","1","0","1"
"POINT (8.688000703000057 50.113694317000068)","Unfall 169669 (2019) Kat:2, Licht: 2","169669","2","1","0","08","02","1","0","2","0","0","0","1"
"POINT (8.687966552000034 50.114125662000049)","Unfall 169670 (2019) Kat:3, Licht: 2","169670","3","3","5","08","22","1","1","2","0","0","0","1"
"POINT (8.659665790000076 50.119089455000051)","Unfall 169683 (2019) Kat:3, Licht: 0","169683","3","2","2","08","19","7","0","0","0","1","0","0"
"POINT (8.687799815000062 50.109552899000050)","Unfall 169684 (2019) Kat:3, Licht: 0","169684","3","2","3","08","12","7","0","0","1","1","0","0"
"POINT (8.675262071000077 50.113889700000072)","Unfall 169685 (2019) Kat:3, Licht: 0","169685","3","7","0","08","14","7","0","0","0","1","1","0"
"POINT (8.610406479000062 50.124951081000063)","Unfall 169697 (2019) Kat:2, Licht: 0","169697","2","4","6","08","11","6","0","0","0","1","1","0"
"POINT (8.758394965000036 50.131382909000081)","Unfall 169698 (2019) Kat:3, Licht: 2","169698","3","2","3","08","22","6","1","2","1","1","0","0"
"POINT (8.666632129000050 50.111536065000053)","Unfall 169699 (2019) Kat:3, Licht: 0","169699","3","3","5","08","18","6","1","0","1","1","0","0"
"POINT (8.690259045000062 50.127196156000082)","Unfall 169700 (2019) Kat:2, Licht: 0","169700","2","7","0","08","14","6","0","0","1","0","0","0"
"POINT (8.684008485000049 50.118989184000043)","Unfall 169701 (2019) Kat:3, Licht: 2","169701","3","1","1","08","01","6","0","2","0","1","0","0"
"POINT (8.678499505000048 50.114518110000063)","Unfall 169702 (2019) Kat:3, Licht: 0","169702","3","7","6","08","13","6","0","0","1","0","1","0"
"POINT (8.685284997000053 50.114685531000077)","Unfall 169703 (2019) Kat:3, Licht: 0","169703","3","7","6","08","18","6","0","0","0","0","1","0"
"POINT (8.585410627000044 50.108186936000038)","Unfall 169718 (2019) Kat:3, Licht: 0","169718","3","3","5","08","16","5","0","0","1","1","0","0"
"POINT (8.630683557000054 50.127587383000048)","Unfall 169719 (2019) Kat:2, Licht: 0","169719","2","2","5","08","17","5","0","0","1","1","0","0"
"POINT (8.678899376000061 50.104167755000049)","Unfall 169720 (2019) Kat:3, Licht: 0","169720","3","6","3","08","18","5","0","0","1","1","0","0"
"POINT (8.689672853000047 50.105052726000054)","Unfall 169721 (2019) Kat:3, Licht: 0","169721","3","5","1","08","11","5","0","0","1","0","0","0"
"POINT (8.662094858000046 50.122139882000056)","Unfall 169722 (2019) Kat:3, Licht: 2","169722","3","2","3","08","22","5","0","2","1","1","0","0"
"POINT (8.669611149000048 50.124230593000050)","Unfall 169723 (2019) Kat:3, Licht: 0","169723","3","6","4","08","17","5","0","0","1","0","0","0"
"POINT (8.680618890000062 50.122057818000030)","Unfall 169724 (2019) Kat:3, Licht: 0","169724","3","2","2","08","16","5","0","0","0","1","0","0"
"POINT (8.662084863000075 50.122165988000063)","Unfall 169725 (2019) Kat:3, Licht: 0","169725","3","3","5","08","13","5","0","0","1","1","0","0"
"POINT (8.687970060000055 50.114081340000041)","Unfall 169726 (2019) Kat:3, Licht: 0","169726","3","4","6","08","16","5","0","0","0","1","1","0"
"POINT (8.692555676000040 50.110574771000074)","Unfall 169727 (2019) Kat:3, Licht: 0","169727","3","6","3","08","07","5","0","0","0","1","0","0"
"POINT (8.551812514000062 50.102974437000057)","Unfall 169742 (2019) Kat:3, Licht: 0","169742","3","2","3","08","08","4","0","0","1","1","0","0"
"POINT (8.581491112000037 50.087289732000045)","Unfall 169743 (2019) Kat:3, Licht: 0","169743","3","6","2","08","18","4","0","0","1","0","0","0"
"POINT (8.680145949000064 50.096426863000033)","Unfall 169744 (2019) Kat:3, Licht: 0","169744","3","3","5","08","09","4","0","0","1","1","0","0"
"POINT (8.694165202000022 50.110431760000040)","Unfall 169745 (2019) Kat:3, Licht: 0","169745","3","5","1","08","20","4","0","0","1","1","0","0"
"POINT (8.589997170000061 50.132726495000043)","Unfall 169753 (2019) Kat:3, Licht: 0","169753","3","6","2","08","16","4","0","0","0","1","0","0"
"POINT (8.669922336000070 50.175033329000030)","Unfall 169756 (2019) Kat:3, Licht: 1","169756","3","3","5","08","05","3","0","1","0","1","0","1"
"POINT (8.603726535000021 50.086148386000048)","Unfall 169757 (2019) Kat:3, Licht: 0","169757","3","6","0","08","11","3","0","0","0","1","0","0"
"POINT (8.677326353000069 50.119983727000033)","Unfall 169758 (2019) Kat:3, Licht: 0","169758","3","5","1","08","08","3","0","0","1","1","0","0"
"POINT (8.663979902000051 50.121412840000062)","Unfall 169759 (2019) Kat:3, Licht: 0","169759","3","5","0","08","09","3","0","0","1","1","0","0"
"POINT (8.542657060000067 50.105013824000082)","Unfall 169773 (2019) Kat:3, Licht: 0","169773","3","3","5","08","16","2","0","0","1","1","0","0"
"POINT (8.532504742000072 50.101424385000030)","Unfall 169774 (2019) Kat:3, Licht: 0","169774","3","7","1","08","11","2","0","0","0","1","0","0"
"POINT (8.673215732000074 50.154460331000053)","Unfall 169775 (2019) Kat:2, Licht: 2","169775","2","1","0","08","22","2","0","2","1","0","0","0"
"POINT (8.623519504000058 50.129266866000080)","Unfall 169776 (2019) Kat:3, Licht: 0","169776","3","2","3","08","16","2","0","0","1","1","0","0"
"POINT (8.650802909000049 50.089737932000048)","Unfall 169777 (2019) Kat:3, Licht: 0","169777","3","3","5","08","17","2","0","0","0","1","0","1"
"POINT (8.687763989000075 50.108294317000059)","Unfall 169778 (2019) Kat:3, Licht: 1","169778","3","6","3","08","20","2","0","1","0","1","0","0"
"POINT (8.685396656000023 50.106873398000062)","Unfall 169779 (2019) Kat:2, Licht: 0","169779","2","1","0","08","09","2","0","0","0","0","0","1"
"POINT (8.613723459000028 50.114291694000030)","Unfall 169789 (2019) Kat:3, Licht: 0","169789","3","6","2","08","12","1","0","0","0","1","0","0"
"POINT (8.675836414000059 50.110931018000031)","Unfall 169799 (2019) Kat:3, Licht: 0","169799","3","5","1","08","09","3","0","0","1","1","0","0"
"POINT (8.676415374000044 50.113723254000035)","Unfall 169800 (2019) Kat:3, Licht: 0","169800","3","4","6","08","11","3","0","0","0","0","1","0"
"POINT (8.650058198000068 50.121697445000052)","Unfall 169807 (2019) Kat:3, Licht: 0","169807","3","7","1","08","19","3","0","0","1","1","0","0"
"POINT (8.671438619000071 50.090718414000037)","Unfall 169808 (2019) Kat:3, Licht: 0","169808","3","2","3","08","09","3","0","0","0","1","0","1"
"POINT (8.683533485000055 50.128919338000060)","Unfall 169809 (2019) Kat:3, Licht: 0","169809","3","6","2","08","17","3","0","0","1","1","0","0"
"POINT (8.656179803000043 50.116435829000068)","Unfall 169831 (2019) Kat:3, Licht: 0","169831","3","3","5","08","19","2","0","0","1","1","0","0"
"POINT (8.644205999000064 50.108428339000056)","Unfall 169832 (2019) Kat:2, Licht: 0","169832","2","3","5","08","12","2","0","0","1","0","0","0"
"POINT (8.614066701000070 50.114217617000065)","Unfall 169833 (2019) Kat:3, Licht: 0","169833","3","6","2","08","08","2","0","0","0","1","0","0"
"POINT (8.695306325000047 50.132113609000044)","Unfall 169834 (2019) Kat:3, Licht: 0","169834","3","6","4","08","16","2","0","0","1","0","0","0"
"POINT (8.705288151000048 50.124864772000080)","Unfall 169835 (2019) Kat:3, Licht: 0","169835","3","5","1","08","18","2","0","0","1","1","0","0"
"POINT (8.663808816000028 50.109659893000071)","Unfall 169836 (2019) Kat:3, Licht: 0","169836","3","6","3","08","15","2","0","0","1","1","0","0"
"POINT (8.640241136000043 50.101418706000061)","Unfall 169837 (2019) Kat:3, Licht: 0","169837","3","5","1","08","11","2","0","0","1","1","0","0"
"POINT (8.658751980000034 50.119297450000033)","Unfall 169838 (2019) Kat:3, Licht: 0","169838","3","6","2","08","17","2","0","0","0","1","0","0"
"POINT (8.686890695000045 50.119936894000034)","Unfall 169839 (2019) Kat:3, Licht: 0","169839","3","6","3","08","18","2","0","0","0","1","0","1"
"POINT (8.675711993000050 50.120973374000073)","Unfall 169840 (2019) Kat:3, Licht: 0","169840","3","1","0","08","07","2","0","0","1","1","0","0"
"POINT (8.588739709000038 50.125501598000028)","Unfall 169853 (2019) Kat:2, Licht: 1","169853","2","1","9","08","07","1","0","1","0","1","0","0"
"POINT (8.627350061000072 50.165023630000064)","Unfall 169854 (2019) Kat:3, Licht: 0","169854","3","2","5","08","12","1","0","0","1","1","0","0"
"POINT (8.676078612000026 50.100458320000030)","Unfall 169855 (2019) Kat:3, Licht: 0","169855","3","3","5","08","18","1","0","0","0","1","0","0"
"POINT (8.667793303000053 50.099950279000041)","Unfall 169856 (2019) Kat:3, Licht: 0","169856","3","3","5","08","17","1","0","0","1","0","0","0"
"POINT (8.704964023000059 50.114474901000051)","Unfall 169857 (2019) Kat:3, Licht: 0","169857","3","1","1","08","15","1","0","0","0","1","0","0"
"POINT (8.691591041000038 50.118290925000053)","Unfall 169858 (2019) Kat:3, Licht: 0","169858","3","6","4","08","14","1","0","0","1","0","0","1"
"POINT (8.638898230000052 50.117246273000035)","Unfall 169872 (2019) Kat:3, Licht: 2","169872","3","7","0","08","00","7","0","2","0","0","0","1"
"POINT (8.615209840000034 50.128226198000050)","Unfall 169873 (2019) Kat:3, Licht: 2","169873","3","7","6","08","20","7","0","2","0","1","1","0"
"POINT (8.591357578000043 50.032869193000067)","Unfall 169891 (2019) Kat:2, Licht: 0","169891","2","3","5","08","16","6","0","0","0","1","0","0"
"POINT (8.642502595000053 50.114076189000059)","Unfall 169899 (2019) Kat:3, Licht: 1","169899","3","6","2","08","19","6","0","1","0","1","0","0"
"POINT (8.612740934000044 50.127429442000050)","Unfall 169900 (2019) Kat:3, Licht: 0","169900","3","5","1","08","16","6","0","0","1","1","0","0"
"POINT (8.628607626000076 50.080002038000032)","Unfall 169901 (2019) Kat:3, Licht: 2","169901","3","7","6","08","22","6","0","2","0","1","1","0"
"POINT (8.671795585000041 50.100714459000073)","Unfall 169902 (2019) Kat:3, Licht: 0","169902","3","5","1","08","18","6","0","0","1","1","0","0"
"POINT (8.696538099000065 50.128252121000060)","Unfall 169903 (2019) Kat:3, Licht: 0","169903","3","7","3","08","16","6","0","0","0","1","0","1"
"POINT (8.659759862000044 50.119032641000047)","Unfall 169904 (2019) Kat:3, Licht: 0","169904","3","2","5","08","18","6","0","0","1","1","0","0"
"POINT (8.659751139000036 50.119016635000037)","Unfall 169905 (2019) Kat:3, Licht: 0","169905","3","2","5","08","12","6","0","0","1","1","0","0"
"POINT (8.684117281000056 50.129549074000067)","Unfall 169906 (2019) Kat:3, Licht: 0","169906","3","6","3","08","11","6","0","0","1","0","0","0"
"POINT (8.629688169000076 50.164714378000042)","Unfall 169919 (2019) Kat:3, Licht: 0","169919","3","5","1","08","17","5","0","0","1","1","0","0"
"POINT (8.635713300000020 50.157148178000057)","Unfall 169920 (2019) Kat:3, Licht: 0","169920","3","2","0","08","14","5","0","0","0","0","0","1"
"POINT (8.627863875000060 50.113282672000025)","Unfall 169921 (2019) Kat:2, Licht: 0","169921","2","2","0","08","11","5","0","0","1","1","0","0"
"POINT (8.658129064000036 50.159329932000048)","Unfall 169922 (2019) Kat:3, Licht: 1","169922","3","3","5","08","05","5","0","1","1","1","0","0"
"POINT (8.741256831000044 50.123026439000057)","Unfall 169923 (2019) Kat:2, Licht: 0","169923","2","7","0","08","16","5","0","0","0","0","0","0"
"POINT (8.675468733000059 50.123656625000081)","Unfall 169924 (2019) Kat:2, Licht: 0","169924","2","1","0","08","10","5","0","0","1","0","0","0"
"POINT (8.684048158000053 50.129401417000054)","Unfall 169925 (2019) Kat:3, Licht: 0","169925","3","3","5","08","11","5","0","0","1","1","0","0"
"POINT (8.685602996000057 50.126525725000079)","Unfall 169926 (2019) Kat:3, Licht: 0","169926","3","5","1","08","10","5","0","0","1","0","0","0"
"POINT (8.688583252000058 50.118733072000055)","Unfall 169927 (2019) Kat:3, Licht: 0","169927","3","3","5","08","08","5","0","0","0","1","0","1"
"POINT (8.575712183000064 50.103972773000066)","Unfall 169950 (2019) Kat:3, Licht: 0","169950","3","6","2","08","07","4","0","0","0","1","0","1"
"POINT (8.643046566000066 50.116892073000031)","Unfall 169951 (2019) Kat:3, Licht: 0","169951","3","2","1","08","11","4","0","0","1","0","0","0"
"POINT (8.623606305000067 50.121068544000082)","Unfall 169952 (2019) Kat:3, Licht: 0","169952","3","6","4","08","14","4","0","0","1","0","0","0"
"POINT (8.700592054000026 50.128930848000039)","Unfall 169953 (2019) Kat:3, Licht: 0","169953","3","3","5","08","16","4","0","0","0","1","0","1"
"POINT (8.676079323000067 50.120568065000043)","Unfall 169954 (2019) Kat:3, Licht: 0","169954","3","6","3","08","07","4","0","0","0","1","0","0"
"POINT (8.671175577000042 50.116728064000029)","Unfall 169955 (2019) Kat:3, Licht: 0","169955","3","2","5","08","13","4","0","0","1","1","0","0"
"POINT (8.666398115000050 50.130070598000032)","Unfall 169956 (2019) Kat:3, Licht: 0","169956","3","1","1","08","10","4","0","0","0","1","0","1"
"POINT (8.662871871000050 50.119919508000066)","Unfall 169957 (2019) Kat:3, Licht: 0","169957","3","3","5","08","09","4","0","0","1","1","0","0"
"POINT (8.669086347000075 50.119013696000081)","Unfall 169958 (2019) Kat:3, Licht: 0","169958","3","6","2","08","10","4","0","0","1","1","0","0"
"POINT (8.686231242000076 50.120531533000076)","Unfall 169959 (2019) Kat:3, Licht: 0","169959","3","5","1","08","18","4","0","0","1","1","0","0"
"POINT (8.679046013000061 50.167409768000027)","Unfall 169978 (2019) Kat:3, Licht: 2","169978","3","6","2","08","21","3","0","2","0","1","0","0"
"POINT (8.635426715000051 50.105784528000072)","Unfall 169979 (2019) Kat:3, Licht: 0","169979","3","3","5","08","15","3","0","0","1","1","0","0"
"POINT (8.643828081000038 50.106576325000049)","Unfall 169980 (2019) Kat:3, Licht: 0","169980","3","6","2","08","09","3","0","0","1","1","0","0"
"POINT (8.676716722000037 50.106533612000078)","Unfall 169981 (2019) Kat:3, Licht: 0","169981","3","7","2","08","10","3","0","0","0","1","0","0"
"POINT (8.699451232000058 50.189945741000031)","Unfall 170012 (2019) Kat:3, Licht: 0","170012","3","2","3","08","18","2","0","0","1","1","0","0"
"POINT (8.629905800000074 50.176774494000028)","Unfall 170013 (2019) Kat:3, Licht: 0","170013","3","3","5","08","13","2","0","0","1","1","0","0"
"POINT (8.655418293000025 50.112853849000032)","Unfall 170014 (2019) Kat:3, Licht: 2","170014","3","6","6","08","21","2","0","2","1","0","1","0"
"POINT (8.703433091000022 50.127418096000042)","Unfall 170015 (2019) Kat:3, Licht: 0","170015","3","6","2","08","09","2","0","0","0","1","0","0"
"POINT (8.527234686000043 50.105317196000044)","Unfall 170028 (2019) Kat:3, Licht: 0","170028","3","7","1","08","14","1","0","0","0","1","0","0"
"POINT (8.614109787000075 50.114288866000038)","Unfall 170029 (2019) Kat:3, Licht: 0","170029","3","3","5","08","13","1","0","0","0","1","0","0"
"POINT (8.622431529000039 50.108049866000044)","Unfall 170030 (2019) Kat:2, Licht: 0","170030","2","3","5","08","11","1","0","0","0","1","0","0"
"POINT (8.678501334000032 50.104620763000071)","Unfall 170031 (2019) Kat:3, Licht: 0","170031","3","3","5","08","09","1","0","0","1","1","0","0"
"POINT (8.678861348000055 50.118181744000026)","Unfall 170032 (2019) Kat:3, Licht: 0","170032","3","2","3","08","16","1","0","0","0","0","1","1"
"POINT (8.507043800000076 50.096205987000076)","Unfall 170057 (2019) Kat:3, Licht: 0","170057","3","5","1","08","12","6","0","0","1","1","0","0"
"POINT (8.584476747000053 50.104273822000039)","Unfall 170058 (2019) Kat:3, Licht: 0","170058","3","6","6","08","12","6","0","0","0","0","1","1"
"POINT (8.680595250000067 50.138412895000045)","Unfall 170059 (2019) Kat:3, Licht: 0","170059","3","3","5","08","09","6","0","0","1","1","0","0"
"POINT (8.725633841000047 50.101205861000039)","Unfall 170060 (2019) Kat:3, Licht: 0","170060","3","3","5","08","19","6","0","0","0","1","0","1"
"POINT (8.748376770000050 50.132312521000074)","Unfall 170061 (2019) Kat:2, Licht: 0","170061","2","3","5","08","16","6","0","0","0","1","0","1"
"POINT (8.690279783000051 50.120389336000073)","Unfall 170062 (2019) Kat:2, Licht: 0","170062","2","6","2","08","13","6","0","0","0","1","0","1"
"POINT (8.681594623000024 50.111719708000066)","Unfall 170063 (2019) Kat:3, Licht: 0","170063","3","7","0","08","10","6","0","0","0","0","0","1"
"POINT (8.671873093000045 50.109311297000033)","Unfall 170068 (2019) Kat:3, Licht: 2","170068","3","2","3","09","20","7","1","2","0","1","0","0"
"POINT (8.685655271000030 50.126533253000048)","Unfall 170069 (2019) Kat:2, Licht: 0","170069","2","1","0","09","15","7","1","0","0","0","0","1"
"POINT (8.599320929000044 50.095168865000062)","Unfall 170071 (2019) Kat:3, Licht: 0","170071","3","3","0","09","14","7","1","0","1","0","0","0"
"POINT (8.655149121000022 50.197127452000075)","Unfall 170072 (2019) Kat:3, Licht: 0","170072","3","2","5","09","19","7","0","0","0","1","0","0"
"POINT (8.663763095000036 50.110768234000034)","Unfall 170073 (2019) Kat:2, Licht: 0","170073","2","6","2","09","13","7","1","0","0","1","0","0"
"POINT (8.654382386000066 50.076969207000047)","Unfall 170074 (2019) Kat:3, Licht: 0","170074","3","1","2","09","15","7","1","0","0","1","0","0"
"POINT (8.680043130000058 50.092515427000080)","Unfall 170075 (2019) Kat:3, Licht: 0","170075","3","1","0","09","15","7","1","0","0","0","0","1"
"POINT (8.558103396000035 50.022409048000043)","Unfall 170088 (2019) Kat:3, Licht: 0","170088","3","4","6","09","16","6","0","0","0","0","1","0"
"POINT (8.642011635000074 50.108308834000070)","Unfall 170094 (2019) Kat:3, Licht: 0","170094","3","7","0","09","08","6","0","0","0","0","0","1"
"POINT (8.676612003000059 50.106639909000080)","Unfall 170095 (2019) Kat:3, Licht: 2","170095","3","7","3","09","20","6","0","2","0","1","0","1"
"POINT (8.677871929000048 50.124504600000080)","Unfall 170096 (2019) Kat:3, Licht: 0","170096","3","6","2","09","16","6","0","0","0","1","0","0"
"POINT (8.682571874000075 50.124557095000057)","Unfall 170097 (2019) Kat:2, Licht: 0","170097","2","7","1","09","18","6","0","0","1","1","0","0"
"POINT (8.653855621000048 50.197254939000061)","Unfall 170116 (2019) Kat:3, Licht: 0","170116","3","6","3","09","14","5","0","0","0","1","0","1"
"POINT (8.687478345000045 50.150543085000038)","Unfall 170117 (2019) Kat:3, Licht: 0","170117","3","3","5","09","13","5","0","0","0","1","0","0"
"POINT (8.734585909000032 50.098973123000064)","Unfall 170118 (2019) Kat:3, Licht: 0","170118","3","2","5","09","12","5","0","0","1","1","0","0"
"POINT (8.700295634000042 50.112931855000056)","Unfall 170119 (2019) Kat:3, Licht: 2","170119","3","6","3","09","21","5","0","2","1","1","0","0"
"POINT (8.683884043000035 50.129980549000038)","Unfall 170120 (2019) Kat:3, Licht: 0","170120","3","3","5","09","13","5","0","0","1","1","0","0"
"POINT (8.655579954000075 50.107668606000061)","Unfall 170139 (2019) Kat:3, Licht: 2","170139","3","7","0","09","23","4","0","2","1","0","0","0"
"POINT (8.688319536000051 50.156248764000054)","Unfall 170140 (2019) Kat:3, Licht: 0","170140","3","7","1","09","17","4","0","0","1","0","1","0"
"POINT (8.671089394000035 50.091891400000065)","Unfall 170141 (2019) Kat:3, Licht: 0","170141","3","7","6","09","19","4","0","0","0","0","1","1"
"POINT (8.713975275000053 50.107226555000068)","Unfall 170142 (2019) Kat:3, Licht: 0","170142","3","6","4","09","07","4","0","0","0","1","0","0"
"POINT (8.663927830000034 50.118572678000078)","Unfall 170143 (2019) Kat:3, Licht: 0","170143","3","5","0","09","11","4","0","0","0","1","0","1"
"POINT (8.667182594000053 50.121818809000047)","Unfall 170144 (2019) Kat:3, Licht: 0","170144","3","3","5","09","14","4","0","0","1","1","0","0"
"POINT (8.688331544000050 50.117663092000043)","Unfall 170145 (2019) Kat:3, Licht: 0","170145","3","3","5","09","10","4","0","0","0","1","0","0"
"POINT (8.577179439000076 50.102925537000033)","Unfall 170171 (2019) Kat:2, Licht: 0","170171","2","4","6","09","11","3","0","0","1","0","1","0"
"POINT (8.663522935000060 50.110560324000062)","Unfall 170172 (2019) Kat:3, Licht: 0","170172","3","3","5","09","08","3","0","0","1","1","0","0"
"POINT (8.665445536000050 50.108866322000040)","Unfall 170173 (2019) Kat:3, Licht: 0","170173","3","6","3","09","09","3","0","0","1","1","0","0"
"POINT (8.690911773000039 50.121774604000052)","Unfall 170174 (2019) Kat:2, Licht: 2","170174","2","7","4","09","23","3","0","2","0","1","0","0"
"POINT (8.690341952000040 50.114825687000064)","Unfall 170175 (2019) Kat:3, Licht: 0","170175","3","7","4","09","18","3","0","0","1","1","0","0"
"POINT (8.688007076000076 50.112385900000049)","Unfall 170176 (2019) Kat:3, Licht: 0","170176","3","2","5","09","10","3","0","0","1","1","0","0"
"POINT (8.670558704000030 50.148912747000054)","Unfall 170197 (2019) Kat:3, Licht: 0","170197","3","3","5","09","08","2","0","0","1","1","0","0"
"POINT (8.675639907000061 50.120919722000053)","Unfall 170198 (2019) Kat:2, Licht: 0","170198","2","3","5","09","08","2","0","0","1","1","0","0"
"POINT (8.621345131000055 50.160143611000080)","Unfall 170218 (2019) Kat:3, Licht: 0","170218","3","7","0","09","17","1","0","0","1","1","0","0"
"POINT (8.611181875000057 50.134929763000059)","Unfall 170219 (2019) Kat:3, Licht: 0","170219","3","7","5","09","16","1","0","0","1","1","0","0"
"POINT (8.666927566000027 50.109258605000036)","Unfall 170220 (2019) Kat:3, Licht: 0","170220","3","7","6","09","10","1","0","0","0","0","1","0"
"POINT (8.693111747000046 50.113428685000031)","Unfall 170221 (2019) Kat:3, Licht: 2","170221","3","6","2","09","02","1","0","2","0","1","0","0"
"POINT (8.672809969000070 50.113180115000034)","Unfall 170222 (2019) Kat:3, Licht: 0","170222","3","6","2","09","14","1","0","0","1","0","0","1"
"POINT (8.539216227000054 50.101380572000039)","Unfall 170238 (2019) Kat:3, Licht: 0","170238","3","2","3","08","12","7","0","0","1","1","0","0"
"POINT (8.512649425000063 50.081562792000057)","Unfall 170239 (2019) Kat:3, Licht: 0","170239","3","5","1","08","11","7","0","0","0","1","0","0"
"POINT (8.652843734000044 50.161451523000039)","Unfall 170240 (2019) Kat:3, Licht: 2","170240","3","5","1","08","01","7","0","2","1","1","0","0"
"POINT (8.667698844000029 50.116284099000040)","Unfall 170241 (2019) Kat:3, Licht: 0","170241","3","2","3","08","18","7","0","0","0","1","0","1"
"POINT (8.685687467000037 50.145501159000048)","Unfall 170259 (2019) Kat:3, Licht: 0","170259","3","7","6","08","15","6","0","0","0","1","1","0"
"POINT (8.679510903000050 50.097316113000034)","Unfall 170260 (2019) Kat:3, Licht: 2","170260","3","3","5","08","21","6","0","2","0","1","0","0"
"POINT (8.676730615000054 50.106519510000055)","Unfall 170261 (2019) Kat:3, Licht: 0","170261","3","7","0","08","20","6","0","0","1","0","0","1"
"POINT (8.706066554000074 50.125855034000040)","Unfall 170262 (2019) Kat:3, Licht: 2","170262","3","1","1","08","01","6","0","2","1","1","0","0"
"POINT (8.669810381000048 50.123505424000030)","Unfall 170263 (2019) Kat:3, Licht: 0","170263","3","3","5","08","09","6","0","0","1","0","0","0"
"POINT (8.676983770000049 50.109545037000032)","Unfall 170264 (2019) Kat:3, Licht: 1","170264","3","3","5","08","20","6","0","1","0","1","0","0"
"POINT (8.546805160000076 50.100935960000072)","Unfall 170294 (2019) Kat:3, Licht: 0","170294","3","3","5","08","15","5","0","0","0","1","0","0"
"POINT (8.648489412000060 50.115010640000037)","Unfall 170295 (2019) Kat:3, Licht: 0","170295","3","3","5","08","18","5","0","0","1","1","0","0"
"POINT (8.672448726000027 50.108654668000042)","Unfall 170296 (2019) Kat:3, Licht: 0","170296","3","3","5","08","09","5","0","0","1","1","0","0"
"POINT (8.689009637000027 50.099639546000049)","Unfall 170314 (2019) Kat:3, Licht: 2","170314","3","4","6","08","21","4","0","2","1","0","1","0"
"POINT (8.704110806000074 50.127794789000063)","Unfall 170315 (2019) Kat:3, Licht: 0","170315","3","3","5","08","12","4","0","0","1","1","0","0"
"POINT (8.656827578000048 50.120535731000075)","Unfall 170316 (2019) Kat:2, Licht: 2","170316","2","1","0","08","22","4","0","2","0","0","0","1"
"POINT (8.679604946000040 50.118107521000070)","Unfall 170317 (2019) Kat:3, Licht: 0","170317","3","2","2","08","17","4","0","0","1","0","0","0"
"POINT (8.675753944000064 50.120906209000054)","Unfall 170318 (2019) Kat:2, Licht: 0","170318","2","2","3","08","09","4","0","0","1","1","0","0"
"POINT (8.548614145000045 50.109099650000076)","Unfall 170350 (2019) Kat:3, Licht: 0","170350","3","6","6","09","18","5","0","0","0","0","1","0"
"POINT (8.618336294000073 50.107668873000080)","Unfall 170351 (2019) Kat:3, Licht: 0","170351","3","4","6","09","15","5","0","0","0","1","1","0"
"POINT (8.708054891000074 50.099757906000036)","Unfall 170352 (2019) Kat:3, Licht: 1","170352","3","3","5","09","19","5","0","1","1","0","0","0"
"POINT (8.643779446000053 50.106666741000026)","Unfall 170353 (2019) Kat:3, Licht: 0","170353","3","2","3","09","17","5","0","0","1","1","0","0"
"POINT (8.683932241000036 50.130037542000082)","Unfall 170354 (2019) Kat:3, Licht: 0","170354","3","2","3","09","16","5","0","0","1","1","0","0"
"POINT (8.683818823000024 50.114557948000026)","Unfall 170355 (2019) Kat:3, Licht: 1","170355","3","7","6","09","19","5","0","1","1","0","1","0"
"POINT (8.546850685000038 50.100895924000042)","Unfall 170375 (2019) Kat:2, Licht: 0","170375","2","3","5","09","18","4","0","0","0","1","0","0"
"POINT (8.525011865000067 50.112656626000046)","Unfall 170376 (2019) Kat:3, Licht: 0","170376","3","6","4","09","17","4","0","0","1","0","0","0"
"POINT (8.542993849000027 50.114843052000026)","Unfall 170377 (2019) Kat:3, Licht: 0","170377","3","3","5","09","13","4","0","0","0","1","0","1"
"POINT (8.569470466000041 50.098848503000056)","Unfall 170378 (2019) Kat:2, Licht: 0","170378","2","7","4","09","13","4","0","0","1","1","0","0"