WKT,Name,OBJECTID,UKATEGORIE,UTYP1,UART,UMONAT,USTUNDE,UWOCHENTAG,STRZUSTAND,ULICHTVERH,ISTRAD,ISTPKW,ISTFUSS,ISTKRAD
"POINT (8.671551326000042 50.166237505000026)","Unfall 170379 (2019) Kat:3, Licht: 0","170379","3","2","5","09","10","4","0","0","1","1","0","0"
"POINT (8.645709458000056 50.117379535000055)","Unfall 170380 (2019) Kat:3, Licht: 0","170380","3","2","4","09","08","4","0","0","1","1","0","0"
"POINT (8.670772125000042 50.115262562000055)","Unfall 170381 (2019) Kat:3, Licht: 2","170381","3","1","0","09","00","4","0","2","0","0","0","0"
"POINT (8.645171619000053 50.108399235000036)","Unfall 170382 (2019) Kat:3, Licht: 2","170382","3","6","0","09","00","4","0","2","0","0","0","1"
"POINT (8.649108675000036 50.153584400000057)","Unfall 170383 (2019) Kat:3, Licht: 2","170383","3","3","6","09","21","4","0","2","0","0","1","1"
"POINT (8.670804923000048 50.115346880000061)","Unfall 170384 (2019) Kat:3, Licht: 0","170384","3","2","5","09","13","4","0","0","1","0","0","0"
"POINT (8.685991302000048 50.112624242000038)","Unfall 170385 (2019) Kat:3, Licht: 2","170385","3","5","1","09","20","4","0","2","1","1","0","0"
"POINT (8.634421977000045 50.153596126000082)","Unfall 170404 (2019) Kat:3, Licht: 0","170404","3","1","8","09","17","3","0","0","0","0","0","1"
"POINT (8.662692599000025 50.150289986000075)","Unfall 170405 (2019) Kat:3, Licht: 0","170405","3","5","1","09","10","3","0","0","1","1","0","0"
"POINT (8.695635783000057 50.112085915000080)","Unfall 170406 (2019) Kat:3, Licht: 0","170406","3","6","3","09","11","3","0","0","0","1","0","0"
"POINT (8.668790791000049 50.119959598000037)","Unfall 170407 (2019) Kat:3, Licht: 0","170407","3","3","5","09","18","3","0","0","0","1","0","0"
"POINT (8.670572160000063 50.114882837000039)","Unfall 170428 (2019) Kat:3, Licht: 0","170428","3","2","3","09","16","2","0","0","1","1","0","0"
"POINT (8.652756632000035 50.139984586000026)","Unfall 170429 (2019) Kat:3, Licht: 0","170429","3","3","5","09","13","2","0","0","0","1","0","0"
"POINT (8.724183857000071 50.114261426000041)","Unfall 170430 (2019) Kat:3, Licht: 2","170430","3","3","5","09","02","2","0","2","0","0","0","1"
"POINT (8.645436164000046 50.107192013000031)","Unfall 170431 (2019) Kat:3, Licht: 0","170431","3","5","1","09","16","2","0","0","1","0","0","0"
"POINT (8.633931040000050 50.103740969000057)","Unfall 170432 (2019) Kat:3, Licht: 0","170432","3","3","5","09","13","2","0","0","1","1","0","0"
"POINT (8.694685341000024 50.116176368000026)","Unfall 170433 (2019) Kat:3, Licht: 0","170433","3","6","2","09","10","2","0","0","0","1","0","0"
"POINT (8.628094570000030 50.179058144000066)","Unfall 170448 (2019) Kat:3, Licht: 0","170448","3","3","5","09","17","1","0","0","1","1","0","0"
"POINT (8.645727715000021 50.117351590000055)","Unfall 170449 (2019) Kat:3, Licht: 0","170449","3","2","5","09","11","1","0","0","1","1","0","0"
"POINT (8.627913124000031 50.114182361000076)","Unfall 170450 (2019) Kat:3, Licht: 0","170450","3","3","5","09","11","1","0","0","1","1","0","0"
"POINT (8.614126044000045 50.114215170000080)","Unfall 170451 (2019) Kat:3, Licht: 0","170451","3","3","5","09","15","1","0","0","0","1","0","0"
"POINT (8.606070350000039 50.124107878000075)","Unfall 170452 (2019) Kat:3, Licht: 0","170452","3","7","5","09","16","1","0","0","0","1","0","0"
"POINT (8.674897193000049 50.101592112000048)","Unfall 170453 (2019) Kat:3, Licht: 2","170453","3","1","3","09","01","1","0","2","0","1","0","0"
"POINT (8.715745647000063 50.117170945000055)","Unfall 170454 (2019) Kat:3, Licht: 2","170454","3","6","2","09","19","1","0","2","0","1","0","1"
"POINT (8.685477264000042 50.118521697000062)","Unfall 170455 (2019) Kat:3, Licht: 2","170455","3","6","3","09","01","1","0","2","0","0","0","0"
"POINT (8.676278169000057 50.116261911000038)","Unfall 170456 (2019) Kat:3, Licht: 0","170456","3","6","3","09","17","1","0","0","0","1","0","0"
"POINT (8.657342580000034 50.114767261000054)","Unfall 170472 (2019) Kat:3, Licht: 0","170472","3","2","5","09","14","7","0","0","1","1","0","0"
"POINT (8.680715174000056 50.136153023000077)","Unfall 170489 (2019) Kat:3, Licht: 2","170489","3","7","1","09","06","6","0","2","0","1","0","0"
"POINT (8.611311233000038 50.116010131000053)","Unfall 170490 (2019) Kat:3, Licht: 0","170490","3","6","4","09","19","6","0","0","1","1","0","0"
"POINT (8.648213161000058 50.087010047000035)","Unfall 170491 (2019) Kat:3, Licht: 0","170491","3","5","1","09","17","6","0","0","1","1","0","0"
"POINT (8.731962604000046 50.118652629000053)","Unfall 170492 (2019) Kat:3, Licht: 0","170492","3","6","2","09","07","6","0","0","0","1","0","0"
"POINT (8.749604446000035 50.155254118000073)","Unfall 170511 (2019) Kat:3, Licht: 0","170511","3","3","6","09","17","6","0","0","0","1","1","0"
"POINT (8.548349271000063 50.114768442000070)","Unfall 170516 (2019) Kat:3, Licht: 0","170516","3","3","5","09","18","5","0","0","0","1","0","1"
"POINT (8.629376146000027 50.177802910000025)","Unfall 170517 (2019) Kat:3, Licht: 0","170517","3","7","6","09","12","5","0","0","1","0","1","1"
"POINT (8.677207816000021 50.100869531000058)","Unfall 170518 (2019) Kat:3, Licht: 0","170518","3","4","6","09","13","5","0","0","0","0","1","0"
"POINT (8.658787646000064 50.107630058000041)","Unfall 170519 (2019) Kat:3, Licht: 0","170519","3","2","0","09","18","5","0","0","0","1","0","0"
"POINT (8.759496191000039 50.145358439000063)","Unfall 170535 (2019) Kat:3, Licht: 0","170535","3","7","4","09","14","5","0","0","0","1","0","1"
"POINT (8.678451642000027 50.090979158000039)","Unfall 170537 (2019) Kat:2, Licht: 0","170537","2","2","2","09","08","4","0","0","1","1","0","0"
"POINT (8.701318147000052 50.136762562000058)","Unfall 170538 (2019) Kat:3, Licht: 0","170538","3","7","3","09","15","4","0","0","1","1","0","0"
"POINT (8.728011324000022 50.116168828000070)","Unfall 170539 (2019) Kat:3, Licht: 0","170539","3","3","5","09","10","4","0","0","0","1","0","1"
"POINT (8.671409110000070 50.127291283000034)","Unfall 170540 (2019) Kat:3, Licht: 0","170540","3","2","3","09","11","4","0","0","0","0","0","1"
"POINT (8.540693601000044 50.101404726000055)","Unfall 170557 (2019) Kat:3, Licht: 0","170557","3","6","2","09","16","3","0","0","0","1","0","0"
"POINT (8.662837369000044 50.111462775000064)","Unfall 170558 (2019) Kat:3, Licht: 2","170558","3","3","5","09","21","3","0","2","1","1","0","0"
"POINT (8.639592725000057 50.120592531000057)","Unfall 170559 (2019) Kat:3, Licht: 0","170559","3","3","5","09","10","3","0","0","0","1","0","0"
"POINT (8.628763019000076 50.178105444000039)","Unfall 170575 (2019) Kat:3, Licht: 0","170575","3","7","6","09","14","2","0","0","1","1","1","0"
"POINT (8.624149150000051 50.121021903000042)","Unfall 170576 (2019) Kat:3, Licht: 0","170576","3","3","0","09","16","2","0","0","1","1","0","0"
"POINT (8.678206615000022 50.098657657000047)","Unfall 170577 (2019) Kat:3, Licht: 0","170577","3","6","3","09","08","2","1","0","1","1","0","0"
"POINT (8.632712424000033 50.098440493000055)","Unfall 170578 (2019) Kat:3, Licht: 0","170578","3","7","3","09","12","2","1","0","0","1","0","1"
"POINT (8.504742811000028 50.098720909000065)","Unfall 170610 (2019) Kat:3, Licht: 0","170610","3","2","2","09","12","7","1","0","0","1","0","0"
"POINT (8.565408087000037 50.126837836000050)","Unfall 170614 (2019) Kat:3, Licht: 0","170614","3","6","2","10","11","6","1","0","0","1","0","0"
"POINT (8.629448487000047 50.096795016000044)","Unfall 170616 (2019) Kat:3, Licht: 0","170616","3","7","1","10","07","6","1","0","0","1","0","0"
"POINT (8.691418728000031 50.100582438000060)","Unfall 170617 (2019) Kat:3, Licht: 0","170617","3","2","5","10","15","6","1","0","1","1","0","0"
"POINT (8.685937996000064 50.116898452000044)","Unfall 170618 (2019) Kat:3, Licht: 0","170618","3","3","0","10","14","6","1","0","1","1","0","0"
"POINT (8.647502491000068 50.158144017000041)","Unfall 170633 (2019) Kat:3, Licht: 2","170633","3","7","1","10","19","5","1","2","0","1","0","1"
"POINT (8.677514717000065 50.112338819000058)","Unfall 170634 (2019) Kat:2, Licht: 0","170634","2","7","0","10","07","5","0","0","1","0","0","0"
"POINT (8.541642846000059 50.111430148000068)","Unfall 170645 (2019) Kat:3, Licht: 0","170645","3","2","2","10","14","4","0","0","0","1","0","1"
"POINT (8.692388524000023 50.169623065000053)","Unfall 170646 (2019) Kat:2, Licht: 2","170646","2","6","6","10","19","4","0","2","1","0","1","0"
"POINT (8.707206232000033 50.088735613000040)","Unfall 170647 (2019) Kat:3, Licht: 0","170647","3","3","5","10","17","4","0","0","1","1","0","0"
"POINT (8.658191894000026 50.102324135000060)","Unfall 170648 (2019) Kat:3, Licht: 0","170648","3","5","1","10","10","4","0","0","1","1","0","0"
"POINT (8.665988247000030 50.110311197000044)","Unfall 170649 (2019) Kat:3, Licht: 0","170649","3","3","0","10","08","4","1","0","0","1","0","1"
"POINT (8.542251024000052 50.097158486000069)","Unfall 170662 (2019) Kat:3, Licht: 1","170662","3","6","2","10","06","3","0","1","0","1","0","0"
"POINT (8.643080274000056 50.116835306000041)","Unfall 170663 (2019) Kat:3, Licht: 1","170663","3","2","5","10","17","3","1","1","1","1","0","0"
"POINT (8.675699950000023 50.120992665000074)","Unfall 170664 (2019) Kat:3, Licht: 0","170664","3","2","3","10","07","3","0","0","1","1","0","0"
"POINT (8.630119675000060 50.157330125000044)","Unfall 170680 (2019) Kat:3, Licht: 0","170680","3","1","8","09","16","2","0","0","0","0","0","1"
"POINT (8.615690383000072 50.128617858000041)","Unfall 170681 (2019) Kat:2, Licht: 1","170681","2","3","5","09","07","2","1","1","0","1","0","0"
"POINT (8.639660248000041 50.105988203000038)","Unfall 170682 (2019) Kat:2, Licht: 2","170682","2","2","2","09","19","2","0","2","0","1","0","1"
"POINT (8.618060011000068 50.149828269000068)","Unfall 170701 (2019) Kat:3, Licht: 2","170701","3","7","1","09","00","7","0","2","0","1","0","0"
"POINT (8.638326922000033 50.086288015000036)","Unfall 170702 (2019) Kat:3, Licht: 1","170702","3","3","5","09","06","7","0","1","0","1","0","0"
"POINT (8.671266399000047 50.094128052000030)","Unfall 170703 (2019) Kat:3, Licht: 0","170703","3","2","0","09","06","7","0","0","1","0","0","0"
"POINT (8.687752133000060 50.114757217000033)","Unfall 170704 (2019) Kat:2, Licht: 2","170704","2","7","0","09","03","7","0","2","0","0","0","0"
"POINT (8.757271413000069 50.143099961000075)","Unfall 170717 (2019) Kat:3, Licht: 0","170717","3","2","0","09","11","7","0","0","1","1","0","0"
"POINT (8.540825892000044 50.104179173000034)","Unfall 170722 (2019) Kat:3, Licht: 0","170722","3","6","2","09","12","6","1","0","0","1","1","0"
"POINT (8.596750680000071 50.098918579000042)","Unfall 170723 (2019) Kat:3, Licht: 1","170723","3","3","5","09","17","6","1","1","1","1","0","0"
"POINT (8.596808514000031 50.101905705000036)","Unfall 170724 (2019) Kat:3, Licht: 1","170724","3","3","5","09","07","6","1","1","0","1","0","1"
"POINT (8.706578667000031 50.129017408000038)","Unfall 170725 (2019) Kat:3, Licht: 0","170725","3","3","4","09","07","6","1","0","1","1","0","0"
"POINT (8.707492293000030 50.116789109000081)","Unfall 170726 (2019) Kat:2, Licht: 0","170726","2","4","6","09","12","6","1","0","0","1","1","0"
"POINT (8.653657628000076 50.105459400000029)","Unfall 170727 (2019) Kat:3, Licht: 0","170727","3","3","5","09","08","6","1","0","1","1","0","0"
"POINT (8.591341375000070 50.032849339000052)","Unfall 170740 (2019) Kat:3, Licht: 0","170740","3","2","5","09","17","5","1","0","0","1","0","0"
"POINT (8.639390902000059 50.177857390000042)","Unfall 170747 (2019) Kat:3, Licht: 0","170747","3","1","8","09","10","5","1","0","1","0","0","0"
"POINT (8.669655015000046 50.114021201000071)","Unfall 170748 (2019) Kat:1, Licht: 2","170748","1","3","5","09","00","5","1","2","1","1","0","0"
"POINT (8.649202617000071 50.080492509000067)","Unfall 170749 (2019) Kat:3, Licht: 0","170749","3","5","0","09","17","5","1","0","1","1","0","0"
"POINT (8.670750992000023 50.115402035000045)","Unfall 170750 (2019) Kat:3, Licht: 0","170750","3","2","5","09","08","5","0","0","1","1","0","0"
"POINT (8.569676730000026 50.051892969000050)","Unfall 170767 (2019) Kat:3, Licht: 0","170767","3","3","5","09","13","4","0","0","0","1","0","0"
"POINT (8.628722154000059 50.118516071000045)","Unfall 170773 (2019) Kat:2, Licht: 0","170773","2","7","0","09","11","4","1","0","1","0","0","0"
"POINT (8.663755822000042 50.114574188000063)","Unfall 170774 (2019) Kat:3, Licht: 0","170774","3","4","0","09","09","4","1","0","1","0","1","0"
"POINT (8.649272063000069 50.087175444000081)","Unfall 170775 (2019) Kat:3, Licht: 0","170775","3","4","6","09","18","4","0","0","1","0","1","0"
"POINT (8.777321873000062 50.137659995000035)","Unfall 170776 (2019) Kat:3, Licht: 0","170776","3","7","3","09","07","4","1","0","1","0","0","0"
"POINT (8.635855301000049 50.108032927000068)","Unfall 170796 (2019) Kat:3, Licht: 0","170796","3","6","3","09","07","3","0","0","0","1","0","0"
"POINT (8.681866345000060 50.125208652000026)","Unfall 170797 (2019) Kat:3, Licht: 0","170797","3","3","5","09","08","3","0","0","1","1","0","0"
"POINT (8.693077350000067 50.113353855000071)","Unfall 170798 (2019) Kat:1, Licht: 2","170798","1","4","6","09","21","3","1","2","0","1","1","0"
"POINT (8.670928636000042 50.107307415000037)","Unfall 170817 (2019) Kat:3, Licht: 0","170817","3","6","3","09","10","2","1","0","0","1","0","1"
"POINT (8.677445528000021 50.111819483000033)","Unfall 170818 (2019) Kat:3, Licht: 0","170818","3","7","6","09","09","2","1","0","0","0","1","1"
"POINT (8.720205194000073 50.100115488000029)","Unfall 170827 (2019) Kat:3, Licht: 2","170827","3","7","0","09","21","1","0","2","0","0","0","0"
"POINT (8.665693007000073 50.095223264000026)","Unfall 170828 (2019) Kat:2, Licht: 0","170828","2","1","0","09","14","1","0","0","1","0","0","0"
"POINT (8.666596311000035 50.108010822000040)","Unfall 170829 (2019) Kat:3, Licht: 0","170829","3","1","0","09","18","1","0","0","0","0","0","1"
"POINT (8.674287347000075 50.115788705000057)","Unfall 170830 (2019) Kat:3, Licht: 0","170830","3","6","2","09","16","1","0","0","0","1","0","1"
"POINT (8.687588410000046 50.109597455000028)","Unfall 170831 (2019) Kat:3, Licht: 2","170831","3","2","5","09","03","1","0","2","1","1","0","0"
"POINT (8.669797769000070 50.113924565000048)","Unfall 170844 (2019) Kat:3, Licht: 1","170844","3","2","5","09","20","7","0","1","0","1","0","1"
"POINT (8.609181660000047 50.112472757000035)","Unfall 170845 (2019) Kat:3, Licht: 0","170845","3","3","5","09","17","7","0","0","0","1","0","0"
"POINT (8.671334735000073 50.113008219000051)","Unfall 170846 (2019) Kat:3, Licht: 2","170846","3","1","9","09","05","7","0","2","0","1","0","0"
"POINT (8.615632420000054 50.148905148000040)","Unfall 170865 (2019) Kat:2, Licht: 0","170865","2","4","6","09","17","6","0","0","0","1","1","0"
"POINT (8.648032886000067 50.121475620000069)","Unfall 170866 (2019) Kat:3, Licht: 2","170866","3","3","5","09","22","6","0","2","0","1","0","0"
"POINT (8.662195162000046 50.115909547000058)","Unfall 170867 (2019) Kat:3, Licht: 2","170867","3","7","1","09","22","6","0","2","0","1","0","0"
"POINT (8.662178224000058 50.110132902000032)","Unfall 170868 (2019) Kat:3, Licht: 2","170868","3","3","5","09","00","6","0","2","1","1","0","0"
"POINT (8.715970459000062 50.117298753000057)","Unfall 170869 (2019) Kat:3, Licht: 0","170869","3","5","1","09","10","6","0","0","1","0","0","0"
"POINT (8.660845943000027 50.122644612000045)","Unfall 170870 (2019) Kat:3, Licht: 0","170870","3","3","0","09","11","6","0","0","1","1","0","0"
"POINT (8.698532892000060 50.125859812000044)","Unfall 170871 (2019) Kat:3, Licht: 0","170871","3","2","3","09","11","6","0","0","0","1","0","0"
"POINT (8.545173855000030 50.104627973000049)","Unfall 170898 (2019) Kat:3, Licht: 2","170898","3","3","2","10","18","1","1","2","1","1","0","0"
"POINT (8.551782875000072 50.110422720000031)","Unfall 170899 (2019) Kat:2, Licht: 2","170899","2","7","1","10","04","1","1","2","0","1","0","0"
"POINT (8.651319875000070 50.076778952000041)","Unfall 170900 (2019) Kat:3, Licht: 2","170900","3","6","2","10","22","1","0","2","0","1","0","0"
"POINT (8.679317007000066 50.111756603000060)","Unfall 170901 (2019) Kat:3, Licht: 0","170901","3","3","5","10","15","1","0","0","1","1","0","0"
"POINT (8.693142222000063 50.114987148000068)","Unfall 170902 (2019) Kat:3, Licht: 2","170902","3","1","0","10","04","1","1","2","0","0","0","0"
"POINT (8.640686529000050 50.115597389000072)","Unfall 170907 (2019) Kat:3, Licht: 0","170907","3","3","5","10","17","7","0","0","0","1","0","0"
"POINT (8.681000833000041 50.101480468000034)","Unfall 170908 (2019) Kat:3, Licht: 2","170908","3","7","6","10","22","7","1","2","0","0","1","0"
"POINT (8.776278454000021 50.138186515000029)","Unfall 170909 (2019) Kat:3, Licht: 0","170909","3","2","5","10","15","7","0","0","0","1","0","1"
"POINT (8.706387071000052 50.126983040000027)","Unfall 170910 (2019) Kat:3, Licht: 0","170910","3","1","9","10","12","7","0","0","0","1","0","1"
"POINT (8.529735133000031 50.111659847000055)","Unfall 170928 (2019) Kat:3, Licht: 0","170928","3","3","5","10","09","6","1","0","0","1","0","1"
"POINT (8.670356171000037 50.114621257000067)","Unfall 170929 (2019) Kat:3, Licht: 0","170929","3","5","0","10","12","6","1","0","1","1","0","0"
"POINT (8.593636590000074 50.083197636000079)","Unfall 170930 (2019) Kat:3, Licht: 0","170930","3","4","6","10","13","6","1","0","1","0","1","0"
"POINT (8.684636929000021 50.100266300000044)","Unfall 170931 (2019) Kat:3, Licht: 0","170931","3","1","6","10","08","6","1","0","0","1","1","0"
"POINT (8.709316311000066 50.130406477000065)","Unfall 170932 (2019) Kat:3, Licht: 2","170932","3","3","5","10","19","6","1","2","0","1","0","0"
"POINT (8.696654619000071 50.115800917000058)","Unfall 170933 (2019) Kat:3, Licht: 0","170933","3","7","1","10","11","6","1","0","0","1","0","1"
"POINT (8.628017867000040 50.103112774000067)","Unfall 170934 (2019) Kat:3, Licht: 0","170934","3","7","1","10","12","6","1","0","0","1","0","0"
"POINT (8.675282365000044 50.124061894000079)","Unfall 170935 (2019) Kat:2, Licht: 0","170935","2","2","5","10","17","6","0","0","1","1","0","0"
"POINT (8.678981618000023 50.117849058000047)","Unfall 170936 (2019) Kat:3, Licht: 0","170936","3","6","3","10","09","6","1","0","1","1","0","0"
"POINT (8.674913460000028 50.115554060000079)","Unfall 170937 (2019) Kat:3, Licht: 0","170937","3","7","6","10","13","6","0","0","0","1","1","0"
"POINT (8.643637135000063 50.175407118000066)","Unfall 170955 (2019) Kat:3, Licht: 0","170955","3","6","2","10","15","5","0","0","0","1","0","0"
"POINT (8.665180604000057 50.111213336000048)","Unfall 170956 (2019) Kat:3, Licht: 0","170956","3","2","3","10","15","5","0","0","1","1","0","0"
"POINT (8.662462972000071 50.101295554000046)","Unfall 170957 (2019) Kat:2, Licht: 0","170957","2","4","6","10","15","5","0","0","0","1","1","0"
"POINT (8.570454268000049 50.050746676000074)","Unfall 170975 (2019) Kat:2, Licht: 0","170975","2","7","6","10","12","4","1","0","0","1","1","0"
"POINT (8.550841593000030 50.105462636000027)","Unfall 170982 (2019) Kat:3, Licht: 2","170982","3","1","0","10","00","4","1","2","0","0","0","1"
"POINT (8.672094098000059 50.126405640000030)","Unfall 170983 (2019) Kat:3, Licht: 2","170983","3","6","0","10","20","4","1","2","1","1","0","0"
"POINT (8.577109509000024 50.052805348000049)","Unfall 170997 (2019) Kat:3, Licht: 2","170997","3","6","2","10","20","3","1","2","0","1","0","0"
"POINT (8.648967800000037 50.116945781000027)","Unfall 171005 (2019) Kat:3, Licht: 0","171005","3","7","1","10","09","3","0","0","1","1","0","0"
"POINT (8.687229024000033 50.104251409000028)","Unfall 171006 (2019) Kat:3, Licht: 2","171006","3","2","6","10","19","3","1","2","0","1","1","0"
"POINT (8.639295425000057 50.101043383000047)","Unfall 171007 (2019) Kat:3, Licht: 2","171007","3","7","1","10","00","3","0","2","0","1","0","0"
"POINT (8.641708256000072 50.105557309000062)","Unfall 171008 (2019) Kat:3, Licht: 0","171008","3","7","0","10","12","3","0","0","0","0","0","0"
"POINT (8.674398090000068 50.131892853000068)","Unfall 171009 (2019) Kat:3, Licht: 0","171009","3","2","3","10","12","3","0","0","1","1","0","0"
"POINT (8.677614808000044 50.118612642000073)","Unfall 171010 (2019) Kat:3, Licht: 0","171010","3","5","1","10","07","3","0","0","1","1","0","0"
"POINT (8.686261621000028 50.122389260000034)","Unfall 171011 (2019) Kat:3, Licht: 0","171011","3","7","6","10","14","3","1","0","0","0","1","0"
"POINT (8.684602784000049 50.128247488000056)","Unfall 171012 (2019) Kat:3, Licht: 2","171012","3","3","0","10","21","3","1","2","0","1","0","1"
"POINT (8.630188540000063 50.133823923000080)","Unfall 171031 (2019) Kat:3, Licht: 0","171031","3","7","6","10","18","2","0","0","0","1","1","0"
"POINT (8.699900341000046 50.138922737000030)","Unfall 171032 (2019) Kat:3, Licht: 0","171032","3","3","5","10","15","2","0","0","1","1","0","0"
"POINT (8.667046000000028 50.122562610000045)","Unfall 171033 (2019) Kat:3, Licht: 0","171033","3","3","5","10","12","2","0","0","0","1","0","0"
"POINT (8.677915235000057 50.119673510000041)","Unfall 171050 (2019) Kat:3, Licht: 2","171050","3","3","5","10","21","1","0","2","0","1","0","0"
"POINT (8.679742926000074 50.119634541000039)","Unfall 171051 (2019) Kat:3, Licht: 2","171051","3","6","3","10","21","1","0","2","1","0","0","0"
"POINT (8.691589897000029 50.123066947000041)","Unfall 171052 (2019) Kat:3, Licht: 0","171052","3","3","5","10","17","1","0","0","1","0","0","0"
"POINT (8.665354877000027 50.136734989000047)","Unfall 171068 (2019) Kat:2, Licht: 0","171068","2","2","5","10","09","7","0","0","0","1","0","1"
"POINT (8.652620817000070 50.093615549000049)","Unfall 171069 (2019) Kat:3, Licht: 2","171069","3","7","1","10","06","7","0","2","1","1","0","0"
"POINT (8.705682905000060 50.111586313000032)","Unfall 171070 (2019) Kat:3, Licht: 0","171070","3","2","5","10","10","7","0","0","1","0","0","0"
"POINT (8.632870409000077 50.123759630000052)","Unfall 171079 (2019) Kat:3, Licht: 2","171079","3","2","5","10","23","6","1","2","1","1","0","0"
"POINT (8.699588262000077 50.120622754000067)","Unfall 171080 (2019) Kat:3, Licht: 0","171080","3","6","2","10","11","6","0","0","0","1","0","1"
"POINT (8.670236935000048 50.105293961000029)","Unfall 171081 (2019) Kat:3, Licht: 0","171081","3","6","2","10","15","6","0","0","0","1","0","0"
"POINT (8.695939243000055 50.124306015000059)","Unfall 171099 (2019) Kat:3, Licht: 0","171099","3","5","0","10","10","5","0","0","1","0","0","0"
"POINT (8.542737547000058 50.103605058000028)","Unfall 171114 (2019) Kat:3, Licht: 1","171114","3","3","5","10","18","4","1","1","1","1","0","0"
"POINT (8.655333582000026 50.079772247000051)","Unfall 171115 (2019) Kat:3, Licht: 2","171115","3","1","3","10","20","4","1","2","0","1","0","0"
"POINT (8.681972848000044 50.106957668000064)","Unfall 171116 (2019) Kat:3, Licht: 0","171116","3","3","5","10","16","4","1","0","0","1","0","0"
"POINT (8.679210334000061 50.117898281000066)","Unfall 171117 (2019) Kat:3, Licht: 2","171117","3","6","2","10","19","4","1","2","0","1","0","1"
"POINT (8.688705406000054 50.118106877000059)","Unfall 171118 (2019) Kat:3, Licht: 0","171118","3","3","5","10","08","4","0","0","1","0","0","0"
"POINT (8.540585076000070 50.098996588000034)","Unfall 171133 (2019) Kat:3, Licht: 0","171133","3","6","2","10","13","3","1","0","0","1","0","0"
"POINT (8.675236963000032 50.140036293000037)","Unfall 171134 (2019) Kat:3, Licht: 0","171134","3","1","0","10","13","3","1","0","1","0","0","0"
"POINT (8.675065263000022 50.139989499000080)","Unfall 171135 (2019) Kat:2, Licht: 0","171135","2","7","0","10","13","3","1","0","1","0","0","0"
"POINT (8.759147117000055 50.120867320000059)","Unfall 171136 (2019) Kat:3, Licht: 0","171136","3","3","0","10","12","3","1","0","0","0","0","1"
"POINT (8.693435029000057 50.115074365000055)","Unfall 171137 (2019) Kat:2, Licht: 0","171137","2","2","6","10","17","3","1","0","0","1","1","0"
"POINT (8.756180447000077 50.145029960000045)","Unfall 171145 (2019) Kat:3, Licht: 2","171145","3","3","5","10","21","3","1","2","0","1","0","0"
"POINT (8.671123989000023 50.121350115000041)","Unfall 171150 (2019) Kat:3, Licht: 0","171150","3","5","1","10","16","2","0","0","1","1","0","0"
"POINT (8.699656591000064 50.122162733000039)","Unfall 171151 (2019) Kat:3, Licht: 0","171151","3","7","1","10","12","2","0","0","0","1","0","1"
"POINT (8.689553084000067 50.102567096000030)","Unfall 171163 (2019) Kat:3, Licht: 2","171163","3","5","1","10","19","1","1","2","1","1","0","0"
"POINT (8.624168352000027 50.147693663000041)","Unfall 171170 (2019) Kat:2, Licht: 0","171170","2","3","5","10","15","7","0","0","1","1","0","0"
"POINT (8.724389755000061 50.114329489000056)","Unfall 171171 (2019) Kat:3, Licht: 0","171171","3","2","5","10","17","7","0","0","0","1","0","1"
"POINT (8.657034740000029 50.110545568000077)","Unfall 171182 (2019) Kat:3, Licht: 2","171182","3","6","2","11","19","2","1","2","0","1","0","0"
"POINT (8.656020144000024 50.143207525000037)","Unfall 171183 (2019) Kat:3, Licht: 0","171183","3","4","6","11","12","2","1","0","0","1","1","0"
"POINT (8.615654611000025 50.128633801000035)","Unfall 171184 (2019) Kat:2, Licht: 0","171184","2","2","5","11","11","2","0","0","1","1","0","0"
"POINT (8.671964642000035 50.126573722000046)","Unfall 171185 (2019) Kat:3, Licht: 0","171185","3","4","6","11","13","2","1","0","0","1","1","0"
"POINT (8.653063940000038 50.091577380000047)","Unfall 171203 (2019) Kat:2, Licht: 0","171203","2","6","0","11","15","1","1","0","1","0","0","0"
"POINT (8.680350810000050 50.121383918000049)","Unfall 171204 (2019) Kat:3, Licht: 0","171204","3","3","5","11","13","1","1","0","1","1","0","0"
"POINT (8.607076604000042 50.096554817000026)","Unfall 171209 (2019) Kat:3, Licht: 2","171209","3","3","5","11","21","7","1","2","0","1","0","0"
"POINT (8.679449812000030 50.117060183000035)","Unfall 171210 (2019) Kat:3, Licht: 0","171210","3","2","3","11","15","7","0","0","0","1","0","0"
"POINT (8.656482235000055 50.113872275000062)","Unfall 171218 (2019) Kat:3, Licht: 0","171218","3","6","3","11","13","6","1","0","1","1","0","0"
"POINT (8.716925520000075 50.131139393000069)","Unfall 171219 (2019) Kat:3, Licht: 0","171219","3","2","3","11","13","6","1","0","0","1","0","1"
"POINT (8.665068135000070 50.107535123000048)","Unfall 171220 (2019) Kat:3, Licht: 0","171220","3","7","6","11","10","6","0","0","0","0","1","0"
"POINT (8.662045554000031 50.108005087000038)","Unfall 171221 (2019) Kat:3, Licht: 2","171221","3","7","0","11","01","6","0","2","0","0","0","0"
"POINT (8.665710174000026 50.117067500000076)","Unfall 171222 (2019) Kat:3, Licht: 2","171222","3","3","5","11","18","6","1","2","1","0","0","0"
"POINT (8.666858236000053 50.150044913000045)","Unfall 171251 (2019) Kat:3, Licht: 0","171251","3","3","5","10","09","5","0","0","1","1","0","0"