WKT,Name,OBJECTID,UKATEGORIE,UTYP1,UART,UMONAT,USTUNDE,UWOCHENTAG,STRZUSTAND,ULICHTVERH,ISTRAD,ISTPKW,ISTFUSS,ISTKRAD
"POINT (8.661212384000066 50.102457354000080)","Unfall 46634 (2020) Kat:3, Licht: 0","46634","3","4","6","01","07","6","0","0","1","0","1","0"
"POINT (8.665153668000073 50.106644330000051)","Unfall 46639 (2020) Kat:3, Licht: 0","46639","3","7","0","01","11","6","0","0","0","1","0","1"
"POINT (8.711157946000071 50.132724665000069)","Unfall 46646 (2020) Kat:3, Licht: 0","46646","3","6","2","02","14","6","0","0","0","1","0","0"
"POINT (8.715275541000040 50.063963781000041)","Unfall 46648 (2020) Kat:3, Licht: 2","46648","3","6","2","02","18","4","0","2","0","1","0","0"
"POINT (8.564591432000043 50.118182618000048)","Unfall 46699 (2020) Kat:3, Licht: 0","46699","3","6","2","02","15","5","1","0","0","1","0","0"
"POINT (8.592160221000029 50.137662714000044)","Unfall 46707 (2020) Kat:2, Licht: 0","46707","2","6","2","01","16","6","0","0","0","1","0","0"
"POINT (8.611121876000027 50.171373896000034)","Unfall 46719 (2020) Kat:3, Licht: 2","46719","3","6","2","02","00","5","0","2","0","1","0","0"
"POINT (8.624273514000038 50.146043764000069)","Unfall 46720 (2020) Kat:3, Licht: 0","46720","3","7","0","02","08","6","0","0","0","1","0","0"
"POINT (8.677825004000056 50.105411712000034)","Unfall 46723 (2020) Kat:3, Licht: 0","46723","3","2","3","02","08","5","0","0","0","1","0","0"
"POINT (8.662364786000069 50.103004579000071)","Unfall 46745 (2020) Kat:3, Licht: 2","46745","3","6","1","01","17","5","1","2","1","1","0","0"
"POINT (8.665133637000054 50.107441439000070)","Unfall 46771 (2020) Kat:3, Licht: 0","46771","3","6","1","02","09","6","0","0","1","1","0","0"
"POINT (8.617646198000045 50.089668391000032)","Unfall 46772 (2020) Kat:3, Licht: 2","46772","3","6","2","01","07","3","1","2","0","1","0","0"
"POINT (8.667229966000036 50.146894137000061)","Unfall 46776 (2020) Kat:3, Licht: 0","46776","3","3","5","02","13","5","0","0","1","1","0","0"
"POINT (8.702418569000031 50.160489670000061)","Unfall 46787 (2020) Kat:1, Licht: 2","46787","1","1","9","02","20","5","1","2","0","1","0","0"
"POINT (8.595581656000036 50.143107023000027)","Unfall 46790 (2020) Kat:2, Licht: 2","46790","2","6","2","01","22","3","1","2","0","1","0","0"
"POINT (8.702057371000024 50.061576278000075)","Unfall 46807 (2020) Kat:2, Licht: 2","46807","2","6","3","02","19","4","0","2","0","1","0","0"
"POINT (8.741464192000024 50.097299573000043)","Unfall 46816 (2020) Kat:3, Licht: 0","46816","3","6","8","02","09","5","0","0","0","0","0","1"
"POINT (8.690347307000025 50.147459749000063)","Unfall 46817 (2020) Kat:3, Licht: 2","46817","3","3","5","02","19","3","1","2","0","1","0","0"
"POINT (8.738986279000073 50.102185375000033)","Unfall 46835 (2020) Kat:3, Licht: 1","46835","3","6","2","02","07","2","0","1","0","1","0","0"
"POINT (8.598185852000029 50.133601548000058)","Unfall 46842 (2020) Kat:3, Licht: 0","46842","3","1","9","02","16","1","0","0","0","1","0","0"
"POINT (8.538653945000021 50.117427303000056)","Unfall 46855 (2020) Kat:3, Licht: 2","46855","3","6","2","02","19","3","1","2","0","1","0","0"
"POINT (8.526880099000039 50.100400182000044)","Unfall 46861 (2020) Kat:3, Licht: 2","46861","3","1","8","02","03","1","0","2","0","0","0","0"
"POINT (8.698229196000057 50.138994566000065)","Unfall 46864 (2020) Kat:3, Licht: 2","46864","3","2","5","02","00","1","0","2","0","1","0","0"
"POINT (8.687103121000064 50.106299063000051)","Unfall 46890 (2020) Kat:3, Licht: 2","46890","3","3","5","02","22","2","1","2","0","1","0","0"
"POINT (8.694932637000022 50.127926511000055)","Unfall 46901 (2020) Kat:3, Licht: 0","46901","3","3","5","02","08","6","1","0","0","1","0","0"
"POINT (8.529913625000063 50.022794719000046)","Unfall 46921 (2020) Kat:3, Licht: 0","46921","3","6","2","02","14","2","1","0","0","1","0","0"
"POINT (8.592594948000055 50.100072787000045)","Unfall 46925 (2020) Kat:2, Licht: 2","46925","2","6","3","02","05","7","0","2","0","1","0","0"
"POINT (8.729092138000056 50.117404045000058)","Unfall 46946 (2020) Kat:3, Licht: 0","46946","3","6","2","02","13","2","1","0","0","1","0","0"
"POINT (8.505435927000065 50.091036846000065)","Unfall 46976 (2020) Kat:3, Licht: 0","46976","3","1","8","02","07","2","0","0","0","1","0","0"
"POINT (8.732933528000046 50.131073768000078)","Unfall 46979 (2020) Kat:3, Licht: 2","46979","3","2","0","02","19","4","0","2","1","1","0","0"
"POINT (8.550538324000058 50.078226394000069)","Unfall 46983 (2020) Kat:3, Licht: 0","46983","3","6","8","02","10","3","0","0","0","1","0","0"
"POINT (8.550063265000063 50.102646953000033)","Unfall 46989 (2020) Kat:3, Licht: 0","46989","3","6","2","02","09","2","0","0","0","1","0","0"
"POINT (8.691268867000076 50.091360702000031)","Unfall 47000 (2020) Kat:3, Licht: 2","47000","3","6","0","02","23","2","1","2","0","1","0","0"
"POINT (8.691560570000036 50.100441584000066)","Unfall 47001 (2020) Kat:2, Licht: 0","47001","2","2","5","02","11","1","1","0","1","0","0","0"
"POINT (8.541818106000051 50.118579989000068)","Unfall 47021 (2020) Kat:3, Licht: 2","47021","3","6","2","02","19","3","1","2","0","1","0","0"
"POINT (8.658107306000034 50.078441774000055)","Unfall 47048 (2020) Kat:3, Licht: 0","47048","3","1","4","02","14","5","1","0","0","1","0","0"
"POINT (8.759847373000071 50.113365435000048)","Unfall 47058 (2020) Kat:3, Licht: 0","47058","3","6","0","02","08","2","0","0","1","0","0","0"
"POINT (8.688675402000058 50.062127031000045)","Unfall 47063 (2020) Kat:3, Licht: 2","47063","3","2","5","02","19","2","1","2","0","1","0","0"
"POINT (8.701418654000065 50.123213595000038)","Unfall 47066 (2020) Kat:2, Licht: 0","47066","2","4","6","02","13","2","1","0","0","1","1","0"
"POINT (8.547450340000069 50.102342601000032)","Unfall 47071 (2020) Kat:2, Licht: 0","47071","2","4","6","02","13","6","0","0","0","1","1","0"
"POINT (8.684207463000064 50.131598216000043)","Unfall 47078 (2020) Kat:3, Licht: 0","47078","3","3","5","03","13","1","0","0","0","1","0","0"
"POINT (8.747618816000056 50.160557281000081)","Unfall 47092 (2020) Kat:3, Licht: 2","47092","3","1","9","03","05","1","0","2","0","1","0","0"
"POINT (8.710631488000047 50.150028791000068)","Unfall 47122 (2020) Kat:3, Licht: 0","47122","3","6","2","02","15","5","2","0","0","1","0","0"
"POINT (8.762103674000059 50.137302867000074)","Unfall 47124 (2020) Kat:3, Licht: 0","47124","3","6","2","03","13","3","1","0","0","1","0","0"
"POINT (8.699391272000071 50.061328863000028)","Unfall 47125 (2020) Kat:3, Licht: 0","47125","3","6","2","03","08","2","0","0","0","0","0","0"
"POINT (8.707827995000059 50.113768746000062)","Unfall 47127 (2020) Kat:3, Licht: 0","47127","3","4","6","02","13","5","1","0","0","0","1","0"
"POINT (8.602070652000066 50.110321680000027)","Unfall 47167 (2020) Kat:2, Licht: 0","47167","2","6","2","03","07","3","0","0","0","1","0","0"
"POINT (8.711924546000034 50.123780713000031)","Unfall 47170 (2020) Kat:3, Licht: 0","47170","3","6","3","03","12","7","0","0","0","1","0","0"
"POINT (8.499985339000034 50.097020283000063)","Unfall 47186 (2020) Kat:3, Licht: 2","47186","3","2","3","03","19","4","0","2","0","1","0","1"
"POINT (8.687769011000057 50.107192939000072)","Unfall 47191 (2020) Kat:3, Licht: 0","47191","3","6","3","03","11","4","0","0","0","1","0","0"
"POINT (8.590410140000074 50.123107458000050)","Unfall 47196 (2020) Kat:3, Licht: 2","47196","3","2","5","03","18","2","1","2","0","1","0","0"
"POINT (8.623527087000070 50.101052592000030)","Unfall 47198 (2020) Kat:3, Licht: 2","47198","3","6","2","03","19","2","0","2","0","1","0","0"
"POINT (8.592314577000025 50.122911339000041)","Unfall 47233 (2020) Kat:3, Licht: 0","47233","3","6","2","03","14","5","1","0","0","1","0","0"
"POINT (8.611108735000073 50.067174840000064)","Unfall 47244 (2020) Kat:3, Licht: 2","47244","3","7","7","03","20","2","1","2","0","1","0","0"
"POINT (8.601453190000029 50.111494053000058)","Unfall 47251 (2020) Kat:3, Licht: 0","47251","3","6","2","03","08","2","0","0","0","1","0","0"
"POINT (8.592206540000063 50.137721153000030)","Unfall 47260 (2020) Kat:3, Licht: 0","47260","3","6","2","03","09","2","0","0","0","1","0","0"
"POINT (8.637405143000024 50.122826423000049)","Unfall 47280 (2020) Kat:3, Licht: 2","47280","3","7","1","02","19","4","1","2","1","0","0","0"
"POINT (8.590617348000023 50.053604172000064)","Unfall 47284 (2020) Kat:1, Licht: 2","47284","1","1","9","03","21","1","1","2","0","1","0","0"
"POINT (8.708206201000053 50.062633383000048)","Unfall 47286 (2020) Kat:3, Licht: 0","47286","3","6","9","03","12","1","0","0","0","1","0","0"
"POINT (8.600268273000040 50.114362176000043)","Unfall 47288 (2020) Kat:2, Licht: 0","47288","2","1","9","03","11","1","1","0","0","1","0","0"
"POINT (8.578707037000072 50.125223417000029)","Unfall 47326 (2020) Kat:3, Licht: 0","47326","3","6","2","03","07","2","0","0","0","1","0","0"
"POINT (8.609023317000037 50.062397507000071)","Unfall 47333 (2020) Kat:3, Licht: 2","47333","3","6","3","02","18","7","1","2","0","1","0","0"
"POINT (8.616792337000049 50.092150467000067)","Unfall 47334 (2020) Kat:3, Licht: 0","47334","3","1","9","02","16","7","1","0","0","1","0","0"
"POINT (8.563410047000048 50.050242443000059)","Unfall 47343 (2020) Kat:3, Licht: 0","47343","3","2","5","02","16","6","0","0","0","1","0","0"
"POINT (8.602102896000076 50.110268876000077)","Unfall 47347 (2020) Kat:3, Licht: 1","47347","3","6","3","02","17","4","0","1","0","1","0","0"
"POINT (8.540138635000062 50.109255722000057)","Unfall 47354 (2020) Kat:3, Licht: 0","47354","3","2","6","02","11","6","0","0","0","1","1","0"
"POINT (8.682519815000035 50.107058367000036)","Unfall 47356 (2020) Kat:3, Licht: 0","47356","3","3","5","02","10","6","1","0","1","1","0","0"
"POINT (8.696281304000024 50.135349472000030)","Unfall 47358 (2020) Kat:3, Licht: 0","47358","3","6","2","02","15","6","0","0","0","1","0","0"
"POINT (8.645399721000047 50.103548517000036)","Unfall 47370 (2020) Kat:3, Licht: 1","47370","3","2","0","03","18","7","0","1","0","0","0","0"
"POINT (8.708636731000070 50.130680684000026)","Unfall 47412 (2020) Kat:3, Licht: 0","47412","3","5","0","03","07","2","0","0","0","1","0","1"
"POINT (8.543994520000069 50.107565703000034)","Unfall 47414 (2020) Kat:3, Licht: 0","47414","3","7","6","03","10","3","1","0","0","1","1","0"
"POINT (8.649205428000073 50.120074935000048)","Unfall 47416 (2020) Kat:3, Licht: 0","47416","3","7","8","03","18","5","0","0","0","1","0","0"
"POINT (8.650780114000042 50.113923047000071)","Unfall 47418 (2020) Kat:2, Licht: 2","47418","2","2","5","03","05","3","1","2","1","1","0","0"
"POINT (8.642291670000077 50.143343187000028)","Unfall 47421 (2020) Kat:3, Licht: 0","47421","3","6","2","03","11","4","0","0","0","1","0","0"
"POINT (8.653009477000069 50.073382585000047)","Unfall 47428 (2020) Kat:3, Licht: 0","47428","3","6","2","03","15","5","1","0","0","1","0","0"
"POINT (8.691270793000058 50.154724757000054)","Unfall 47434 (2020) Kat:3, Licht: 0","47434","3","2","5","03","13","3","1","0","1","1","0","0"
"POINT (8.694366396000021 50.130983651000065)","Unfall 47438 (2020) Kat:3, Licht: 0","47438","3","6","2","03","09","3","1","0","0","1","0","0"
"POINT (8.601199076000057 50.111438253000074)","Unfall 47448 (2020) Kat:3, Licht: 0","47448","3","6","2","03","12","4","0","0","0","0","0","0"
"POINT (8.624816667000061 50.091194160000043)","Unfall 47457 (2020) Kat:2, Licht: 0","47457","2","7","9","03","13","4","0","0","0","1","0","0"
"POINT (8.664691523000045 50.102989750000063)","Unfall 47461 (2020) Kat:3, Licht: 0","47461","3","3","5","03","15","1","0","0","0","1","0","0"
"POINT (8.673826311000028 50.160799865000058)","Unfall 47465 (2020) Kat:3, Licht: 0","47465","3","6","2","03","07","4","0","0","0","1","0","0"
"POINT (8.656638752000049 50.128126794000082)","Unfall 47472 (2020) Kat:3, Licht: 0","47472","3","6","3","03","15","2","0","0","0","1","0","0"
"POINT (8.557738122000046 50.124527978000060)","Unfall 47476 (2020) Kat:3, Licht: 0","47476","3","1","8","03","10","5","1","0","0","1","0","0"
"POINT (8.562602047000041 50.117311435000033)","Unfall 47479 (2020) Kat:3, Licht: 0","47479","3","6","2","03","17","7","0","0","0","1","0","0"
"POINT (8.632909231000042 50.101972639000053)","Unfall 47489 (2020) Kat:3, Licht: 2","47489","3","2","6","03","19","4","0","2","0","1","1","0"
"POINT (8.628844022000067 50.087803464000046)","Unfall 47493 (2020) Kat:3, Licht: 2","47493","3","3","8","03","23","5","0","2","0","1","0","0"
"POINT (8.645968032000042 50.201311260000068)","Unfall 47504 (2020) Kat:1, Licht: 0","47504","1","6","2","03","12","5","0","0","0","1","0","0"
"POINT (8.563078325000049 50.127062729000045)","Unfall 47539 (2020) Kat:3, Licht: 0","47539","3","1","9","03","13","1","0","0","0","0","0","1"
"POINT (8.723791189000053 50.159447179000040)","Unfall 47560 (2020) Kat:3, Licht: 2","47560","3","6","2","03","19","6","0","2","0","1","0","0"
"POINT (8.648228485000061 50.161476500000049)","Unfall 47563 (2020) Kat:3, Licht: 0","47563","3","2","0","03","13","5","0","0","0","1","0","0"
"POINT (8.705942107000055 50.145664748000058)","Unfall 47573 (2020) Kat:3, Licht: 0","47573","3","3","5","03","10","2","0","0","0","1","0","0"
"POINT (8.605620531000056 50.105170705000035)","Unfall 47588 (2020) Kat:2, Licht: 0","47588","2","6","2","03","12","1","0","0","0","1","0","1"
"POINT (8.582302980000065 50.123890702000040)","Unfall 47618 (2020) Kat:3, Licht: 0","47618","3","2","5","03","17","4","0","0","0","1","0","1"
"POINT (8.665318837000029 50.106188896000049)","Unfall 47622 (2020) Kat:3, Licht: 2","47622","3","3","5","03","23","1","0","2","0","1","0","0"
"POINT (8.700332934000073 50.112899489000029)","Unfall 47627 (2020) Kat:3, Licht: 0","47627","3","3","5","03","09","5","0","0","0","1","0","0"
"POINT (8.618946878000031 50.149192114000073)","Unfall 47634 (2020) Kat:2, Licht: 2","47634","2","1","0","03","23","2","0","2","1","0","0","0"
"POINT (8.657142450000038 50.110892458000080)","Unfall 47654 (2020) Kat:3, Licht: 0","47654","3","3","5","03","17","5","0","0","0","1","0","0"
"POINT (8.676517509000064 50.102247559000034)","Unfall 47659 (2020) Kat:3, Licht: 0","47659","3","7","0","03","17","4","0","0","1","1","0","0"
"POINT (8.693056696000042 50.128875651000044)","Unfall 47673 (2020) Kat:3, Licht: 0","47673","3","3","5","03","15","2","0","0","0","1","0","0"
"POINT (8.688089629000046 50.130565141000034)","Unfall 47685 (2020) Kat:3, Licht: 0","47685","3","3","5","03","13","7","0","0","1","1","0","0"
"POINT (8.592720148000069 50.057979107000051)","Unfall 47689 (2020) Kat:3, Licht: 0","47689","3","6","2","03","16","2","0","0","0","1","0","0"
"POINT (8.616795852000053 50.134032134000051)","Unfall 47697 (2020) Kat:3, Licht: 2","47697","3","6","2","03","21","4","0","2","1","1","0","0"
"POINT (8.600254301000064 50.151596668000082)","Unfall 47712 (2020) Kat:3, Licht: 0","47712","3","6","2","03","13","6","0","0","0","1","0","0"
"POINT (8.667575777000025 50.148258834000046)","Unfall 47734 (2020) Kat:3, Licht: 0","47734","3","7","4","03","15","2","0","0","0","1","0","1"
"POINT (8.641494614000067 50.198637966000035)","Unfall 47748 (2020) Kat:3, Licht: 0","47748","3","1","9","03","17","1","0","0","0","1","0","0"
"POINT (8.652708223000047 50.106298015000050)","Unfall 47763 (2020) Kat:3, Licht: 2","47763","3","7","1","03","20","3","0","2","0","1","0","1"
"POINT (8.669161777000056 50.141559812000025)","Unfall 47773 (2020) Kat:3, Licht: 0","47773","3","6","3","03","15","3","0","0","0","1","0","1"
"POINT (8.658963777000054 50.154749661000039)","Unfall 47786 (2020) Kat:3, Licht: 0","47786","3","2","3","03","08","5","0","0","1","0","0","0"
"POINT (8.620684151000035 50.100777511000047)","Unfall 47793 (2020) Kat:3, Licht: 0","47793","3","6","3","03","18","2","0","0","0","1","0","1"
"POINT (8.740744521000067 50.133163090000039)","Unfall 47796 (2020) Kat:2, Licht: 0","47796","2","1","0","03","14","7","0","0","1","0","0","0"
"POINT (8.752759800000035 50.120587778000072)","Unfall 47800 (2020) Kat:3, Licht: 0","47800","3","7","5","04","11","5","0","0","0","1","0","1"
"POINT (8.590013569000064 50.132066927000039)","Unfall 47819 (2020) Kat:3, Licht: 2","47819","3","1","8","04","04","6","0","2","0","1","0","0"
"POINT (8.695586260000027 50.061377371000049)","Unfall 47820 (2020) Kat:3, Licht: 0","47820","3","6","2","03","15","1","0","0","0","1","0","0"
"POINT (8.761639416000037 50.116093072000069)","Unfall 47833 (2020) Kat:3, Licht: 2","47833","3","2","5","04","21","7","0","2","0","1","0","0"
"POINT (8.677683806000061 50.105354558000045)","Unfall 47853 (2020) Kat:3, Licht: 0","47853","3","3","5","04","15","6","0","0","1","1","0","0"
"POINT (8.681789689000027 50.106916113000068)","Unfall 47872 (2020) Kat:3, Licht: 0","47872","3","7","2","04","11","2","0","0","0","1","0","0"
"POINT (8.636017931000026 50.102268090000052)","Unfall 47874 (2020) Kat:3, Licht: 0","47874","3","2","0","04","09","2","0","0","0","1","0","1"
"POINT (8.684804649000057 50.107439828000054)","Unfall 47885 (2020) Kat:3, Licht: 0","47885","3","6","4","04","16","7","0","0","1","0","0","0"
"POINT (8.627991739000038 50.190921354000068)","Unfall 47919 (2020) Kat:2, Licht: 0","47919","2","1","8","04","14","3","0","0","0","1","0","0"
"POINT (8.691229794000037 50.089607100000080)","Unfall 47922 (2020) Kat:2, Licht: 0","47922","2","3","5","04","15","4","0","0","1","1","0","0"
"POINT (8.758215356000051 50.129264753000029)","Unfall 47963 (2020) Kat:3, Licht: 0","47963","3","3","5","04","14","2","0","0","1","1","0","0"
"POINT (8.692257106000056 50.100893706000079)","Unfall 47972 (2020) Kat:3, Licht: 0","47972","3","6","3","04","08","5","0","0","0","1","0","0"
"POINT (8.677514223000060 50.105285965000064)","Unfall 47991 (2020) Kat:3, Licht: 0","47991","3","6","0","04","16","4","0","0","0","1","0","1"
"POINT (8.724578879000035 50.159822933000044)","Unfall 47996 (2020) Kat:3, Licht: 0","47996","3","6","2","04","17","7","0","0","0","1","0","0"
"POINT (8.678683684000021 50.158216678000031)","Unfall 48000 (2020) Kat:2, Licht: 0","48000","2","1","9","04","15","4","0","0","0","1","0","1"
"POINT (8.651361797000050 50.105765745000042)","Unfall 48012 (2020) Kat:3, Licht: 0","48012","3","6","2","04","11","7","0","0","0","1","0","0"
"POINT (8.666175015000022 50.147883155000045)","Unfall 48014 (2020) Kat:3, Licht: 0","48014","3","3","5","04","14","6","0","0","0","1","0","0"
"POINT (8.642128808000052 50.102834452000081)","Unfall 48046 (2020) Kat:3, Licht: 0","48046","3","6","2","04","10","5","0","0","0","1","0","1"
"POINT (8.701082926000026 50.110599703000048)","Unfall 48049 (2020) Kat:3, Licht: 0","48049","3","7","1","04","18","1","0","0","1","1","0","0"
"POINT (8.688899211000035 50.061328572000036)","Unfall 48057 (2020) Kat:3, Licht: 2","48057","3","7","8","04","01","6","0","2","0","1","0","0"
"POINT (8.546372225000027 50.103692945000034)","Unfall 48066 (2020) Kat:3, Licht: 0","48066","3","2","5","04","11","6","0","0","1","0","0","0"
"POINT (8.660324215000060 50.146784695000065)","Unfall 48068 (2020) Kat:3, Licht: 0","48068","3","5","1","04","10","6","0","0","0","1","0","0"
"POINT (8.760044463000043 50.113480193000044)","Unfall 48072 (2020) Kat:3, Licht: 0","48072","3","6","0","04","13","6","0","0","1","0","0","0"
"POINT (8.730568180000034 50.118615317000035)","Unfall 48074 (2020) Kat:2, Licht: 2","48074","2","3","5","04","23","6","0","2","0","1","0","0"
"POINT (8.656092530000024 50.107635758000072)","Unfall 48081 (2020) Kat:3, Licht: 0","48081","3","6","2","03","16","6","0","0","0","1","0","0"
"POINT (8.534559189000049 50.114207801000077)","Unfall 48089 (2020) Kat:3, Licht: 0","48089","3","6","2","04","15","7","0","0","0","1","0","0"
"POINT (8.661743599000033 50.183209131000069)","Unfall 48095 (2020) Kat:3, Licht: 0","48095","3","5","1","04","16","4","0","0","1","1","0","0"
"POINT (8.592785865000053 50.138547859000028)","Unfall 48096 (2020) Kat:3, Licht: 0","48096","3","6","2","04","10","6","0","0","0","1","0","0"
"POINT (8.712214129000074 50.136017547000051)","Unfall 48104 (2020) Kat:3, Licht: 0","48104","3","1","8","04","16","5","0","0","0","1","0","0"
"POINT (8.699170292000076 50.084225255000035)","Unfall 48106 (2020) Kat:3, Licht: 0","48106","3","6","2","03","17","6","0","0","0","1","0","0"
"POINT (8.697346165000056 50.126391210000065)","Unfall 48113 (2020) Kat:3, Licht: 0","48113","3","3","5","03","13","6","0","0","1","1","0","0"
"POINT (8.591972271000032 50.137081804000047)","Unfall 48144 (2020) Kat:3, Licht: 0","48144","3","6","3","04","11","5","0","0","0","1","0","0"
"POINT (8.502606256000036 50.092061814000033)","Unfall 48158 (2020) Kat:3, Licht: 0","48158","3","3","5","04","15","4","0","0","0","1","0","0"
"POINT (8.611221583000031 50.125314432000039)","Unfall 48168 (2020) Kat:3, Licht: 0","48168","3","2","5","04","11","2","0","0","1","1","0","0"
"POINT (8.544201182000052 50.105630561000055)","Unfall 48205 (2020) Kat:3, Licht: 0","48205","3","6","3","03","12","3","0","0","0","1","0","0"
"POINT (8.669003115000066 50.088454462000072)","Unfall 48208 (2020) Kat:3, Licht: 0","48208","3","6","2","03","13","3","0","0","0","1","0","0"
"POINT (8.632943399000055 50.078168097000059)","Unfall 48209 (2020) Kat:3, Licht: 0","48209","3","2","3","03","17","3","0","0","0","1","0","0"
"POINT (8.590022215000033 50.129962868000064)","Unfall 48211 (2020) Kat:3, Licht: 0","48211","3","6","3","04","13","7","0","0","0","1","0","0"
"POINT (8.730532028000027 50.118636836000064)","Unfall 48215 (2020) Kat:3, Licht: 0","48215","3","6","2","04","18","7","1","0","0","1","0","0"
"POINT (8.664882438000063 50.183409467000047)","Unfall 48217 (2020) Kat:3, Licht: 0","48217","3","3","5","04","13","6","0","0","1","0","0","0"
"POINT (8.699860881000063 50.110334566000063)","Unfall 48221 (2020) Kat:3, Licht: 0","48221","3","2","5","04","15","4","0","0","1","0","0","0"
"POINT (8.695450871000048 50.102419089000080)","Unfall 48246 (2020) Kat:3, Licht: 0","48246","3","7","1","04","10","5","0","0","0","0","0","1"
"POINT (8.679588141000068 50.103383765000046)","Unfall 48249 (2020) Kat:3, Licht: 2","48249","3","3","5","04","22","1","0","2","0","1","0","0"
"POINT (8.739770539000062 50.100288324000076)","Unfall 48261 (2020) Kat:3, Licht: 0","48261","3","6","3","03","12","6","0","0","0","1","0","0"
"POINT (8.568174554000052 50.121484037000073)","Unfall 48288 (2020) Kat:3, Licht: 0","48288","3","2","5","04","17","7","0","0","1","1","0","0"
"POINT (8.649516984000059 50.113713129000075)","Unfall 48308 (2020) Kat:3, Licht: 0","48308","3","5","1","05","13","4","0","0","1","1","0","0"
"POINT (8.742613922000032 50.149139026000057)","Unfall 48320 (2020) Kat:3, Licht: 0","48320","3","6","2","05","15","2","1","0","0","1","0","0"
"POINT (8.612177101000043 50.132183885000074)","Unfall 48355 (2020) Kat:3, Licht: 0","48355","3","6","3","05","07","4","0","0","0","1","0","0"
"POINT (8.682618969000032 50.131931139000073)","Unfall 48370 (2020) Kat:3, Licht: 0","48370","3","2","2","04","09","3","1","0","0","1","0","0"
"POINT (8.662324646000059 50.151698283000030)","Unfall 48387 (2020) Kat:3, Licht: 0","48387","3","7","1","04","09","2","0","0","1","1","0","0"
"POINT (8.683843597000021 50.162905442000067)","Unfall 48390 (2020) Kat:2, Licht: 0","48390","2","2","6","04","09","5","0","0","0","1","1","0"
"POINT (8.679869562000022 50.106246853000073)","Unfall 48395 (2020) Kat:2, Licht: 0","48395","2","6","3","04","20","7","0","0","0","1","0","1"
"POINT (8.704824015000042 50.062196530000051)","Unfall 48398 (2020) Kat:3, Licht: 0","48398","3","6","3","04","06","5","0","0","0","1","0","0"
"POINT (8.710784725000053 50.125442911000050)","Unfall 48407 (2020) Kat:3, Licht: 0","48407","3","3","5","04","09","4","0","0","1","1","0","0"
"POINT (8.754950601000076 50.127321558000062)","Unfall 48408 (2020) Kat:3, Licht: 0","48408","3","6","2","05","17","1","0","0","0","1","0","0"
"POINT (8.707007591000036 50.128428508000070)","Unfall 48414 (2020) Kat:2, Licht: 0","48414","2","6","3","04","08","5","0","0","1","0","0","0"
"POINT (8.682460237000043 50.107047399000066)","Unfall 48417 (2020) Kat:3, Licht: 0","48417","3","3","5","05","07","4","0","0","1","0","0","1"
"POINT (8.702087387000063 50.203338455000051)","Unfall 48434 (2020) Kat:1, Licht: 0","48434","1","3","5","04","13","4","0","0","0","1","0","1"
"POINT (8.736360583000021 50.120938867000064)","Unfall 48439 (2020) Kat:3, Licht: 0","48439","3","3","5","04","12","4","0","0","1","1","0","0"
"POINT (8.719488613000067 50.123090968000042)","Unfall 48454 (2020) Kat:3, Licht: 0","48454","3","2","3","05","08","5","0","0","1","1","0","0"
"POINT (8.591030073000070 50.100225733000059)","Unfall 48485 (2020) Kat:2, Licht: 2","48485","2","1","1","05","23","4","0","2","1","1","0","0"
"POINT (8.754327177000050 50.120072843000059)","Unfall 48498 (2020) Kat:3, Licht: 0","48498","3","3","5","04","14","2","0","0","0","1","0","0"
"POINT (8.603017703000035 50.108186054000043)","Unfall 48499 (2020) Kat:3, Licht: 0","48499","3","1","8","05","16","7","1","0","0","1","0","0"
"POINT (8.698986663000028 50.141030888000046)","Unfall 48501 (2020) Kat:3, Licht: 0","48501","3","6","3","04","10","5","0","0","0","1","0","0"
"POINT (8.681015222000042 50.095133972000042)","Unfall 48503 (2020) Kat:3, Licht: 0","48503","3","3","0","05","19","2","1","0","1","0","0","1"
"POINT (8.519743815000027 50.028610651000065)","Unfall 48504 (2020) Kat:2, Licht: 0","48504","2","6","2","04","14","2","0","0","0","1","0","1"
"POINT (8.613324468000030 50.071009098000047)","Unfall 48510 (2020) Kat:3, Licht: 0","48510","3","6","2","05","16","5","0","0","0","1","0","1"
"POINT (8.615274718000023 50.076422746000048)","Unfall 48511 (2020) Kat:3, Licht: 0","48511","3","3","5","04","11","5","0","0","0","1","0","0"
"POINT (8.557094745000029 50.051582428000074)","Unfall 48516 (2020) Kat:3, Licht: 0","48516","3","1","8","04","14","6","0","0","0","1","0","0"
"POINT (8.532261874000028 50.116472334000036)","Unfall 48531 (2020) Kat:3, Licht: 0","48531","3","6","3","04","11","6","0","0","0","1","0","1"
"POINT (8.655936242000053 50.156668499000034)","Unfall 48532 (2020) Kat:3, Licht: 0","48532","3","1","9","05","09","6","0","0","0","1","0","0"
"POINT (8.666655034000030 50.189780429000052)","Unfall 48538 (2020) Kat:3, Licht: 0","48538","3","2","4","05","13","4","0","0","0","1","0","1"
"POINT (8.636988172000031 50.102358100000060)","Unfall 48541 (2020) Kat:3, Licht: 0","48541","3","6","2","04","13","7","0","0","0","1","0","0"
"POINT (8.669250815000055 50.088611413000081)","Unfall 48568 (2020) Kat:2, Licht: 0","48568","2","3","5","04","07","3","0","0","1","0","0","0"
"POINT (8.714747485000032 50.063880842000060)","Unfall 48617 (2020) Kat:3, Licht: 0","48617","3","6","2","05","15","2","0","0","0","1","0","0"
"POINT (8.671035147000055 50.137415326000053)","Unfall 48619 (2020) Kat:2, Licht: 0","48619","2","6","3","04","17","2","0","0","1","1","0","0"