WKT,Name,OBJECTID,UKATEGORIE,UTYP1,UART,UMONAT,USTUNDE,UWOCHENTAG,STRZUSTAND,ULICHTVERH,ISTRAD,ISTPKW,ISTFUSS,ISTKRAD
"POINT (8.682041224000045 50.104211122000038)","Unfall 48640 (2020) Kat:2, Licht: 2","48640","2","1","8","04","00","4","0","2","1","0","0","0"
"POINT (8.667512157000033 50.177226512000061)","Unfall 48641 (2020) Kat:3, Licht: 0","48641","3","7","8","05","11","1","0","0","1","0","0","0"
"POINT (8.627502958000036 50.087782163000043)","Unfall 48650 (2020) Kat:3, Licht: 0","48650","3","6","3","05","06","4","0","0","0","1","0","0"
"POINT (8.721364362000031 50.064484286000038)","Unfall 48665 (2020) Kat:3, Licht: 0","48665","3","6","2","04","17","2","0","0","0","1","0","0"
"POINT (8.662415841000041 50.147246862000031)","Unfall 48687 (2020) Kat:3, Licht: 0","48687","3","2","5","05","08","5","0","0","1","1","0","0"
"POINT (8.619120434000024 50.087907385000051)","Unfall 48733 (2020) Kat:3, Licht: 0","48733","3","6","2","04","10","2","0","0","0","1","0","0"
"POINT (8.723217235000050 50.123146090000034)","Unfall 48741 (2020) Kat:3, Licht: 2","48741","3","3","5","04","23","7","0","2","0","1","0","0"
"POINT (8.598714354000038 50.136599149000062)","Unfall 48759 (2020) Kat:3, Licht: 0","48759","3","3","5","04","11","3","0","0","1","1","0","0"
"POINT (8.670263242000033 50.138663550000047)","Unfall 48764 (2020) Kat:2, Licht: 0","48764","2","3","5","05","13","6","0","0","0","1","0","0"
"POINT (8.698883751000039 50.140976540000054)","Unfall 48773 (2020) Kat:3, Licht: 0","48773","3","2","3","04","19","3","0","0","1","0","0","0"
"POINT (8.705746625000074 50.111387374000060)","Unfall 48816 (2020) Kat:3, Licht: 0","48816","3","6","2","05","14","7","1","0","0","1","0","0"
"POINT (8.672024942000064 50.131662166000069)","Unfall 48831 (2020) Kat:3, Licht: 0","48831","3","2","3","05","07","4","0","0","1","0","0","0"
"POINT (8.702372075000028 50.162778927000033)","Unfall 48847 (2020) Kat:3, Licht: 0","48847","3","1","8","04","09","5","1","0","0","1","0","0"
"POINT (8.649783617000026 50.132692987000041)","Unfall 48856 (2020) Kat:3, Licht: 0","48856","3","6","3","05","17","5","0","0","0","1","0","0"
"POINT (8.732010309000032 50.118700665000063)","Unfall 48857 (2020) Kat:2, Licht: 0","48857","2","6","2","04","10","5","1","0","0","1","0","0"
"POINT (8.560290520000024 50.101724746000059)","Unfall 48914 (2020) Kat:2, Licht: 0","48914","2","4","6","06","05","3","0","0","0","1","1","0"
"POINT (8.543922221000059 50.077018284000076)","Unfall 48920 (2020) Kat:3, Licht: 0","48920","3","6","3","05","10","4","0","0","0","1","0","0"
"POINT (8.709136016000059 50.131019636000076)","Unfall 48925 (2020) Kat:3, Licht: 2","48925","3","3","5","05","23","6","1","2","1","1","0","0"
"POINT (8.725635576000059 50.100244171000043)","Unfall 48948 (2020) Kat:2, Licht: 0","48948","2","6","4","06","09","3","0","0","1","1","0","0"
"POINT (8.691184046000046 50.100503077000042)","Unfall 48952 (2020) Kat:3, Licht: 0","48952","3","6","2","06","08","7","1","0","0","1","0","0"
"POINT (8.616432154000052 50.092628163000029)","Unfall 48960 (2020) Kat:3, Licht: 2","48960","3","1","8","06","21","5","1","2","0","1","0","0"
"POINT (8.571979210000052 50.128640834000066)","Unfall 48966 (2020) Kat:2, Licht: 0","48966","2","1","8","05","20","4","0","0","0","1","0","0"
"POINT (8.639840593000031 50.197765044000050)","Unfall 48972 (2020) Kat:1, Licht: 0","48972","1","6","3","05","15","4","0","0","0","0","0","1"
"POINT (8.684177674000068 50.131633826000041)","Unfall 48976 (2020) Kat:3, Licht: 0","48976","3","2","3","05","12","7","0","0","1","1","0","0"
"POINT (8.652961874000027 50.190221363000035)","Unfall 48979 (2020) Kat:3, Licht: 0","48979","3","6","2","06","14","6","1","0","0","1","0","0"
"POINT (8.653290930000026 50.144339481000031)","Unfall 48991 (2020) Kat:3, Licht: 0","48991","3","3","5","05","13","4","0","0","1","1","0","0"
"POINT (8.695085417000030 50.059052858000030)","Unfall 48994 (2020) Kat:2, Licht: 0","48994","2","4","6","05","11","1","0","0","0","1","1","0"
"POINT (8.650861950000035 50.113995740000064)","Unfall 49007 (2020) Kat:3, Licht: 2","49007","3","6","2","05","22","5","0","2","1","1","0","0"
"POINT (8.784962318000055 50.159786560000043)","Unfall 49009 (2020) Kat:3, Licht: 0","49009","3","6","2","06","15","4","0","0","0","1","0","0"
"POINT (8.607878464000066 50.131585612000038)","Unfall 49026 (2020) Kat:3, Licht: 2","49026","3","6","3","05","22","2","0","2","0","1","0","0"
"POINT (8.647146842000041 50.140134695000029)","Unfall 49027 (2020) Kat:3, Licht: 2","49027","3","1","0","05","01","4","0","2","0","0","0","0"
"POINT (8.597716917000071 50.116880430000037)","Unfall 49028 (2020) Kat:3, Licht: 0","49028","3","3","5","05","13","4","0","0","0","1","0","0"
"POINT (8.643761007000023 50.114128895000079)","Unfall 49036 (2020) Kat:3, Licht: 0","49036","3","2","5","05","14","6","0","0","1","1","0","0"
"POINT (8.682301650000056 50.107018202000063)","Unfall 49060 (2020) Kat:3, Licht: 0","49060","3","6","2","05","07","3","0","0","0","1","0","0"
"POINT (8.553035926000064 50.111709601000030)","Unfall 49064 (2020) Kat:3, Licht: 0","49064","3","3","5","06","09","4","0","0","0","1","0","1"
"POINT (8.683764823000047 50.162974398000074)","Unfall 49070 (2020) Kat:3, Licht: 0","49070","3","1","0","05","16","3","0","0","1","0","0","0"
"POINT (8.660310279000044 50.146780219000050)","Unfall 49074 (2020) Kat:3, Licht: 0","49074","3","3","5","05","09","3","0","0","1","1","0","0"
"POINT (8.722983917000022 50.115115910000043)","Unfall 49077 (2020) Kat:3, Licht: 0","49077","3","6","2","05","14","3","0","0","0","1","0","0"
"POINT (8.724505545000056 50.132956468000032)","Unfall 49078 (2020) Kat:3, Licht: 0","49078","3","6","2","06","15","3","0","0","0","1","0","0"
"POINT (8.630491773000074 50.115810409000062)","Unfall 49090 (2020) Kat:3, Licht: 0","49090","3","2","5","05","07","7","0","0","1","1","0","0"
"POINT (8.646061510000038 50.162073266000050)","Unfall 49104 (2020) Kat:3, Licht: 0","49104","3","3","5","06","12","3","0","0","0","1","0","0"
"POINT (8.586468937000063 50.099932641000066)","Unfall 49117 (2020) Kat:2, Licht: 0","49117","2","3","5","05","12","1","0","0","1","1","0","0"
"POINT (8.746145606000027 50.156286013000056)","Unfall 49122 (2020) Kat:3, Licht: 0","49122","3","6","2","05","13","7","0","0","0","1","0","0"
"POINT (8.670484546000068 50.098049803000038)","Unfall 49126 (2020) Kat:3, Licht: 0","49126","3","6","5","06","11","6","1","0","0","1","0","1"
"POINT (8.621091197000055 50.151356282000052)","Unfall 49133 (2020) Kat:3, Licht: 0","49133","3","3","0","06","09","5","1","0","0","1","0","1"
"POINT (8.714649175000034 50.099408776000075)","Unfall 49138 (2020) Kat:3, Licht: 0","49138","3","3","0","05","11","4","0","0","1","0","0","0"
"POINT (8.629142644000069 50.116233455000042)","Unfall 49148 (2020) Kat:3, Licht: 0","49148","3","3","5","05","13","5","0","0","1","1","0","0"
"POINT (8.689989905000061 50.113192081000079)","Unfall 49149 (2020) Kat:3, Licht: 0","49149","3","7","6","05","14","4","0","0","0","1","1","0"
"POINT (8.707239283000035 50.120620669000061)","Unfall 49159 (2020) Kat:3, Licht: 0","49159","3","3","5","06","11","1","0","0","1","1","0","0"
"POINT (8.721563849000063 50.105069697000033)","Unfall 49183 (2020) Kat:3, Licht: 0","49183","3","2","3","05","09","6","0","0","1","0","0","0"
"POINT (8.664851832000068 50.107324588000040)","Unfall 49194 (2020) Kat:2, Licht: 0","49194","2","4","6","05","11","2","0","0","0","1","1","0"
"POINT (8.617983748000029 50.132705072000078)","Unfall 49210 (2020) Kat:3, Licht: 0","49210","3","3","5","06","14","4","0","0","1","1","0","0"
"POINT (8.606486243000063 50.115026424000064)","Unfall 49212 (2020) Kat:3, Licht: 0","49212","3","1","9","05","11","1","0","0","0","1","0","0"
"POINT (8.484267722000027 50.095963412000060)","Unfall 49216 (2020) Kat:3, Licht: 0","49216","3","1","9","06","09","7","1","0","0","1","0","0"
"POINT (8.514891871000032 50.097163278000039)","Unfall 49218 (2020) Kat:3, Licht: 0","49218","3","6","3","06","08","3","0","0","1","0","0","0"
"POINT (8.666480004000050 50.147922508000079)","Unfall 49253 (2020) Kat:3, Licht: 0","49253","3","3","5","06","07","3","0","0","0","1","0","0"
"POINT (8.653595955000071 50.144086356000059)","Unfall 49257 (2020) Kat:3, Licht: 0","49257","3","6","2","06","14","7","1","0","0","1","0","0"
"POINT (8.617315717000054 50.089853731000062)","Unfall 49265 (2020) Kat:3, Licht: 0","49265","3","7","9","06","08","5","0","0","0","1","0","0"
"POINT (8.636918547000050 50.102351650000060)","Unfall 49266 (2020) Kat:3, Licht: 2","49266","3","5","3","05","22","1","0","2","0","1","0","1"
"POINT (8.742057328000044 50.150276048000080)","Unfall 49271 (2020) Kat:3, Licht: 2","49271","3","1","9","05","03","7","1","2","0","1","0","0"
"POINT (8.609111072000076 50.126712333000057)","Unfall 49282 (2020) Kat:3, Licht: 0","49282","3","6","2","05","19","7","0","0","0","1","0","0"
"POINT (8.657748318000074 50.169650926000031)","Unfall 49298 (2020) Kat:3, Licht: 0","49298","3","6","2","05","16","2","0","0","0","1","0","0"
"POINT (8.747162493000076 50.139443440000036)","Unfall 49302 (2020) Kat:3, Licht: 0","49302","3","2","6","06","12","3","0","0","0","1","1","0"
"POINT (8.592622495000057 50.087085260000038)","Unfall 49320 (2020) Kat:3, Licht: 0","49320","3","3","5","05","13","1","0","0","0","1","0","0"
"POINT (8.678483995000022 50.105680339000060)","Unfall 49324 (2020) Kat:3, Licht: 0","49324","3","4","0","05","20","1","0","0","1","0","1","0"
"POINT (8.517421697000032 50.076367202000029)","Unfall 49386 (2020) Kat:3, Licht: 0","49386","3","3","5","05","20","2","0","0","1","1","0","0"
"POINT (8.539273482000056 50.101219357000048)","Unfall 49396 (2020) Kat:2, Licht: 0","49396","2","2","5","05","16","7","0","0","0","1","0","1"
"POINT (8.619383631000062 50.131544057000042)","Unfall 49397 (2020) Kat:3, Licht: 0","49397","3","1","0","05","16","7","0","0","1","0","0","0"
"POINT (8.705964417000075 50.111615932000063)","Unfall 49400 (2020) Kat:3, Licht: 0","49400","3","6","3","05","13","7","0","0","0","0","0","1"
"POINT (8.691167339000060 50.100497428000040)","Unfall 49405 (2020) Kat:3, Licht: 0","49405","3","7","3","06","16","7","0","0","1","0","0","0"
"POINT (8.655835304000050 50.107534029000078)","Unfall 49407 (2020) Kat:2, Licht: 0","49407","2","3","5","06","12","2","0","0","0","1","0","0"
"POINT (8.608843003000061 50.145510340000044)","Unfall 49410 (2020) Kat:3, Licht: 0","49410","3","6","5","06","14","3","0","0","0","1","0","0"
"POINT (8.598874647000059 50.115014116000054)","Unfall 49412 (2020) Kat:3, Licht: 0","49412","3","6","3","05","12","7","0","0","0","1","0","1"
"POINT (8.590215186000023 50.128958589000035)","Unfall 49415 (2020) Kat:3, Licht: 0","49415","3","6","3","06","16","6","0","0","0","1","0","0"
"POINT (8.728734181000050 50.121786226000040)","Unfall 49432 (2020) Kat:3, Licht: 0","49432","3","6","2","05","12","5","0","0","0","1","0","0"
"POINT (8.595166586000062 50.122643733000075)","Unfall 49433 (2020) Kat:3, Licht: 0","49433","3","2","2","06","11","6","0","0","0","1","0","0"
"POINT (8.620491333000075 50.163312466000036)","Unfall 49440 (2020) Kat:3, Licht: 0","49440","3","3","5","06","10","5","1","0","1","1","0","0"
"POINT (8.530203016000030 50.114397295000060)","Unfall 49457 (2020) Kat:3, Licht: 0","49457","3","1","9","06","13","5","1","0","0","1","0","0"
"POINT (8.653835753000067 50.119864206000045)","Unfall 49465 (2020) Kat:3, Licht: 2","49465","3","2","6","06","22","1","0","2","0","0","1","0"
"POINT (8.616542950000053 50.181631454000069)","Unfall 49478 (2020) Kat:3, Licht: 1","49478","3","6","2","05","21","2","0","1","0","1","0","0"
"POINT (8.688902193000047 50.158471864000035)","Unfall 49488 (2020) Kat:3, Licht: 0","49488","3","3","5","05","15","6","0","0","1","1","0","0"
"POINT (8.773020750000057 50.166074131000073)","Unfall 49511 (2020) Kat:3, Licht: 0","49511","3","2","5","06","17","2","0","0","0","1","0","0"
"POINT (8.621889918000022 50.129829674000064)","Unfall 49516 (2020) Kat:3, Licht: 0","49516","3","6","4","06","16","4","0","0","1","0","0","0"
"POINT (8.565611161000049 50.127934485000026)","Unfall 49521 (2020) Kat:3, Licht: 0","49521","3","1","8","06","13","7","1","0","0","1","0","0"
"POINT (8.481401633000075 50.091912426000079)","Unfall 49523 (2020) Kat:2, Licht: 0","49523","2","6","4","06","15","3","0","0","0","1","0","0"
"POINT (8.724667841000041 50.127791061000039)","Unfall 49530 (2020) Kat:3, Licht: 2","49530","3","1","9","06","22","3","0","2","0","1","0","0"
"POINT (8.665412651000054 50.184458502000041)","Unfall 49555 (2020) Kat:3, Licht: 0","49555","3","4","6","06","10","3","0","0","0","0","1","0"
"POINT (8.708834332000038 50.062758191000057)","Unfall 49560 (2020) Kat:3, Licht: 0","49560","3","6","2","06","16","6","1","0","0","1","0","0"
"POINT (8.631797238000047 50.127613948000032)","Unfall 49568 (2020) Kat:3, Licht: 0","49568","3","3","5","05","12","1","0","0","1","1","0","0"
"POINT (8.746051507000061 50.153345976000026)","Unfall 49573 (2020) Kat:3, Licht: 0","49573","3","6","2","05","12","7","1","0","0","1","0","0"
"POINT (8.708499491000055 50.111474148000070)","Unfall 49577 (2020) Kat:3, Licht: 0","49577","3","1","8","06","16","6","1","0","0","1","0","0"
"POINT (8.655945168000073 50.112090635000072)","Unfall 49585 (2020) Kat:3, Licht: 0","49585","3","6","2","05","13","7","0","0","0","1","0","0"
"POINT (8.546359255000027 50.103704523000033)","Unfall 49592 (2020) Kat:3, Licht: 0","49592","3","6","2","05","15","6","0","0","0","1","0","0"
"POINT (8.732666991000031 50.119170295000060)","Unfall 49599 (2020) Kat:2, Licht: 0","49599","2","3","5","05","17","5","0","0","1","0","0","0"
"POINT (8.665569987000026 50.185561034000045)","Unfall 49610 (2020) Kat:2, Licht: 0","49610","2","4","6","05","18","5","0","0","0","0","1","0"
"POINT (8.698120279000023 50.138764712000068)","Unfall 49614 (2020) Kat:3, Licht: 0","49614","3","6","2","05","16","5","0","0","0","1","0","0"
"POINT (8.616330700000049 50.181256371000075)","Unfall 49631 (2020) Kat:3, Licht: 0","49631","3","6","2","06","08","4","0","0","0","1","0","0"
"POINT (8.610275309000031 50.125941152000053)","Unfall 49667 (2020) Kat:2, Licht: 0","49667","2","7","3","06","20","5","0","0","0","1","0","1"
"POINT (8.626833812000029 50.077906485000028)","Unfall 49670 (2020) Kat:3, Licht: 0","49670","3","6","2","06","17","5","0","0","0","1","0","0"
"POINT (8.711626070000023 50.111438694000071)","Unfall 49672 (2020) Kat:3, Licht: 0","49672","3","5","5","06","20","5","0","0","0","1","0","0"
"POINT (8.655728995000061 50.107491990000028)","Unfall 49675 (2020) Kat:3, Licht: 0","49675","3","2","3","06","08","5","0","0","1","1","0","0"
"POINT (8.605954468000050 50.100165158000038)","Unfall 49700 (2020) Kat:3, Licht: 0","49700","3","2","5","06","18","3","0","0","1","1","0","0"
"POINT (8.660748281000053 50.109553003000030)","Unfall 49717 (2020) Kat:3, Licht: 0","49717","3","3","5","06","18","7","0","0","1","1","0","0"
"POINT (8.650817996000058 50.105550748000041)","Unfall 49719 (2020) Kat:3, Licht: 0","49719","3","2","5","07","07","6","0","0","1","1","0","0"
"POINT (8.654189147000068 50.078427896000051)","Unfall 49726 (2020) Kat:3, Licht: 0","49726","3","5","1","06","15","6","0","0","0","1","0","0"
"POINT (8.670505882000043 50.097361867000075)","Unfall 49732 (2020) Kat:3, Licht: 0","49732","3","6","2","06","18","2","0","0","0","1","0","0"
"POINT (8.648741646000076 50.058871271000044)","Unfall 49744 (2020) Kat:3, Licht: 0","49744","3","6","2","06","08","3","0","0","0","1","0","0"
"POINT (8.731582360000061 50.118883568000058)","Unfall 49764 (2020) Kat:3, Licht: 0","49764","3","6","3","06","16","3","0","0","0","1","0","0"
"POINT (8.694997396000076 50.132364203000066)","Unfall 49775 (2020) Kat:3, Licht: 0","49775","3","2","5","06","07","5","0","0","1","1","0","0"
"POINT (8.544099161000077 50.105721597000070)","Unfall 49781 (2020) Kat:3, Licht: 2","49781","3","3","5","06","00","1","0","2","0","1","0","0"
"POINT (8.655898033000028 50.156921122000028)","Unfall 49790 (2020) Kat:3, Licht: 0","49790","3","2","3","06","16","2","0","0","1","0","0","0"
"POINT (8.694876427000054 50.132026156000052)","Unfall 49827 (2020) Kat:3, Licht: 0","49827","3","6","3","06","19","3","0","0","1","1","0","0"
"POINT (8.704594284000052 50.113018144000080)","Unfall 49829 (2020) Kat:3, Licht: 0","49829","3","6","2","06","13","3","1","0","0","1","0","0"
"POINT (8.591671115000054 50.057877772000040)","Unfall 49835 (2020) Kat:2, Licht: 0","49835","2","6","8","07","19","2","0","0","0","1","0","1"
"POINT (8.734840129000077 50.120309154000040)","Unfall 49871 (2020) Kat:3, Licht: 0","49871","3","3","5","06","10","3","0","0","1","1","0","0"
"POINT (8.763907375000031 50.160379943000066)","Unfall 49876 (2020) Kat:3, Licht: 0","49876","3","6","2","06","18","6","0","0","0","1","0","0"
"POINT (8.691638385000033 50.104105935000064)","Unfall 49883 (2020) Kat:3, Licht: 0","49883","3","6","3","07","19","7","0","0","1","1","0","0"
"POINT (8.740712858000052 50.132854877000057)","Unfall 49896 (2020) Kat:2, Licht: 0","49896","2","1","9","06","13","3","1","0","0","1","0","0"
"POINT (8.690818959000069 50.107043670000053)","Unfall 49901 (2020) Kat:3, Licht: 0","49901","3","3","5","07","14","6","0","0","1","0","0","0"
"POINT (8.725540117000037 50.100230096000075)","Unfall 49904 (2020) Kat:3, Licht: 0","49904","3","1","0","06","14","7","0","0","1","0","0","0"
"POINT (8.705377439000074 50.105128287000070)","Unfall 49912 (2020) Kat:3, Licht: 0","49912","3","6","2","06","13","7","0","0","0","1","0","0"
"POINT (8.645797996000056 50.201094751000028)","Unfall 49929 (2020) Kat:3, Licht: 0","49929","3","6","2","06","16","4","0","0","0","1","0","0"
"POINT (8.674409358000048 50.104029877000073)","Unfall 49931 (2020) Kat:3, Licht: 0","49931","3","7","6","06","10","7","0","0","1","0","1","0"
"POINT (8.551642958000059 50.108666666000033)","Unfall 49940 (2020) Kat:3, Licht: 0","49940","3","3","5","06","13","2","0","0","0","1","0","0"
"POINT (8.543317298000034 50.106419334000066)","Unfall 49943 (2020) Kat:3, Licht: 0","49943","3","7","1","06","12","2","0","0","1","1","1","0"
"POINT (8.650650005000045 50.113346803000070)","Unfall 49945 (2020) Kat:3, Licht: 0","49945","3","6","3","06","07","3","0","0","0","1","0","0"
"POINT (8.682470514000045 50.107049291000067)","Unfall 49946 (2020) Kat:3, Licht: 0","49946","3","4","6","06","17","2","0","0","1","0","1","0"
"POINT (8.769814090000068 50.134360806000075)","Unfall 49948 (2020) Kat:2, Licht: 0","49948","2","7","5","06","08","6","0","0","0","0","0","1"
"POINT (8.645330702000024 50.103528702000062)","Unfall 49949 (2020) Kat:2, Licht: 0","49949","2","4","6","06","14","2","0","0","0","1","1","0"
"POINT (8.707936598000060 50.126402966000057)","Unfall 49953 (2020) Kat:3, Licht: 0","49953","3","4","6","06","20","2","0","0","1","0","1","0"
"POINT (8.749817434000022 50.121575307000057)","Unfall 49955 (2020) Kat:3, Licht: 0","49955","3","3","5","06","19","5","0","0","0","1","0","0"
"POINT (8.665360357000054 50.102127966000069)","Unfall 49958 (2020) Kat:3, Licht: 0","49958","3","7","2","06","14","2","0","0","0","1","0","1"
"POINT (8.544092002000070 50.105727985000044)","Unfall 49975 (2020) Kat:3, Licht: 0","49975","3","3","5","06","16","1","0","0","0","1","0","0"
"POINT (8.652120792000062 50.106065777000026)","Unfall 49996 (2020) Kat:3, Licht: 0","49996","3","2","3","06","18","5","0","0","1","1","0","0"
"POINT (8.655700243000069 50.156755438000062)","Unfall 50028 (2020) Kat:3, Licht: 0","50028","3","7","8","07","11","4","0","0","0","1","0","1"
"POINT (8.594634239000072 50.141385828000068)","Unfall 50029 (2020) Kat:3, Licht: 0","50029","3","1","9","06","14","2","0","0","0","1","0","0"
"POINT (8.627438145000042 50.052772144000073)","Unfall 50030 (2020) Kat:2, Licht: 0","50030","2","1","8","06","17","1","1","0","0","1","0","0"
"POINT (8.733006442000033 50.115040405000059)","Unfall 50031 (2020) Kat:3, Licht: 0","50031","3","6","3","06","08","2","0","0","0","1","0","0"
"POINT (8.596996075000050 50.100102938000077)","Unfall 50039 (2020) Kat:3, Licht: 0","50039","3","7","2","06","11","1","0","0","0","1","0","1"
"POINT (8.759935990000031 50.113418269000078)","Unfall 50040 (2020) Kat:3, Licht: 0","50040","3","6","6","07","08","6","0","0","1","0","1","0"
"POINT (8.597419210000055 50.117252877000055)","Unfall 50048 (2020) Kat:3, Licht: 0","50048","3","3","5","06","06","7","0","0","0","1","0","0"
"POINT (8.565638231000037 50.124447437000072)","Unfall 50051 (2020) Kat:3, Licht: 0","50051","3","4","6","06","10","3","0","0","0","1","1","0"
"POINT (8.599841482000045 50.114210286000059)","Unfall 50061 (2020) Kat:3, Licht: 0","50061","3","6","3","06","10","2","0","0","0","1","0","0"
"POINT (8.536703952000039 50.116716861000043)","Unfall 50063 (2020) Kat:3, Licht: 0","50063","3","1","9","06","17","1","0","0","0","1","0","0"
"POINT (8.543442273000039 50.119178977000047)","Unfall 50066 (2020) Kat:3, Licht: 0","50066","3","6","2","06","18","1","0","0","0","1","0","0"
"POINT (8.576196561000074 50.099641653000049)","Unfall 50069 (2020) Kat:3, Licht: 0","50069","3","3","5","06","11","7","0","0","1","1","0","0"
"POINT (8.728068886000074 50.117158208000035)","Unfall 50071 (2020) Kat:3, Licht: 0","50071","3","1","8","07","12","6","0","0","1","0","1","0"
"POINT (8.647750212000062 50.061422860000050)","Unfall 50075 (2020) Kat:3, Licht: 0","50075","3","6","2","07","19","4","0","0","0","1","0","0"
"POINT (8.551427131000025 50.105381064000028)","Unfall 50082 (2020) Kat:3, Licht: 2","50082","3","7","1","06","01","7","0","2","0","1","0","0"
"POINT (8.501138157000071 50.092584034000026)","Unfall 50087 (2020) Kat:3, Licht: 2","50087","3","7","1","06","01","7","0","2","1","1","0","0"
"POINT (8.672227885000041 50.131666024000026)","Unfall 50090 (2020) Kat:3, Licht: 0","50090","3","6","2","06","17","7","0","0","0","1","0","0"
"POINT (8.660152154000059 50.168858008000029)","Unfall 50091 (2020) Kat:3, Licht: 0","50091","3","6","2","06","17","2","0","0","0","1","0","0"
"POINT (8.719267318000050 50.123285789000079)","Unfall 50116 (2020) Kat:2, Licht: 0","50116","2","3","5","06","08","3","0","0","1","0","0","0"
"POINT (8.686761274000048 50.130910563000043)","Unfall 50125 (2020) Kat:3, Licht: 0","50125","3","4","6","06","21","2","0","0","1","0","1","0"
"POINT (8.720377315000064 50.139280672000041)","Unfall 50127 (2020) Kat:3, Licht: 0","50127","3","3","5","06","08","5","0","0","0","1","0","1"
"POINT (8.583125274000054 50.053930307000030)","Unfall 50149 (2020) Kat:3, Licht: 0","50149","3","6","3","06","11","7","0","0","0","1","0","0"
"POINT (8.570069715000045 50.052149294000060)","Unfall 50159 (2020) Kat:3, Licht: 0","50159","3","6","3","06","11","6","0","0","1","0","0","0"
"POINT (8.496469737000041 50.093837336000036)","Unfall 50211 (2020) Kat:2, Licht: 0","50211","2","3","5","06","15","6","0","0","0","1","0","1"
"POINT (8.513636860000077 50.088097946000062)","Unfall 50213 (2020) Kat:3, Licht: 0","50213","3","1","8","06","18","6","0","0","0","0","0","1"
"POINT (8.623255192000045 50.185398411000051)","Unfall 50216 (2020) Kat:3, Licht: 0","50216","3","2","5","06","21","6","0","0","1","1","0","0"
"POINT (8.621149132000028 50.121280040000045)","Unfall 50219 (2020) Kat:3, Licht: 0","50219","3","2","5","06","08","6","0","0","1","1","0","0"
"POINT (8.690809604000037 50.102310345000035)","Unfall 50221 (2020) Kat:3, Licht: 2","50221","3","7","0","06","22","6","0","2","0","0","1","0"
"POINT (8.686237145000064 50.155300944000032)","Unfall 50223 (2020) Kat:3, Licht: 0","50223","3","3","5","06","12","3","0","0","1","0","0","0"
"POINT (8.651797853000062 50.098999428000070)","Unfall 50224 (2020) Kat:3, Licht: 0","50224","3","6","3","06","12","6","0","0","0","1","0","0"
"POINT (8.693442546000028 50.129086088000065)","Unfall 50285 (2020) Kat:3, Licht: 0","50285","3","7","0","06","19","3","0","0","1","0","0","0"
"POINT (8.639723918000072 50.095011048000060)","Unfall 50296 (2020) Kat:2, Licht: 0","50296","2","5","1","06","19","5","0","0","0","1","0","0"
"POINT (8.692019375000029 50.100804147000076)","Unfall 50300 (2020) Kat:3, Licht: 0","50300","3","2","5","06","18","6","0","0","1","1","0","0"
"POINT (8.691369707000035 50.101011663000065)","Unfall 50305 (2020) Kat:3, Licht: 0","50305","3","6","2","06","18","2","0","0","0","1","0","0"
"POINT (8.570597077000059 50.098822077000079)","Unfall 50307 (2020) Kat:3, Licht: 0","50307","3","3","5","06","12","5","0","0","0","1","0","0"
"POINT (8.684588518000055 50.107426342000053)","Unfall 50310 (2020) Kat:3, Licht: 0","50310","3","7","2","06","17","2","0","0","0","1","0","1"
"POINT (8.548168150000038 50.120837153000082)","Unfall 50315 (2020) Kat:2, Licht: 1","50315","2","6","2","06","22","5","0","1","0","1","0","0"
"POINT (8.593746658000043 50.087099396000042)","Unfall 50323 (2020) Kat:3, Licht: 0","50323","3","6","2","06","14","6","0","0","0","1","0","0"
"POINT (8.587699027000042 50.123381236000057)","Unfall 50329 (2020) Kat:3, Licht: 0","50329","3","6","3","06","06","5","0","0","1","0","0","0"
"POINT (8.712759262000077 50.124657801000069)","Unfall 50332 (2020) Kat:3, Licht: 0","50332","3","6","2","06","18","5","0","0","0","1","0","1"
"POINT (8.692506772000058 50.107125092000047)","Unfall 50345 (2020) Kat:3, Licht: 0","50345","3","6","2","06","14","6","1","0","0","1","0","0"
"POINT (8.647926664000067 50.202877086000058)","Unfall 50347 (2020) Kat:2, Licht: 0","50347","2","6","0","07","07","5","0","0","0","0","0","1"
"POINT (8.694369765000033 50.106700768000053)","Unfall 50350 (2020) Kat:3, Licht: 2","50350","3","1","0","06","00","6","0","2","0","0","0","0"
"POINT (8.727594902000021 50.116690763000065)","Unfall 50351 (2020) Kat:3, Licht: 0","50351","3","6","2","06","15","1","0","0","1","0","0","0"
"POINT (8.709674442000051 50.131345129000067)","Unfall 50356 (2020) Kat:3, Licht: 0","50356","3","6","2","06","15","6","0","0","1","0","0","1"
"POINT (8.605636229000027 50.180887408000046)","Unfall 50376 (2020) Kat:3, Licht: 0","50376","3","2","2","07","07","4","0","0","0","1","0","0"
"POINT (8.735922030000040 50.110415296000042)","Unfall 50378 (2020) Kat:3, Licht: 0","50378","3","6","3","06","18","1","1","0","0","1","0","0"
"POINT (8.594174112000076 50.086961142000064)","Unfall 50382 (2020) Kat:3, Licht: 1","50382","3","6","3","06","20","4","0","1","0","1","0","1"
"POINT (8.752172475000066 50.127203239000039)","Unfall 50388 (2020) Kat:3, Licht: 0","50388","3","3","5","07","15","6","0","0","1","1","0","0"
"POINT (8.648365679000051 50.097942261000071)","Unfall 50389 (2020) Kat:3, Licht: 0","50389","3","3","5","06","08","3","0","0","0","1","0","0"
"POINT (8.736358921000033 50.109833763000040)","Unfall 50404 (2020) Kat:3, Licht: 0","50404","3","3","5","07","17","2","0","0","0","1","0","0"
"POINT (8.588350097000046 50.100188174000039)","Unfall 50417 (2020) Kat:3, Licht: 0","50417","3","6","3","06","11","7","0","0","0","1","0","0"
"POINT (8.742490554000028 50.123301084000047)","Unfall 50419 (2020) Kat:3, Licht: 0","50419","3","3","5","07","15","6","0","0","1","1","0","0"