WKT,Name,OBJECTID,UKATEGORIE,UTYP1,UART,UMONAT,USTUNDE,UWOCHENTAG,STRZUSTAND,ULICHTVERH,ISTRAD,ISTPKW,ISTFUSS,ISTKRAD
"POINT (8.678631073000076 50.061148524000032)","Unfall 50423 (2020) Kat:3, Licht: 1","50423","3","6","2","07","20","4","0","1","0","1","0","0"
"POINT (8.725232428000027 50.125035653000054)","Unfall 50439 (2020) Kat:2, Licht: 0","50439","2","6","2","06","17","4","0","0","0","1","0","1"
"POINT (8.716152555000065 50.064101523000033)","Unfall 50445 (2020) Kat:3, Licht: 0","50445","3","6","2","06","18","4","0","0","0","1","0","0"
"POINT (8.634159463000060 50.160389421000048)","Unfall 50449 (2020) Kat:3, Licht: 0","50449","3","6","2","06","08","3","0","0","0","1","0","0"
"POINT (8.690663629000028 50.100327069000059)","Unfall 50450 (2020) Kat:3, Licht: 0","50450","3","7","3","07","11","7","0","0","0","1","0","1"
"POINT (8.596925195000040 50.124522168000055)","Unfall 50452 (2020) Kat:3, Licht: 0","50452","3","2","3","06","16","3","0","0","1","0","0","0"
"POINT (8.633903885000052 50.102067668000075)","Unfall 50454 (2020) Kat:3, Licht: 0","50454","3","6","2","06","16","3","0","0","0","1","0","1"
"POINT (8.690601875000027 50.102868447000048)","Unfall 50461 (2020) Kat:3, Licht: 0","50461","3","3","5","06","13","3","0","0","1","1","0","0"
"POINT (8.712784799000076 50.111774250000053)","Unfall 50470 (2020) Kat:3, Licht: 0","50470","3","6","2","06","12","2","1","0","0","1","0","1"
"POINT (8.706081755000071 50.145830401000069)","Unfall 50472 (2020) Kat:3, Licht: 0","50472","3","6","2","06","16","5","0","0","0","1","0","0"
"POINT (8.669349817000068 50.106303343000036)","Unfall 50528 (2020) Kat:3, Licht: 2","50528","3","7","0","07","23","2","0","2","0","0","0","1"
"POINT (8.549160431000075 50.120998597000039)","Unfall 50546 (2020) Kat:3, Licht: 0","50546","3","6","3","07","15","5","1","0","0","1","0","0"
"POINT (8.667526858000031 50.105204863000040)","Unfall 50565 (2020) Kat:3, Licht: 0","50565","3","6","2","08","20","7","0","0","0","1","0","0"
"POINT (8.731830126000034 50.118519236000054)","Unfall 50569 (2020) Kat:3, Licht: 0","50569","3","3","5","07","09","4","0","0","0","1","0","0"
"POINT (8.618188395000061 50.148982031000060)","Unfall 50584 (2020) Kat:2, Licht: 0","50584","2","2","2","07","13","5","0","0","0","1","0","1"
"POINT (8.616740970000024 50.093137378000051)","Unfall 50585 (2020) Kat:2, Licht: 0","50585","2","6","3","07","12","2","0","0","0","1","0","0"
"POINT (8.659624895000036 50.088063521000038)","Unfall 50586 (2020) Kat:2, Licht: 0","50586","2","3","5","07","19","1","0","0","0","1","0","0"
"POINT (8.533794307000051 50.115145792000078)","Unfall 50593 (2020) Kat:3, Licht: 0","50593","3","6","2","08","13","2","0","0","0","1","0","0"
"POINT (8.632948063000072 50.078097649000028)","Unfall 50624 (2020) Kat:3, Licht: 0","50624","3","3","5","07","19","4","0","0","0","1","0","0"
"POINT (8.690906965000067 50.061138016000029)","Unfall 50631 (2020) Kat:3, Licht: 0","50631","3","1","9","08","19","1","1","0","0","1","0","0"
"POINT (8.692654338000068 50.109152789000063)","Unfall 50635 (2020) Kat:3, Licht: 0","50635","3","3","5","07","20","1","0","0","0","1","0","0"
"POINT (8.665386051000041 50.106853923000074)","Unfall 50642 (2020) Kat:2, Licht: 0","50642","2","4","6","08","19","1","0","0","0","1","1","0"
"POINT (8.722148157000049 50.114954094000041)","Unfall 50648 (2020) Kat:3, Licht: 0","50648","3","3","5","07","08","3","0","0","1","1","0","0"
"POINT (8.621188360000076 50.149923221000051)","Unfall 50656 (2020) Kat:3, Licht: 0","50656","3","6","2","07","17","3","0","0","0","1","0","0"
"POINT (8.710193745000026 50.122373247000041)","Unfall 50658 (2020) Kat:3, Licht: 0","50658","3","7","0","07","19","2","1","0","0","1","0","1"
"POINT (8.656652915000052 50.128083188000062)","Unfall 50660 (2020) Kat:3, Licht: 0","50660","3","7","0","07","16","3","0","0","0","1","0","0"
"POINT (8.690701485000034 50.061326975000043)","Unfall 50662 (2020) Kat:3, Licht: 2","50662","3","1","2","07","00","7","0","2","0","1","0","0"
"POINT (8.701913662000038 50.122480468000049)","Unfall 50664 (2020) Kat:2, Licht: 0","50664","2","6","2","07","18","3","0","0","0","1","0","1"
"POINT (8.646159404000059 50.058375545000047)","Unfall 50680 (2020) Kat:3, Licht: 2","50680","3","1","9","07","03","7","0","2","0","0","0","0"
"POINT (8.696304438000027 50.109111759000029)","Unfall 50683 (2020) Kat:3, Licht: 0","50683","3","1","0","07","18","6","0","0","0","1","0","0"
"POINT (8.672067587000072 50.131981601000064)","Unfall 50691 (2020) Kat:3, Licht: 0","50691","3","2","3","08","13","4","0","0","1","0","0","0"
"POINT (8.672081075000051 50.131878417000053)","Unfall 50699 (2020) Kat:3, Licht: 2","50699","3","6","2","08","02","1","0","2","1","0","0","0"
"POINT (8.652144003000046 50.070649771000035)","Unfall 50720 (2020) Kat:3, Licht: 0","50720","3","6","2","08","18","7","0","0","0","1","0","0"
"POINT (8.610902266000039 50.066159409000079)","Unfall 50739 (2020) Kat:3, Licht: 0","50739","3","6","2","07","16","3","0","0","0","1","0","0"
"POINT (8.708534630000031 50.062698642000043)","Unfall 50743 (2020) Kat:3, Licht: 0","50743","3","6","2","07","08","3","0","0","0","1","0","0"
"POINT (8.687650476000044 50.112521129000072)","Unfall 50772 (2020) Kat:3, Licht: 0","50772","3","1","0","08","12","7","0","0","0","0","0","1"
"POINT (8.664779637000038 50.105284253000036)","Unfall 50775 (2020) Kat:2, Licht: 0","50775","2","4","6","07","14","6","0","0","0","1","1","0"
"POINT (8.593591182000068 50.100088185000061)","Unfall 50784 (2020) Kat:3, Licht: 0","50784","3","3","0","08","13","6","0","0","1","1","0","0"
"POINT (8.551717521000057 50.101024198000061)","Unfall 50786 (2020) Kat:3, Licht: 0","50786","3","6","3","07","14","5","0","0","0","0","0","1"
"POINT (8.664579245000027 50.103732112000046)","Unfall 50787 (2020) Kat:3, Licht: 0","50787","3","6","3","07","18","2","0","0","0","1","0","1"
"POINT (8.670519584000033 50.138623065000047)","Unfall 50796 (2020) Kat:3, Licht: 0","50796","3","6","0","07","11","6","0","0","1","0","0","0"
"POINT (8.564233915000045 50.052715968000030)","Unfall 50797 (2020) Kat:2, Licht: 0","50797","2","1","8","07","12","4","0","0","0","0","0","1"
"POINT (8.657372270000053 50.156343880000065)","Unfall 50805 (2020) Kat:3, Licht: 0","50805","3","6","2","07","11","3","0","0","1","0","0","0"
"POINT (8.625463204000027 50.077879021000058)","Unfall 50812 (2020) Kat:3, Licht: 1","50812","3","3","0","07","21","4","0","1","1","1","0","0"
"POINT (8.661472016000062 50.183150315000034)","Unfall 50880 (2020) Kat:3, Licht: 2","50880","3","1","8","08","00","7","0","2","0","1","0","0"
"POINT (8.688681244000065 50.150768736000032)","Unfall 50898 (2020) Kat:3, Licht: 1","50898","3","2","3","07","21","6","0","1","1","0","0","1"
"POINT (8.720985369000061 50.114436091000073)","Unfall 50903 (2020) Kat:3, Licht: 2","50903","3","6","3","08","02","1","0","2","0","1","0","0"
"POINT (8.552104343000053 50.107560972000044)","Unfall 50904 (2020) Kat:3, Licht: 0","50904","3","2","3","08","17","3","0","0","1","1","0","0"
"POINT (8.652456393000023 50.205276901000047)","Unfall 50906 (2020) Kat:3, Licht: 0","50906","3","6","3","07","18","6","0","0","0","1","0","0"
"POINT (8.562103906000061 50.126635981000049)","Unfall 50908 (2020) Kat:3, Licht: 0","50908","3","6","3","07","11","2","0","0","0","1","0","0"
"POINT (8.723155515000030 50.100688444000070)","Unfall 50925 (2020) Kat:3, Licht: 0","50925","3","1","1","08","14","7","1","0","0","1","0","0"
"POINT (8.762121499000045 50.114765486000067)","Unfall 50933 (2020) Kat:2, Licht: 0","50933","2","3","5","07","11","1","0","0","1","0","0","0"
"POINT (8.543179674000044 50.118897004000075)","Unfall 50970 (2020) Kat:3, Licht: 0","50970","3","6","2","08","16","5","0","0","0","1","0","0"
"POINT (8.617120149000073 50.088173333000043)","Unfall 50976 (2020) Kat:3, Licht: 0","50976","3","6","2","07","19","7","0","0","0","1","0","0"
"POINT (8.730559627000048 50.118608802000040)","Unfall 50985 (2020) Kat:3, Licht: 0","50985","3","3","5","08","10","6","0","0","0","1","0","0"
"POINT (8.716066276000049 50.112888071000043)","Unfall 50987 (2020) Kat:3, Licht: 0","50987","3","3","5","07","18","5","0","0","1","1","0","0"
"POINT (8.688865588000056 50.107202281000070)","Unfall 50993 (2020) Kat:3, Licht: 0","50993","3","6","0","07","14","1","0","0","0","0","0","1"
"POINT (8.659697222000034 50.088076947000047)","Unfall 51009 (2020) Kat:2, Licht: 1","51009","2","2","5","07","21","1","0","1","0","1","0","0"
"POINT (8.653924241000027 50.119944792000069)","Unfall 51048 (2020) Kat:3, Licht: 0","51048","3","3","5","07","07","4","0","0","1","1","0","0"
"POINT (8.656771997000021 50.134510090000049)","Unfall 51054 (2020) Kat:3, Licht: 0","51054","3","6","2","08","15","4","0","0","0","1","0","0"
"POINT (8.591865293000069 50.057903562000035)","Unfall 51056 (2020) Kat:3, Licht: 0","51056","3","6","3","07","09","6","0","0","0","1","0","0"
"POINT (8.627196879000053 50.190674706000038)","Unfall 51059 (2020) Kat:3, Licht: 0","51059","3","6","2","07","09","6","0","0","0","1","0","0"
"POINT (8.698752936000062 50.140018672000053)","Unfall 51066 (2020) Kat:3, Licht: 0","51066","3","6","2","07","13","6","0","0","0","1","0","0"
"POINT (8.715540807000025 50.076329649000058)","Unfall 51068 (2020) Kat:3, Licht: 0","51068","3","6","2","07","20","3","0","0","0","1","0","1"
"POINT (8.732726795000076 50.131050048000077)","Unfall 51073 (2020) Kat:2, Licht: 0","51073","2","2","5","07","10","6","0","0","1","1","0","0"
"POINT (8.709732533000022 50.149195901000041)","Unfall 51078 (2020) Kat:3, Licht: 0","51078","3","6","2","07","17","2","0","0","0","1","0","0"
"POINT (8.711255974000039 50.105202434000034)","Unfall 51104 (2020) Kat:3, Licht: 0","51104","3","6","2","07","19","6","0","0","0","1","0","0"
"POINT (8.589975648000063 50.132744052000078)","Unfall 51106 (2020) Kat:3, Licht: 0","51106","3","6","2","07","18","3","0","0","0","1","0","0"
"POINT (8.625764928000024 50.117592363000028)","Unfall 51110 (2020) Kat:3, Licht: 1","51110","3","6","2","08","19","3","0","1","1","0","0","0"
"POINT (8.762351421000062 50.114907775000063)","Unfall 51128 (2020) Kat:3, Licht: 0","51128","3","6","3","07","10","6","0","0","1","0","0","0"
"POINT (8.690703524000071 50.061326973000064)","Unfall 51146 (2020) Kat:3, Licht: 0","51146","3","6","2","07","17","7","0","0","0","1","0","0"
"POINT (8.700147049000066 50.101800937000064)","Unfall 51180 (2020) Kat:3, Licht: 0","51180","3","4","6","07","19","5","0","0","0","0","1","0"
"POINT (8.670369083000026 50.097695666000050)","Unfall 51185 (2020) Kat:3, Licht: 0","51185","3","6","2","07","09","5","0","0","0","1","0","0"
"POINT (8.711547672000052 50.138024444000052)","Unfall 51189 (2020) Kat:3, Licht: 0","51189","3","1","8","07","19","5","0","0","0","1","0","0"
"POINT (8.664991208000060 50.103883866000047)","Unfall 51195 (2020) Kat:3, Licht: 0","51195","3","2","2","08","07","7","0","0","1","0","0","0"
"POINT (8.620964693000076 50.100804665000055)","Unfall 51198 (2020) Kat:3, Licht: 0","51198","3","5","1","07","11","6","0","0","1","1","0","0"
"POINT (8.607534433000069 50.100181650000081)","Unfall 51207 (2020) Kat:3, Licht: 0","51207","3","6","2","08","16","6","0","0","0","0","0","1"
"POINT (8.695830008000030 50.133938585000067)","Unfall 51214 (2020) Kat:3, Licht: 0","51214","3","3","5","07","07","5","0","0","1","1","0","0"
"POINT (8.706285910000077 50.105591850000053)","Unfall 51216 (2020) Kat:3, Licht: 2","51216","3","6","4","07","02","1","0","2","0","1","0","0"
"POINT (8.485878938000042 50.097661238000057)","Unfall 51222 (2020) Kat:3, Licht: 0","51222","3","6","2","08","09","2","0","0","0","1","0","1"
"POINT (8.589645560000065 50.123184500000036)","Unfall 51228 (2020) Kat:2, Licht: 0","51228","2","5","1","07","17","3","0","0","0","1","0","1"
"POINT (8.589929814000072 50.132781444000045)","Unfall 51234 (2020) Kat:3, Licht: 2","51234","3","6","2","08","21","4","0","2","0","1","0","0"
"POINT (8.751606969000022 50.141639274000056)","Unfall 51239 (2020) Kat:2, Licht: 0","51239","2","1","0","07","16","5","0","0","1","0","0","0"
"POINT (8.688904965000063 50.158469288000049)","Unfall 51241 (2020) Kat:2, Licht: 0","51241","2","3","5","07","20","5","1","0","1","1","0","0"
"POINT (8.668683511000040 50.143710414000054)","Unfall 51254 (2020) Kat:3, Licht: 0","51254","3","4","0","07","18","5","1","0","0","0","1","0"
"POINT (8.687686830000075 50.107196743000031)","Unfall 51265 (2020) Kat:3, Licht: 0","51265","3","7","5","07","16","5","1","0","1","1","0","0"
"POINT (8.661658414000044 50.102669498000068)","Unfall 51274 (2020) Kat:3, Licht: 0","51274","3","2","3","07","13","3","0","0","0","1","0","1"
"POINT (8.684269571000073 50.131581513000071)","Unfall 51289 (2020) Kat:2, Licht: 2","51289","2","2","3","07","22","5","0","2","1","0","0","0"
"POINT (8.608481907000055 50.143141488000026)","Unfall 51298 (2020) Kat:3, Licht: 0","51298","3","6","2","07","16","4","0","0","0","1","0","0"
"POINT (8.716626345000066 50.123539083000026)","Unfall 51301 (2020) Kat:3, Licht: 0","51301","3","2","5","07","09","4","0","0","1","0","0","0"
"POINT (8.606310150000070 50.057269403000078)","Unfall 51306 (2020) Kat:2, Licht: 0","51306","2","6","2","08","10","3","0","0","0","1","0","0"
"POINT (8.655934959000035 50.107573441000056)","Unfall 51312 (2020) Kat:2, Licht: 0","51312","2","4","6","07","11","4","0","0","0","1","1","0"
"POINT (8.659637618000033 50.101708196000061)","Unfall 51318 (2020) Kat:3, Licht: 0","51318","3","1","0","08","15","4","0","0","0","0","0","1"
"POINT (8.702153528000054 50.100587910000058)","Unfall 51326 (2020) Kat:3, Licht: 0","51326","3","1","0","08","17","1","0","0","1","0","0","0"
"POINT (8.597802663000039 50.053226119000044)","Unfall 51329 (2020) Kat:3, Licht: 2","51329","3","1","7","07","01","6","0","2","0","0","0","0"
"POINT (8.725383617000034 50.116054266000049)","Unfall 51339 (2020) Kat:3, Licht: 0","51339","3","6","2","08","18","2","0","0","0","1","0","0"
"POINT (8.638052915000060 50.087721545000079)","Unfall 51347 (2020) Kat:3, Licht: 0","51347","3","3","5","08","15","7","0","0","1","1","0","0"
"POINT (8.742257405000032 50.158533280000029)","Unfall 51382 (2020) Kat:3, Licht: 0","51382","3","1","8","07","14","4","1","0","0","1","0","0"
"POINT (8.739232286000060 50.095629750000057)","Unfall 51395 (2020) Kat:3, Licht: 0","51395","3","1","9","07","07","4","1","0","0","1","0","0"
"POINT (8.614047459000062 50.100343403000068)","Unfall 51407 (2020) Kat:3, Licht: 0","51407","3","3","5","08","18","6","0","0","1","1","0","0"
"POINT (8.653776731000050 50.075310128000069)","Unfall 51409 (2020) Kat:3, Licht: 0","51409","3","6","2","07","17","5","0","0","0","1","0","0"
"POINT (8.634934543000043 50.102166150000073)","Unfall 51426 (2020) Kat:3, Licht: 0","51426","3","2","5","07","15","3","0","0","1","1","0","0"
"POINT (8.666278793000060 50.087063660000069)","Unfall 51438 (2020) Kat:3, Licht: 0","51438","3","2","5","07","16","4","0","0","1","1","0","0"
"POINT (8.534200831000021 50.114524768000081)","Unfall 51466 (2020) Kat:3, Licht: 0","51466","3","7","0","07","16","4","0","0","1","1","0","0"
"POINT (8.686462146000054 50.154403019000029)","Unfall 51472 (2020) Kat:3, Licht: 0","51472","3","1","8","08","17","4","0","0","0","1","0","0"
"POINT (8.624589912000033 50.087901955000063)","Unfall 51485 (2020) Kat:3, Licht: 0","51485","3","6","4","07","17","3","0","0","1","0","0","0"
"POINT (8.745665233000068 50.124617891000071)","Unfall 51488 (2020) Kat:2, Licht: 0","51488","2","3","5","07","15","4","0","0","0","1","0","1"
"POINT (8.642904922000071 50.199241890000053)","Unfall 51489 (2020) Kat:3, Licht: 0","51489","3","6","2","07","17","3","0","0","0","1","0","0"
"POINT (8.601838315000066 50.048120004000054)","Unfall 51493 (2020) Kat:3, Licht: 0","51493","3","6","2","07","08","3","0","0","0","1","0","0"
"POINT (8.586205085000074 50.123533307000059)","Unfall 51495 (2020) Kat:3, Licht: 0","51495","3","2","3","07","15","2","0","0","1","1","0","0"
"POINT (8.594251056000076 50.122126589000061)","Unfall 51497 (2020) Kat:3, Licht: 0","51497","3","6","3","07","06","3","0","0","0","1","0","0"
"POINT (8.653883430000064 50.075647080000067)","Unfall 51521 (2020) Kat:3, Licht: 0","51521","3","6","2","07","14","6","0","0","0","1","0","0"
"POINT (8.598827507000067 50.131423373000075)","Unfall 51523 (2020) Kat:3, Licht: 0","51523","3","6","3","07","17","3","0","0","0","1","0","0"
"POINT (8.648270362000062 50.161464955000042)","Unfall 51527 (2020) Kat:3, Licht: 0","51527","3","3","5","08","16","3","0","0","1","1","0","0"
"POINT (8.486910773000034 50.096331525000039)","Unfall 51528 (2020) Kat:3, Licht: 0","51528","3","3","5","07","06","2","0","0","1","0","0","0"
"POINT (8.748733599000047 50.146164113000054)","Unfall 51549 (2020) Kat:3, Licht: 0","51549","3","3","5","08","14","5","0","0","1","1","0","0"
"POINT (8.688723433000064 50.158637960000078)","Unfall 51569 (2020) Kat:3, Licht: 0","51569","3","6","2","09","13","4","0","0","1","1","0","0"
"POINT (8.624542417000043 50.101150767000036)","Unfall 51570 (2020) Kat:3, Licht: 0","51570","3","1","0","08","11","5","0","0","0","0","0","1"
"POINT (8.619352062000075 50.087117946000035)","Unfall 51572 (2020) Kat:3, Licht: 0","51572","3","6","2","08","11","3","0","0","0","1","0","0"
"POINT (8.551508680000040 50.105217841000069)","Unfall 51574 (2020) Kat:3, Licht: 0","51574","3","5","1","09","17","6","0","0","0","1","0","1"
"POINT (8.617567364000024 50.079632363000030)","Unfall 51580 (2020) Kat:3, Licht: 0","51580","3","6","2","08","13","1","0","0","0","1","0","0"
"POINT (8.616922479000039 50.087716700000044)","Unfall 51589 (2020) Kat:3, Licht: 0","51589","3","6","2","09","17","2","0","0","0","1","0","0"
"POINT (8.711504870000056 50.063288773000068)","Unfall 51592 (2020) Kat:2, Licht: 0","51592","2","6","2","08","15","7","0","0","0","1","0","0"
"POINT (8.608718461000024 50.062389452000048)","Unfall 51605 (2020) Kat:1, Licht: 2","51605","1","6","2","09","23","4","0","2","0","1","0","0"
"POINT (8.733897979000062 50.119730703000073)","Unfall 51610 (2020) Kat:3, Licht: 0","51610","3","3","5","08","19","2","0","0","1","1","0","0"
"POINT (8.704636577000031 50.149617330000069)","Unfall 51611 (2020) Kat:3, Licht: 2","51611","3","1","8","08","22","2","0","2","0","1","0","0"
"POINT (8.740621155000042 50.122771097000054)","Unfall 51616 (2020) Kat:3, Licht: 0","51616","3","6","2","08","14","2","0","0","0","1","0","0"
"POINT (8.662154691000069 50.131600916000082)","Unfall 51630 (2020) Kat:3, Licht: 0","51630","3","6","2","08","11","5","0","0","0","1","0","0"
"POINT (8.552204413000027 50.049001743000076)","Unfall 51639 (2020) Kat:3, Licht: 0","51639","3","6","2","09","11","6","0","0","0","1","0","0"
"POINT (8.549158156000033 50.120997803000080)","Unfall 51645 (2020) Kat:3, Licht: 0","51645","3","6","3","08","16","2","0","0","0","1","0","0"
"POINT (8.735623258000032 50.111158132000071)","Unfall 51648 (2020) Kat:3, Licht: 0","51648","3","6","2","09","08","2","0","0","0","1","0","1"
"POINT (8.720186465000040 50.064501376000067)","Unfall 51654 (2020) Kat:3, Licht: 0","51654","3","6","2","08","16","5","0","0","0","1","0","0"
"POINT (8.722343103000071 50.135670673000050)","Unfall 51663 (2020) Kat:3, Licht: 0","51663","3","6","3","08","20","6","0","0","0","1","0","0"
"POINT (8.651847835000069 50.193788110000071)","Unfall 51670 (2020) Kat:3, Licht: 0","51670","3","3","5","08","13","1","0","0","1","0","0","0"
"POINT (8.704393967000044 50.113027105000072)","Unfall 51671 (2020) Kat:2, Licht: 0","51671","2","7","6","09","18","6","0","0","0","0","1","0"
"POINT (8.645661980000057 50.103605520000031)","Unfall 51681 (2020) Kat:3, Licht: 0","51681","3","5","1","09","07","5","0","0","1","1","0","0"
"POINT (8.604921840000031 50.160070691000044)","Unfall 51683 (2020) Kat:3, Licht: 0","51683","3","1","0","08","07","5","1","0","0","1","0","0"
"POINT (8.676707883000063 50.183050559000037)","Unfall 51693 (2020) Kat:2, Licht: 0","51693","2","1","4","09","15","5","0","0","0","1","0","0"
"POINT (8.684008753000057 50.132953585000052)","Unfall 51699 (2020) Kat:3, Licht: 0","51699","3","2","3","08","19","6","0","0","1","1","0","0"
"POINT (8.723826980000069 50.100642557000072)","Unfall 51721 (2020) Kat:3, Licht: 2","51721","3","6","3","09","23","7","0","2","0","1","0","0"
"POINT (8.687266344000022 50.061330027000054)","Unfall 51724 (2020) Kat:3, Licht: 2","51724","3","6","2","09","21","5","0","2","0","1","0","0"
"POINT (8.687723746000074 50.107195037000054)","Unfall 51738 (2020) Kat:3, Licht: 0","51738","3","3","5","08","08","4","0","0","1","1","0","0"
"POINT (8.651488492000055 50.098904723000032)","Unfall 51747 (2020) Kat:3, Licht: 0","51747","3","6","3","08","12","7","0","0","0","1","0","1"
"POINT (8.601581337000027 50.057745105000038)","Unfall 51750 (2020) Kat:3, Licht: 0","51750","3","1","9","08","09","2","1","0","0","1","0","0"
"POINT (8.663901223000039 50.061171102000060)","Unfall 51753 (2020) Kat:3, Licht: 2","51753","3","7","7","08","21","2","1","2","0","1","0","0"
"POINT (8.693015739000032 50.129098349000060)","Unfall 51754 (2020) Kat:3, Licht: 0","51754","3","2","3","09","09","5","0","0","0","1","0","0"
"POINT (8.605280022000045 50.161206315000072)","Unfall 51757 (2020) Kat:3, Licht: 1","51757","3","6","3","08","06","2","1","1","0","1","0","0"
"POINT (8.733485714000040 50.113989299000082)","Unfall 51760 (2020) Kat:3, Licht: 0","51760","3","6","2","08","10","2","1","0","0","1","0","0"
"POINT (8.627843344000041 50.091397564000033)","Unfall 51764 (2020) Kat:3, Licht: 2","51764","3","6","0","09","20","2","0","2","0","1","0","0"
"POINT (8.668829696000046 50.131586144000039)","Unfall 51794 (2020) Kat:3, Licht: 0","51794","3","2","4","08","14","2","0","0","1","0","0","0"
"POINT (8.655745936000074 50.107498685000053)","Unfall 51811 (2020) Kat:3, Licht: 2","51811","3","2","5","08","22","1","0","2","1","1","0","0"
"POINT (8.668530693000037 50.148469321000050)","Unfall 51815 (2020) Kat:3, Licht: 0","51815","3","6","0","08","13","1","0","0","0","1","0","1"
"POINT (8.691248830000063 50.090019744000074)","Unfall 51818 (2020) Kat:2, Licht: 2","51818","2","3","5","08","20","1","0","2","1","1","0","0"
"POINT (8.703465676000064 50.111001295000051)","Unfall 51822 (2020) Kat:2, Licht: 0","51822","2","6","2","09","15","4","0","0","1","0","0","0"
"POINT (8.652147666000076 50.070661333000032)","Unfall 51823 (2020) Kat:2, Licht: 0","51823","2","6","2","08","16","5","0","0","0","1","0","1"
"POINT (8.693901676000053 50.109143190000054)","Unfall 51827 (2020) Kat:3, Licht: 0","51827","3","6","2","09","13","6","0","0","0","1","0","0"
"POINT (8.650836140000024 50.059264703000053)","Unfall 51842 (2020) Kat:3, Licht: 0","51842","3","6","2","09","17","2","0","0","0","1","0","0"
"POINT (8.733062930000074 50.115000928000029)","Unfall 51846 (2020) Kat:3, Licht: 0","51846","3","3","5","09","17","5","0","0","0","1","0","0"
"POINT (8.605941659000052 50.104832906000070)","Unfall 51849 (2020) Kat:3, Licht: 0","51849","3","6","2","09","14","1","0","0","0","1","0","0"
"POINT (8.679860638000037 50.203909239000041)","Unfall 51852 (2020) Kat:2, Licht: 0","51852","2","1","0","08","10","4","0","0","1","0","0","0"
"POINT (8.671842676000040 50.133557801000052)","Unfall 51864 (2020) Kat:3, Licht: 0","51864","3","4","6","08","16","4","0","0","0","0","1","1"
"POINT (8.745008388000031 50.138538190000077)","Unfall 51865 (2020) Kat:3, Licht: 2","51865","3","3","5","09","02","1","0","2","0","1","0","0"
"POINT (8.663584508000042 50.150600272000077)","Unfall 51893 (2020) Kat:3, Licht: 0","51893","3","3","5","08","11","7","0","0","1","0","0","0"
"POINT (8.743133151000052 50.152068439000061)","Unfall 51895 (2020) Kat:3, Licht: 0","51895","3","6","2","08","20","1","0","0","0","1","0","1"
"POINT (8.643762188000039 50.103047077000042)","Unfall 51896 (2020) Kat:3, Licht: 0","51896","3","2","2","08","14","4","0","0","0","1","0","1"
"POINT (8.590070043000026 50.132544558000063)","Unfall 51900 (2020) Kat:3, Licht: 0","51900","3","3","2","08","12","2","0","0","0","1","0","0"
"POINT (8.637215938000054 50.133930793000047)","Unfall 51916 (2020) Kat:3, Licht: 0","51916","3","6","2","09","16","3","0","0","0","1","0","0"
"POINT (8.549185496000064 50.121007347000045)","Unfall 51945 (2020) Kat:3, Licht: 0","51945","3","6","2","09","13","3","0","0","0","1","0","0"
"POINT (8.605475458000058 50.180840149000062)","Unfall 51954 (2020) Kat:2, Licht: 1","51954","2","2","3","08","20","7","0","1","0","0","0","0"
"POINT (8.673156648000031 50.131740652000076)","Unfall 51957 (2020) Kat:3, Licht: 0","51957","3","7","0","09","06","3","0","0","1","0","0","0"
"POINT (8.678425525000023 50.093717028000071)","Unfall 51960 (2020) Kat:3, Licht: 0","51960","3","6","4","08","17","7","1","0","0","1","0","1"
"POINT (8.663872555000069 50.091823156000032)","Unfall 51961 (2020) Kat:3, Licht: 0","51961","3","3","5","08","17","3","0","0","1","0","0","0"
"POINT (8.620691428000043 50.163847264000026)","Unfall 51962 (2020) Kat:3, Licht: 2","51962","3","7","5","09","21","1","0","2","0","1","0","0"
"POINT (8.665230765000047 50.105900261000045)","Unfall 51963 (2020) Kat:3, Licht: 0","51963","3","6","2","08","15","7","0","0","1","1","0","0"
"POINT (8.620955199000036 50.148922310000046)","Unfall 51966 (2020) Kat:3, Licht: 0","51966","3","6","2","09","16","4","0","0","0","1","0","0"
"POINT (8.689768236000020 50.112621048000051)","Unfall 51967 (2020) Kat:3, Licht: 0","51967","3","4","6","08","20","7","0","0","0","1","1","0"
"POINT (8.740336004000028 50.100889334000044)","Unfall 51969 (2020) Kat:3, Licht: 2","51969","3","1","9","09","05","7","0","2","0","1","0","0"
"POINT (8.725465417000066 50.116082079000080)","Unfall 51973 (2020) Kat:3, Licht: 0","51973","3","6","2","09","15","7","0","0","1","1","0","0"
"POINT (8.674136640000029 50.100586607000082)","Unfall 51987 (2020) Kat:3, Licht: 0","51987","3","3","5","08","17","2","0","0","0","1","0","0"
"POINT (8.663524103000043 50.147450334000041)","Unfall 52017 (2020) Kat:2, Licht: 1","52017","2","3","5","08","20","1","1","1","1","0","0","0"
"POINT (8.664663324000060 50.103959041000053)","Unfall 52023 (2020) Kat:3, Licht: 0","52023","3","6","2","09","18","5","0","0","0","1","0","1"
"POINT (8.650642446000063 50.132370343000048)","Unfall 52040 (2020) Kat:3, Licht: 0","52040","3","6","2","09","18","3","0","0","0","1","0","0"
"POINT (8.697825319000060 50.126032914000064)","Unfall 52076 (2020) Kat:3, Licht: 0","52076","3","3","5","09","11","4","0","0","1","1","0","0"
"POINT (8.663667880000048 50.108054663000075)","Unfall 52077 (2020) Kat:3, Licht: 0","52077","3","6","3","08","17","5","0","0","1","1","0","0"
"POINT (8.619980463000047 50.100715086000037)","Unfall 52094 (2020) Kat:3, Licht: 0","52094","3","6","0","08","15","5","0","0","1","0","0","0"
"POINT (8.608160083000030 50.060670027000072)","Unfall 52104 (2020) Kat:2, Licht: 2","52104","2","6","3","08","21","1","0","2","0","1","0","0"