WKT,Name,OBJECTID,UKATEGORIE,UTYP1,UART,UMONAT,USTUNDE,UWOCHENTAG,STRZUSTAND,ULICHTVERH,ISTRAD,ISTPKW,ISTFUSS,ISTKRAD
"POINT (8.611715018000041 50.132761981000044)","Unfall 52112 (2020) Kat:3, Licht: 1","52112","3","1","9","09","19","2","0","1","0","0","0","1"
"POINT (8.664692875000071 50.107494955000050)","Unfall 52113 (2020) Kat:3, Licht: 0","52113","3","4","6","08","11","6","0","0","1","0","1","0"
"POINT (8.657058640000059 50.156264914000076)","Unfall 52142 (2020) Kat:3, Licht: 0","52142","3","6","0","09","15","2","0","0","1","0","0","0"
"POINT (8.604285498000024 50.106785190000039)","Unfall 52173 (2020) Kat:3, Licht: 0","52173","3","6","0","09","17","2","0","0","0","1","0","0"
"POINT (8.615123777000065 50.096104086000025)","Unfall 52180 (2020) Kat:3, Licht: 0","52180","3","6","2","09","11","1","0","0","0","1","0","0"
"POINT (8.623119190000068 50.101013147000060)","Unfall 52196 (2020) Kat:3, Licht: 0","52196","3","1","0","08","11","1","0","0","0","0","0","0"
"POINT (8.536404914000059 50.116607908000049)","Unfall 52202 (2020) Kat:3, Licht: 0","52202","3","6","2","08","18","5","0","0","0","1","0","0"
"POINT (8.624503001000051 50.077860646000033)","Unfall 52207 (2020) Kat:3, Licht: 2","52207","3","6","2","09","22","5","0","2","0","1","0","0"
"POINT (8.747743269000068 50.155406715000026)","Unfall 52209 (2020) Kat:3, Licht: 0","52209","3","6","3","08","14","4","0","0","0","1","0","1"
"POINT (8.592050446000030 50.137524214000052)","Unfall 52218 (2020) Kat:3, Licht: 0","52218","3","6","2","08","13","6","1","0","0","1","0","0"
"POINT (8.634710953000024 50.160300500000062)","Unfall 52219 (2020) Kat:2, Licht: 0","52219","2","6","3","09","16","5","0","0","0","1","0","1"
"POINT (8.724774467000032 50.122985433000053)","Unfall 52224 (2020) Kat:3, Licht: 0","52224","3","6","2","09","15","7","0","0","0","1","0","0"
"POINT (8.519305298000063 50.097318419000032)","Unfall 52245 (2020) Kat:3, Licht: 0","52245","3","4","6","09","08","7","0","0","0","0","1","0"
"POINT (8.669244673000037 50.162923116000059)","Unfall 52247 (2020) Kat:3, Licht: 0","52247","3","6","2","09","08","3","0","0","0","1","0","0"
"POINT (8.622677033000059 50.153765522000072)","Unfall 52262 (2020) Kat:3, Licht: 0","52262","3","2","2","08","07","4","0","0","0","1","0","0"
"POINT (8.669556661000058 50.140304682000078)","Unfall 52264 (2020) Kat:3, Licht: 0","52264","3","6","2","08","10","5","1","0","1","1","0","0"
"POINT (8.738131116000034 50.100567218000037)","Unfall 52268 (2020) Kat:2, Licht: 0","52268","2","1","0","08","11","5","1","0","1","0","0","0"
"POINT (8.620415449000063 50.100751537000065)","Unfall 52272 (2020) Kat:2, Licht: 0","52272","2","4","6","08","11","7","0","0","0","1","1","0"
"POINT (8.683913006000068 50.131668603000037)","Unfall 52279 (2020) Kat:2, Licht: 0","52279","2","6","3","09","15","5","0","0","1","0","0","0"
"POINT (8.769638925000038 50.135877187000062)","Unfall 52308 (2020) Kat:3, Licht: 0","52308","3","6","2","09","09","2","0","0","0","1","0","0"
"POINT (8.748620802000062 50.154824093000059)","Unfall 52311 (2020) Kat:2, Licht: 2","52311","2","2","0","08","05","7","1","2","0","0","0","1"
"POINT (8.701161898000066 50.110616296000046)","Unfall 52320 (2020) Kat:3, Licht: 1","52320","3","3","5","08","06","2","1","1","1","1","0","0"
"POINT (8.678567499000053 50.061337352000066)","Unfall 52329 (2020) Kat:3, Licht: 0","52329","3","6","2","08","18","4","0","0","0","1","0","0"
"POINT (8.705986616000075 50.145717546000071)","Unfall 52349 (2020) Kat:3, Licht: 0","52349","3","6","2","09","11","4","0","0","0","1","0","0"
"POINT (8.594045051000023 50.131469298000070)","Unfall 52350 (2020) Kat:3, Licht: 0","52350","3","3","5","08","09","5","0","0","1","1","0","0"
"POINT (8.542931872000054 50.118990876000055)","Unfall 52353 (2020) Kat:3, Licht: 0","52353","3","6","2","08","18","4","0","0","0","1","0","0"
"POINT (8.676944236000054 50.092903530000058)","Unfall 52354 (2020) Kat:3, Licht: 0","52354","3","4","6","09","06","6","0","0","0","0","1","0"
"POINT (8.717383359000053 50.064262437000082)","Unfall 52369 (2020) Kat:3, Licht: 0","52369","3","7","0","09","09","2","0","0","0","1","0","0"
"POINT (8.639691909000021 50.197678293000081)","Unfall 52372 (2020) Kat:2, Licht: 0","52372","2","6","0","08","13","7","0","0","0","1","0","1"
"POINT (8.718061841000065 50.064348707000079)","Unfall 52376 (2020) Kat:3, Licht: 0","52376","3","6","3","09","15","1","0","0","0","1","0","0"
"POINT (8.596317598000042 50.038025330000039)","Unfall 52385 (2020) Kat:3, Licht: 2","52385","3","6","2","09","22","4","0","2","0","1","0","0"
"POINT (8.605154730000038 50.053914838000026)","Unfall 52399 (2020) Kat:2, Licht: 0","52399","2","1","0","08","10","5","1","0","0","0","0","1"
"POINT (8.733362320000026 50.114271194000025)","Unfall 52403 (2020) Kat:3, Licht: 0","52403","3","3","5","08","18","5","0","0","0","1","0","0"
"POINT (8.536805986000047 50.116754036000032)","Unfall 52407 (2020) Kat:3, Licht: 0","52407","3","6","2","08","17","5","0","0","0","1","0","0"
"POINT (8.752855182000076 50.142378047000079)","Unfall 52408 (2020) Kat:2, Licht: 0","52408","2","6","3","08","17","2","0","0","1","1","0","0"
"POINT (8.676467792000040 50.132142987000066)","Unfall 52412 (2020) Kat:3, Licht: 0","52412","3","2","0","08","07","5","1","0","1","0","0","1"
"POINT (8.625111364000077 50.101205774000050)","Unfall 52424 (2020) Kat:2, Licht: 2","52424","2","4","6","09","21","1","0","2","0","1","1","0"
"POINT (8.677605679000067 50.093056185000080)","Unfall 52439 (2020) Kat:2, Licht: 0","52439","2","6","2","08","19","4","0","0","0","1","0","0"
"POINT (8.709511654000039 50.125810514000079)","Unfall 52442 (2020) Kat:3, Licht: 0","52442","3","6","0","08","08","4","0","0","1","0","0","0"
"POINT (8.596462231000032 50.144706724000059)","Unfall 52445 (2020) Kat:3, Licht: 0","52445","3","6","2","08","14","6","0","0","0","1","0","0"
"POINT (8.637757253000075 50.102429338000036)","Unfall 52447 (2020) Kat:3, Licht: 0","52447","3","6","3","08","14","4","0","0","0","1","0","0"
"POINT (8.654275942000027 50.106917684000052)","Unfall 52451 (2020) Kat:3, Licht: 0","52451","3","6","2","08","18","4","0","0","0","1","0","1"
"POINT (8.701393315000075 50.123230906000060)","Unfall 52453 (2020) Kat:3, Licht: 0","52453","3","6","0","09","12","6","0","0","1","0","0","0"
"POINT (8.682298228000036 50.131993476000048)","Unfall 52463 (2020) Kat:3, Licht: 0","52463","3","2","5","09","15","5","0","0","1","1","0","0"
"POINT (8.625853894000045 50.091352243000074)","Unfall 52485 (2020) Kat:2, Licht: 0","52485","2","5","1","09","18","3","0","0","0","1","0","0"
"POINT (8.559892767000065 50.101742818000048)","Unfall 52490 (2020) Kat:3, Licht: 0","52490","3","2","5","09","13","1","0","0","1","1","0","0"
"POINT (8.694501210000055 50.108463159000053)","Unfall 52501 (2020) Kat:3, Licht: 2","52501","3","6","0","09","22","7","0","2","0","0","1","0"
"POINT (8.645380006000039 50.201291855000079)","Unfall 52504 (2020) Kat:3, Licht: 0","52504","3","6","2","09","16","5","0","0","0","0","0","0"
"POINT (8.654133800000068 50.076925904000063)","Unfall 52506 (2020) Kat:2, Licht: 0","52506","2","6","2","09","09","3","0","0","0","1","0","0"
"POINT (8.634740925000074 50.102147649000074)","Unfall 52519 (2020) Kat:3, Licht: 0","52519","3","4","6","08","17","4","0","0","0","0","1","1"
"POINT (8.665769502000046 50.101779456000031)","Unfall 52528 (2020) Kat:3, Licht: 2","52528","3","6","2","08","21","7","0","2","0","1","0","0"
"POINT (8.641201403000025 50.162303596000072)","Unfall 52551 (2020) Kat:3, Licht: 0","52551","3","6","3","09","18","5","0","0","0","1","0","0"
"POINT (8.653460301000052 50.074805882000078)","Unfall 52552 (2020) Kat:3, Licht: 0","52552","3","6","2","08","17","6","0","0","0","1","0","0"
"POINT (8.693093695000073 50.113326563000044)","Unfall 52556 (2020) Kat:3, Licht: 0","52556","3","2","5","08","14","6","0","0","0","0","0","1"
"POINT (8.557752189000041 50.102356010000051)","Unfall 52557 (2020) Kat:3, Licht: 0","52557","3","3","0","08","19","3","0","0","1","0","0","0"
"POINT (8.611698127000068 50.124614183000062)","Unfall 52564 (2020) Kat:3, Licht: 0","52564","3","3","5","08","13","3","0","0","1","0","0","0"
"POINT (8.719455570000037 50.123091689000034)","Unfall 52568 (2020) Kat:3, Licht: 0","52568","3","2","3","08","11","3","0","0","1","1","0","0"
"POINT (8.599857052000061 50.113062270000057)","Unfall 52572 (2020) Kat:2, Licht: 1","52572","2","7","7","09","05","2","0","1","0","1","0","0"
"POINT (8.650215680000031 50.098514830000056)","Unfall 52602 (2020) Kat:3, Licht: 1","52602","3","6","2","09","07","4","0","1","0","1","0","0"
"POINT (8.684459288000028 50.105042542000035)","Unfall 52603 (2020) Kat:3, Licht: 0","52603","3","3","5","08","15","5","0","0","0","1","0","0"
"POINT (8.749503138000023 50.140825136000046)","Unfall 52631 (2020) Kat:3, Licht: 0","52631","3","2","2","09","17","6","0","0","0","1","0","0"
"POINT (8.727183916000058 50.122981925000033)","Unfall 52647 (2020) Kat:2, Licht: 0","52647","2","7","0","08","10","3","0","0","1","0","0","0"
"POINT (8.649009704000036 50.177769319000049)","Unfall 52650 (2020) Kat:3, Licht: 0","52650","3","1","9","08","19","3","1","0","0","0","0","1"
"POINT (8.605665811000051 50.104778343000078)","Unfall 52659 (2020) Kat:3, Licht: 0","52659","3","6","3","08","09","3","0","0","0","1","0","0"
"POINT (8.710676522000028 50.063321763000033)","Unfall 52661 (2020) Kat:1, Licht: 0","52661","1","1","8","09","14","7","0","0","0","0","0","1"
"POINT (8.683511200000055 50.112076975000036)","Unfall 52671 (2020) Kat:3, Licht: 2","52671","3","7","2","08","22","7","0","2","0","1","0","1"
"POINT (8.648824902000058 50.179405761000055)","Unfall 52697 (2020) Kat:3, Licht: 0","52697","3","6","2","09","07","2","0","0","0","1","0","0"
"POINT (8.714791697000067 50.063887786000066)","Unfall 52704 (2020) Kat:3, Licht: 0","52704","3","6","2","09","15","1","0","0","0","1","0","0"
"POINT (8.715916686000071 50.137527858000055)","Unfall 52713 (2020) Kat:3, Licht: 0","52713","3","6","2","09","07","4","0","0","0","1","0","0"
"POINT (8.694210899000041 50.101629720000062)","Unfall 52714 (2020) Kat:3, Licht: 2","52714","3","1","8","08","22","2","0","2","1","0","0","0"
"POINT (8.647733816000027 50.061426354000048)","Unfall 52723 (2020) Kat:3, Licht: 0","52723","3","6","2","09","16","3","0","0","0","1","0","0"
"POINT (8.655125063000071 50.107253295000078)","Unfall 52743 (2020) Kat:3, Licht: 0","52743","3","6","2","09","11","4","0","0","0","1","0","0"
"POINT (8.710468519000074 50.149877684000046)","Unfall 52746 (2020) Kat:2, Licht: 0","52746","2","6","2","09","13","7","0","0","0","1","0","1"
"POINT (8.699446560000069 50.104504709000025)","Unfall 52765 (2020) Kat:3, Licht: 0","52765","3","5","1","08","14","2","0","0","0","0","0","0"
"POINT (8.624591483000074 50.188927138000054)","Unfall 52772 (2020) Kat:3, Licht: 2","52772","3","6","2","09","20","7","0","2","0","1","0","0"
"POINT (8.541845323000075 50.107732841000029)","Unfall 52792 (2020) Kat:3, Licht: 0","52792","3","3","5","08","16","7","0","0","1","1","0","0"
"POINT (8.646343287000036 50.103771310000070)","Unfall 52799 (2020) Kat:3, Licht: 0","52799","3","6","2","09","16","5","0","0","0","0","0","1"
"POINT (8.706151204000037 50.145596114000057)","Unfall 52817 (2020) Kat:3, Licht: 0","52817","3","3","5","08","06","5","0","0","0","1","0","0"
"POINT (8.754449876000024 50.120032524000067)","Unfall 52827 (2020) Kat:3, Licht: 2","52827","3","3","5","08","22","4","0","2","1","1","0","0"
"POINT (8.761699472000032 50.116056384000046)","Unfall 52829 (2020) Kat:2, Licht: 2","52829","2","3","5","08","23","2","0","2","1","1","0","0"
"POINT (8.591414476000068 50.135541146000037)","Unfall 52830 (2020) Kat:2, Licht: 0","52830","2","6","2","09","12","6","0","0","0","1","0","0"
"POINT (8.618052440000042 50.132643788000053)","Unfall 52858 (2020) Kat:3, Licht: 0","52858","3","3","5","09","07","3","0","0","1","1","0","0"
"POINT (8.532375199000057 50.040643657000032)","Unfall 52883 (2020) Kat:3, Licht: 2","52883","3","2","5","09","04","2","0","2","0","1","0","0"
"POINT (8.560073119000037 50.101522842000065)","Unfall 52889 (2020) Kat:3, Licht: 0","52889","3","4","6","09","16","2","0","0","0","1","1","0"
"POINT (8.712185641000076 50.078107562000071)","Unfall 52890 (2020) Kat:2, Licht: 2","52890","2","6","2","09","22","2","0","2","0","1","0","1"
"POINT (8.683913781000058 50.131668441000045)","Unfall 52891 (2020) Kat:3, Licht: 0","52891","3","3","5","09","13","2","0","0","0","1","0","0"
"POINT (8.670597329000032 50.061082476000081)","Unfall 52915 (2020) Kat:3, Licht: 0","52915","3","6","2","09","15","2","0","0","0","1","0","0"
"POINT (8.598028731000056 50.133637394000061)","Unfall 52916 (2020) Kat:3, Licht: 0","52916","3","6","2","09","11","2","0","0","0","1","0","1"
"POINT (8.666210413000044 50.147889474000067)","Unfall 52931 (2020) Kat:3, Licht: 0","52931","3","6","2","09","09","1","0","0","0","1","0","0"
"POINT (8.683944905000033 50.131794657000057)","Unfall 52932 (2020) Kat:3, Licht: 0","52932","3","6","2","09","16","1","0","0","0","1","0","0"
"POINT (8.687979229000064 50.158137852000038)","Unfall 52956 (2020) Kat:2, Licht: 0","52956","2","6","2","09","13","7","0","0","0","1","0","1"
"POINT (8.549127375000069 50.120987060000061)","Unfall 52976 (2020) Kat:3, Licht: 2","52976","3","6","2","09","20","7","0","2","0","1","0","0"
"POINT (8.641113833000077 50.162274418000038)","Unfall 52989 (2020) Kat:3, Licht: 0","52989","3","5","1","09","13","6","0","0","1","1","0","0"
"POINT (8.639168374000064 50.081622186000061)","Unfall 52990 (2020) Kat:3, Licht: 0","52990","3","2","5","09","18","6","0","0","0","1","0","0"
"POINT (8.654184734000069 50.076598290000049)","Unfall 52991 (2020) Kat:3, Licht: 0","52991","3","6","2","09","13","6","0","0","0","1","0","0"
"POINT (8.703957908000064 50.112521820000040)","Unfall 52992 (2020) Kat:3, Licht: 0","52992","3","3","5","09","14","6","0","0","0","1","0","1"
"POINT (8.622298148000027 50.100933742000052)","Unfall 53028 (2020) Kat:3, Licht: 0","53028","3","7","0","09","18","5","0","0","0","1","0","0"
"POINT (8.621889814000042 50.147884683000029)","Unfall 53029 (2020) Kat:3, Licht: 0","53029","3","6","4","09","10","5","0","0","0","0","0","0"
"POINT (8.687747831000024 50.130658339000036)","Unfall 53030 (2020) Kat:2, Licht: 0","53030","2","2","3","09","07","5","0","0","1","0","0","0"
"POINT (8.540133201000060 50.109260571000050)","Unfall 53068 (2020) Kat:3, Licht: 0","53068","3","2","5","09","08","4","0","0","1","1","0","0"
"POINT (8.643283538000048 50.119192287000033)","Unfall 53069 (2020) Kat:3, Licht: 2","53069","3","3","5","09","21","4","0","2","1","1","0","0"
"POINT (8.669210133000036 50.099179274000051)","Unfall 53070 (2020) Kat:3, Licht: 0","53070","3","4","6","09","07","4","0","0","0","1","1","0"
"POINT (8.707085587000051 50.112833912000042)","Unfall 53071 (2020) Kat:3, Licht: 0","53071","3","6","0","09","16","4","0","0","0","0","0","1"
"POINT (8.668416296000032 50.131572832000074)","Unfall 53072 (2020) Kat:3, Licht: 0","53072","3","3","5","09","17","4","0","0","0","1","0","0"
"POINT (8.617760805000046 50.132646604000058)","Unfall 53097 (2020) Kat:3, Licht: 0","53097","3","3","5","09","07","4","0","0","1","1","0","0"
"POINT (8.683832640000048 50.162915034000036)","Unfall 53106 (2020) Kat:3, Licht: 0","53106","3","2","5","09","13","3","0","0","1","0","0","0"
"POINT (8.729582991000029 50.120268798000041)","Unfall 53133 (2020) Kat:3, Licht: 0","53133","3","6","3","10","14","5","0","0","0","1","0","0"
"POINT (8.632339373000036 50.088298754000050)","Unfall 53138 (2020) Kat:3, Licht: 0","53138","3","3","5","09","17","3","1","0","1","0","0","1"
"POINT (8.669402882000043 50.162832677000040)","Unfall 53141 (2020) Kat:3, Licht: 0","53141","3","6","2","09","08","3","1","0","0","1","0","0"
"POINT (8.704527874000064 50.120254832000057)","Unfall 53163 (2020) Kat:3, Licht: 0","53163","3","3","5","09","14","4","0","0","1","1","0","0"
"POINT (8.769638925000038 50.135877187000062)","Unfall 53188 (2020) Kat:3, Licht: 0","53188","3","6","2","09","11","5","0","0","0","1","0","0"
"POINT (8.761990161000028 50.130723540000076)","Unfall 53189 (2020) Kat:3, Licht: 0","53189","3","3","5","09","16","6","0","0","1","1","0","0"
"POINT (8.656690468000022 50.107872089000068)","Unfall 53195 (2020) Kat:3, Licht: 0","53195","3","3","0","10","08","5","0","0","1","1","0","0"
"POINT (8.552605671000038 50.122308920000080)","Unfall 53198 (2020) Kat:3, Licht: 0","53198","3","7","8","09","14","5","0","0","0","0","0","1"
"POINT (8.646351975000073 50.177449786000068)","Unfall 53204 (2020) Kat:3, Licht: 0","53204","3","1","8","09","07","6","1","0","0","1","0","0"
"POINT (8.694989981000049 50.132343227000035)","Unfall 53213 (2020) Kat:3, Licht: 0","53213","3","6","2","09","14","6","0","0","0","1","0","0"
"POINT (8.679589298000053 50.166629384000032)","Unfall 53215 (2020) Kat:3, Licht: 0","53215","3","4","6","09","16","2","0","0","0","1","1","0"
"POINT (8.710697219000053 50.150089708000053)","Unfall 53217 (2020) Kat:3, Licht: 0","53217","3","3","5","09","14","3","0","0","0","1","0","0"
"POINT (8.529545959000075 50.114096741000026)","Unfall 53234 (2020) Kat:3, Licht: 0","53234","3","1","3","09","11","1","1","0","0","1","0","0"
"POINT (8.513636469000062 50.088069775000065)","Unfall 53259 (2020) Kat:2, Licht: 0","53259","2","3","5","09","13","4","0","0","1","1","0","0"
"POINT (8.708244427000068 50.117284948000076)","Unfall 53261 (2020) Kat:3, Licht: 0","53261","3","2","3","10","18","5","1","0","1","1","0","0"
"POINT (8.654662380000048 50.112835621000045)","Unfall 53267 (2020) Kat:3, Licht: 0","53267","3","3","5","09","07","3","1","0","1","0","0","0"
"POINT (8.668068547000075 50.144568157000037)","Unfall 53268 (2020) Kat:3, Licht: 0","53268","3","6","3","09","16","4","0","0","1","0","0","0"
"POINT (8.560165209000047 50.101426354000068)","Unfall 53273 (2020) Kat:2, Licht: 0","53273","2","4","6","09","17","1","0","0","0","1","1","0"
"POINT (8.705982995000056 50.145713251000075)","Unfall 53293 (2020) Kat:3, Licht: 0","53293","3","6","2","09","15","4","0","0","0","1","0","0"
"POINT (8.590641613000059 50.134477726000057)","Unfall 53299 (2020) Kat:3, Licht: 2","53299","3","1","9","09","23","7","1","2","0","1","0","0"
"POINT (8.650073403000022 50.105256341000029)","Unfall 53323 (2020) Kat:3, Licht: 0","53323","3","4","6","10","13","5","0","0","0","1","1","0"
"POINT (8.625608777000025 50.186192121000033)","Unfall 53324 (2020) Kat:1, Licht: 0","53324","1","3","5","09","14","5","0","0","0","1","0","1"
"POINT (8.687700070000062 50.159556815000030)","Unfall 53325 (2020) Kat:3, Licht: 2","53325","3","6","2","09","19","6","1","2","0","1","0","0"
"POINT (8.646687477000057 50.177578091000044)","Unfall 53332 (2020) Kat:3, Licht: 2","53332","3","1","8","09","19","3","1","2","0","1","0","0"
"POINT (8.595751529000040 50.057934832000058)","Unfall 53333 (2020) Kat:3, Licht: 0","53333","3","1","9","09","18","6","0","0","0","1","0","0"
"POINT (8.649702841000021 50.161096813000029)","Unfall 53344 (2020) Kat:2, Licht: 0","53344","2","4","6","09","12","2","0","0","0","0","1","0"
"POINT (8.687802487000056 50.107193218000077)","Unfall 53346 (2020) Kat:3, Licht: 1","53346","3","2","5","09","17","3","1","1","1","1","0","0"
"POINT (8.675319279000064 50.149708388000079)","Unfall 53353 (2020) Kat:3, Licht: 0","53353","3","2","3","09","18","5","0","0","1","0","0","0"
"POINT (8.728193125000075 50.121966440000051)","Unfall 53404 (2020) Kat:3, Licht: 0","53404","3","6","2","09","14","6","0","0","0","1","0","0"
"POINT (8.737167100000022 50.121120869000038)","Unfall 53408 (2020) Kat:3, Licht: 2","53408","3","2","2","09","05","3","1","2","0","1","0","0"
"POINT (8.655299112000023 50.107322086000067)","Unfall 53418 (2020) Kat:3, Licht: 1","53418","3","6","0","09","06","3","0","1","1","0","0","0"
"POINT (8.514716634000024 50.085057049000056)","Unfall 53420 (2020) Kat:3, Licht: 0","53420","3","3","5","09","17","4","0","0","0","1","0","0"
"POINT (8.684419003000073 50.140283292000049)","Unfall 53425 (2020) Kat:3, Licht: 0","53425","3","6","3","09","14","5","0","0","1","1","0","0"
"POINT (8.642343383000025 50.199440768000045)","Unfall 53426 (2020) Kat:3, Licht: 0","53426","3","6","3","09","08","7","0","0","0","1","0","0"
"POINT (8.664014745000031 50.091941874000042)","Unfall 53429 (2020) Kat:3, Licht: 0","53429","3","6","2","09","08","5","0","0","0","1","0","1"
"POINT (8.622725964000040 50.151237994000041)","Unfall 53438 (2020) Kat:3, Licht: 0","53438","3","3","0","10","12","5","1","0","0","1","0","1"
"POINT (8.754376386000047 50.123379566000040)","Unfall 53454 (2020) Kat:3, Licht: 2","53454","3","6","0","10","02","1","0","2","0","1","0","1"
"POINT (8.665976964000038 50.147847769000066)","Unfall 53475 (2020) Kat:3, Licht: 1","53475","3","6","2","10","19","5","1","1","0","1","0","0"
"POINT (8.692977840000026 50.113170314000058)","Unfall 53476 (2020) Kat:3, Licht: 0","53476","3","6","2","10","14","3","0","0","0","1","0","0"
"POINT (8.751217518000033 50.144867951000037)","Unfall 53477 (2020) Kat:3, Licht: 0","53477","3","6","2","10","13","6","1","0","0","1","0","0"
"POINT (8.725831983000035 50.123092401000065)","Unfall 53492 (2020) Kat:3, Licht: 0","53492","3","6","2","10","14","6","1","0","0","1","0","0"
"POINT (8.662211162000062 50.102931687000080)","Unfall 53493 (2020) Kat:3, Licht: 0","53493","3","2","6","10","16","3","0","0","0","1","1","0"
"POINT (8.684185048000074 50.136207320000040)","Unfall 53495 (2020) Kat:3, Licht: 0","53495","3","6","2","10","12","5","0","0","0","1","0","0"
"POINT (8.586358425000071 50.134093590000077)","Unfall 53509 (2020) Kat:3, Licht: 0","53509","3","6","3","10","12","3","1","0","0","1","0","0"
"POINT (8.658048152000049 50.078523647000054)","Unfall 53514 (2020) Kat:3, Licht: 0","53514","3","1","8","10","13","5","1","0","0","0","0","1"
"POINT (8.616372765000051 50.093172436000032)","Unfall 53529 (2020) Kat:3, Licht: 0","53529","3","1","9","10","16","7","1","0","0","1","0","0"
"POINT (8.758940861000042 50.112817827000072)","Unfall 53532 (2020) Kat:3, Licht: 0","53532","3","6","3","10","17","3","0","0","0","1","0","1"
"POINT (8.667540222000071 50.131563372000073)","Unfall 53545 (2020) Kat:3, Licht: 0","53545","3","6","2","10","15","2","1","0","0","1","0","0"
"POINT (8.669958528000052 50.175074736000056)","Unfall 53556 (2020) Kat:2, Licht: 0","53556","2","3","5","10","15","3","1","0","0","1","0","0"
"POINT (8.697112781000044 50.109333545000027)","Unfall 53569 (2020) Kat:3, Licht: 0","53569","3","2","3","10","12","5","1","0","1","1","0","0"
"POINT (8.546618591000026 50.103452642000036)","Unfall 53573 (2020) Kat:3, Licht: 0","53573","3","6","2","10","15","6","1","0","0","1","0","0"
"POINT (8.693387561000066 50.129048392000072)","Unfall 53576 (2020) Kat:3, Licht: 0","53576","3","4","6","10","08","5","1","0","1","0","1","0"
"POINT (8.710452039000074 50.111394320000045)","Unfall 53581 (2020) Kat:3, Licht: 2","53581","3","1","8","10","06","7","1","2","0","1","0","0"
"POINT (8.703875729000060 50.062047427000039)","Unfall 53583 (2020) Kat:2, Licht: 2","53583","2","6","3","10","05","6","1","2","0","1","0","0"
"POINT (8.629735807000031 50.101669465000043)","Unfall 53595 (2020) Kat:3, Licht: 0","53595","3","2","5","10","11","4","0","0","1","1","0","0"
"POINT (8.549170614000047 50.121002151000027)","Unfall 53596 (2020) Kat:3, Licht: 2","53596","3","6","2","10","23","2","0","2","0","1","0","0"
"POINT (8.593485401000066 50.139273233000040)","Unfall 53607 (2020) Kat:3, Licht: 1","53607","3","6","2","10","18","3","0","1","0","1","0","0"
"POINT (8.685924946000057 50.112389624000059)","Unfall 53616 (2020) Kat:3, Licht: 0","53616","3","3","0","10","14","6","0","0","1","1","0","0"
"POINT (8.671647737000058 50.106591661000039)","Unfall 53635 (2020) Kat:3, Licht: 0","53635","3","3","5","10","13","3","1","0","0","1","0","0"
"POINT (8.667085998000061 50.094516277000082)","Unfall 53643 (2020) Kat:3, Licht: 0","53643","3","1","0","10","16","2","1","0","0","0","0","1"
"POINT (8.721695433000036 50.105075860000056)","Unfall 53651 (2020) Kat:2, Licht: 1","53651","2","3","5","10","07","6","1","1","0","1","0","0"
"POINT (8.616117209000038 50.100419624000040)","Unfall 53652 (2020) Kat:3, Licht: 0","53652","3","3","5","10","14","3","0","0","0","1","0","0"
"POINT (8.741872377000050 50.158659926000041)","Unfall 53659 (2020) Kat:3, Licht: 1","53659","3","6","2","10","17","2","1","1","0","1","0","0"
"POINT (8.647293243000036 50.199256245000072)","Unfall 53661 (2020) Kat:3, Licht: 0","53661","3","1","0","10","08","5","1","0","0","1","0","0"
"POINT (8.754457741000067 50.127835383000047)","Unfall 53665 (2020) Kat:3, Licht: 2","53665","3","3","5","10","05","4","0","2","0","1","0","0"
"POINT (8.616404825000075 50.092741580000052)","Unfall 53675 (2020) Kat:3, Licht: 2","53675","3","1","8","10","23","6","1","2","0","1","0","0"
"POINT (8.759594001000039 50.113212404000080)","Unfall 53689 (2020) Kat:3, Licht: 2","53689","3","7","0","10","22","1","0","2","1","0","0","0"
"POINT (8.728111649000027 50.123239846000047)","Unfall 53693 (2020) Kat:3, Licht: 0","53693","3","6","0","10","08","2","0","0","0","0","0","0"
"POINT (8.643557253000040 50.199811131000047)","Unfall 53695 (2020) Kat:3, Licht: 2","53695","3","6","3","10","21","2","1","2","0","1","0","0"
"POINT (8.541923441000051 50.107663136000042)","Unfall 53714 (2020) Kat:3, Licht: 0","53714","3","7","9","10","16","1","0","0","0","1","0","0"
"POINT (8.597697138000058 50.100298182000074)","Unfall 53717 (2020) Kat:3, Licht: 0","53717","3","6","2","10","12","3","1","0","0","1","0","1"
"POINT (8.595954012000050 50.122747787000037)","Unfall 53721 (2020) Kat:3, Licht: 2","53721","3","3","5","10","18","1","1","2","1","1","0","0"
"POINT (8.721996229000069 50.114779948000034)","Unfall 53728 (2020) Kat:3, Licht: 0","53728","3","3","0","10","15","6","1","0","0","1","0","1"
"POINT (8.754820806000055 50.127259749000075)","Unfall 53739 (2020) Kat:3, Licht: 0","53739","3","1","8","10","12","6","1","0","0","1","0","0"
"POINT (8.670285202000059 50.138502273000029)","Unfall 53754 (2020) Kat:2, Licht: 1","53754","2","6","3","10","07","4","1","1","0","0","0","1"
"POINT (8.701038179000022 50.113031175000060)","Unfall 53791 (2020) Kat:3, Licht: 0","53791","3","3","5","10","16","3","1","0","1","1","0","0"
"POINT (8.605009236000058 50.098880677000068)","Unfall 53807 (2020) Kat:3, Licht: 0","53807","3","2","5","10","17","6","1","0","0","1","0","0"
"POINT (8.589975275000029 50.132744358000082)","Unfall 53826 (2020) Kat:3, Licht: 0","53826","3","6","2","10","11","6","1","0","0","1","0","0"
"POINT (8.671873066000046 50.133444007000037)","Unfall 53837 (2020) Kat:3, Licht: 0","53837","3","3","5","10","16","5","0","0","1","1","0","0"
"POINT (8.757634982000070 50.118541535000077)","Unfall 53854 (2020) Kat:3, Licht: 2","53854","3","2","3","10","06","3","0","2","1","1","0","0"
"POINT (8.743053466000049 50.101452272000074)","Unfall 53857 (2020) Kat:2, Licht: 2","53857","2","1","8","10","01","7","1","2","0","1","0","0"