WKT,Name,OBJECTID,UKATEGORIE,UTYP1,UART,UMONAT,USTUNDE,UWOCHENTAG,STRZUSTAND,ULICHTVERH,ISTRAD,ISTPKW,ISTFUSS,ISTKRAD
"POINT (8.687691458000074 50.107196530000067)","Unfall 53878 (2020) Kat:3, Licht: 2","53878","3","2","5","10","21","2","0","2","1","1","0","0"
"POINT (8.529626931000053 50.114171966000072)","Unfall 53879 (2020) Kat:3, Licht: 0","53879","3","1","9","10","14","5","1","0","0","1","0","0"
"POINT (8.639849158000061 50.102623243000039)","Unfall 53882 (2020) Kat:3, Licht: 0","53882","3","6","2","10","15","2","0","0","0","1","0","0"
"POINT (8.687060442000075 50.160127915000032)","Unfall 53889 (2020) Kat:3, Licht: 0","53889","3","3","6","10","17","4","0","0","0","1","1","0"
"POINT (8.710645331000023 50.111388151000028)","Unfall 53890 (2020) Kat:3, Licht: 0","53890","3","3","5","10","16","2","0","0","0","1","0","0"
"POINT (8.673825729000043 50.149507121000056)","Unfall 53900 (2020) Kat:3, Licht: 0","53900","3","6","2","10","18","4","0","0","0","1","0","0"
"POINT (8.638267032000044 50.133790336000061)","Unfall 53908 (2020) Kat:3, Licht: 2","53908","3","6","2","10","17","4","1","2","0","1","0","0"
"POINT (8.649071601000060 50.141879343000028)","Unfall 53909 (2020) Kat:3, Licht: 0","53909","3","7","9","10","17","4","0","0","0","1","0","0"
"POINT (8.672458105000032 50.090206909000074)","Unfall 53921 (2020) Kat:3, Licht: 0","53921","3","2","5","10","17","4","0","0","1","1","0","0"
"POINT (8.721903872000041 50.105181113000071)","Unfall 53929 (2020) Kat:3, Licht: 0","53929","3","6","2","10","10","4","1","0","0","1","0","0"
"POINT (8.754435536000074 50.120037242000080)","Unfall 53942 (2020) Kat:3, Licht: 2","53942","3","3","5","10","05","2","0","2","1","1","0","0"
"POINT (8.536608282000032 50.112395900000081)","Unfall 53975 (2020) Kat:2, Licht: 0","53975","2","2","5","10","13","6","1","0","1","1","0","0"
"POINT (8.755665516000022 50.128412199000081)","Unfall 53978 (2020) Kat:3, Licht: 0","53978","3","6","2","10","08","5","0","0","0","1","0","0"
"POINT (8.611330637000037 50.172239280000042)","Unfall 53997 (2020) Kat:2, Licht: 0","53997","2","6","3","10","07","6","1","0","0","1","0","0"
"POINT (8.603650450000032 50.055222130000061)","Unfall 54007 (2020) Kat:3, Licht: 0","54007","3","1","8","10","13","4","1","0","0","1","0","0"
"POINT (8.721958328000028 50.105183484000065)","Unfall 54008 (2020) Kat:2, Licht: 0","54008","2","1","8","10","10","5","0","0","0","1","0","0"
"POINT (8.711979136000025 50.111506775000066)","Unfall 54022 (2020) Kat:3, Licht: 1","54022","3","3","5","10","17","3","0","1","1","1","0","0"
"POINT (8.702686065000023 50.159899462000055)","Unfall 54065 (2020) Kat:3, Licht: 2","54065","3","6","3","10","19","7","0","2","0","1","0","1"
"POINT (8.688563757000054 50.062181047000081)","Unfall 54070 (2020) Kat:3, Licht: 0","54070","3","1","0","10","08","6","1","0","0","0","0","1"
"POINT (8.646316152000054 50.058480352000061)","Unfall 54076 (2020) Kat:3, Licht: 2","54076","3","1","9","10","21","6","1","2","0","1","0","0"
"POINT (8.668851061000055 50.131586885000047)","Unfall 54084 (2020) Kat:3, Licht: 0","54084","3","6","2","10","08","2","1","0","0","1","0","0"
"POINT (8.607086250000066 50.091826052000044)","Unfall 54091 (2020) Kat:3, Licht: 0","54091","3","3","5","10","08","6","0","0","1","1","0","0"
"POINT (8.631356464000021 50.101824299000043)","Unfall 54092 (2020) Kat:3, Licht: 0","54092","3","6","2","10","17","6","0","0","0","1","0","1"
"POINT (8.603529815000059 50.157542435000039)","Unfall 54103 (2020) Kat:3, Licht: 0","54103","3","6","2","10","13","4","1","0","0","1","0","0"
"POINT (8.611548218000053 50.132307810000043)","Unfall 54107 (2020) Kat:3, Licht: 2","54107","3","1","9","10","23","7","0","2","0","1","0","0"
"POINT (8.651670473000024 50.132253918000060)","Unfall 54121 (2020) Kat:3, Licht: 2","54121","3","6","2","10","17","2","0","2","0","1","0","0"
"POINT (8.687706621000075 50.107195830000080)","Unfall 54122 (2020) Kat:3, Licht: 0","54122","3","6","3","10","11","5","0","0","1","1","0","0"
"POINT (8.700592245000053 50.210135547000050)","Unfall 54146 (2020) Kat:3, Licht: 0","54146","3","2","5","10","17","7","0","0","0","1","0","0"
"POINT (8.677340697000034 50.168656520000070)","Unfall 54152 (2020) Kat:3, Licht: 0","54152","3","6","2","10","15","5","0","0","0","1","0","0"
"POINT (8.621589667000023 50.151733411000066)","Unfall 54157 (2020) Kat:3, Licht: 1","54157","3","2","5","10","07","5","1","1","1","1","0","0"
"POINT (8.671777565000070 50.131657462000078)","Unfall 54160 (2020) Kat:3, Licht: 0","54160","3","1","0","10","15","5","1","0","0","0","0","1"
"POINT (8.717315184000029 50.064253768000071)","Unfall 54164 (2020) Kat:3, Licht: 2","54164","3","6","2","10","18","6","1","2","0","1","0","0"
"POINT (8.607261292000032 50.164294084000062)","Unfall 54175 (2020) Kat:3, Licht: 0","54175","3","6","2","10","16","4","0","0","0","1","0","0"
"POINT (8.693426094000074 50.129074809000031)","Unfall 54176 (2020) Kat:3, Licht: 2","54176","3","2","0","10","06","2","1","2","1","0","0","0"
"POINT (8.762647445000027 50.130991904000041)","Unfall 54198 (2020) Kat:3, Licht: 1","54198","3","3","5","10","17","5","1","1","1","1","0","0"
"POINT (8.705151417000025 50.144314266000038)","Unfall 54204 (2020) Kat:3, Licht: 0","54204","3","6","2","10","13","1","0","0","0","1","0","0"
"POINT (8.767029701000070 50.132815689000040)","Unfall 54206 (2020) Kat:3, Licht: 2","54206","3","1","2","10","03","7","0","2","0","1","0","0"
"POINT (8.698040462000051 50.104619312000068)","Unfall 54209 (2020) Kat:3, Licht: 2","54209","3","2","6","10","18","5","1","2","0","1","1","0"
"POINT (8.584631977000072 50.123693412000080)","Unfall 54216 (2020) Kat:3, Licht: 0","54216","3","2","5","10","11","3","0","0","1","1","0","0"
"POINT (8.665439409000044 50.073452946000032)","Unfall 54234 (2020) Kat:3, Licht: 1","54234","3","1","9","10","17","1","1","1","1","0","0","0"
"POINT (8.723267248000070 50.115334641000061)","Unfall 54238 (2020) Kat:3, Licht: 0","54238","3","6","0","10","17","3","1","0","0","1","0","1"
"POINT (8.692672967000021 50.109135234000064)","Unfall 54243 (2020) Kat:3, Licht: 0","54243","3","1","0","10","15","3","0","0","0","0","0","1"
"POINT (8.539146806000076 50.111885612000037)","Unfall 54244 (2020) Kat:3, Licht: 1","54244","3","6","2","10","16","2","0","1","0","1","0","0"
"POINT (8.553222853000023 50.105145293000078)","Unfall 54248 (2020) Kat:3, Licht: 0","54248","3","3","5","10","12","4","0","0","0","1","0","1"
"POINT (8.637991350000050 50.122457343000065)","Unfall 54261 (2020) Kat:3, Licht: 0","54261","3","4","6","10","09","6","0","0","0","1","1","0"
"POINT (8.606783914000062 50.057916307000028)","Unfall 54267 (2020) Kat:3, Licht: 0","54267","3","1","8","10","13","6","1","0","0","1","0","0"
"POINT (8.611309354000071 50.172200922000059)","Unfall 54292 (2020) Kat:3, Licht: 0","54292","3","6","2","10","12","4","1","0","0","1","0","0"
"POINT (8.726025861000039 50.127685671000052)","Unfall 54302 (2020) Kat:3, Licht: 0","54302","3","7","3","10","17","4","0","0","0","1","0","1"
"POINT (8.592099360000077 50.100065121000057)","Unfall 54304 (2020) Kat:3, Licht: 0","54304","3","2","5","11","09","2","0","0","0","1","0","0"
"POINT (8.704140316000064 50.104302432000054)","Unfall 54306 (2020) Kat:3, Licht: 2","54306","3","7","0","11","23","5","1","2","1","0","0","0"
"POINT (8.660549943000035 50.102142221000065)","Unfall 54311 (2020) Kat:3, Licht: 2","54311","3","6","2","11","17","2","0","2","0","1","0","0"
"POINT (8.633327872000052 50.102012630000047)","Unfall 54312 (2020) Kat:3, Licht: 0","54312","3","3","5","11","08","4","0","0","1","1","0","0"
"POINT (8.731712440000024 50.118436233000068)","Unfall 54314 (2020) Kat:3, Licht: 2","54314","3","6","3","11","06","6","0","2","0","1","0","1"
"POINT (8.700358697000070 50.124089847000050)","Unfall 54316 (2020) Kat:3, Licht: 0","54316","3","7","5","11","08","2","0","0","1","0","0","0"
"POINT (8.670389715000056 50.097676685000067)","Unfall 54321 (2020) Kat:3, Licht: 2","54321","3","4","6","11","17","5","0","2","0","1","1","0"
"POINT (8.524381914000060 50.096332263000079)","Unfall 54328 (2020) Kat:2, Licht: 1","54328","2","3","0","11","23","2","0","1","0","0","0","0"
"POINT (8.732017095000060 50.118586604000029)","Unfall 54334 (2020) Kat:3, Licht: 0","54334","3","6","2","11","09","3","0","0","0","1","0","0"
"POINT (8.604879057000062 50.100141589000032)","Unfall 54354 (2020) Kat:3, Licht: 2","54354","3","3","5","11","19","4","0","2","1","1","0","0"
"POINT (8.636397557000066 50.102303389000042)","Unfall 54359 (2020) Kat:3, Licht: 0","54359","3","2","6","11","16","2","0","0","0","1","1","0"
"POINT (8.638355570000044 50.153912297000034)","Unfall 54377 (2020) Kat:3, Licht: 0","54377","3","6","2","11","13","5","0","0","0","1","0","0"
"POINT (8.504519872000060 50.104732797000054)","Unfall 54399 (2020) Kat:3, Licht: 0","54399","3","6","3","11","14","2","0","0","0","1","0","0"
"POINT (8.655929317000073 50.156909958000028)","Unfall 54400 (2020) Kat:2, Licht: 0","54400","2","2","3","11","14","6","0","0","1","0","0","0"
"POINT (8.596558803000050 50.114556334000042)","Unfall 54415 (2020) Kat:3, Licht: 0","54415","3","6","3","11","12","2","0","0","0","1","0","0"
"POINT (8.636415316000068 50.102305035000029)","Unfall 54417 (2020) Kat:3, Licht: 0","54417","3","7","6","11","07","5","1","0","0","1","1","0"
"POINT (8.635022272000072 50.195168984000077)","Unfall 54418 (2020) Kat:3, Licht: 1","54418","3","6","3","11","16","3","0","1","0","1","0","0"
"POINT (8.642429276000030 50.199597687000050)","Unfall 54422 (2020) Kat:3, Licht: 2","54422","3","6","3","11","18","2","0","2","0","1","0","0"
"POINT (8.671505746000037 50.136187467000070)","Unfall 54435 (2020) Kat:3, Licht: 2","54435","3","6","3","11","23","1","1","2","0","1","0","0"
"POINT (8.729478139000037 50.117827496000075)","Unfall 54467 (2020) Kat:3, Licht: 0","54467","3","6","2","11","08","4","0","0","0","1","0","0"
"POINT (8.666605922000031 50.147799145000079)","Unfall 54479 (2020) Kat:3, Licht: 0","54479","3","3","5","11","11","6","0","0","0","1","1","0"
"POINT (8.725135136000063 50.115969779000068)","Unfall 54494 (2020) Kat:2, Licht: 2","54494","2","2","3","11","17","7","0","2","0","1","0","1"
"POINT (8.705364925000026 50.120150648000049)","Unfall 54503 (2020) Kat:3, Licht: 1","54503","3","3","5","11","17","7","0","1","0","1","0","0"
"POINT (8.719134048000058 50.064456003000032)","Unfall 54524 (2020) Kat:3, Licht: 0","54524","3","6","2","11","09","2","0","0","0","1","0","0"
"POINT (8.670793892000063 50.097752196000044)","Unfall 54542 (2020) Kat:3, Licht: 0","54542","3","3","5","11","11","1","0","0","0","1","0","0"
"POINT (8.695501204000038 50.133239090000075)","Unfall 54543 (2020) Kat:3, Licht: 0","54543","3","3","5","11","07","6","0","0","1","1","0","0"
"POINT (8.562894422000056 50.082598195000060)","Unfall 54545 (2020) Kat:3, Licht: 2","54545","3","6","2","11","01","1","1","2","0","1","0","0"
"POINT (8.605536745000052 50.100277934000076)","Unfall 54547 (2020) Kat:2, Licht: 0","54547","2","3","5","11","14","3","0","0","1","0","0","0"
"POINT (8.518865550000044 50.092980785000066)","Unfall 54568 (2020) Kat:1, Licht: 2","54568","1","1","8","11","19","4","1","2","0","0","0","1"
"POINT (8.693431355000030 50.129078415000038)","Unfall 54570 (2020) Kat:3, Licht: 0","54570","3","2","3","11","13","3","0","0","1","0","0","0"
"POINT (8.700509804000035 50.149914720000027)","Unfall 54576 (2020) Kat:3, Licht: 1","54576","3","1","9","11","16","4","1","1","0","1","0","0"
"POINT (8.670384104000050 50.174700589000054)","Unfall 54578 (2020) Kat:2, Licht: 0","54578","2","6","0","11","10","1","0","0","0","1","0","1"
"POINT (8.604224304000070 50.086950039000044)","Unfall 54581 (2020) Kat:3, Licht: 2","54581","3","3","5","11","18","4","0","2","0","1","0","0"
"POINT (8.645985491000033 50.135708043000079)","Unfall 54591 (2020) Kat:3, Licht: 0","54591","3","6","3","11","13","2","1","0","1","1","0","0"
"POINT (8.530398679000030 50.114601802000038)","Unfall 54602 (2020) Kat:3, Licht: 0","54602","3","1","8","11","10","5","1","0","0","0","0","0"
"POINT (8.616224562000070 50.100243696000064)","Unfall 54621 (2020) Kat:3, Licht: 2","54621","3","6","2","10","23","7","1","2","0","1","0","0"
"POINT (8.688477473000035 50.112575617000061)","Unfall 54628 (2020) Kat:3, Licht: 2","54628","3","6","2","10","23","7","1","2","0","1","0","0"
"POINT (8.724322446000031 50.133023039000079)","Unfall 54638 (2020) Kat:3, Licht: 0","54638","3","6","2","11","13","3","0","0","0","1","0","0"
"POINT (8.664552604000051 50.092390081000076)","Unfall 54648 (2020) Kat:3, Licht: 0","54648","3","6","2","11","09","5","1","0","0","1","0","0"
"POINT (8.669480196000052 50.162788480000074)","Unfall 54649 (2020) Kat:3, Licht: 2","54649","3","6","2","11","19","3","0","2","0","1","0","0"
"POINT (8.609083576000046 50.053080039000065)","Unfall 54661 (2020) Kat:3, Licht: 2","54661","3","1","9","11","02","7","0","2","0","1","0","0"
"POINT (8.580502734000049 50.099994801000037)","Unfall 54670 (2020) Kat:3, Licht: 0","54670","3","3","5","11","11","2","0","0","0","1","0","0"
"POINT (8.742804807000027 50.149059239000053)","Unfall 54676 (2020) Kat:1, Licht: 0","54676","1","6","0","11","13","1","0","0","0","1","0","1"
"POINT (8.711229463000052 50.078404223000064)","Unfall 54700 (2020) Kat:3, Licht: 0","54700","3","6","3","11","07","4","0","0","0","1","0","1"
"POINT (8.648563848000038 50.161387919000049)","Unfall 54713 (2020) Kat:3, Licht: 0","54713","3","4","6","11","08","6","0","0","1","0","1","0"
"POINT (8.747162493000076 50.139443440000036)","Unfall 54736 (2020) Kat:2, Licht: 2","54736","2","7","3","11","17","3","0","2","1","1","0","0"
"POINT (8.624957049000045 50.101190856000073)","Unfall 54738 (2020) Kat:3, Licht: 0","54738","3","2","5","11","09","7","0","0","1","1","0","0"
"POINT (8.664719881000053 50.166369659000054)","Unfall 54742 (2020) Kat:3, Licht: 0","54742","3","6","2","11","07","2","0","0","0","1","0","0"
"POINT (8.619129519000069 50.088108742000031)","Unfall 54743 (2020) Kat:3, Licht: 1","54743","3","6","2","11","16","6","0","1","0","1","0","1"
"POINT (8.755298146000030 50.119753409000054)","Unfall 54744 (2020) Kat:2, Licht: 0","54744","2","5","1","11","09","4","0","0","0","0","0","0"
"POINT (8.745573512000021 50.153040472000043)","Unfall 54758 (2020) Kat:3, Licht: 2","54758","3","6","2","11","18","6","0","2","0","1","0","0"
"POINT (8.539026894000074 50.117563173000065)","Unfall 54766 (2020) Kat:3, Licht: 0","54766","3","6","2","10","15","7","0","0","0","1","0","0"
"POINT (8.553523620000021 50.101632580000057)","Unfall 54782 (2020) Kat:3, Licht: 0","54782","3","5","1","11","12","6","0","0","0","1","0","0"
"POINT (8.697195313000066 50.102224266000064)","Unfall 54800 (2020) Kat:3, Licht: 2","54800","3","4","6","11","17","3","0","2","0","1","1","0"
"POINT (8.727904819000059 50.064524963000054)","Unfall 54812 (2020) Kat:3, Licht: 1","54812","3","6","2","11","06","4","1","1","0","1","0","0"
"POINT (8.556944625000028 50.102665780000052)","Unfall 54817 (2020) Kat:3, Licht: 0","54817","3","7","0","10","07","6","1","0","0","0","0","1"
"POINT (8.664702710000029 50.107486698000059)","Unfall 54823 (2020) Kat:3, Licht: 2","54823","3","4","6","10","23","6","0","2","0","1","1","0"
"POINT (8.727119700000060 50.064711502000080)","Unfall 54872 (2020) Kat:3, Licht: 2","54872","3","6","2","11","18","5","1","2","0","1","0","0"
"POINT (8.644333794000033 50.114001519000055)","Unfall 54880 (2020) Kat:3, Licht: 2","54880","3","1","8","11","01","3","0","2","0","1","0","0"
"POINT (8.719463275000067 50.123091520000060)","Unfall 54892 (2020) Kat:2, Licht: 0","54892","2","2","3","12","09","2","0","0","1","1","0","0"
"POINT (8.711650183000074 50.111331349000068)","Unfall 54927 (2020) Kat:3, Licht: 0","54927","3","2","3","12","08","6","1","0","1","1","0","0"
"POINT (8.752207258000055 50.127216036000050)","Unfall 54933 (2020) Kat:3, Licht: 0","54933","3","3","0","12","14","6","0","0","1","1","0","0"
"POINT (8.653224706000060 50.144305361000079)","Unfall 54938 (2020) Kat:1, Licht: 0","54938","1","2","3","12","12","4","0","0","1","0","0","0"
"POINT (8.729466337000076 50.120405190000042)","Unfall 54947 (2020) Kat:3, Licht: 1","54947","3","6","2","11","16","3","0","1","0","1","0","0"
"POINT (8.514734174000068 50.085087918000056)","Unfall 54956 (2020) Kat:3, Licht: 0","54956","3","3","5","11","14","2","0","0","0","1","0","0"
"POINT (8.616573497000047 50.181681707000052)","Unfall 54961 (2020) Kat:3, Licht: 2","54961","3","1","8","12","00","3","2","2","0","1","0","0"
"POINT (8.628974216000074 50.101596698000037)","Unfall 54963 (2020) Kat:3, Licht: 0","54963","3","6","0","12","12","2","1","0","1","0","1","0"
"POINT (8.658534289000045 50.085871204000057)","Unfall 54964 (2020) Kat:3, Licht: 0","54964","3","6","0","11","15","2","1","0","0","1","0","1"
"POINT (8.620044786000051 50.185644334000074)","Unfall 54969 (2020) Kat:3, Licht: 0","54969","3","6","2","11","11","2","0","0","0","1","0","0"
"POINT (8.646667245000060 50.058394464000060)","Unfall 54977 (2020) Kat:3, Licht: 2","54977","3","1","8","12","18","2","1","2","0","1","0","0"
"POINT (8.745750372000032 50.159619194000072)","Unfall 54997 (2020) Kat:3, Licht: 2","54997","3","3","5","11","16","5","0","2","0","1","0","0"
"POINT (8.633165451000025 50.101997115000074)","Unfall 55029 (2020) Kat:3, Licht: 0","55029","3","6","2","11","11","6","0","0","0","1","0","0"
"POINT (8.687019931000066 50.106441940000082)","Unfall 55059 (2020) Kat:2, Licht: 2","55059","2","7","3","12","19","3","0","2","0","1","0","1"
"POINT (8.673380707000035 50.099899379000078)","Unfall 55069 (2020) Kat:3, Licht: 1","55069","3","5","1","12","08","3","1","1","0","1","0","1"
"POINT (8.782982552000021 50.159829406000028)","Unfall 55094 (2020) Kat:1, Licht: 2","55094","1","4","6","11","06","2","0","2","0","1","1","0"
"POINT (8.615583900000047 50.148082767000062)","Unfall 55106 (2020) Kat:3, Licht: 0","55106","3","6","2","12","14","5","0","0","0","1","0","0"
"POINT (8.547687662000044 50.120669800000030)","Unfall 55107 (2020) Kat:3, Licht: 2","55107","3","6","2","12","18","2","0","2","0","1","0","0"
"POINT (8.549073179000061 50.120968144000074)","Unfall 55112 (2020) Kat:3, Licht: 2","55112","3","6","2","11","17","6","0","2","0","1","0","0"
"POINT (8.648661873000037 50.178537596000069)","Unfall 55125 (2020) Kat:3, Licht: 0","55125","3","1","9","12","11","7","1","0","0","1","0","0"
"POINT (8.648623149000059 50.056077517000062)","Unfall 55144 (2020) Kat:3, Licht: 2","55144","3","6","3","11","19","2","1","2","0","1","0","0"
"POINT (8.705134637000072 50.144261999000037)","Unfall 55152 (2020) Kat:3, Licht: 0","55152","3","6","2","11","09","4","0","0","0","1","0","0"
"POINT (8.614041655000051 50.076567261000037)","Unfall 55158 (2020) Kat:3, Licht: 2","55158","3","3","5","12","20","6","1","2","0","0","0","1"
"POINT (8.676553097000067 50.132147532000033)","Unfall 55163 (2020) Kat:3, Licht: 0","55163","3","2","3","11","07","4","0","0","1","1","0","0"
"POINT (8.721905307000043 50.114871510000057)","Unfall 55180 (2020) Kat:3, Licht: 1","55180","3","5","1","11","17","5","0","1","1","0","0","0"
"POINT (8.604199566000034 50.086948749000044)","Unfall 55200 (2020) Kat:3, Licht: 2","55200","3","3","5","12","21","1","1","2","0","1","0","0"
"POINT (8.731254525000054 50.119143361000056)","Unfall 55205 (2020) Kat:3, Licht: 0","55205","3","6","2","12","16","7","1","0","0","1","0","0"
"POINT (8.538436950000062 50.112518171000033)","Unfall 55218 (2020) Kat:2, Licht: 2","55218","2","7","6","12","19","4","0","2","0","1","1","0"
"POINT (8.701936224000065 50.159147052000037)","Unfall 55220 (2020) Kat:3, Licht: 0","55220","3","7","0","12","13","6","0","0","0","1","0","0"
"POINT (8.670572660000062 50.138372717000038)","Unfall 55225 (2020) Kat:3, Licht: 2","55225","3","1","0","12","18","5","1","2","1","0","0","0"
"POINT (8.608635420000041 50.062223266000046)","Unfall 55240 (2020) Kat:2, Licht: 2","55240","2","1","8","12","19","3","1","2","0","0","0","0"
"POINT (8.613324708000050 50.071009578000030)","Unfall 55250 (2020) Kat:3, Licht: 2","55250","3","6","3","12","21","3","0","2","0","1","0","0"
"POINT (8.742629825000051 50.149141857000075)","Unfall 55260 (2020) Kat:3, Licht: 2","55260","3","6","2","11","17","6","0","2","0","1","0","0"
"POINT (8.698332700000037 50.113208042000053)","Unfall 55285 (2020) Kat:3, Licht: 0","55285","3","6","0","12","12","5","1","0","0","1","0","1"
"POINT (8.612696358000051 50.146976976000076)","Unfall 55307 (2020) Kat:3, Licht: 0","55307","3","6","0","11","12","6","0","0","0","1","0","0"
"POINT (8.659287793000033 50.169319262000045)","Unfall 55312 (2020) Kat:3, Licht: 0","55312","3","6","3","11","12","1","0","0","0","1","0","0"
"POINT (8.666241116000037 50.148067946000026)","Unfall 55313 (2020) Kat:2, Licht: 0","55313","2","3","5","12","13","4","0","0","1","0","0","0"
"POINT (8.571618543000056 50.052782421000074)","Unfall 55323 (2020) Kat:3, Licht: 2","55323","3","6","3","11","21","1","0","2","0","1","0","0"
"POINT (8.646171318000029 50.097262886000067)","Unfall 55342 (2020) Kat:3, Licht: 0","55342","3","6","2","12","09","6","1","0","0","1","0","0"
"POINT (8.500721328000054 50.097036400000036)","Unfall 55347 (2020) Kat:3, Licht: 2","55347","3","4","6","12","07","3","1","2","0","1","1","0"
"POINT (8.721223666000071 50.114517153000065)","Unfall 55353 (2020) Kat:3, Licht: 0","55353","3","3","5","12","10","4","1","0","0","1","0","0"
"POINT (8.580449773000055 50.100171528000033)","Unfall 55357 (2020) Kat:3, Licht: 2","55357","3","4","6","12","19","7","0","2","0","1","1","0"
"POINT (8.607116050000059 50.164493963000041)","Unfall 55365 (2020) Kat:3, Licht: 2","55365","3","6","2","12","07","1","1","2","0","1","0","0"
"POINT (8.596088969000050 50.100088909000078)","Unfall 55367 (2020) Kat:3, Licht: 0","55367","3","7","6","11","10","7","0","0","0","1","1","0"
"POINT (8.695554866000066 50.109219184000040)","Unfall 55374 (2020) Kat:1, Licht: 0","55374","1","1","8","11","15","7","0","0","1","1","0","0"
"POINT (8.739906826000038 50.100562182000033)","Unfall 55388 (2020) Kat:3, Licht: 0","55388","3","6","2","12","13","2","0","0","0","1","0","0"
"POINT (8.688900879000073 50.158473084000036)","Unfall 55396 (2020) Kat:3, Licht: 0","55396","3","3","5","12","15","6","0","0","1","1","0","0"
"POINT (8.709393558000045 50.116614551000055)","Unfall 55400 (2020) Kat:3, Licht: 0","55400","3","7","1","11","10","4","0","0","1","1","0","0"
"POINT (8.611258312000075 50.172108934000050)","Unfall 55438 (2020) Kat:3, Licht: 0","55438","3","7","0","12","12","4","0","0","0","1","0","0"
"POINT (8.652968113000043 50.114026604000060)","Unfall 55457 (2020) Kat:2, Licht: 0","55457","2","2","5","11","16","5","0","0","1","1","0","0"
"POINT (8.706332070000030 50.127355170000044)","Unfall 55481 (2020) Kat:3, Licht: 0","55481","3","7","2","12","08","7","1","0","0","1","0","1"
"POINT (8.634333509000044 50.160050235000028)","Unfall 55510 (2020) Kat:3, Licht: 0","55510","3","6","3","12","07","5","0","0","0","1","0","0"
"POINT (8.549464392000061 50.079085310000039)","Unfall 55518 (2020) Kat:3, Licht: 0","55518","3","3","5","12","13","5","1","0","0","1","0","0"
"POINT (8.607806900000071 50.143876956000042)","Unfall 55544 (2020) Kat:3, Licht: 1","55544","3","6","2","11","16","3","0","1","0","1","0","0"
"POINT (8.554314665000049 50.047790600000042)","Unfall 55553 (2020) Kat:3, Licht: 1","55553","3","3","5","11","17","6","0","1","0","1","0","0"
"POINT (8.740381449000040 50.094746297000029)","Unfall 55597 (2020) Kat:3, Licht: 2","55597","3","1","9","12","17","6","1","2","0","1","0","0"
"POINT (8.539447058000064 50.109872761000076)","Unfall 55630 (2020) Kat:3, Licht: 0","55630","3","2","4","12","13","5","0","0","1","1","0","0"
"POINT (8.616678670000056 50.092525530000046)","Unfall 55759 (2020) Kat:3, Licht: 0","55759","3","1","9","12","10","5","1","0","0","1","0","0"
"POINT (8.617177285000025 50.090539127000056)","Unfall 55763 (2020) Kat:3, Licht: 2","55763","3","1","9","12","22","5","1","2","0","1","0","0"
"POINT (8.648814038000069 50.178561120000040)","Unfall 55770 (2020) Kat:3, Licht: 0","55770","3","1","9","12","12","5","1","0","0","1","0","0"
"POINT (8.655868214000066 50.156691676000037)","Unfall 55787 (2020) Kat:3, Licht: 2","55787","3","4","6","12","19","5","1","2","0","0","1","0"
"POINT (8.524250784000060 50.096419609000066)","Unfall 55845 (2020) Kat:3, Licht: 2","55845","3","1","9","12","02","2","1","2","0","1","0","0"
"POINT (8.713356378000071 50.111968270000034)","Unfall 55852 (2020) Kat:3, Licht: 0","55852","3","7","0","12","13","4","1","0","0","0","1","0"
"POINT (8.661578731000077 50.147096402000045)","Unfall 56100 (2020) Kat:3, Licht: 2","56100","3","4","6","12","18","1","1","2","0","1","1","0"
"POINT (8.605071911000039 50.144025851000038)","Unfall 56111 (2020) Kat:3, Licht: 2","56111","3","1","1","12","19","3","1","2","1","1","0","0"
"POINT (8.704909931000032 50.146057430000042)","Unfall 56249 (2020) Kat:3, Licht: 0","56249","3","6","3","12","09","3","0","0","0","1","0","0"
"POINT (8.634050381000066 50.194618267000067)","Unfall 56257 (2020) Kat:3, Licht: 0","56257","3","6","2","12","12","3","1","0","0","1","0","0"
"POINT (8.590041656000039 50.132630656000060)","Unfall 56270 (2020) Kat:2, Licht: 2","56270","2","1","8","12","21","5","1","2","0","1","0","0"
"POINT (8.666466898000067 50.147935348000033)","Unfall 56315 (2020) Kat:3, Licht: 0","56315","3","3","5","12","14","2","1","0","0","1","0","0"
"POINT (8.651197257000035 50.059568612000078)","Unfall 56451 (2020) Kat:3, Licht: 2","56451","3","6","2","12","18","2","1","2","0","1","0","0"
"POINT (8.698509643000023 50.176571656000078)","Unfall 56474 (2020) Kat:2, Licht: 0","56474","2","4","6","12","14","1","1","0","1","1","1","0"
"POINT (8.688911593000057 50.158463129000040)","Unfall 56523 (2020) Kat:3, Licht: 0","56523","3","3","5","12","14","5","1","0","1","1","0","0"
"POINT (8.594359327000063 50.058062527000061)","Unfall 56540 (2020) Kat:3, Licht: 0","56540","3","1","8","12","08","7","0","0","0","1","0","0"
"POINT (8.655436970000039 50.107376572000078)","Unfall 56595 (2020) Kat:3, Licht: 2","56595","3","6","2","12","00","6","1","2","0","1","0","0"
"POINT (8.484425931000033 50.095717370000045)","Unfall 56699 (2020) Kat:3, Licht: 2","56699","3","1","9","12","04","7","0","2","0","1","0","0"
"POINT (8.502694551000047 50.092029641000067)","Unfall 56751 (2020) Kat:3, Licht: 0","56751","3","6","2","12","12","6","1","0","0","1","0","0"
"POINT (8.630439646000070 50.128496933000065)","Unfall 56758 (2020) Kat:3, Licht: 2","56758","3","3","8","12","17","6","0","2","1","1","0","0"
"POINT (8.629312043000027 50.128848507000043)","Unfall 56759 (2020) Kat:3, Licht: 2","56759","3","4","6","12","17","4","0","2","0","1","1","0"
"POINT (8.613525510000045 50.122772832000067)","Unfall 56768 (2020) Kat:3, Licht: 2","56768","3","6","2","12","17","6","0","2","0","1","0","0"