WKT,Name,OBJECTID,UKATEGORIE,UTYP1,UART,UMONAT,USTUNDE,UWOCHENTAG,STRZUSTAND,ULICHTVERH,ISTRAD,ISTPKW,ISTFUSS,ISTKRAD
"POINT (8.667324575000066 50.121284719000073)","Unfall 178623 (2020) Kat:3, Licht: 2","178623","3","5","1","01","20","5","1","2","1","1","0","0"
"POINT (8.650539758000036 50.114029749000053)","Unfall 179010 (2020) Kat:3, Licht: 1","179010","3","4","6","01","16","4","1","1","0","0","1","0"
"POINT (8.673594590000050 50.098123981000072)","Unfall 179016 (2020) Kat:3, Licht: 0","179016","3","3","5","01","10","4","1","0","0","1","0","0"
"POINT (8.587668447000056 50.134379042000035)","Unfall 179017 (2020) Kat:3, Licht: 0","179017","3","6","2","01","13","2","0","0","0","1","0","0"
"POINT (8.691840556000045 50.127424219000034)","Unfall 179018 (2020) Kat:3, Licht: 0","179018","3","6","2","01","14","4","1","0","0","1","0","0"
"POINT (8.687840969000035 50.123100193000028)","Unfall 179020 (2020) Kat:3, Licht: 2","179020","3","3","5","01","05","4","1","2","1","1","0","0"
"POINT (8.660314271000061 50.100814790000072)","Unfall 179026 (2020) Kat:3, Licht: 0","179026","3","7","2","01","11","2","0","0","0","1","0","0"
"POINT (8.662042710000037 50.110082253000030)","Unfall 179038 (2020) Kat:3, Licht: 0","179038","3","6","2","01","10","3","0","0","0","1","0","0"
"POINT (8.688037213000030 50.109582491000026)","Unfall 179045 (2020) Kat:2, Licht: 0","179045","2","6","2","01","10","4","0","0","0","1","0","0"
"POINT (8.689006217000042 50.118398502000048)","Unfall 179046 (2020) Kat:3, Licht: 0","179046","3","2","3","01","10","2","0","0","0","1","0","0"
"POINT (8.564484145000051 50.115908260000026)","Unfall 179047 (2020) Kat:2, Licht: 0","179047","2","5","1","01","10","7","0","0","1","1","0","0"
"POINT (8.685977729000058 50.100303694000047)","Unfall 179060 (2020) Kat:3, Licht: 2","179060","3","2","2","01","18","5","0","2","0","1","0","0"
"POINT (8.543561375000024 50.099404140000047)","Unfall 179063 (2020) Kat:2, Licht: 1","179063","2","4","6","01","17","3","0","1","0","1","1","0"
"POINT (8.652908315000047 50.123328583000045)","Unfall 179077 (2020) Kat:3, Licht: 2","179077","3","6","3","01","19","7","0","2","0","1","0","0"
"POINT (8.575180345000035 50.104633337000053)","Unfall 179081 (2020) Kat:3, Licht: 2","179081","3","2","5","01","16","3","0","2","1","1","0","0"
"POINT (8.758957904000056 50.144658149000065)","Unfall 179085 (2020) Kat:3, Licht: 2","179085","3","2","5","01","07","3","0","2","1","1","0","0"
"POINT (8.676949224000055 50.115743785000063)","Unfall 179088 (2020) Kat:3, Licht: 1","179088","3","2","3","01","17","3","1","1","0","1","0","0"
"POINT (8.571768800000029 50.125435457000037)","Unfall 179090 (2020) Kat:3, Licht: 0","179090","3","4","6","01","15","3","0","0","0","1","1","0"
"POINT (8.671647855000060 50.110664109000027)","Unfall 179091 (2020) Kat:3, Licht: 2","179091","3","3","5","01","07","3","0","2","1","1","0","0"
"POINT (8.682792796000058 50.113209745000063)","Unfall 179094 (2020) Kat:3, Licht: 0","179094","3","4","6","01","11","7","0","0","1","0","1","0"
"POINT (8.643836757000031 50.106580231000066)","Unfall 179110 (2020) Kat:3, Licht: 0","179110","3","2","2","01","09","5","0","0","0","1","0","0"
"POINT (8.670859191000034 50.201585996000063)","Unfall 179114 (2020) Kat:3, Licht: 0","179114","3","5","1","01","11","2","0","0","0","1","0","0"
"POINT (8.679186585000025 50.112880059000076)","Unfall 179127 (2020) Kat:3, Licht: 2","179127","3","1","0","01","23","7","0","2","0","0","0","0"
"POINT (8.686256461000028 50.124930902000074)","Unfall 179140 (2020) Kat:3, Licht: 0","179140","3","7","1","01","13","2","0","0","1","1","0","0"
"POINT (8.689612688000068 50.102583064000044)","Unfall 179143 (2020) Kat:2, Licht: 0","179143","2","7","6","01","14","3","0","0","0","0","1","0"
"POINT (8.681476121000060 50.124124312000049)","Unfall 179148 (2020) Kat:3, Licht: 2","179148","3","4","6","01","19","4","0","2","0","1","1","0"
"POINT (8.565452097000048 50.099398959000041)","Unfall 179149 (2020) Kat:3, Licht: 2","179149","3","4","6","01","07","2","0","2","0","1","1","0"
"POINT (8.658030030000020 50.107340787000055)","Unfall 179151 (2020) Kat:3, Licht: 2","179151","3","4","6","01","18","6","0","2","0","1","1","0"
"POINT (8.676641650000022 50.106609815000070)","Unfall 179163 (2020) Kat:3, Licht: 0","179163","3","6","4","01","15","1","0","0","1","0","0","0"
"POINT (8.696927644000027 50.170554346000074)","Unfall 179164 (2020) Kat:3, Licht: 0","179164","3","1","0","01","12","5","1","0","0","0","0","1"
"POINT (8.550833498000031 50.105477225000072)","Unfall 179176 (2020) Kat:3, Licht: 2","179176","3","1","4","01","17","5","1","2","0","1","0","0"
"POINT (8.687961892000033 50.112559836000059)","Unfall 179178 (2020) Kat:3, Licht: 0","179178","3","7","0","01","09","5","0","0","0","0","0","0"
"POINT (8.665767084000038 50.110262991000070)","Unfall 179180 (2020) Kat:3, Licht: 0","179180","3","5","1","01","08","2","0","0","0","1","0","1"
"POINT (8.652662983000028 50.196653820000051)","Unfall 179185 (2020) Kat:3, Licht: 0","179185","3","6","2","01","14","7","0","0","0","1","0","0"
"POINT (8.687747707000028 50.114799724000079)","Unfall 179190 (2020) Kat:3, Licht: 2","179190","3","4","0","01","19","7","0","2","1","0","1","0"
"POINT (8.673940082000058 50.106774434000044)","Unfall 179194 (2020) Kat:3, Licht: 2","179194","3","2","5","01","23","7","0","2","0","1","0","0"
"POINT (8.544620677000069 50.097987309000075)","Unfall 179196 (2020) Kat:3, Licht: 2","179196","3","2","5","01","17","3","0","2","1","1","0","0"
"POINT (8.549349432000042 50.092921679000028)","Unfall 179200 (2020) Kat:2, Licht: 2","179200","2","1","9","01","19","5","1","2","0","1","0","0"
"POINT (8.685702004000063 50.127494042000080)","Unfall 179201 (2020) Kat:3, Licht: 0","179201","3","7","2","01","16","7","0","0","0","0","0","1"
"POINT (8.683865069000035 50.111436506000075)","Unfall 179209 (2020) Kat:3, Licht: 0","179209","3","7","1","01","12","3","0","0","0","1","0","0"
"POINT (8.663566458000048 50.105456642000036)","Unfall 179215 (2020) Kat:3, Licht: 2","179215","3","7","6","01","18","5","0","2","0","1","1","0"
"POINT (8.662965211000028 50.115786068000034)","Unfall 179221 (2020) Kat:3, Licht: 0","179221","3","2","5","01","09","6","0","0","1","1","0","0"
"POINT (8.597940673000039 50.098763443000053)","Unfall 179223 (2020) Kat:3, Licht: 2","179223","3","3","5","01","22","6","1","2","0","1","0","0"
"POINT (8.663864147000027 50.110694642000055)","Unfall 179225 (2020) Kat:3, Licht: 0","179225","3","2","3","01","08","6","1","0","1","1","0","0"
"POINT (8.678935076000073 50.118067749000033)","Unfall 179227 (2020) Kat:3, Licht: 1","179227","3","7","0","01","16","6","0","1","0","0","1","0"
"POINT (8.697562914000059 50.126229256000045)","Unfall 179231 (2020) Kat:3, Licht: 1","179231","3","6","2","01","16","7","0","1","0","1","0","1"
"POINT (8.692094535000024 50.127391895000073)","Unfall 179232 (2020) Kat:3, Licht: 2","179232","3","2","6","01","00","6","1","2","0","1","1","0"
"POINT (8.680583732000059 50.097728479000068)","Unfall 179236 (2020) Kat:3, Licht: 2","179236","3","7","1","01","19","4","0","2","1","1","0","0"
"POINT (8.629556240000056 50.082846169000049)","Unfall 179244 (2020) Kat:3, Licht: 0","179244","3","3","5","01","07","3","0","0","1","1","0","0"
"POINT (8.627578972000038 50.111192514000038)","Unfall 179252 (2020) Kat:3, Licht: 1","179252","3","6","0","01","07","6","0","1","0","0","0","1"
"POINT (8.671573513000055 50.127180927000040)","Unfall 179258 (2020) Kat:3, Licht: 0","179258","3","4","6","01","09","5","1","0","0","1","1","0"
"POINT (8.662725016000024 50.118219842000030)","Unfall 179260 (2020) Kat:3, Licht: 1","179260","3","3","5","01","16","5","1","1","0","1","0","0"
"POINT (8.639355227000067 50.101067122000075)","Unfall 179263 (2020) Kat:3, Licht: 1","179263","3","6","2","01","08","5","0","1","0","1","0","0"
"POINT (8.675790460000030 50.112639244000036)","Unfall 179264 (2020) Kat:3, Licht: 0","179264","3","6","2","01","10","2","1","0","0","1","0","0"
"POINT (8.624961111000062 50.171509108000066)","Unfall 179282 (2020) Kat:3, Licht: 0","179282","3","1","0","02","09","4","1","0","1","0","0","0"
"POINT (8.641267500000026 50.116847718000031)","Unfall 179284 (2020) Kat:3, Licht: 1","179284","3","3","6","02","07","4","0","1","0","0","1","0"
"POINT (8.722565510000038 50.148382718000050)","Unfall 179286 (2020) Kat:3, Licht: 0","179286","3","1","0","02","08","4","1","0","1","0","0","0"
"POINT (8.681834824000021 50.111289863000081)","Unfall 179287 (2020) Kat:3, Licht: 2","179287","3","7","6","02","19","4","0","2","1","0","1","0"
"POINT (8.643370096000069 50.161023993000072)","Unfall 179319 (2020) Kat:3, Licht: 1","179319","3","6","2","02","17","3","1","1","1","1","0","0"
"POINT (8.623663133000036 50.152504308000061)","Unfall 179320 (2020) Kat:3, Licht: 0","179320","3","3","5","01","15","7","0","0","1","1","0","0"
"POINT (8.651351981000062 50.122464183000034)","Unfall 179321 (2020) Kat:3, Licht: 0","179321","3","3","5","02","12","3","0","0","1","1","0","0"
"POINT (8.684746707000045 50.116552561000049)","Unfall 179322 (2020) Kat:3, Licht: 2","179322","3","6","1","01","19","7","0","2","0","1","0","0"
"POINT (8.660051799000030 50.149052292000079)","Unfall 179323 (2020) Kat:3, Licht: 0","179323","3","3","5","02","14","3","1","0","1","1","0","0"
"POINT (8.629171478000046 50.084580122000034)","Unfall 179325 (2020) Kat:3, Licht: 2","179325","3","3","5","02","17","3","0","2","0","1","0","0"
"POINT (8.667640098000049 50.114343406000046)","Unfall 179338 (2020) Kat:3, Licht: 0","179338","3","5","1","02","16","6","0","0","1","1","0","0"
"POINT (8.752554583000062 50.155121897000072)","Unfall 179354 (2020) Kat:3, Licht: 0","179354","3","7","6","01","08","7","0","0","0","0","1","0"
"POINT (8.665338370000029 50.191112999000040)","Unfall 179371 (2020) Kat:3, Licht: 0","179371","3","7","5","01","07","6","0","0","0","1","0","0"
"POINT (8.650047859000040 50.120178801000066)","Unfall 179381 (2020) Kat:3, Licht: 0","179381","3","7","3","02","15","1","0","0","0","1","0","0"
"POINT (8.682044020000035 50.100159458000064)","Unfall 179383 (2020) Kat:2, Licht: 2","179383","2","2","6","02","19","1","1","2","0","1","1","0"
"POINT (8.693066338000051 50.074854010000081)","Unfall 179398 (2020) Kat:3, Licht: 2","179398","3","3","5","02","17","7","1","2","0","1","0","0"
"POINT (8.751078823000057 50.144729989000041)","Unfall 179403 (2020) Kat:3, Licht: 0","179403","3","4","6","02","09","7","1","0","0","1","1","0"
"POINT (8.641680786000052 50.080151672000056)","Unfall 179411 (2020) Kat:3, Licht: 2","179411","3","7","5","01","19","6","1","2","1","1","0","0"
"POINT (8.662075432000052 50.104367010000033)","Unfall 179413 (2020) Kat:3, Licht: 0","179413","3","4","6","01","15","6","0","0","0","1","1","0"
"POINT (8.671252309000067 50.109932885000035)","Unfall 179423 (2020) Kat:3, Licht: 1","179423","3","3","5","01","17","5","0","1","1","1","0","0"
"POINT (8.673104395000053 50.107684748000054)","Unfall 179425 (2020) Kat:3, Licht: 2","179425","3","6","2","01","06","5","2","2","0","1","0","0"
"POINT (8.691961118000052 50.114595103000056)","Unfall 179429 (2020) Kat:3, Licht: 0","179429","3","5","1","01","13","5","0","0","0","1","0","1"
"POINT (8.692194120000067 50.114793528000064)","Unfall 179435 (2020) Kat:3, Licht: 0","179435","3","4","6","01","12","5","0","0","0","0","1","0"
"POINT (8.539828861000046 50.105409170000030)","Unfall 179442 (2020) Kat:3, Licht: 0","179442","3","3","5","01","09","5","1","0","1","1","0","0"
"POINT (8.667812258000026 50.112647582000079)","Unfall 179444 (2020) Kat:3, Licht: 0","179444","3","6","2","01","15","5","0","0","0","1","0","0"
"POINT (8.672121753000056 50.120258862000071)","Unfall 179445 (2020) Kat:3, Licht: 0","179445","3","3","5","01","08","5","0","0","1","1","0","0"
"POINT (8.687739426000064 50.109110070000042)","Unfall 179447 (2020) Kat:3, Licht: 2","179447","3","6","3","01","19","5","1","2","1","0","0","0"
"POINT (8.642655057000070 50.174869048000062)","Unfall 179464 (2020) Kat:3, Licht: 0","179464","3","6","2","01","15","4","0","0","0","1","0","0"
"POINT (8.656625056000053 50.148690325000075)","Unfall 179466 (2020) Kat:3, Licht: 0","179466","3","6","2","01","15","4","1","0","1","1","0","0"
"POINT (8.675346007000030 50.100110786000073)","Unfall 179468 (2020) Kat:3, Licht: 0","179468","3","3","5","01","16","4","0","0","0","1","0","1"
"POINT (8.660245329000077 50.096450214000072)","Unfall 179487 (2020) Kat:3, Licht: 0","179487","3","6","2","01","13","4","0","0","0","1","0","0"
"POINT (8.673758491000058 50.110330457000032)","Unfall 179492 (2020) Kat:2, Licht: 2","179492","2","4","6","01","22","3","0","2","0","1","1","0"
"POINT (8.588403368000058 50.124411005000070)","Unfall 179505 (2020) Kat:3, Licht: 1","179505","3","3","5","01","07","2","1","1","0","1","0","0"
"POINT (8.650650091000045 50.113980770000069)","Unfall 179507 (2020) Kat:3, Licht: 2","179507","3","2","6","01","19","2","1","2","0","1","1","0"
"POINT (8.648477849000074 50.114976223000042)","Unfall 179509 (2020) Kat:3, Licht: 0","179509","3","3","5","01","08","2","1","0","0","1","0","0"
"POINT (8.663024924000069 50.153946878000056)","Unfall 179510 (2020) Kat:3, Licht: 2","179510","3","3","5","02","17","5","0","2","1","1","0","0"
"POINT (8.745962705000068 50.132119364000062)","Unfall 179511 (2020) Kat:3, Licht: 2","179511","3","2","3","01","18","2","1","2","1","1","0","0"
"POINT (8.760239849000072 50.133129390000079)","Unfall 179512 (2020) Kat:3, Licht: 0","179512","3","7","0","02","14","5","0","0","0","0","1","0"
"POINT (8.669984409000051 50.124424426000076)","Unfall 179513 (2020) Kat:3, Licht: 1","179513","3","4","6","01","07","2","0","1","0","1","1","0"
"POINT (8.630415403000029 50.155706045000045)","Unfall 179517 (2020) Kat:3, Licht: 0","179517","3","2","5","02","16","5","0","0","1","1","0","0"
"POINT (8.642144256000051 50.089857985000037)","Unfall 179522 (2020) Kat:3, Licht: 0","179522","3","6","6","02","13","7","0","0","0","1","1","0"
"POINT (8.612334738000072 50.125193130000071)","Unfall 179538 (2020) Kat:3, Licht: 0","179538","3","4","6","02","16","5","1","0","0","1","1","0"
"POINT (8.687691636000068 50.109571495000068)","Unfall 179539 (2020) Kat:3, Licht: 2","179539","3","4","6","02","19","2","1","2","0","0","1","0"
"POINT (8.753740712000024 50.148539574000040)","Unfall 179544 (2020) Kat:3, Licht: 0","179544","3","7","3","02","16","5","1","0","0","1","0","0"
"POINT (8.655267453000022 50.080224570000041)","Unfall 179550 (2020) Kat:3, Licht: 0","179550","3","3","5","02","15","3","1","0","0","1","0","1"
"POINT (8.572380611000028 50.099995435000039)","Unfall 179554 (2020) Kat:3, Licht: 0","179554","3","7","0","02","14","2","1","0","0","0","0","1"
"POINT (8.708513044000029 50.131169351000040)","Unfall 179555 (2020) Kat:3, Licht: 0","179555","3","7","6","02","16","5","0","0","0","0","1","0"
"POINT (8.662153121000074 50.108044318000054)","Unfall 179556 (2020) Kat:2, Licht: 0","179556","2","4","6","02","15","3","0","0","0","1","1","0"
"POINT (8.629323305000071 50.083886674000041)","Unfall 179559 (2020) Kat:3, Licht: 1","179559","3","5","1","02","16","3","0","1","0","1","0","0"
"POINT (8.694620257000054 50.128436515000033)","Unfall 179560 (2020) Kat:2, Licht: 0","179560","2","2","5","02","10","3","1","0","1","1","0","0"
"POINT (8.679793947000064 50.117144603000042)","Unfall 179563 (2020) Kat:3, Licht: 0","179563","3","3","5","02","13","2","1","0","0","1","1","0"
"POINT (8.642664037000031 50.146026363000033)","Unfall 179573 (2020) Kat:3, Licht: 0","179573","3","5","1","02","16","7","1","0","1","1","0","0"
"POINT (8.628007571000069 50.096176178000064)","Unfall 179576 (2020) Kat:3, Licht: 2","179576","3","3","5","02","19","5","2","2","1","1","0","0"
"POINT (8.701072854000074 50.117498208000029)","Unfall 179578 (2020) Kat:3, Licht: 2","179578","3","4","6","02","21","1","1","2","1","0","1","0"
"POINT (8.653811541000039 50.079898620000051)","Unfall 179583 (2020) Kat:3, Licht: 0","179583","3","3","5","02","10","6","1","0","0","1","0","0"
"POINT (8.695771530000059 50.129830261000052)","Unfall 179587 (2020) Kat:3, Licht: 0","179587","3","3","5","02","11","4","0","0","0","1","0","0"
"POINT (8.762632916000030 50.130985972000076)","Unfall 179600 (2020) Kat:3, Licht: 0","179600","3","3","5","02","14","2","1","0","1","1","0","0"
"POINT (8.548562131000040 50.101688690000060)","Unfall 179608 (2020) Kat:3, Licht: 1","179608","3","4","6","02","21","4","0","1","0","1","1","0"
"POINT (8.534705765000069 50.108478710000043)","Unfall 179609 (2020) Kat:2, Licht: 1","179609","2","3","5","02","07","3","0","1","0","1","0","0"
"POINT (8.688364668000077 50.117650353000045)","Unfall 179612 (2020) Kat:3, Licht: 2","179612","3","3","5","02","22","1","0","2","0","1","0","0"
"POINT (8.754418460000068 50.119998807000059)","Unfall 179616 (2020) Kat:2, Licht: 0","179616","2","3","5","02","09","4","0","0","1","1","0","0"
"POINT (8.685198166000021 50.109461010000075)","Unfall 179639 (2020) Kat:3, Licht: 2","179639","3","3","5","02","19","2","1","2","1","1","0","0"
"POINT (8.613849009000035 50.127225244000044)","Unfall 179641 (2020) Kat:3, Licht: 2","179641","3","3","5","02","20","5","1","2","0","1","0","0"
"POINT (8.626790649000043 50.095619383000042)","Unfall 179643 (2020) Kat:3, Licht: 0","179643","3","3","5","02","12","2","1","0","1","0","0","0"
"POINT (8.671316793000074 50.127417455000057)","Unfall 179644 (2020) Kat:3, Licht: 0","179644","3","1","0","02","11","3","1","0","0","0","0","1"
"POINT (8.687750696000023 50.114771012000062)","Unfall 179646 (2020) Kat:3, Licht: 0","179646","3","6","2","02","10","2","0","0","1","0","0","0"
"POINT (8.686294393000026 50.123736283000028)","Unfall 179648 (2020) Kat:3, Licht: 0","179648","3","3","0","02","07","4","0","0","1","1","0","0"
"POINT (8.631172806000052 50.158300348000068)","Unfall 179658 (2020) Kat:3, Licht: 2","179658","3","1","8","02","22","5","1","2","0","1","0","0"
"POINT (8.628822299000035 50.133196554000051)","Unfall 179663 (2020) Kat:3, Licht: 0","179663","3","2","5","02","12","3","0","0","1","0","0","0"
"POINT (8.666177217000040 50.111618863000047)","Unfall 179667 (2020) Kat:2, Licht: 2","179667","2","6","0","02","18","2","1","2","0","1","0","1"
"POINT (8.646426329000065 50.164808751000066)","Unfall 179670 (2020) Kat:3, Licht: 0","179670","3","3","5","02","08","5","0","0","1","1","0","0"
"POINT (8.675736514000050 50.134262763000038)","Unfall 179687 (2020) Kat:2, Licht: 2","179687","2","6","2","02","06","6","1","2","0","1","0","1"
"POINT (8.606860800000050 50.127324394000027)","Unfall 179691 (2020) Kat:3, Licht: 0","179691","3","3","5","02","08","4","0","0","1","1","0","0"
"POINT (8.662088009000058 50.122157768000079)","Unfall 179692 (2020) Kat:3, Licht: 0","179692","3","3","5","02","09","5","0","0","1","1","0","0"
"POINT (8.716504335000025 50.126216098000043)","Unfall 179702 (2020) Kat:2, Licht: 2","179702","2","5","1","02","20","1","0","2","0","1","0","0"
"POINT (8.629448380000042 50.096794964000026)","Unfall 179707 (2020) Kat:3, Licht: 0","179707","3","6","3","02","09","2","1","0","0","1","0","0"
"POINT (8.729639080000027 50.144676829000048)","Unfall 179708 (2020) Kat:3, Licht: 1","179708","3","6","4","02","07","5","0","1","1","1","0","0"
"POINT (8.654816832000051 50.109057375000077)","Unfall 179716 (2020) Kat:2, Licht: 2","179716","2","1","0","02","23","1","0","2","0","0","0","0"
"POINT (8.765701706000073 50.124336029000062)","Unfall 179726 (2020) Kat:3, Licht: 0","179726","3","7","6","02","16","7","0","0","0","1","1","0"
"POINT (8.513490008000076 50.086371126000074)","Unfall 179738 (2020) Kat:2, Licht: 0","179738","2","4","6","02","14","7","0","0","0","1","1","0"
"POINT (8.569148876000043 50.050371219000056)","Unfall 179739 (2020) Kat:3, Licht: 0","179739","3","1","8","02","10","6","0","0","0","1","1","0"
"POINT (8.627564992000032 50.097440226000060)","Unfall 179740 (2020) Kat:3, Licht: 0","179740","3","5","1","02","10","7","0","0","0","1","0","0"
"POINT (8.696220880000055 50.117337334000069)","Unfall 179743 (2020) Kat:3, Licht: 0","179743","3","3","5","02","10","7","0","0","1","1","0","0"
"POINT (8.648801255000024 50.123924113000044)","Unfall 179745 (2020) Kat:3, Licht: 0","179745","3","2","4","02","10","5","1","0","1","1","0","0"
"POINT (8.664260566000053 50.164303805000031)","Unfall 179747 (2020) Kat:3, Licht: 2","179747","3","7","0","02","18","3","0","2","1","0","0","0"
"POINT (8.675796243000036 50.120837901000073)","Unfall 179749 (2020) Kat:3, Licht: 2","179749","3","2","2","02","23","7","0","2","0","1","0","0"
"POINT (8.656753312000035 50.106864106000046)","Unfall 179755 (2020) Kat:3, Licht: 0","179755","3","6","2","02","14","2","1","0","0","0","0","0"
"POINT (8.641166788000021 50.120695351000052)","Unfall 179764 (2020) Kat:3, Licht: 0","179764","3","3","5","02","11","3","0","0","0","1","0","0"
"POINT (8.701843834000044 50.118431189000034)","Unfall 179765 (2020) Kat:3, Licht: 0","179765","3","4","6","02","15","4","1","0","0","1","1","0"
"POINT (8.758726633000038 50.130958187000033)","Unfall 179773 (2020) Kat:3, Licht: 0","179773","3","6","2","03","17","5","0","0","0","1","0","1"
"POINT (8.656650737000064 50.109677206000072)","Unfall 179782 (2020) Kat:3, Licht: 0","179782","3","3","5","03","14","7","0","0","1","1","0","0"
"POINT (8.649374365000028 50.159915382000065)","Unfall 179789 (2020) Kat:3, Licht: 1","179789","3","4","6","03","07","4","0","1","0","1","1","0"
"POINT (8.686218495000048 50.121172253000054)","Unfall 179791 (2020) Kat:3, Licht: 0","179791","3","6","0","03","07","4","1","0","1","0","0","0"
"POINT (8.698374123000065 50.126738535000072)","Unfall 179800 (2020) Kat:3, Licht: 0","179800","3","7","5","03","08","5","0","0","1","0","0","0"
"POINT (8.687569347000022 50.105994125000052)","Unfall 179802 (2020) Kat:2, Licht: 0","179802","2","4","0","03","07","6","0","0","0","0","1","0"
"POINT (8.662384041000053 50.105211246000067)","Unfall 179806 (2020) Kat:3, Licht: 1","179806","3","7","1","03","06","2","0","1","1","1","0","0"
"POINT (8.703712627000073 50.112449956000034)","Unfall 179814 (2020) Kat:2, Licht: 0","179814","2","4","6","03","16","5","0","0","0","1","1","0"
"POINT (8.541820984000026 50.101678734000075)","Unfall 179816 (2020) Kat:2, Licht: 0","179816","2","4","6","03","12","3","1","0","0","1","1","0"
"POINT (8.643684532000066 50.112728854000068)","Unfall 179818 (2020) Kat:2, Licht: 0","179818","2","2","5","03","16","3","1","0","0","1","0","0"
"POINT (8.681126946000063 50.095178461000046)","Unfall 179819 (2020) Kat:3, Licht: 0","179819","3","2","6","03","18","3","1","0","0","1","1","0"
"POINT (8.689763897000034 50.104867084000034)","Unfall 179820 (2020) Kat:3, Licht: 0","179820","3","3","6","03","15","3","1","0","0","0","1","0"
"POINT (8.680685935000042 50.122139753000056)","Unfall 179821 (2020) Kat:3, Licht: 0","179821","3","6","3","03","08","3","1","0","1","1","0","0"
"POINT (8.668445804000044 50.107473672000026)","Unfall 179825 (2020) Kat:3, Licht: 0","179825","3","5","1","03","15","5","0","0","1","1","0","0"
"POINT (8.548679955000068 50.110160754000049)","Unfall 179848 (2020) Kat:3, Licht: 0","179848","3","2","2","03","10","2","0","0","0","1","0","0"
"POINT (8.635198784000068 50.153552891000061)","Unfall 179849 (2020) Kat:3, Licht: 0","179849","3","4","6","03","17","2","0","0","0","1","1","0"
"POINT (8.642758680000043 50.174833781000075)","Unfall 179850 (2020) Kat:2, Licht: 0","179850","2","3","5","03","08","2","1","0","1","1","0","0"
"POINT (8.703126691000023 50.119326776000037)","Unfall 179851 (2020) Kat:3, Licht: 0","179851","3","3","5","03","13","2","0","0","0","1","0","0"
"POINT (8.679727194000066 50.119415398000058)","Unfall 179863 (2020) Kat:3, Licht: 0","179863","3","4","6","03","09","5","1","0","1","0","1","0"
"POINT (8.672135678000075 50.120319921000032)","Unfall 179867 (2020) Kat:3, Licht: 0","179867","3","3","5","03","08","5","1","0","1","1","0","0"
"POINT (8.709177031000024 50.127204924000068)","Unfall 179878 (2020) Kat:3, Licht: 0","179878","3","5","1","03","19","1","0","0","1","1","0","0"
"POINT (8.668828490000067 50.113313427000037)","Unfall 179886 (2020) Kat:3, Licht: 2","179886","3","4","6","03","00","1","1","2","0","1","1","0"
"POINT (8.652942512000038 50.094420022000065)","Unfall 179893 (2020) Kat:3, Licht: 2","179893","3","6","4","03","21","7","0","2","0","1","0","0"
"POINT (8.691523251000035 50.129173508000065)","Unfall 179894 (2020) Kat:2, Licht: 0","179894","2","1","0","03","17","7","0","0","1","0","0","0"
"POINT (8.666011739000055 50.111551530000042)","Unfall 179911 (2020) Kat:3, Licht: 0","179911","3","6","2","03","14","6","0","0","0","1","0","0"
"POINT (8.634783026000036 50.108772721000037)","Unfall 179918 (2020) Kat:3, Licht: 0","179918","3","3","5","03","09","6","1","0","0","1","0","0"
"POINT (8.691746154000043 50.124032889000034)","Unfall 179919 (2020) Kat:3, Licht: 0","179919","3","6","0","03","11","6","0","0","0","0","0","1"
"POINT (8.495411680000075 50.099835250000069)","Unfall 179920 (2020) Kat:3, Licht: 2","179920","3","1","0","02","18","7","1","2","0","1","0","0"
"POINT (8.682697562000044 50.118828611000026)","Unfall 179931 (2020) Kat:3, Licht: 0","179931","3","6","2","02","14","7","0","0","0","1","0","0"
"POINT (8.586890530000062 50.057473830000049)","Unfall 179939 (2020) Kat:3, Licht: 2","179939","3","7","2","03","18","5","1","2","0","1","0","1"
"POINT (8.687794443000030 50.114182618000029)","Unfall 179943 (2020) Kat:3, Licht: 2","179943","3","4","6","03","01","7","0","2","0","1","1","0"
"POINT (8.710081583000033 50.118264545000045)","Unfall 179954 (2020) Kat:3, Licht: 0","179954","3","2","5","03","17","5","1","0","1","0","0","0"
"POINT (8.605407890000038 50.092404371000043)","Unfall 179970 (2020) Kat:3, Licht: 0","179970","3","3","5","03","17","5","0","0","1","0","0","0"
"POINT (8.718621869000060 50.129200838000031)","Unfall 179980 (2020) Kat:3, Licht: 2","179980","3","7","1","03","20","6","0","2","1","1","0","0"
"POINT (8.538604773000031 50.096386391000067)","Unfall 179982 (2020) Kat:3, Licht: 0","179982","3","3","5","03","13","4","0","0","0","1","0","0"
"POINT (8.656702130000042 50.159070344000042)","Unfall 179983 (2020) Kat:3, Licht: 0","179983","3","4","6","03","16","4","1","0","0","1","1","0"
"POINT (8.673295404000044 50.085214329000053)","Unfall 179984 (2020) Kat:3, Licht: 0","179984","3","3","5","03","16","4","0","0","1","1","0","0"
"POINT (8.750024823000047 50.132405283000026)","Unfall 179987 (2020) Kat:2, Licht: 2","179987","2","6","4","03","19","4","0","2","0","1","0","0"
"POINT (8.725229970000044 50.109591774000080)","Unfall 179989 (2020) Kat:2, Licht: 2","179989","2","1","0","03","05","4","0","2","0","0","0","1"
"POINT (8.679722832000039 50.119092652000063)","Unfall 179990 (2020) Kat:3, Licht: 0","179990","3","5","4","03","09","4","1","0","1","0","0","1"
"POINT (8.667267074000051 50.116765087000033)","Unfall 179991 (2020) Kat:3, Licht: 0","179991","3","3","5","03","09","4","1","0","0","1","0","0"