WKT,Name,OBJECTID,UKATEGORIE,UTYP1,UART,UMONAT,USTUNDE,UWOCHENTAG,STRZUSTAND,ULICHTVERH,ISTRAD,ISTPKW,ISTFUSS,ISTKRAD
"POINT (8.666024935000053 50.173460836000061)","Unfall 179995 (2020) Kat:3, Licht: 0","179995","3","2","5","02","16","6","0","0","0","1","0","0"
"POINT (8.669271097000035 50.130090427000027)","Unfall 179997 (2020) Kat:3, Licht: 2","179997","3","1","0","02","23","6","1","2","1","0","0","0"
"POINT (8.632812876000060 50.125950850000038)","Unfall 180021 (2020) Kat:3, Licht: 0","180021","3","3","5","03","10","3","0","0","0","1","0","0"
"POINT (8.683932316000039 50.130010234000054)","Unfall 180026 (2020) Kat:3, Licht: 1","180026","3","3","5","03","19","3","0","1","1","1","0","0"
"POINT (8.642884673000026 50.145922715000040)","Unfall 180031 (2020) Kat:3, Licht: 0","180031","3","2","5","03","09","5","1","0","1","1","0","0"
"POINT (8.698435722000056 50.084602343000029)","Unfall 180033 (2020) Kat:3, Licht: 0","180033","3","7","1","03","10","5","1","0","0","0","0","0"
"POINT (8.671624021000071 50.127007336000077)","Unfall 180048 (2020) Kat:3, Licht: 0","180048","3","7","0","03","13","2","0","0","1","0","0","0"
"POINT (8.634865377000040 50.158484072000078)","Unfall 180053 (2020) Kat:3, Licht: 0","180053","3","3","5","04","17","7","0","0","1","1","0","0"
"POINT (8.643353818000037 50.086543055000050)","Unfall 180054 (2020) Kat:3, Licht: 0","180054","3","3","5","03","12","5","0","0","0","1","0","0"
"POINT (8.650530205000052 50.120557329000064)","Unfall 180059 (2020) Kat:3, Licht: 0","180059","3","6","3","03","13","1","0","0","0","1","0","0"
"POINT (8.678909245000057 50.152389423000045)","Unfall 180072 (2020) Kat:3, Licht: 0","180072","3","7","1","03","12","7","0","0","1","1","0","0"
"POINT (8.622203619000061 50.104482916000052)","Unfall 180077 (2020) Kat:3, Licht: 0","180077","3","6","4","04","13","6","0","0","1","1","0","0"
"POINT (8.617672267000046 50.105863847000080)","Unfall 180093 (2020) Kat:3, Licht: 0","180093","3","6","2","04","13","3","0","0","0","1","0","0"
"POINT (8.649677866000047 50.127369689000034)","Unfall 180096 (2020) Kat:3, Licht: 1","180096","3","3","5","04","18","5","0","1","0","1","0","0"
"POINT (8.693407350000030 50.129061958000079)","Unfall 180145 (2020) Kat:2, Licht: 0","180145","2","2","5","04","11","3","0","0","0","1","0","0"
"POINT (8.675796037000055 50.117645618000040)","Unfall 180153 (2020) Kat:3, Licht: 0","180153","3","6","0","03","18","2","0","0","0","1","0","0"
"POINT (8.646765307000067 50.126789173000077)","Unfall 180157 (2020) Kat:3, Licht: 2","180157","3","3","5","03","19","1","0","2","0","1","0","0"
"POINT (8.662399527000048 50.192939647000060)","Unfall 180159 (2020) Kat:3, Licht: 0","180159","3","1","0","04","14","7","0","0","1","0","0","0"
"POINT (8.651426976000039 50.122430246000079)","Unfall 180178 (2020) Kat:3, Licht: 0","180178","3","6","3","03","07","2","0","0","1","1","0","0"
"POINT (8.577242929000022 50.123621394000054)","Unfall 180179 (2020) Kat:3, Licht: 0","180179","3","3","5","03","15","7","0","0","0","1","0","1"
"POINT (8.693826653000031 50.132071566000036)","Unfall 180183 (2020) Kat:3, Licht: 0","180183","3","6","6","04","15","1","0","0","1","0","1","0"
"POINT (8.646836864000022 50.126804654000068)","Unfall 180184 (2020) Kat:3, Licht: 0","180184","3","3","5","04","15","6","0","0","0","1","0","1"
"POINT (8.701484636000032 50.125066148000030)","Unfall 180188 (2020) Kat:3, Licht: 1","180188","3","7","1","03","19","6","0","1","0","1","0","0"
"POINT (8.646218332000046 50.160298659000034)","Unfall 180193 (2020) Kat:3, Licht: 0","180193","3","3","5","04","15","7","0","0","1","1","0","0"
"POINT (8.667668073000073 50.108196298000053)","Unfall 180197 (2020) Kat:3, Licht: 0","180197","3","5","1","03","18","6","0","0","1","1","0","0"
"POINT (8.701944280000021 50.123263744000042)","Unfall 180200 (2020) Kat:2, Licht: 0","180200","2","1","6","04","16","3","0","0","1","0","1","0"
"POINT (8.514766692000023 50.085081247000062)","Unfall 180209 (2020) Kat:3, Licht: 0","180209","3","3","5","03","09","7","1","0","0","1","0","0"
"POINT (8.694291794000037 50.097051123000028)","Unfall 180211 (2020) Kat:3, Licht: 0","180211","3","2","6","03","12","2","0","0","0","1","1","0"
"POINT (8.708608258000027 50.111280955000041)","Unfall 180217 (2020) Kat:3, Licht: 2","180217","3","6","2","03","22","2","0","2","0","1","0","0"
"POINT (8.668543642000032 50.109841231000075)","Unfall 180218 (2020) Kat:3, Licht: 0","180218","3","6","1","03","17","1","0","0","0","1","0","0"
"POINT (8.707373889000053 50.125293265000039)","Unfall 180219 (2020) Kat:3, Licht: 0","180219","3","5","0","03","11","2","0","0","1","1","0","0"
"POINT (8.667257935000066 50.110862291000046)","Unfall 180225 (2020) Kat:3, Licht: 2","180225","3","3","5","03","20","2","0","2","0","1","0","0"
"POINT (8.767461069000035 50.129014628000050)","Unfall 180230 (2020) Kat:2, Licht: 0","180230","2","7","0","03","18","7","0","0","1","0","0","0"
"POINT (8.664250447000029 50.115687845000082)","Unfall 180232 (2020) Kat:3, Licht: 0","180232","3","3","5","04","11","4","0","0","1","1","0","0"
"POINT (8.614119707000043 50.114243898000041)","Unfall 180234 (2020) Kat:3, Licht: 2","180234","3","3","5","03","22","7","0","2","0","1","0","0"
"POINT (8.564984095000057 50.120624879000047)","Unfall 180250 (2020) Kat:3, Licht: 0","180250","3","3","5","04","14","5","0","0","0","1","0","1"
"POINT (8.659304542000029 50.119171677000054)","Unfall 180252 (2020) Kat:3, Licht: 0","180252","3","6","0","04","14","3","0","0","1","0","0","0"
"POINT (8.695241674000044 50.128127199000062)","Unfall 180258 (2020) Kat:3, Licht: 0","180258","3","3","5","04","09","6","0","0","0","1","0","0"
"POINT (8.599898350000046 50.108292625000047)","Unfall 180260 (2020) Kat:2, Licht: 2","180260","2","1","9","03","00","2","1","2","0","1","0","0"
"POINT (8.564975785000058 50.120632587000046)","Unfall 180268 (2020) Kat:3, Licht: 0","180268","3","3","5","03","18","7","0","0","0","0","0","1"
"POINT (8.735643690000075 50.128898052000068)","Unfall 180272 (2020) Kat:3, Licht: 0","180272","3","7","2","03","10","2","0","0","0","1","0","1"
"POINT (8.605542111000034 50.054716293000070)","Unfall 180282 (2020) Kat:2, Licht: 2","180282","2","1","9","03","00","3","0","2","0","0","0","1"
"POINT (8.749066406000054 50.121796742000072)","Unfall 180285 (2020) Kat:3, Licht: 0","180285","3","6","2","03","10","3","0","0","0","1","0","0"
"POINT (8.713240766000070 50.124835343000029)","Unfall 180292 (2020) Kat:3, Licht: 0","180292","3","2","6","03","05","7","0","0","0","0","1","0"
"POINT (8.669893702000024 50.123514891000070)","Unfall 180294 (2020) Kat:3, Licht: 0","180294","3","3","5","03","17","7","0","0","0","1","0","0"
"POINT (8.667761207000069 50.107144580000067)","Unfall 180306 (2020) Kat:3, Licht: 0","180306","3","1","1","04","14","5","1","0","0","1","0","1"
"POINT (8.636764517000074 50.100038829000027)","Unfall 180315 (2020) Kat:3, Licht: 0","180315","3","2","5","04","09","1","0","0","0","1","0","0"
"POINT (8.655019653000068 50.117760112000042)","Unfall 180325 (2020) Kat:3, Licht: 0","180325","3","3","5","04","19","4","0","0","1","1","0","0"
"POINT (8.543644364000045 50.099426544000039)","Unfall 180337 (2020) Kat:3, Licht: 0","180337","3","3","5","04","12","7","0","0","0","1","0","0"
"POINT (8.638518819000069 50.086297824000042)","Unfall 180339 (2020) Kat:3, Licht: 0","180339","3","6","2","04","18","7","0","0","0","1","0","1"
"POINT (8.625114500000052 50.163307289000045)","Unfall 180340 (2020) Kat:3, Licht: 2","180340","3","7","1","04","23","5","0","2","0","1","0","0"
"POINT (8.640835188000040 50.108253932000082)","Unfall 180344 (2020) Kat:3, Licht: 0","180344","3","2","3","04","13","5","0","0","1","1","0","0"
"POINT (8.691193409000050 50.152229632000058)","Unfall 180345 (2020) Kat:2, Licht: 0","180345","2","7","6","04","08","5","1","0","0","0","1","0"
"POINT (8.670326891000059 50.135878646000037)","Unfall 180351 (2020) Kat:3, Licht: 0","180351","3","4","6","04","18","5","0","0","0","1","1","0"
"POINT (8.632774198000050 50.084670957000071)","Unfall 180356 (2020) Kat:3, Licht: 0","180356","3","6","4","04","19","5","0","0","1","0","0","0"
"POINT (8.678088819000038 50.110072324000043)","Unfall 180357 (2020) Kat:2, Licht: 0","180357","2","1","0","04","10","5","0","0","1","0","0","0"
"POINT (8.695100255000057 50.105063702000052)","Unfall 180359 (2020) Kat:3, Licht: 0","180359","3","1","8","04","17","5","0","0","0","0","0","1"
"POINT (8.675629006000065 50.123288459000037)","Unfall 180361 (2020) Kat:3, Licht: 2","180361","3","3","5","04","21","5","0","2","1","1","0","0"
"POINT (8.668619775000025 50.113196276000053)","Unfall 180364 (2020) Kat:3, Licht: 0","180364","3","3","5","04","16","6","0","0","0","1","0","0"
"POINT (8.676919261000023 50.153499680000039)","Unfall 180386 (2020) Kat:3, Licht: 0","180386","3","7","0","04","09","5","0","0","1","0","0","0"
"POINT (8.692494585000077 50.128525456000034)","Unfall 180387 (2020) Kat:3, Licht: 0","180387","3","7","2","04","10","5","0","0","1","1","0","0"
"POINT (8.690780304000043 50.121927905000064)","Unfall 180391 (2020) Kat:3, Licht: 0","180391","3","6","2","04","14","2","0","0","0","1","0","0"
"POINT (8.694183600000031 50.109893968000051)","Unfall 180392 (2020) Kat:3, Licht: 0","180392","3","4","6","04","13","4","0","0","1","0","1","0"
"POINT (8.711192274000041 50.107476296000073)","Unfall 180413 (2020) Kat:3, Licht: 0","180413","3","3","5","04","13","5","1","0","1","1","0","0"
"POINT (8.684187407000025 50.147627020000073)","Unfall 180430 (2020) Kat:3, Licht: 2","180430","3","1","1","04","21","4","0","2","0","1","0","0"
"POINT (8.545411263000062 50.080003529000066)","Unfall 180431 (2020) Kat:3, Licht: 0","180431","3","1","0","04","18","4","0","0","1","0","0","0"
"POINT (8.543543280000051 50.096680593000031)","Unfall 180454 (2020) Kat:3, Licht: 2","180454","3","1","8","04","22","3","0","2","0","1","0","0"
"POINT (8.668299119000039 50.133534486000030)","Unfall 180455 (2020) Kat:3, Licht: 0","180455","3","2","2","04","16","5","1","0","0","1","0","0"
"POINT (8.572006129000044 50.082353270000056)","Unfall 180465 (2020) Kat:3, Licht: 0","180465","3","3","5","04","14","3","0","0","1","1","0","0"
"POINT (8.666495781000037 50.118907360000037)","Unfall 180466 (2020) Kat:3, Licht: 0","180466","3","3","1","04","19","5","1","0","1","1","0","0"
"POINT (8.494472486000063 50.093298614000048)","Unfall 180467 (2020) Kat:3, Licht: 0","180467","3","7","0","04","19","3","0","0","1","0","0","0"
"POINT (8.599051088000067 50.084844074000046)","Unfall 180468 (2020) Kat:3, Licht: 0","180468","3","7","6","04","14","3","0","0","0","1","1","0"
"POINT (8.628141643000049 50.178817110000068)","Unfall 180469 (2020) Kat:3, Licht: 0","180469","3","3","0","04","17","3","0","0","0","1","0","1"
"POINT (8.758015006000051 50.133215090000078)","Unfall 180471 (2020) Kat:3, Licht: 0","180471","3","7","1","04","13","3","0","0","0","1","0","0"
"POINT (8.664637396000046 50.123478867000074)","Unfall 180472 (2020) Kat:3, Licht: 0","180472","3","3","5","04","19","3","0","0","1","1","0","0"
"POINT (8.675286559000028 50.113795056000072)","Unfall 180474 (2020) Kat:3, Licht: 0","180474","3","2","5","04","11","3","0","0","1","1","0","0"
"POINT (8.651834810000025 50.144666222000069)","Unfall 180487 (2020) Kat:2, Licht: 0","180487","2","4","6","04","11","4","0","0","0","1","1","0"
"POINT (8.542748663000054 50.022973256000057)","Unfall 180492 (2020) Kat:3, Licht: 0","180492","3","6","4","04","19","2","0","0","0","0","0","0"
"POINT (8.543086406000043 50.112146361000043)","Unfall 180496 (2020) Kat:3, Licht: 0","180496","3","2","5","04","11","2","0","0","1","1","0","0"
"POINT (8.697112487000027 50.170627670000044)","Unfall 180497 (2020) Kat:3, Licht: 0","180497","3","1","4","04","18","2","0","0","1","1","0","0"
"POINT (8.662861318000068 50.111424809000027)","Unfall 180499 (2020) Kat:2, Licht: 1","180499","2","3","5","04","20","2","0","1","1","1","0","0"
"POINT (8.646816851000040 50.126800324000044)","Unfall 180501 (2020) Kat:2, Licht: 0","180501","2","3","5","04","18","2","0","0","0","1","0","0"
"POINT (8.672602398000038 50.105980612000053)","Unfall 180504 (2020) Kat:2, Licht: 0","180504","2","6","0","04","19","2","0","0","1","0","0","0"
"POINT (8.663759287000062 50.123407735000058)","Unfall 180506 (2020) Kat:3, Licht: 0","180506","3","6","1","04","09","2","0","0","1","1","0","0"
"POINT (8.687804647000064 50.114044032000038)","Unfall 180507 (2020) Kat:3, Licht: 2","180507","3","6","2","04","23","2","0","2","0","1","0","0"
"POINT (8.707207355000037 50.103141819000029)","Unfall 180515 (2020) Kat:3, Licht: 2","180515","3","6","4","04","21","1","0","2","1","1","0","0"
"POINT (8.589613604000022 50.085725059000026)","Unfall 180522 (2020) Kat:3, Licht: 0","180522","3","3","0","04","18","5","1","0","1","1","0","0"
"POINT (8.679732266000030 50.103184712000029)","Unfall 180528 (2020) Kat:3, Licht: 0","180528","3","7","0","04","16","7","0","0","1","1","1","0"
"POINT (8.703938487000073 50.142095147000077)","Unfall 180529 (2020) Kat:3, Licht: 0","180529","3","4","6","04","14","7","0","0","1","0","1","0"
"POINT (8.657779251000022 50.104794925000078)","Unfall 180531 (2020) Kat:3, Licht: 2","180531","3","1","0","04","00","7","0","2","1","0","0","0"
"POINT (8.689429025000038 50.110040114000071)","Unfall 180533 (2020) Kat:3, Licht: 1","180533","3","7","1","04","20","7","0","1","1","1","0","0"
"POINT (8.692430757000068 50.109474398000032)","Unfall 180535 (2020) Kat:3, Licht: 0","180535","3","6","2","04","15","7","0","0","0","1","0","1"
"POINT (8.608037178000075 50.123746808000078)","Unfall 180543 (2020) Kat:3, Licht: 0","180543","3","1","0","04","19","1","0","0","1","0","0","0"
"POINT (8.670339326000033 50.121621945000072)","Unfall 180545 (2020) Kat:3, Licht: 2","180545","3","3","5","04","21","1","0","2","0","1","0","0"
"POINT (8.687527690000024 50.118016578000038)","Unfall 180554 (2020) Kat:2, Licht: 0","180554","2","6","3","04","18","1","0","0","1","1","0","0"
"POINT (8.693235784000024 50.103196339000078)","Unfall 180556 (2020) Kat:3, Licht: 0","180556","3","7","1","04","11","6","0","0","0","1","0","1"
"POINT (8.732231434000028 50.143730816000073)","Unfall 180558 (2020) Kat:3, Licht: 0","180558","3","1","0","04","15","6","0","0","1","0","0","0"
"POINT (8.702934350000021 50.127500767000072)","Unfall 180561 (2020) Kat:3, Licht: 0","180561","3","6","2","04","10","6","0","0","0","1","0","0"
"POINT (8.684608462000028 50.128236769000068)","Unfall 180562 (2020) Kat:3, Licht: 0","180562","3","3","5","04","15","6","0","0","1","1","0","0"
"POINT (8.635846066000056 50.152869521000071)","Unfall 180567 (2020) Kat:3, Licht: 0","180567","3","2","5","05","16","4","0","0","0","1","0","1"
"POINT (8.566451707000056 50.101262882000071)","Unfall 180575 (2020) Kat:3, Licht: 0","180575","3","2","3","05","09","3","0","0","0","1","0","1"
"POINT (8.622507700000028 50.108013926000069)","Unfall 180579 (2020) Kat:3, Licht: 0","180579","3","6","2","05","13","1","0","0","0","1","0","0"
"POINT (8.661627941000063 50.111109646000045)","Unfall 180585 (2020) Kat:3, Licht: 0","180585","3","3","5","05","09","3","0","0","0","1","0","0"
"POINT (8.766886794000072 50.121990633000053)","Unfall 180587 (2020) Kat:3, Licht: 0","180587","3","3","5","05","15","3","0","0","0","1","0","0"
"POINT (8.643823974000043 50.106002364000062)","Unfall 180589 (2020) Kat:2, Licht: 0","180589","2","7","5","05","15","3","0","0","0","1","0","1"
"POINT (8.703154688000041 50.119346714000073)","Unfall 180594 (2020) Kat:3, Licht: 0","180594","3","5","0","05","19","3","0","0","1","1","0","0"
"POINT (8.716950681000071 50.123635531000048)","Unfall 180595 (2020) Kat:3, Licht: 0","180595","3","6","2","05","16","4","0","0","0","1","0","0"
"POINT (8.645715533000043 50.187515041000040)","Unfall 180596 (2020) Kat:2, Licht: 0","180596","2","2","4","05","07","4","0","0","0","1","0","1"
"POINT (8.698918686000070 50.120117013000026)","Unfall 180597 (2020) Kat:3, Licht: 0","180597","3","3","5","05","11","3","0","0","1","1","0","0"
"POINT (8.670248890000039 50.107930154000030)","Unfall 180599 (2020) Kat:3, Licht: 0","180599","3","3","5","05","18","3","0","0","1","1","0","0"
"POINT (8.681789278000053 50.125217926000062)","Unfall 180607 (2020) Kat:3, Licht: 0","180607","3","2","6","05","15","5","0","0","0","1","1","0"
"POINT (8.626478752000026 50.129488346000073)","Unfall 180610 (2020) Kat:3, Licht: 0","180610","3","3","5","05","19","4","0","0","0","1","0","0"
"POINT (8.598574748000033 50.111079479000068)","Unfall 180611 (2020) Kat:3, Licht: 0","180611","3","6","2","05","11","2","1","0","0","1","0","0"
"POINT (8.691990693000037 50.126242743000034)","Unfall 180613 (2020) Kat:2, Licht: 0","180613","2","2","0","05","14","2","0","0","0","1","0","1"
"POINT (8.643209431000059 50.170098490000044)","Unfall 180618 (2020) Kat:3, Licht: 0","180618","3","3","5","05","19","7","0","0","1","1","0","0"
"POINT (8.552544912000030 50.102095199000075)","Unfall 180621 (2020) Kat:3, Licht: 0","180621","3","1","0","05","11","3","0","0","1","0","0","0"
"POINT (8.613932911000063 50.127182518000041)","Unfall 180622 (2020) Kat:3, Licht: 0","180622","3","4","6","05","11","4","0","0","0","0","1","0"
"POINT (8.763745458000074 50.143074522000063)","Unfall 180633 (2020) Kat:3, Licht: 0","180633","3","2","5","05","13","6","0","0","1","0","0","0"
"POINT (8.697148851000065 50.137164005000045)","Unfall 180648 (2020) Kat:3, Licht: 0","180648","3","6","6","05","13","6","0","0","1","0","1","0"
"POINT (8.598744664000037 50.096557935000078)","Unfall 180651 (2020) Kat:3, Licht: 0","180651","3","2","5","05","18","2","0","0","0","1","0","1"
"POINT (8.635924330000023 50.170593121000081)","Unfall 180653 (2020) Kat:3, Licht: 0","180653","3","3","5","05","14","2","1","0","0","1","0","0"
"POINT (8.652980066000055 50.121712344000059)","Unfall 180660 (2020) Kat:3, Licht: 0","180660","3","6","3","05","14","2","0","0","0","1","0","0"
"POINT (8.701389885000026 50.136632622000036)","Unfall 180662 (2020) Kat:2, Licht: 0","180662","2","6","3","05","18","4","0","0","1","0","0","1"
"POINT (8.741188253000075 50.131742406000058)","Unfall 180664 (2020) Kat:2, Licht: 0","180664","2","2","3","05","15","5","0","0","0","0","0","1"
"POINT (8.612098924000065 50.128217655000071)","Unfall 180665 (2020) Kat:3, Licht: 0","180665","3","1","0","05","12","2","1","0","1","1","0","0"
"POINT (8.740066062000039 50.122548119000044)","Unfall 180667 (2020) Kat:3, Licht: 0","180667","3","3","5","05","16","4","0","0","1","1","0","0"
"POINT (8.633963815000072 50.155094511000073)","Unfall 180669 (2020) Kat:3, Licht: 0","180669","3","4","6","05","17","2","0","0","0","1","1","0"
"POINT (8.687959242000034 50.112570028000050)","Unfall 180673 (2020) Kat:3, Licht: 0","180673","3","3","5","05","18","2","0","0","0","1","0","1"
"POINT (8.670148956000048 50.124303515000065)","Unfall 180674 (2020) Kat:3, Licht: 0","180674","3","3","5","05","13","3","0","0","0","1","0","0"
"POINT (8.672760386000050 50.114933331000032)","Unfall 180684 (2020) Kat:3, Licht: 0","180684","3","7","0","05","09","6","0","0","1","0","1","0"
"POINT (8.637627112000075 50.100401462000036)","Unfall 180690 (2020) Kat:2, Licht: 1","180690","2","7","0","05","20","1","0","1","1","1","0","0"
"POINT (8.659555681000029 50.161526445000050)","Unfall 180708 (2020) Kat:3, Licht: 0","180708","3","3","5","05","13","4","0","0","1","1","0","0"
"POINT (8.669489671000065 50.108659513000077)","Unfall 180720 (2020) Kat:3, Licht: 0","180720","3","3","5","05","17","5","0","0","1","1","0","0"
"POINT (8.667269091000037 50.116453397000043)","Unfall 180726 (2020) Kat:3, Licht: 2","180726","3","6","2","05","22","2","0","2","0","1","0","0"
"POINT (8.677898701000061 50.168303561000073)","Unfall 180733 (2020) Kat:3, Licht: 0","180733","3","3","5","05","10","1","0","0","1","1","0","0"
"POINT (8.627245772000038 50.153191989000049)","Unfall 180738 (2020) Kat:3, Licht: 0","180738","3","7","1","05","18","1","0","0","1","1","0","0"
"POINT (8.697031036000055 50.171507764000069)","Unfall 180741 (2020) Kat:3, Licht: 0","180741","3","1","0","05","11","1","0","0","1","0","0","0"
"POINT (8.614117506000071 50.114253876000078)","Unfall 180743 (2020) Kat:3, Licht: 2","180743","3","3","5","05","22","1","0","2","0","1","0","0"
"POINT (8.690957684000068 50.114840354000080)","Unfall 180757 (2020) Kat:3, Licht: 0","180757","3","5","1","05","08","3","0","0","1","1","0","0"
"POINT (8.642720244000032 50.127307583000061)","Unfall 180761 (2020) Kat:3, Licht: 0","180761","3","3","5","05","11","5","0","0","0","1","0","0"
"POINT (8.666558688000066 50.118918037000071)","Unfall 180762 (2020) Kat:3, Licht: 0","180762","3","5","1","05","14","7","0","0","1","1","0","0"
"POINT (8.667867678000050 50.119846711000037)","Unfall 180763 (2020) Kat:3, Licht: 0","180763","3","3","5","05","16","4","0","0","1","1","0","0"
"POINT (8.692519436000055 50.078731784000070)","Unfall 180764 (2020) Kat:3, Licht: 1","180764","3","1","0","05","20","6","0","1","1","0","0","0"
"POINT (8.671505773000035 50.127159172000063)","Unfall 180765 (2020) Kat:3, Licht: 0","180765","3","6","4","05","19","1","0","0","1","0","0","0"
"POINT (8.697296341000026 50.126358712000069)","Unfall 180776 (2020) Kat:3, Licht: 0","180776","3","3","5","05","11","5","0","0","1","1","0","0"
"POINT (8.674225824000075 50.109824123000067)","Unfall 180780 (2020) Kat:3, Licht: 0","180780","3","6","2","05","16","2","1","0","0","1","0","0"
"POINT (8.672636423000029 50.118264575000069)","Unfall 180786 (2020) Kat:3, Licht: 0","180786","3","6","4","05","17","7","0","0","1","1","0","0"
"POINT (8.673927332000062 50.131830973000035)","Unfall 180789 (2020) Kat:3, Licht: 0","180789","3","4","6","05","19","3","0","0","0","0","1","0"
"POINT (8.661512102000074 50.096962639000026)","Unfall 180796 (2020) Kat:3, Licht: 0","180796","3","3","5","05","07","5","0","0","1","1","0","0"
"POINT (8.625366506000034 50.104863072000057)","Unfall 180800 (2020) Kat:2, Licht: 0","180800","2","6","3","05","16","6","0","0","1","1","0","0"
"POINT (8.666932675000055 50.196760637000068)","Unfall 180801 (2020) Kat:3, Licht: 0","180801","3","2","5","05","14","6","1","0","0","0","0","1"
"POINT (8.682306147000077 50.099827533000052)","Unfall 180803 (2020) Kat:3, Licht: 2","180803","3","6","3","05","20","6","1","2","0","1","0","1"
"POINT (8.646304269000041 50.125371336000057)","Unfall 180805 (2020) Kat:2, Licht: 0","180805","2","1","0","05","19","1","0","0","1","0","0","0"
"POINT (8.710045396000055 50.127874485000063)","Unfall 180816 (2020) Kat:3, Licht: 2","180816","3","1","6","05","22","6","0","2","0","1","1","0"
"POINT (8.659929422000062 50.195112725000058)","Unfall 180820 (2020) Kat:3, Licht: 0","180820","3","2","3","05","15","4","0","0","1","1","0","0"
"POINT (8.720743852000055 50.129054526000061)","Unfall 180832 (2020) Kat:3, Licht: 0","180832","3","1","4","05","10","5","0","0","1","1","0","0"
"POINT (8.665494428000045 50.098713336000060)","Unfall 180838 (2020) Kat:3, Licht: 0","180838","3","5","3","05","17","2","0","0","0","1","0","0"
"POINT (8.602120965000040 50.090370684000050)","Unfall 180839 (2020) Kat:3, Licht: 0","180839","3","6","4","05","16","4","0","0","1","0","0","0"
"POINT (8.676081847000035 50.112137175000043)","Unfall 180843 (2020) Kat:3, Licht: 0","180843","3","2","2","05","12","3","0","0","0","1","0","1"
"POINT (8.670593572000030 50.149420547000034)","Unfall 180845 (2020) Kat:3, Licht: 0","180845","3","3","5","05","17","7","0","0","1","1","0","0"
"POINT (8.690500947000032 50.100272041000039)","Unfall 180847 (2020) Kat:3, Licht: 2","180847","3","4","6","05","02","7","0","2","0","1","1","0"
"POINT (8.688027193000039 50.126946328000031)","Unfall 180849 (2020) Kat:2, Licht: 0","180849","2","7","6","05","11","7","0","0","1","1","0","0"
"POINT (8.718910112000060 50.121845964000045)","Unfall 180881 (2020) Kat:2, Licht: 0","180881","2","1","0","05","20","5","0","0","1","0","0","0"
"POINT (8.697326550000071 50.118702689000031)","Unfall 180883 (2020) Kat:3, Licht: 0","180883","3","5","1","06","17","3","0","0","1","1","0","0"
"POINT (8.560706380000056 50.102394597000057)","Unfall 180885 (2020) Kat:3, Licht: 0","180885","3","3","5","06","20","2","0","0","0","1","0","1"
"POINT (8.709523265000030 50.108589262000066)","Unfall 180888 (2020) Kat:3, Licht: 2","180888","3","1","9","05","23","5","0","2","0","0","0","1"
"POINT (8.534336886000062 50.109263898000052)","Unfall 180890 (2020) Kat:3, Licht: 0","180890","3","7","0","05","11","1","0","0","0","1","0","0"
"POINT (8.545149281000022 50.106163460000062)","Unfall 180901 (2020) Kat:3, Licht: 0","180901","3","6","2","05","20","1","0","0","0","1","0","0"
"POINT (8.622931806000054 50.180625365000026)","Unfall 180915 (2020) Kat:3, Licht: 0","180915","3","7","0","05","18","5","0","0","1","1","0","0"
"POINT (8.664107941000054 50.137468979000062)","Unfall 180917 (2020) Kat:3, Licht: 2","180917","3","2","3","05","22","5","0","2","1","1","0","0"
"POINT (8.708388844000069 50.126620426000045)","Unfall 180918 (2020) Kat:3, Licht: 0","180918","3","6","0","05","19","5","0","0","1","1","0","0"
"POINT (8.688044177000052 50.111993054000038)","Unfall 180936 (2020) Kat:3, Licht: 0","180936","3","5","0","06","15","3","0","0","0","1","0","0"
"POINT (8.619358732000023 50.146884233000037)","Unfall 180942 (2020) Kat:3, Licht: 0","180942","3","3","5","05","19","1","0","0","1","1","0","0"
"POINT (8.661170739000056 50.104721519000066)","Unfall 180946 (2020) Kat:2, Licht: 1","180946","2","4","6","05","05","1","0","1","0","0","1","0"
"POINT (8.654597048000028 50.109893447000047)","Unfall 180964 (2020) Kat:3, Licht: 0","180964","3","6","2","05","08","4","0","0","1","0","0","0"
"POINT (8.624588913000025 50.107750018000047)","Unfall 180965 (2020) Kat:3, Licht: 0","180965","3","3","6","05","15","4","0","0","0","1","1","0"
"POINT (8.627131730000031 50.132043877000058)","Unfall 180966 (2020) Kat:2, Licht: 0","180966","2","7","6","05","12","4","0","0","0","0","1","0"
"POINT (8.680126520000044 50.096410215000049)","Unfall 180967 (2020) Kat:3, Licht: 0","180967","3","3","5","05","08","4","0","0","1","1","0","0"
"POINT (8.659666307000066 50.119089337000048)","Unfall 180968 (2020) Kat:3, Licht: 0","180968","3","2","3","05","20","4","0","0","1","1","0","0"
"POINT (8.693427526000050 50.129075790000059)","Unfall 180971 (2020) Kat:3, Licht: 0","180971","3","2","8","05","14","4","0","0","0","0","0","1"
"POINT (8.767188447000024 50.128694441000050)","Unfall 180975 (2020) Kat:3, Licht: 0","180975","3","5","5","05","14","4","0","0","1","0","0","0"
"POINT (8.668032317000041 50.107369008000035)","Unfall 180978 (2020) Kat:3, Licht: 0","180978","3","5","1","05","17","4","0","0","1","1","0","0"
"POINT (8.684431828000072 50.102202867000074)","Unfall 180997 (2020) Kat:3, Licht: 0","180997","3","7","5","06","12","3","0","0","0","1","0","0"
"POINT (8.619294032000028 50.102249416000063)","Unfall 181000 (2020) Kat:3, Licht: 0","181000","3","5","1","05","07","3","0","0","0","1","0","0"