WKT,Name,OBJECTID,UKATEGORIE,UTYP1,UART,UMONAT,USTUNDE,UWOCHENTAG,STRZUSTAND,ULICHTVERH,ISTRAD,ISTPKW,ISTFUSS,ISTKRAD
"POINT (8.639278152000031 50.187224813000057)","Unfall 181001 (2020) Kat:3, Licht: 0","181001","3","5","5","05","16","3","0","0","1","1","0","0"
"POINT (8.552898677000030 50.091439127000058)","Unfall 181003 (2020) Kat:3, Licht: 0","181003","3","6","2","05","17","3","0","0","0","1","0","0"
"POINT (8.656659113000046 50.129570675000082)","Unfall 181006 (2020) Kat:3, Licht: 0","181006","3","6","2","05","16","3","0","0","0","1","0","0"
"POINT (8.695273593000024 50.115714617000037)","Unfall 181009 (2020) Kat:3, Licht: 0","181009","3","2","3","05","15","3","0","0","1","0","0","0"
"POINT (8.687749115000031 50.116306480000048)","Unfall 181010 (2020) Kat:3, Licht: 0","181010","3","6","2","05","16","3","0","0","0","1","0","0"
"POINT (8.668040658000052 50.108291046000033)","Unfall 181042 (2020) Kat:3, Licht: 0","181042","3","4","6","05","08","2","0","0","0","1","1","0"
"POINT (8.659001349000050 50.121604427000079)","Unfall 181044 (2020) Kat:3, Licht: 0","181044","3","6","1","05","18","2","0","0","1","1","0","0"
"POINT (8.684759424000049 50.109402021000051)","Unfall 181046 (2020) Kat:3, Licht: 0","181046","3","7","6","05","19","2","0","0","1","0","1","0"
"POINT (8.673626639000077 50.123271837000061)","Unfall 181052 (2020) Kat:3, Licht: 1","181052","3","3","5","06","21","3","0","1","1","0","0","0"
"POINT (8.519348935000039 50.025228986000059)","Unfall 181053 (2020) Kat:3, Licht: 0","181053","3","1","0","05","06","1","0","0","1","0","0","0"
"POINT (8.716250055000046 50.138163663000057)","Unfall 181055 (2020) Kat:3, Licht: 0","181055","3","6","4","06","14","2","0","0","1","1","0","0"
"POINT (8.754830236000032 50.151767911000036)","Unfall 181057 (2020) Kat:3, Licht: 0","181057","3","1","8","05","16","2","0","0","0","1","0","0"
"POINT (8.687701254000046 50.109659875000034)","Unfall 181063 (2020) Kat:3, Licht: 0","181063","3","2","4","05","19","1","0","0","1","1","0","0"
"POINT (8.558081476000041 50.022421971000028)","Unfall 181068 (2020) Kat:3, Licht: 0","181068","3","6","2","05","15","3","0","0","0","1","0","0"
"POINT (8.667521009000041 50.138251842000045)","Unfall 181093 (2020) Kat:3, Licht: 0","181093","3","3","5","06","07","3","0","0","1","1","0","0"
"POINT (8.749437426000043 50.156131503000040)","Unfall 181100 (2020) Kat:3, Licht: 0","181100","3","3","5","05","18","7","0","0","0","1","0","0"
"POINT (8.645176934000062 50.121899280000036)","Unfall 181103 (2020) Kat:3, Licht: 0","181103","3","6","3","05","14","3","0","0","1","1","0","0"
"POINT (8.543977640000037 50.102060005000055)","Unfall 181107 (2020) Kat:3, Licht: 0","181107","3","3","5","05","14","6","0","0","0","1","0","0"
"POINT (8.654994503000069 50.136176830000068)","Unfall 181108 (2020) Kat:2, Licht: 0","181108","2","7","0","05","18","6","0","0","0","1","1","0"
"POINT (8.676964003000023 50.099732451000079)","Unfall 181109 (2020) Kat:3, Licht: 0","181109","3","6","3","05","15","6","0","0","1","1","0","0"
"POINT (8.689070574000027 50.098244442000066)","Unfall 181113 (2020) Kat:2, Licht: 0","181113","2","4","6","05","19","3","0","0","1","0","1","0"
"POINT (8.632823920000021 50.098484592000034)","Unfall 181122 (2020) Kat:3, Licht: 0","181122","3","5","1","05","14","3","0","0","1","1","0","0"
"POINT (8.670406736000075 50.121637300000032)","Unfall 181123 (2020) Kat:2, Licht: 0","181123","2","3","5","06","20","2","0","0","0","1","0","0"
"POINT (8.682021573000043 50.109506873000043)","Unfall 181124 (2020) Kat:3, Licht: 0","181124","3","6","3","06","19","6","0","0","1","0","0","0"
"POINT (8.619597698000064 50.178248723000081)","Unfall 181126 (2020) Kat:3, Licht: 0","181126","3","3","5","06","18","6","0","0","1","1","0","0"
"POINT (8.692088644000023 50.127350764000028)","Unfall 181135 (2020) Kat:3, Licht: 1","181135","3","2","6","06","04","5","1","1","0","1","1","0"
"POINT (8.620977438000068 50.176071985000078)","Unfall 181136 (2020) Kat:3, Licht: 0","181136","3","3","5","06","09","6","0","0","0","1","0","0"
"POINT (8.686729031000027 50.118365943000072)","Unfall 181140 (2020) Kat:2, Licht: 0","181140","2","3","5","06","11","2","0","0","0","1","0","1"
"POINT (8.707114593000028 50.096393405000072)","Unfall 181142 (2020) Kat:3, Licht: 0","181142","3","3","5","06","17","2","0","0","1","1","0","0"
"POINT (8.665909751000072 50.119552303000034)","Unfall 181143 (2020) Kat:3, Licht: 0","181143","3","3","5","06","15","7","0","0","0","1","0","0"
"POINT (8.684509261000073 50.128424031000065)","Unfall 181144 (2020) Kat:3, Licht: 0","181144","3","7","0","06","19","6","1","0","0","0","0","1"
"POINT (8.661490757000024 50.150096629000075)","Unfall 181150 (2020) Kat:3, Licht: 0","181150","3","7","0","06","09","2","0","0","1","0","0","0"
"POINT (8.675428176000025 50.107409465000046)","Unfall 181162 (2020) Kat:3, Licht: 2","181162","3","6","2","06","22","4","0","2","0","1","0","0"
"POINT (8.618293127000072 50.148324841000033)","Unfall 181168 (2020) Kat:3, Licht: 0","181168","3","7","6","06","19","6","0","0","0","1","1","0"
"POINT (8.642611179000028 50.108589898000048)","Unfall 181181 (2020) Kat:2, Licht: 0","181181","2","6","3","06","19","7","0","0","0","1","0","0"
"POINT (8.678292853000073 50.122639035000077)","Unfall 181199 (2020) Kat:3, Licht: 0","181199","3","2","5","06","12","2","0","0","1","0","0","0"
"POINT (8.538705294000067 50.102716691000069)","Unfall 181205 (2020) Kat:3, Licht: 0","181205","3","3","5","06","09","5","0","0","1","1","0","0"
"POINT (8.601201500000059 50.079945836000036)","Unfall 181207 (2020) Kat:2, Licht: 0","181207","2","1","0","06","16","2","0","0","1","0","0","0"
"POINT (8.648597520000067 50.121130537000056)","Unfall 181210 (2020) Kat:3, Licht: 0","181210","3","4","6","06","11","2","0","0","1","0","1","0"
"POINT (8.583796000000064 50.087041362000036)","Unfall 181221 (2020) Kat:3, Licht: 0","181221","3","6","2","06","16","6","0","0","1","1","0","0"
"POINT (8.592750869000042 50.098080408000044)","Unfall 181222 (2020) Kat:2, Licht: 0","181222","2","2","5","06","16","5","1","0","0","1","0","0"
"POINT (8.690058050000062 50.160302050000041)","Unfall 181223 (2020) Kat:3, Licht: 0","181223","3","3","5","06","18","6","0","0","1","1","0","0"
"POINT (8.654651611000077 50.165881842000033)","Unfall 181224 (2020) Kat:3, Licht: 0","181224","3","6","4","06","11","7","0","0","1","1","0","0"
"POINT (8.652343989000030 50.089518260000034)","Unfall 181226 (2020) Kat:3, Licht: 0","181226","3","6","3","06","10","5","1","0","0","1","0","0"
"POINT (8.613102470000058 50.126652382000032)","Unfall 181228 (2020) Kat:3, Licht: 0","181228","3","3","5","06","18","7","0","0","1","1","0","0"
"POINT (8.687387494000063 50.117026105000036)","Unfall 181231 (2020) Kat:2, Licht: 0","181231","2","4","6","06","08","3","0","0","0","0","1","0"
"POINT (8.698400051000021 50.108937960000048)","Unfall 181234 (2020) Kat:3, Licht: 0","181234","3","5","1","06","17","1","0","0","0","1","0","1"
"POINT (8.654468522000059 50.119905872000061)","Unfall 181236 (2020) Kat:3, Licht: 0","181236","3","6","2","06","17","5","1","0","0","1","0","0"
"POINT (8.606595368000058 50.078681853000035)","Unfall 181238 (2020) Kat:3, Licht: 0","181238","3","3","5","06","19","7","0","0","1","1","0","0"
"POINT (8.686664818000054 50.118383136000034)","Unfall 181239 (2020) Kat:3, Licht: 0","181239","3","5","1","06","10","4","0","0","1","1","0","0"
"POINT (8.776982878000069 50.138625893000039)","Unfall 181240 (2020) Kat:3, Licht: 0","181240","3","3","5","06","18","3","1","0","1","1","0","0"
"POINT (8.563347012000065 50.119931259000055)","Unfall 181242 (2020) Kat:3, Licht: 0","181242","3","1","0","06","20","2","1","0","0","0","0","1"
"POINT (8.696228771000051 50.121508016000064)","Unfall 181247 (2020) Kat:3, Licht: 0","181247","3","3","5","06","12","5","1","0","1","1","0","0"
"POINT (8.687761329000068 50.109600498000077)","Unfall 181249 (2020) Kat:3, Licht: 0","181249","3","2","0","06","13","5","1","0","1","1","0","0"
"POINT (8.683714224000028 50.131709918000070)","Unfall 181251 (2020) Kat:3, Licht: 2","181251","3","3","5","06","01","5","1","2","1","1","0","0"
"POINT (8.608944808000047 50.124346320000029)","Unfall 181256 (2020) Kat:3, Licht: 0","181256","3","6","6","06","13","1","0","0","0","1","1","0"
"POINT (8.687852448000058 50.109631212000068)","Unfall 181257 (2020) Kat:3, Licht: 0","181257","3","2","3","06","17","2","1","0","1","1","0","0"
"POINT (8.652770371000031 50.090804141000035)","Unfall 181261 (2020) Kat:2, Licht: 0","181261","2","3","5","06","09","7","0","0","1","0","0","0"
"POINT (8.668449308000049 50.131703709000078)","Unfall 181268 (2020) Kat:3, Licht: 0","181268","3","3","5","06","16","2","0","0","1","0","0","1"
"POINT (8.708675984000024 50.131003971000041)","Unfall 181274 (2020) Kat:3, Licht: 0","181274","3","1","0","06","15","7","0","0","0","0","0","1"
"POINT (8.707133583000029 50.116625379000027)","Unfall 181280 (2020) Kat:2, Licht: 0","181280","2","3","0","06","07","4","1","0","1","1","0","0"
"POINT (8.686305190000041 50.131027124000070)","Unfall 181294 (2020) Kat:3, Licht: 0","181294","3","7","1","06","11","1","0","0","1","1","0","0"
"POINT (8.746287323000047 50.131161298000052)","Unfall 181298 (2020) Kat:3, Licht: 0","181298","3","3","5","06","13","6","0","0","1","1","0","0"
"POINT (8.753748116000054 50.148361839000074)","Unfall 181302 (2020) Kat:3, Licht: 0","181302","3","5","1","06","18","3","1","0","1","1","0","0"
"POINT (8.668586049000055 50.115934643000060)","Unfall 181318 (2020) Kat:3, Licht: 0","181318","3","7","6","06","17","2","1","0","1","0","1","0"
"POINT (8.688252916000067 50.122317851000048)","Unfall 181319 (2020) Kat:3, Licht: 0","181319","3","6","4","06","17","7","0","0","1","1","0","0"
"POINT (8.670901967000077 50.116129681000075)","Unfall 181323 (2020) Kat:3, Licht: 0","181323","3","6","2","06","19","4","0","0","0","1","0","0"
"POINT (8.544756990000053 50.079623758000082)","Unfall 181326 (2020) Kat:3, Licht: 0","181326","3","7","0","06","15","2","0","0","0","1","0","0"
"POINT (8.682221719000040 50.109118346000059)","Unfall 181329 (2020) Kat:3, Licht: 0","181329","3","3","5","06","08","4","0","0","1","0","0","0"
"POINT (8.674436493000030 50.109595162000062)","Unfall 181333 (2020) Kat:3, Licht: 0","181333","3","6","1","06","17","4","0","0","0","1","0","0"
"POINT (8.692519967000067 50.109279712000045)","Unfall 181336 (2020) Kat:3, Licht: 0","181336","3","6","2","06","16","4","0","0","0","1","0","0"
"POINT (8.684772319000047 50.151531333000037)","Unfall 181342 (2020) Kat:3, Licht: 0","181342","3","7","0","06","14","6","0","0","0","1","1","0"
"POINT (8.662779374000024 50.090917996000030)","Unfall 181350 (2020) Kat:3, Licht: 0","181350","3","6","2","06","06","3","1","0","0","1","0","0"
"POINT (8.612126820000071 50.140283458000056)","Unfall 181352 (2020) Kat:3, Licht: 0","181352","3","6","2","06","17","1","0","0","1","1","0","1"
"POINT (8.677300785000057 50.099441151000065)","Unfall 181357 (2020) Kat:3, Licht: 0","181357","3","3","5","06","08","4","0","0","1","0","0","0"
"POINT (8.653317238000057 50.128515305000064)","Unfall 181358 (2020) Kat:3, Licht: 0","181358","3","7","1","06","08","3","0","0","1","1","0","0"
"POINT (8.692035435000037 50.126980498000080)","Unfall 181373 (2020) Kat:3, Licht: 0","181373","3","4","6","06","12","2","0","0","0","1","1","0"
"POINT (8.537734320000027 50.108262289000038)","Unfall 181377 (2020) Kat:2, Licht: 1","181377","2","4","6","06","21","4","1","1","0","0","1","0"
"POINT (8.687785668000061 50.090690032000055)","Unfall 181379 (2020) Kat:3, Licht: 0","181379","3","7","1","06","18","5","0","0","1","0","0","0"
"POINT (8.661509353000042 50.160629042000039)","Unfall 181385 (2020) Kat:3, Licht: 0","181385","3","6","4","06","19","2","0","0","1","0","0","1"
"POINT (8.707885777000058 50.126261605000082)","Unfall 181396 (2020) Kat:3, Licht: 0","181396","3","7","6","06","14","2","0","0","0","0","1","0"
"POINT (8.669820023000057 50.105607548000080)","Unfall 181407 (2020) Kat:2, Licht: 0","181407","2","3","5","06","16","1","0","0","1","1","0","0"
"POINT (8.687917044000074 50.114751041000034)","Unfall 181411 (2020) Kat:3, Licht: 0","181411","3","7","3","06","07","4","0","0","0","1","0","0"
"POINT (8.671416196000052 50.089412865000043)","Unfall 181432 (2020) Kat:3, Licht: 0","181432","3","4","6","06","14","3","0","0","0","0","1","0"
"POINT (8.700390870000035 50.138399107000055)","Unfall 181434 (2020) Kat:3, Licht: 0","181434","3","6","2","06","18","3","0","0","1","1","0","0"
"POINT (8.693061658000033 50.128873582000040)","Unfall 181436 (2020) Kat:3, Licht: 0","181436","3","3","5","06","14","3","0","0","0","1","0","0"
"POINT (8.683645363000039 50.150566310000045)","Unfall 181457 (2020) Kat:3, Licht: 0","181457","3","2","5","07","16","4","0","0","1","1","0","0"
"POINT (8.667569539000056 50.097058117000074)","Unfall 181461 (2020) Kat:3, Licht: 0","181461","3","7","4","07","07","6","0","0","1","0","1","0"
"POINT (8.666729583000063 50.156941638000035)","Unfall 181469 (2020) Kat:3, Licht: 0","181469","3","6","4","07","14","4","0","0","1","1","0","0"
"POINT (8.684869903000049 50.116308092000054)","Unfall 181497 (2020) Kat:3, Licht: 2","181497","3","4","6","07","02","7","0","2","0","1","1","0"
"POINT (8.680416244000071 50.094810790000054)","Unfall 181502 (2020) Kat:2, Licht: 0","181502","2","1","0","06","17","1","1","0","1","0","0","0"
"POINT (8.653587880000032 50.080245998000066)","Unfall 181503 (2020) Kat:3, Licht: 0","181503","3","6","2","06","07","2","0","0","0","1","0","0"
"POINT (8.681335205000039 50.123085640000056)","Unfall 181504 (2020) Kat:3, Licht: 2","181504","3","3","5","06","01","1","0","2","1","1","0","0"
"POINT (8.692844786000023 50.104368020000038)","Unfall 181508 (2020) Kat:2, Licht: 0","181508","2","4","6","07","08","5","0","0","0","0","1","1"
"POINT (8.658897061000062 50.095730327000069)","Unfall 181510 (2020) Kat:3, Licht: 2","181510","3","3","5","06","21","2","0","2","0","1","0","0"
"POINT (8.677789022000070 50.105431628000076)","Unfall 181511 (2020) Kat:3, Licht: 0","181511","3","2","2","07","15","4","0","0","1","1","0","0"
"POINT (8.634462635000034 50.105751660000067)","Unfall 181514 (2020) Kat:3, Licht: 0","181514","3","7","1","06","17","2","0","0","0","1","0","1"
"POINT (8.734375310000075 50.141860425000061)","Unfall 181515 (2020) Kat:3, Licht: 0","181515","3","7","9","07","12","4","0","0","0","1","0","0"
"POINT (8.687684229000070 50.104117346000066)","Unfall 181521 (2020) Kat:3, Licht: 2","181521","3","7","6","06","02","7","0","2","0","1","1","0"
"POINT (8.699765298000045 50.128777148000040)","Unfall 181522 (2020) Kat:3, Licht: 0","181522","3","6","2","06","17","7","0","0","0","1","0","0"
"POINT (8.642298203000053 50.104909750000047)","Unfall 181524 (2020) Kat:3, Licht: 0","181524","3","7","1","07","16","4","0","0","0","0","0","1"
"POINT (8.685615056000074 50.118372491000059)","Unfall 181534 (2020) Kat:3, Licht: 0","181534","3","2","2","07","11","6","0","0","0","1","0","1"
"POINT (8.562991439000030 50.117465825000068)","Unfall 181557 (2020) Kat:3, Licht: 0","181557","3","3","4","06","07","6","0","0","1","1","0","0"
"POINT (8.691670693000049 50.116024410000080)","Unfall 181559 (2020) Kat:3, Licht: 0","181559","3","6","2","07","16","4","0","0","0","1","0","0"
"POINT (8.743099072000064 50.131893246000061)","Unfall 181560 (2020) Kat:3, Licht: 0","181560","3","3","5","06","17","6","0","0","0","1","0","0"
"POINT (8.757735100000048 50.121840592000069)","Unfall 181562 (2020) Kat:3, Licht: 0","181562","3","7","5","06","13","6","0","0","1","0","0","0"
"POINT (8.672007919000066 50.110769700000048)","Unfall 181563 (2020) Kat:3, Licht: 0","181563","3","6","2","06","14","6","0","0","0","1","0","0"
"POINT (8.627885973000048 50.112447342000053)","Unfall 181566 (2020) Kat:3, Licht: 0","181566","3","1","0","06","16","1","0","0","1","0","0","0"
"POINT (8.709811857000034 50.133490837000068)","Unfall 181573 (2020) Kat:2, Licht: 2","181573","2","1","1","06","02","1","0","2","0","1","0","0"
"POINT (8.662817852000046 50.111414679000063)","Unfall 181579 (2020) Kat:3, Licht: 0","181579","3","2","5","07","16","6","0","0","1","1","0","0"
"POINT (8.697830142000044 50.115556603000073)","Unfall 181584 (2020) Kat:2, Licht: 2","181584","2","1","0","06","00","1","0","2","0","0","0","0"
"POINT (8.658184003000031 50.116140830000063)","Unfall 181591 (2020) Kat:3, Licht: 2","181591","3","3","5","06","22","5","0","2","1","1","0","0"
"POINT (8.689393126000027 50.101381416000038)","Unfall 181593 (2020) Kat:3, Licht: 0","181593","3","3","5","06","15","5","0","0","0","1","0","1"
"POINT (8.708688311000060 50.130996505000041)","Unfall 181595 (2020) Kat:3, Licht: 0","181595","3","7","0","06","08","5","0","0","1","1","0","0"
"POINT (8.713866215000053 50.127905603000045)","Unfall 181596 (2020) Kat:3, Licht: 1","181596","3","7","1","06","21","5","0","1","1","1","0","0"
"POINT (8.642229738000026 50.091860792000034)","Unfall 181598 (2020) Kat:3, Licht: 0","181598","3","6","6","07","08","7","0","0","1","0","1","0"
"POINT (8.668367615000022 50.108374189000074)","Unfall 181599 (2020) Kat:2, Licht: 0","181599","2","5","1","06","15","5","0","0","1","1","0","0"
"POINT (8.677832524000053 50.123158561000082)","Unfall 181601 (2020) Kat:2, Licht: 0","181601","2","1","0","06","18","5","0","0","0","0","0","0"
"POINT (8.625397483000029 50.100557447000028)","Unfall 181627 (2020) Kat:3, Licht: 0","181627","3","7","1","07","10","5","0","0","1","1","0","0"
"POINT (8.529637980000075 50.107996598000057)","Unfall 181634 (2020) Kat:3, Licht: 0","181634","3","7","5","06","17","4","0","0","1","0","0","0"
"POINT (8.646553055000027 50.136990029000060)","Unfall 181635 (2020) Kat:3, Licht: 0","181635","3","3","5","06","18","4","0","0","1","1","0","0"
"POINT (8.669850005000058 50.105584995000072)","Unfall 181637 (2020) Kat:3, Licht: 0","181637","3","3","5","06","11","4","0","0","1","1","0","0"
"POINT (8.672567577000052 50.118992541000068)","Unfall 181639 (2020) Kat:2, Licht: 0","181639","2","3","5","06","10","4","0","0","1","1","0","0"
"POINT (8.673924974000045 50.131830663000073)","Unfall 181642 (2020) Kat:3, Licht: 0","181642","3","6","0","06","16","4","0","0","1","1","0","0"
"POINT (8.676948511000035 50.115741785000068)","Unfall 181643 (2020) Kat:3, Licht: 0","181643","3","7","4","06","15","4","0","0","0","1","0","0"
"POINT (8.701467186000059 50.130912027000079)","Unfall 181650 (2020) Kat:3, Licht: 0","181650","3","3","5","07","11","6","0","0","1","0","0","0"
"POINT (8.714783824000051 50.116628967000054)","Unfall 181665 (2020) Kat:3, Licht: 0","181665","3","6","3","06","10","7","0","0","0","1","0","1"
"POINT (8.732309053000051 50.128779810000026)","Unfall 181666 (2020) Kat:3, Licht: 0","181666","3","7","1","06","17","4","0","0","1","1","0","0"
"POINT (8.656489546000046 50.106752972000038)","Unfall 181672 (2020) Kat:3, Licht: 0","181672","3","3","5","06","11","7","0","0","1","1","0","0"
"POINT (8.683709942000064 50.118904243000031)","Unfall 181674 (2020) Kat:2, Licht: 2","181674","2","6","3","06","00","7","0","2","0","1","0","0"
"POINT (8.698485223000034 50.121596928000031)","Unfall 181679 (2020) Kat:3, Licht: 2","181679","3","1","0","07","22","5","0","2","1","1","0","0"
"POINT (8.600505392000059 50.111489397000071)","Unfall 181680 (2020) Kat:2, Licht: 0","181680","2","3","4","06","17","3","0","0","1","1","0","0"
"POINT (8.655349699000055 50.189147114000036)","Unfall 181682 (2020) Kat:3, Licht: 0","181682","3","6","2","06","07","3","0","0","0","1","0","0"
"POINT (8.649511752000024 50.127350650000039)","Unfall 181684 (2020) Kat:3, Licht: 0","181684","3","3","5","06","18","3","0","0","1","1","0","0"
"POINT (8.671023199000047 50.115396616000055)","Unfall 181687 (2020) Kat:3, Licht: 0","181687","3","3","5","06","19","3","0","0","1","1","0","0"
"POINT (8.675714067000058 50.120969610000031)","Unfall 181689 (2020) Kat:3, Licht: 0","181689","3","2","5","06","16","3","0","0","1","1","0","0"
"POINT (8.569210592000047 50.100014311000052)","Unfall 181691 (2020) Kat:3, Licht: 0","181691","3","4","6","07","17","6","0","0","0","1","1","0"
"POINT (8.686371948000044 50.123230286000080)","Unfall 181699 (2020) Kat:3, Licht: 0","181699","3","1","0","07","11","4","1","0","0","0","0","1"
"POINT (8.621352053000067 50.180736639000031)","Unfall 181701 (2020) Kat:2, Licht: 0","181701","2","3","5","07","16","2","0","0","1","1","0","0"
"POINT (8.619008419000068 50.112817036000081)","Unfall 181705 (2020) Kat:3, Licht: 0","181705","3","3","5","07","18","5","0","0","1","1","0","0"
"POINT (8.679755119000049 50.094437707000054)","Unfall 181708 (2020) Kat:3, Licht: 0","181708","3","6","0","07","06","3","0","0","1","0","0","0"
"POINT (8.642779578000045 50.175090601000079)","Unfall 181717 (2020) Kat:3, Licht: 0","181717","3","6","2","07","15","3","0","0","0","1","0","0"
"POINT (8.628913145000070 50.178149713000039)","Unfall 181721 (2020) Kat:3, Licht: 0","181721","3","7","2","07","14","6","0","0","0","1","0","0"
"POINT (8.629285918000051 50.155185050000057)","Unfall 181722 (2020) Kat:3, Licht: 0","181722","3","3","5","07","10","3","0","0","1","1","0","0"
"POINT (8.661682709000047 50.193138415000078)","Unfall 181726 (2020) Kat:3, Licht: 0","181726","3","6","2","07","18","3","0","0","0","1","0","0"
"POINT (8.649311428000033 50.093323495000050)","Unfall 181728 (2020) Kat:3, Licht: 0","181728","3","6","2","07","08","3","0","0","0","1","0","0"
"POINT (8.674980246000075 50.101622918000032)","Unfall 181731 (2020) Kat:3, Licht: 0","181731","3","1","8","07","06","3","0","0","0","1","0","0"
"POINT (8.651592039000036 50.190721369000073)","Unfall 181733 (2020) Kat:3, Licht: 0","181733","3","2","2","07","21","1","0","0","0","1","0","0"
"POINT (8.683826531000022 50.129622919000042)","Unfall 181736 (2020) Kat:3, Licht: 0","181736","3","6","3","07","16","3","0","0","1","1","0","0"
"POINT (8.615293093000048 50.128290923000066)","Unfall 181738 (2020) Kat:2, Licht: 0","181738","2","4","6","07","18","4","0","0","0","1","1","0"
"POINT (8.680983274000027 50.120281400000067)","Unfall 181740 (2020) Kat:3, Licht: 0","181740","3","5","1","07","18","3","0","0","1","1","0","0"
"POINT (8.679151874000070 50.103880351000043)","Unfall 181748 (2020) Kat:3, Licht: 0","181748","3","5","1","07","17","2","0","0","1","1","0","0"
"POINT (8.615713911000057 50.128619321000031)","Unfall 181752 (2020) Kat:2, Licht: 0","181752","2","3","5","07","11","5","0","0","0","1","0","0"
"POINT (8.696286287000021 50.115795950000063)","Unfall 181770 (2020) Kat:3, Licht: 0","181770","3","6","2","07","10","6","0","0","0","1","0","0"
"POINT (8.752574670000058 50.155120655000076)","Unfall 181773 (2020) Kat:3, Licht: 0","181773","3","3","5","07","16","7","0","0","1","1","0","0"
"POINT (8.696284552000066 50.184695355000031)","Unfall 181801 (2020) Kat:3, Licht: 0","181801","3","3","5","07","18","4","0","0","0","1","0","0"
"POINT (8.598556556000062 50.110986667000077)","Unfall 181802 (2020) Kat:3, Licht: 0","181802","3","2","3","07","08","2","0","0","1","1","0","0"
"POINT (8.686295709000035 50.124465414000042)","Unfall 181804 (2020) Kat:3, Licht: 2","181804","3","3","5","07","22","7","0","2","1","1","0","0"
"POINT (8.632331937000060 50.188867864000031)","Unfall 181805 (2020) Kat:3, Licht: 0","181805","3","4","6","07","17","2","0","0","0","1","1","0"
"POINT (8.586718231000020 50.098547256000074)","Unfall 181806 (2020) Kat:3, Licht: 0","181806","3","2","0","07","07","5","0","0","0","1","0","1"
"POINT (8.647280342000045 50.160033160000069)","Unfall 181808 (2020) Kat:3, Licht: 0","181808","3","2","1","07","12","2","0","0","1","0","0","0"
"POINT (8.682839760000036 50.152296177000039)","Unfall 181809 (2020) Kat:3, Licht: 0","181809","3","3","0","07","14","3","0","0","0","0","0","1"
"POINT (8.659837193000044 50.116184923000048)","Unfall 181810 (2020) Kat:3, Licht: 0","181810","3","1","0","07","13","4","1","0","0","0","0","1"
"POINT (8.614116441000022 50.114258706000044)","Unfall 181814 (2020) Kat:3, Licht: 0","181814","3","3","5","07","10","2","0","0","0","1","0","0"
"POINT (8.682837967000069 50.152299254000070)","Unfall 181817 (2020) Kat:3, Licht: 0","181817","3","3","5","07","08","2","0","0","0","1","0","0"
"POINT (8.664330739000036 50.103995884000028)","Unfall 181818 (2020) Kat:3, Licht: 0","181818","3","7","0","07","09","5","1","0","1","1","0","0"
"POINT (8.666976140000031 50.153974886000071)","Unfall 181820 (2020) Kat:3, Licht: 0","181820","3","3","5","07","13","2","0","0","1","1","0","0"
"POINT (8.680705160000059 50.141377980000073)","Unfall 181822 (2020) Kat:3, Licht: 0","181822","3","5","0","07","12","4","1","0","1","0","0","0"
"POINT (8.617368988000067 50.085439064000070)","Unfall 181826 (2020) Kat:3, Licht: 0","181826","3","3","5","07","16","2","0","0","1","1","0","0"
"POINT (8.705778486000042 50.145459186000039)","Unfall 181830 (2020) Kat:3, Licht: 0","181830","3","6","2","07","16","2","0","0","0","1","0","0"
"POINT (8.679898813000023 50.116612071000077)","Unfall 181833 (2020) Kat:3, Licht: 0","181833","3","3","5","07","13","2","0","0","1","1","0","0"
"POINT (8.681658789000039 50.138247344000035)","Unfall 181841 (2020) Kat:3, Licht: 0","181841","3","6","3","07","13","4","1","0","1","1","0","0"
"POINT (8.613701737000042 50.129504031000067)","Unfall 181843 (2020) Kat:3, Licht: 0","181843","3","7","1","07","19","4","0","0","0","1","0","0"
"POINT (8.738018809000039 50.132405073000029)","Unfall 181845 (2020) Kat:3, Licht: 0","181845","3","6","2","07","14","6","0","0","0","1","0","0"
"POINT (8.624538064000035 50.175561650000077)","Unfall 181852 (2020) Kat:3, Licht: 0","181852","3","3","5","07","09","2","0","0","0","1","0","0"
"POINT (8.635324273000038 50.110536968000076)","Unfall 181856 (2020) Kat:2, Licht: 2","181856","2","1","0","07","03","5","0","2","0","0","0","0"
"POINT (8.668974867000031 50.119359056000064)","Unfall 181859 (2020) Kat:3, Licht: 0","181859","3","3","5","07","08","3","0","0","1","1","0","0"
"POINT (8.692874200000063 50.104370283000037)","Unfall 181860 (2020) Kat:3, Licht: 0","181860","3","7","0","07","11","4","1","0","1","1","0","0"
"POINT (8.617391697000073 50.096562965000032)","Unfall 181869 (2020) Kat:2, Licht: 0","181869","2","3","5","07","16","5","0","0","0","1","0","1"
"POINT (8.634862169000030 50.158489367000072)","Unfall 181873 (2020) Kat:3, Licht: 0","181873","3","6","4","07","15","6","0","0","1","0","0","0"
"POINT (8.681446437000034 50.124051546000032)","Unfall 181884 (2020) Kat:3, Licht: 2","181884","3","4","0","07","22","4","1","2","0","0","1","1"
"POINT (8.664638167000021 50.109840104000057)","Unfall 181885 (2020) Kat:3, Licht: 0","181885","3","7","6","07","15","1","0","0","0","1","1","0"
"POINT (8.673070117000066 50.103282854000042)","Unfall 181900 (2020) Kat:3, Licht: 0","181900","3","1","9","07","14","2","0","0","0","1","0","0"
"POINT (8.701098212000034 50.117522663000045)","Unfall 181905 (2020) Kat:3, Licht: 0","181905","3","6","2","07","13","7","0","0","0","1","0","0"