WKT,Name,OBJECTID,UKATEGORIE,UTYP1,UART,UMONAT,USTUNDE,UWOCHENTAG,STRZUSTAND,ULICHTVERH,ISTRAD,ISTPKW,ISTFUSS,ISTKRAD
"POINT (8.520591476000050 50.078633064000030)","Unfall 181906 (2020) Kat:2, Licht: 0","181906","2","1","0","07","11","1","0","0","1","0","0","0"
"POINT (8.694155660000035 50.110195195000074)","Unfall 181909 (2020) Kat:3, Licht: 2","181909","3","7","7","07","00","1","0","2","1","0","0","0"
"POINT (8.540261574000056 50.096590414000048)","Unfall 181910 (2020) Kat:3, Licht: 0","181910","3","5","1","07","17","3","0","0","1","1","0","0"
"POINT (8.669637108000075 50.108696959000042)","Unfall 181914 (2020) Kat:3, Licht: 2","181914","3","4","6","07","00","1","0","2","0","1","1","0"
"POINT (8.644510380000043 50.086639008000077)","Unfall 181919 (2020) Kat:3, Licht: 1","181919","3","1","0","07","16","5","1","1","0","0","0","1"
"POINT (8.677206356000056 50.124358306000033)","Unfall 181939 (2020) Kat:3, Licht: 0","181939","3","3","5","07","16","4","1","0","1","1","0","0"
"POINT (8.691482313000051 50.122836309000036)","Unfall 181941 (2020) Kat:3, Licht: 0","181941","3","2","2","07","15","4","1","0","1","1","0","0"
"POINT (8.617692848000047 50.107747458000063)","Unfall 181950 (2020) Kat:3, Licht: 0","181950","3","6","0","07","12","3","0","0","0","0","0","0"
"POINT (8.694145191000075 50.105054536000068)","Unfall 181954 (2020) Kat:3, Licht: 0","181954","3","6","0","07","19","3","0","0","1","1","0","0"
"POINT (8.709844399000076 50.127163828000050)","Unfall 181956 (2020) Kat:3, Licht: 0","181956","3","6","3","07","10","3","0","0","0","1","0","1"
"POINT (8.530439425000054 50.101582265000047)","Unfall 181958 (2020) Kat:3, Licht: 0","181958","3","2","3","07","06","6","0","0","1","0","0","0"
"POINT (8.696448243000077 50.114442005000058)","Unfall 181960 (2020) Kat:3, Licht: 0","181960","3","6","3","07","16","3","0","0","0","0","1","0"
"POINT (8.501470439000059 50.093752096000060)","Unfall 181966 (2020) Kat:3, Licht: 0","181966","3","6","4","07","19","4","0","0","1","0","0","1"
"POINT (8.666370714000038 50.114418794000073)","Unfall 181968 (2020) Kat:3, Licht: 0","181968","3","3","5","07","13","4","0","0","1","1","0","0"
"POINT (8.682437191000076 50.101257404000080)","Unfall 181970 (2020) Kat:3, Licht: 0","181970","3","3","5","07","13","4","0","0","1","1","0","0"
"POINT (8.701544153000043 50.122042794000038)","Unfall 181971 (2020) Kat:3, Licht: 0","181971","3","6","3","07","17","4","0","0","0","1","0","1"
"POINT (8.669963286000041 50.124386221000066)","Unfall 181972 (2020) Kat:2, Licht: 0","181972","2","2","5","07","19","4","0","0","1","1","0","0"
"POINT (8.771565360000068 50.119226225000034)","Unfall 181997 (2020) Kat:3, Licht: 0","181997","3","2","3","07","18","3","0","0","1","1","0","0"
"POINT (8.649177387000066 50.117057903000045)","Unfall 182005 (2020) Kat:3, Licht: 0","182005","3","7","0","07","10","6","0","0","0","1","0","0"
"POINT (8.554308245000073 50.105661180000027)","Unfall 182010 (2020) Kat:3, Licht: 0","182010","3","3","5","07","09","3","0","0","1","0","0","0"
"POINT (8.694929962000060 50.099884388000078)","Unfall 182012 (2020) Kat:3, Licht: 0","182012","3","3","5","07","11","3","0","0","1","1","0","0"
"POINT (8.676563963000035 50.109529106000082)","Unfall 182014 (2020) Kat:3, Licht: 2","182014","3","1","0","07","23","3","0","2","0","0","0","0"
"POINT (8.576398329000028 50.131651808000072)","Unfall 182017 (2020) Kat:3, Licht: 0","182017","3","2","5","07","09","2","0","0","1","0","0","0"
"POINT (8.590927576000070 50.097266726000043)","Unfall 182021 (2020) Kat:3, Licht: 0","182021","3","7","1","07","09","2","0","0","0","1","0","0"
"POINT (8.614126044000045 50.114215170000080)","Unfall 182027 (2020) Kat:3, Licht: 0","182027","3","3","5","07","13","2","0","0","0","1","0","0"
"POINT (8.544053784000028 50.100782769000034)","Unfall 182028 (2020) Kat:3, Licht: 0","182028","3","7","5","07","07","2","0","0","0","1","0","0"
"POINT (8.597401240000067 50.104350532000069)","Unfall 182030 (2020) Kat:3, Licht: 0","182030","3","7","5","07","09","2","0","0","0","1","0","1"
"POINT (8.680169901000056 50.102580272000068)","Unfall 182031 (2020) Kat:3, Licht: 0","182031","3","4","6","07","15","2","0","0","0","1","1","0"
"POINT (8.644860465000022 50.166392969000071)","Unfall 182032 (2020) Kat:2, Licht: 0","182032","2","4","6","07","14","2","0","0","0","0","1","0"
"POINT (8.670797331000074 50.119677418000038)","Unfall 182033 (2020) Kat:3, Licht: 0","182033","3","2","6","07","11","2","0","0","0","1","1","0"
"POINT (8.688249360000043 50.126906779000080)","Unfall 182035 (2020) Kat:3, Licht: 0","182035","3","1","0","07","11","2","0","0","1","0","0","0"
"POINT (8.668378677000021 50.116016321000075)","Unfall 182036 (2020) Kat:3, Licht: 0","182036","3","7","1","07","11","2","0","0","1","1","0","0"
"POINT (8.692959593000069 50.128792557000054)","Unfall 182039 (2020) Kat:3, Licht: 2","182039","3","6","2","07","00","2","0","2","0","1","0","0"
"POINT (8.760890696000047 50.125604035000038)","Unfall 182054 (2020) Kat:3, Licht: 0","182054","3","7","1","07","19","2","0","0","0","1","0","0"
"POINT (8.701030085000070 50.087835111000061)","Unfall 182060 (2020) Kat:3, Licht: 0","182060","3","3","5","07","18","1","0","0","1","1","0","0"
"POINT (8.540906157000052 50.101431244000025)","Unfall 182061 (2020) Kat:3, Licht: 0","182061","3","6","3","07","14","6","0","0","0","1","0","0"
"POINT (8.714062979000062 50.110367622000069)","Unfall 182062 (2020) Kat:3, Licht: 2","182062","3","1","0","07","22","1","0","2","1","0","0","0"
"POINT (8.763938922000023 50.125165091000042)","Unfall 182073 (2020) Kat:3, Licht: 0","182073","3","3","5","07","20","1","0","0","1","1","0","0"
"POINT (8.627849109000067 50.113376937000055)","Unfall 182075 (2020) Kat:3, Licht: 0","182075","3","7","0","07","09","7","1","0","0","0","0","1"
"POINT (8.685955926000077 50.112429740000039)","Unfall 182077 (2020) Kat:3, Licht: 0","182077","3","2","0","07","12","7","0","0","0","1","0","1"
"POINT (8.675910535000071 50.112291901000049)","Unfall 182079 (2020) Kat:3, Licht: 0","182079","3","6","1","07","14","7","0","0","1","0","0","1"
"POINT (8.748670117000074 50.119022898000026)","Unfall 182102 (2020) Kat:2, Licht: 2","182102","2","3","5","07","02","7","0","2","0","0","0","1"
"POINT (8.534950831000060 50.114007516000072)","Unfall 182106 (2020) Kat:2, Licht: 0","182106","2","3","5","07","11","5","0","0","1","1","0","0"
"POINT (8.633783635000043 50.159530629000074)","Unfall 182113 (2020) Kat:3, Licht: 0","182113","3","6","0","07","11","6","0","0","0","1","0","0"
"POINT (8.664631583000073 50.105840155000067)","Unfall 182115 (2020) Kat:3, Licht: 2","182115","3","6","2","07","03","1","0","2","0","1","0","0"
"POINT (8.650032968000062 50.159357608000050)","Unfall 182116 (2020) Kat:3, Licht: 0","182116","3","1","0","07","12","6","0","0","1","0","0","0"
"POINT (8.671697466000069 50.110677961000079)","Unfall 182118 (2020) Kat:3, Licht: 0","182118","3","3","5","07","11","6","0","0","0","1","0","0"
"POINT (8.749316888000067 50.121716937000031)","Unfall 182128 (2020) Kat:3, Licht: 0","182128","3","2","5","07","14","6","0","0","1","1","0","0"
"POINT (8.560656795000057 50.102406983000037)","Unfall 182139 (2020) Kat:3, Licht: 0","182139","3","3","5","07","16","5","0","0","0","1","0","1"
"POINT (8.540019715000028 50.096928452000043)","Unfall 182141 (2020) Kat:3, Licht: 0","182141","3","3","5","07","17","5","0","0","0","1","0","1"
"POINT (8.571730843000069 50.095728244000043)","Unfall 182142 (2020) Kat:3, Licht: 0","182142","3","4","6","07","17","5","0","0","0","1","1","0"
"POINT (8.683003672000041 50.098944298000049)","Unfall 182144 (2020) Kat:3, Licht: 0","182144","3","1","8","07","08","5","0","0","1","0","0","0"
"POINT (8.712489723000033 50.203252474000067)","Unfall 182145 (2020) Kat:3, Licht: 0","182145","3","1","9","07","07","5","0","0","0","1","0","0"
"POINT (8.634000370000024 50.103589870000064)","Unfall 182146 (2020) Kat:3, Licht: 0","182146","3","4","6","07","16","5","0","0","0","1","1","0"
"POINT (8.660614412000030 50.118809770000041)","Unfall 182147 (2020) Kat:3, Licht: 0","182147","3","2","5","07","19","5","0","0","1","1","0","0"
"POINT (8.697568533000037 50.125601936000066)","Unfall 182148 (2020) Kat:3, Licht: 0","182148","3","7","1","07","19","5","0","0","1","1","0","0"
"POINT (8.591029794000065 50.057787766000047)","Unfall 182170 (2020) Kat:3, Licht: 0","182170","3","3","0","07","12","4","0","0","0","1","0","0"
"POINT (8.630234180000059 50.117416948000027)","Unfall 182175 (2020) Kat:3, Licht: 0","182175","3","3","5","07","13","7","0","0","1","1","0","0"
"POINT (8.679595660000075 50.103373379000061)","Unfall 182178 (2020) Kat:3, Licht: 2","182178","3","3","5","07","22","6","0","2","0","1","0","1"
"POINT (8.709015409000074 50.109107279000057)","Unfall 182180 (2020) Kat:3, Licht: 0","182180","3","7","6","07","19","7","0","0","1","0","1","0"
"POINT (8.690992616000074 50.184130387000039)","Unfall 182183 (2020) Kat:3, Licht: 0","182183","3","6","3","07","10","4","0","0","1","1","0","0"
"POINT (8.711163528000043 50.107494153000061)","Unfall 182184 (2020) Kat:3, Licht: 2","182184","3","1","0","07","02","7","0","2","0","0","0","0"
"POINT (8.696543632000044 50.120688564000034)","Unfall 182208 (2020) Kat:3, Licht: 0","182208","3","5","1","08","20","6","0","0","1","1","0","0"
"POINT (8.686377322000055 50.123311622000074)","Unfall 182212 (2020) Kat:3, Licht: 0","182212","3","7","2","08","19","5","0","0","0","0","0","1"
"POINT (8.675006453000037 50.108856435000064)","Unfall 182217 (2020) Kat:3, Licht: 0","182217","3","4","6","08","14","5","0","0","1","0","1","0"
"POINT (8.624666918000060 50.132495775000052)","Unfall 182225 (2020) Kat:3, Licht: 0","182225","3","3","5","08","14","2","0","0","1","1","0","0"
"POINT (8.718735351000021 50.121294954000064)","Unfall 182227 (2020) Kat:3, Licht: 0","182227","3","4","6","08","16","7","0","0","0","1","1","0"
"POINT (8.740148252000040 50.135108401000082)","Unfall 182228 (2020) Kat:3, Licht: 2","182228","3","7","6","08","22","7","0","2","1","0","1","0"
"POINT (8.540367907000075 50.110797593000029)","Unfall 182232 (2020) Kat:3, Licht: 0","182232","3","3","5","08","09","3","0","0","0","1","0","0"
"POINT (8.598292881000020 50.097797326000034)","Unfall 182235 (2020) Kat:3, Licht: 0","182235","3","3","6","08","19","3","0","0","1","0","1","0"
"POINT (8.720032782000033 50.124720717000059)","Unfall 182236 (2020) Kat:3, Licht: 0","182236","3","3","6","08","17","3","0","0","1","0","1","0"
"POINT (8.715426152000021 50.110807632000046)","Unfall 182238 (2020) Kat:3, Licht: 0","182238","3","7","0","08","20","3","0","0","1","0","0","0"
"POINT (8.673044523000044 50.111101608000070)","Unfall 182243 (2020) Kat:2, Licht: 0","182243","2","3","5","08","17","3","0","0","0","1","0","1"
"POINT (8.701704642000038 50.118263907000028)","Unfall 182246 (2020) Kat:3, Licht: 0","182246","3","2","5","08","15","1","0","0","1","1","0","0"
"POINT (8.664821949000043 50.153414325000028)","Unfall 182247 (2020) Kat:2, Licht: 0","182247","2","3","5","08","08","6","0","0","1","1","0","0"
"POINT (8.508739837000064 50.080036718000031)","Unfall 182250 (2020) Kat:3, Licht: 0","182250","3","3","5","08","09","4","0","0","1","1","0","0"
"POINT (8.715792927000052 50.105527868000081)","Unfall 182251 (2020) Kat:3, Licht: 0","182251","3","2","5","08","19","5","0","0","1","0","0","1"
"POINT (8.648263225000051 50.114806117000057)","Unfall 182253 (2020) Kat:3, Licht: 0","182253","3","1","0","08","11","6","0","0","1","0","0","0"
"POINT (8.605922636000059 50.146047489000068)","Unfall 182255 (2020) Kat:3, Licht: 0","182255","3","7","1","08","18","5","0","0","1","1","0","0"
"POINT (8.565456360000042 50.049919990000035)","Unfall 182273 (2020) Kat:3, Licht: 0","182273","3","6","2","08","19","5","0","0","0","1","0","0"
"POINT (8.619219620000024 50.138223462000042)","Unfall 182282 (2020) Kat:3, Licht: 2","182282","3","6","2","08","21","7","0","2","0","1","0","0"
"POINT (8.619259725000063 50.148912998000071)","Unfall 182289 (2020) Kat:3, Licht: 0","182289","3","6","4","08","15","2","0","0","1","1","0","0"
"POINT (8.675469984000074 50.140099788000043)","Unfall 182295 (2020) Kat:2, Licht: 0","182295","2","6","0","08","19","2","0","0","1","0","0","0"
"POINT (8.679222581000033 50.103799869000056)","Unfall 182299 (2020) Kat:3, Licht: 0","182299","3","5","1","08","12","2","0","0","1","1","0","0"
"POINT (8.631129666000049 50.156199093000055)","Unfall 182302 (2020) Kat:3, Licht: 0","182302","3","3","5","08","12","6","0","0","1","0","0","0"
"POINT (8.679294146000075 50.117216100000064)","Unfall 182303 (2020) Kat:3, Licht: 0","182303","3","6","0","08","09","6","0","0","0","0","0","1"
"POINT (8.636281487000076 50.116935582000053)","Unfall 182306 (2020) Kat:3, Licht: 0","182306","3","3","6","08","12","5","0","0","0","0","1","0"
"POINT (8.677510123000047 50.122797614000035)","Unfall 182308 (2020) Kat:3, Licht: 0","182308","3","6","3","08","19","2","0","0","1","1","0","0"
"POINT (8.636568930000067 50.087737416000039)","Unfall 182309 (2020) Kat:3, Licht: 0","182309","3","3","5","08","10","4","0","0","1","1","0","0"
"POINT (8.667684698000073 50.123263782000038)","Unfall 182315 (2020) Kat:3, Licht: 0","182315","3","3","5","08","11","6","0","0","1","1","0","0"
"POINT (8.684187768000072 50.125169985000070)","Unfall 182319 (2020) Kat:3, Licht: 0","182319","3","6","0","08","15","5","0","0","1","1","0","0"
"POINT (8.688234860000023 50.111476080000045)","Unfall 182324 (2020) Kat:3, Licht: 0","182324","3","3","0","08","18","5","0","0","1","0","0","0"
"POINT (8.671763786000042 50.088512087000026)","Unfall 182334 (2020) Kat:3, Licht: 2","182334","3","1","0","08","03","7","0","2","0","1","0","0"
"POINT (8.604109009000069 50.079747970000028)","Unfall 182341 (2020) Kat:3, Licht: 0","182341","3","7","5","08","09","4","0","0","0","1","0","0"
"POINT (8.624346688000060 50.181635243000073)","Unfall 182345 (2020) Kat:3, Licht: 0","182345","3","3","5","08","08","6","0","0","0","1","0","0"
"POINT (8.752488598000070 50.155125976000079)","Unfall 182347 (2020) Kat:3, Licht: 0","182347","3","3","5","08","18","2","0","0","0","1","0","0"
"POINT (8.671134270000039 50.105098205000047)","Unfall 182352 (2020) Kat:3, Licht: 0","182352","3","6","3","08","08","3","0","0","1","1","0","0"
"POINT (8.670545425000057 50.108005212000080)","Unfall 182354 (2020) Kat:3, Licht: 0","182354","3","2","0","08","13","4","0","0","0","1","0","0"
"POINT (8.615252377000047 50.113314267000078)","Unfall 182357 (2020) Kat:3, Licht: 0","182357","3","6","6","08","10","6","0","0","1","0","1","0"
"POINT (8.544597390000035 50.098023462000072)","Unfall 182359 (2020) Kat:3, Licht: 0","182359","3","3","5","08","14","4","0","0","1","1","0","0"
"POINT (8.643096035000042 50.091412552000065)","Unfall 182361 (2020) Kat:3, Licht: 0","182361","3","6","2","08","09","5","0","0","0","1","0","1"
"POINT (8.545664540000075 50.102265589000069)","Unfall 182363 (2020) Kat:3, Licht: 2","182363","3","7","1","08","23","5","0","2","0","1","0","0"
"POINT (8.672863926000048 50.106139484000039)","Unfall 182366 (2020) Kat:3, Licht: 0","182366","3","5","1","08","12","4","0","0","1","1","0","0"
"POINT (8.681548944000042 50.111847663000049)","Unfall 182368 (2020) Kat:2, Licht: 0","182368","2","5","1","08","15","6","0","0","1","1","0","0"
"POINT (8.573259635000056 50.098012820000065)","Unfall 182370 (2020) Kat:3, Licht: 0","182370","3","6","2","08","15","1","0","0","0","1","0","0"
"POINT (8.689667629000041 50.089837189000036)","Unfall 182372 (2020) Kat:2, Licht: 0","182372","2","1","1","08","21","1","0","0","0","1","0","0"
"POINT (8.635885489000032 50.114994552000041)","Unfall 182375 (2020) Kat:3, Licht: 2","182375","3","3","5","08","04","7","0","2","1","1","0","0"
"POINT (8.677735783000060 50.108056860000033)","Unfall 182388 (2020) Kat:3, Licht: 2","182388","3","6","0","08","23","7","0","2","1","0","0","0"
"POINT (8.758722550000073 50.145210525000039)","Unfall 182389 (2020) Kat:3, Licht: 0","182389","3","1","0","08","08","7","0","0","0","0","0","1"
"POINT (8.675674354000023 50.107658535000041)","Unfall 182406 (2020) Kat:3, Licht: 0","182406","3","3","5","08","13","4","0","0","1","0","0","1"
"POINT (8.644720202000030 50.106006069000045)","Unfall 182407 (2020) Kat:3, Licht: 0","182407","3","4","6","08","13","1","0","0","0","0","1","1"
"POINT (8.688863065000021 50.118494442000042)","Unfall 182408 (2020) Kat:3, Licht: 0","182408","3","3","5","08","18","6","0","0","0","1","0","0"
"POINT (8.664617116000045 50.138929150000081)","Unfall 182412 (2020) Kat:3, Licht: 0","182412","3","6","2","08","07","6","0","0","0","1","0","0"
"POINT (8.661854679000044 50.110782461000042)","Unfall 182414 (2020) Kat:3, Licht: 0","182414","3","2","2","08","18","5","0","0","0","1","0","1"
"POINT (8.659278018000066 50.115336984000066)","Unfall 182425 (2020) Kat:2, Licht: 0","182425","2","3","5","08","16","4","0","0","1","0","0","0"
"POINT (8.704946235000023 50.115385356000047)","Unfall 182426 (2020) Kat:3, Licht: 0","182426","3","2","3","08","13","5","0","0","1","1","0","0"
"POINT (8.642469192000021 50.174790778000045)","Unfall 182427 (2020) Kat:3, Licht: 2","182427","3","6","2","08","22","7","0","2","0","1","0","0"
"POINT (8.680700303000037 50.093433867000044)","Unfall 182429 (2020) Kat:3, Licht: 2","182429","3","7","1","08","03","7","0","2","0","1","0","0"
"POINT (8.686119507000058 50.113570407000054)","Unfall 182434 (2020) Kat:3, Licht: 2","182434","3","2","5","08","22","7","0","2","1","1","0","0"
"POINT (8.687688161000040 50.109626125000034)","Unfall 182436 (2020) Kat:3, Licht: 2","182436","3","3","5","08","02","7","0","2","0","1","0","0"
"POINT (8.690199084000028 50.105501785000058)","Unfall 182440 (2020) Kat:3, Licht: 0","182440","3","7","7","08","16","7","0","0","0","1","1","0"
"POINT (8.734636383000066 50.141565599000046)","Unfall 182456 (2020) Kat:3, Licht: 0","182456","3","3","5","08","09","3","0","0","1","1","0","0"
"POINT (8.648387533000062 50.161486290000028)","Unfall 182461 (2020) Kat:3, Licht: 0","182461","3","2","5","08","11","6","0","0","1","1","0","0"
"POINT (8.680166129000043 50.141255773000069)","Unfall 182465 (2020) Kat:3, Licht: 0","182465","3","6","2","08","18","5","0","0","0","1","0","1"
"POINT (8.642655076000040 50.108591831000069)","Unfall 182471 (2020) Kat:3, Licht: 0","182471","3","3","0","08","15","2","0","0","0","0","1","0"
"POINT (8.716990378000048 50.139100682000048)","Unfall 182473 (2020) Kat:3, Licht: 0","182473","3","6","2","08","08","2","0","0","0","1","0","0"
"POINT (8.691048786000067 50.122293613000068)","Unfall 182475 (2020) Kat:3, Licht: 0","182475","3","6","2","08","08","2","0","0","0","1","0","0"
"POINT (8.751446763000047 50.132521530000076)","Unfall 182495 (2020) Kat:3, Licht: 1","182495","3","6","3","08","20","2","0","1","1","1","0","0"
"POINT (8.755707757000039 50.149512287000050)","Unfall 182498 (2020) Kat:3, Licht: 0","182498","3","6","2","08","08","2","0","0","1","1","0","0"
"POINT (8.688435862000063 50.131066978000035)","Unfall 182503 (2020) Kat:3, Licht: 0","182503","3","6","2","08","18","5","0","0","0","1","0","1"
"POINT (8.596725223000021 50.096530829000073)","Unfall 182507 (2020) Kat:3, Licht: 0","182507","3","7","4","08","15","1","0","0","0","1","1","0"
"POINT (8.688012870000023 50.112363605000041)","Unfall 182508 (2020) Kat:3, Licht: 0","182508","3","4","0","08","14","1","0","0","0","0","1","1"
"POINT (8.652065368000024 50.136196372000029)","Unfall 182510 (2020) Kat:2, Licht: 0","182510","2","7","0","08","08","3","0","0","1","0","0","1"
"POINT (8.644650145000071 50.156778451000037)","Unfall 182521 (2020) Kat:3, Licht: 0","182521","3","3","1","08","17","2","1","0","0","1","0","1"
"POINT (8.670900178000068 50.118842085000040)","Unfall 182522 (2020) Kat:3, Licht: 0","182522","3","2","5","08","18","3","0","0","1","1","0","0"
"POINT (8.654006022000033 50.096862762000058)","Unfall 182524 (2020) Kat:3, Licht: 0","182524","3","7","6","08","19","4","0","0","0","0","1","0"
"POINT (8.622727742000052 50.151257664000070)","Unfall 182526 (2020) Kat:3, Licht: 0","182526","3","3","5","08","15","2","0","0","0","1","0","0"
"POINT (8.688238795000075 50.102198065000039)","Unfall 182528 (2020) Kat:3, Licht: 0","182528","3","6","0","08","08","2","1","0","1","1","0","0"
"POINT (8.707220992000032 50.147096916000066)","Unfall 182531 (2020) Kat:3, Licht: 0","182531","3","6","2","08","13","2","0","0","0","1","0","0"
"POINT (8.693698336000068 50.124107344000038)","Unfall 182532 (2020) Kat:2, Licht: 0","182532","2","1","0","08","08","2","1","0","1","0","0","0"
"POINT (8.698345858000039 50.102828515000056)","Unfall 182542 (2020) Kat:3, Licht: 0","182542","3","3","5","08","13","5","0","0","0","1","0","0"
"POINT (8.699711470000068 50.123688164000043)","Unfall 182548 (2020) Kat:3, Licht: 0","182548","3","3","5","08","18","7","0","0","1","1","0","0"
"POINT (8.691970350000077 50.127445558000034)","Unfall 182549 (2020) Kat:3, Licht: 0","182549","3","2","3","08","14","7","0","0","1","1","0","0"
"POINT (8.505741686000022 50.089035562000049)","Unfall 182583 (2020) Kat:3, Licht: 0","182583","3","4","6","08","17","6","0","0","0","1","1","0"
"POINT (8.568560370000057 50.102175645000045)","Unfall 182585 (2020) Kat:3, Licht: 0","182585","3","3","5","08","15","6","0","0","1","1","0","0"
"POINT (8.628118276000066 50.096168762000048)","Unfall 182588 (2020) Kat:2, Licht: 2","182588","2","3","5","08","01","6","0","2","0","1","0","1"
"POINT (8.664886606000039 50.140077395000048)","Unfall 182589 (2020) Kat:3, Licht: 0","182589","3","2","5","08","07","6","0","0","0","1","0","1"
"POINT (8.669888470000046 50.154115505000050)","Unfall 182605 (2020) Kat:3, Licht: 0","182605","3","3","5","08","18","1","0","0","1","0","0","0"
"POINT (8.670654911000042 50.101774393000028)","Unfall 182609 (2020) Kat:3, Licht: 0","182609","3","2","2","08","15","1","0","0","0","1","0","1"
"POINT (8.666234322000037 50.110085467000033)","Unfall 182612 (2020) Kat:3, Licht: 2","182612","3","7","1","08","03","5","0","2","0","1","1","0"
"POINT (8.667130086000043 50.109263729000077)","Unfall 182613 (2020) Kat:3, Licht: 0","182613","3","4","6","08","16","1","0","0","0","1","1","0"
"POINT (8.652370234000046 50.196498325000050)","Unfall 182614 (2020) Kat:3, Licht: 0","182614","3","2","5","08","17","5","0","0","0","1","0","0"
"POINT (8.665862566000044 50.131371385000079)","Unfall 182618 (2020) Kat:3, Licht: 0","182618","3","3","5","08","14","1","0","0","1","1","0","0"
"POINT (8.693264716000044 50.125415015000044)","Unfall 182630 (2020) Kat:2, Licht: 2","182630","2","1","0","08","21","1","0","2","1","0","0","0"
"POINT (8.562544445000071 50.119136529000059)","Unfall 182633 (2020) Kat:3, Licht: 0","182633","3","6","4","08","08","4","0","0","0","1","1","0"
"POINT (8.550895335000064 50.104661577000059)","Unfall 182652 (2020) Kat:2, Licht: 0","182652","2","4","6","08","08","5","0","0","1","0","1","0"
"POINT (8.551809868000021 50.104807553000057)","Unfall 182654 (2020) Kat:3, Licht: 0","182654","3","3","5","08","06","4","0","0","1","1","0","0"
"POINT (8.676143554000021 50.164165561000061)","Unfall 182655 (2020) Kat:3, Licht: 0","182655","3","4","6","08","13","4","0","0","0","1","1","0"
"POINT (8.634016057000054 50.155941440000049)","Unfall 182656 (2020) Kat:3, Licht: 0","182656","3","3","0","08","07","4","0","0","0","0","0","1"
"POINT (8.581394275000037 50.084498907000068)","Unfall 182657 (2020) Kat:3, Licht: 0","182657","3","2","3","08","14","4","0","0","1","1","0","0"
"POINT (8.676589462000038 50.122465475000070)","Unfall 182659 (2020) Kat:3, Licht: 0","182659","3","6","6","08","16","4","0","0","0","1","1","0"
"POINT (8.673567771000023 50.114790666000033)","Unfall 182660 (2020) Kat:3, Licht: 0","182660","3","6","3","08","08","4","0","0","1","0","0","0"
"POINT (8.693001694000031 50.113189367000075)","Unfall 182663 (2020) Kat:3, Licht: 0","182663","3","4","6","08","11","5","0","0","0","0","1","0"
"POINT (8.639583370000025 50.155065149000052)","Unfall 182682 (2020) Kat:3, Licht: 1","182682","3","3","0","08","21","7","0","1","1","0","0","0"
"POINT (8.676467792000040 50.132142987000066)","Unfall 182685 (2020) Kat:3, Licht: 0","182685","3","7","3","08","09","4","0","0","1","1","0","0"
"POINT (8.759630758000071 50.129815731000065)","Unfall 182687 (2020) Kat:3, Licht: 0","182687","3","6","3","08","17","4","0","0","1","0","0","0"
"POINT (8.641734743000029 50.163724207000030)","Unfall 182688 (2020) Kat:3, Licht: 0","182688","3","5","0","08","12","7","0","0","0","1","0","0"
"POINT (8.643631265000067 50.088767800000028)","Unfall 182689 (2020) Kat:3, Licht: 0","182689","3","3","5","08","12","7","0","0","1","1","0","0"
"POINT (8.736877538000044 50.132320701000026)","Unfall 182690 (2020) Kat:3, Licht: 0","182690","3","6","4","08","10","4","0","0","0","1","0","0"
"POINT (8.681896939000069 50.098316446000069)","Unfall 182692 (2020) Kat:3, Licht: 2","182692","3","7","1","08","02","7","0","2","1","1","0","0"
"POINT (8.675240439000049 50.096427867000045)","Unfall 182702 (2020) Kat:2, Licht: 2","182702","2","1","0","08","22","5","0","2","0","0","0","0"
"POINT (8.695093437000026 50.059103434000065)","Unfall 182703 (2020) Kat:3, Licht: 0","182703","3","2","5","08","17","7","0","0","0","1","0","1"
"POINT (8.680213138000056 50.167607888000077)","Unfall 182705 (2020) Kat:3, Licht: 0","182705","3","2","5","08","15","3","0","0","0","1","0","1"
"POINT (8.633853205000037 50.189791855000067)","Unfall 182708 (2020) Kat:3, Licht: 0","182708","3","3","4","08","12","3","0","0","1","1","0","0"
"POINT (8.660603782000067 50.161360537000064)","Unfall 182709 (2020) Kat:3, Licht: 0","182709","3","5","2","08","15","3","0","0","0","1","0","0"
"POINT (8.660962373000075 50.093859219000080)","Unfall 182710 (2020) Kat:3, Licht: 0","182710","3","4","6","08","10","3","0","0","0","1","1","0"
"POINT (8.721606645000065 50.105061112000044)","Unfall 182711 (2020) Kat:3, Licht: 0","182711","3","7","7","08","19","3","1","0","1","0","0","0"
"POINT (8.699257363000072 50.128040212000030)","Unfall 182713 (2020) Kat:3, Licht: 0","182713","3","1","1","08","17","3","1","0","1","1","0","0"
"POINT (8.702594014000056 50.125425374000031)","Unfall 182716 (2020) Kat:3, Licht: 0","182716","3","6","3","08","13","3","0","0","1","1","0","0"
"POINT (8.687009602000046 50.126286235000066)","Unfall 182717 (2020) Kat:3, Licht: 0","182717","3","5","1","08","19","3","0","0","1","1","0","0"
"POINT (8.697343262000061 50.126930056000049)","Unfall 182718 (2020) Kat:3, Licht: 0","182718","3","2","5","08","17","3","0","0","1","1","0","0"
"POINT (8.543835744000035 50.113879942000040)","Unfall 182739 (2020) Kat:3, Licht: 0","182739","3","7","5","09","13","6","0","0","1","1","0","0"
"POINT (8.669292258000041 50.138143845000059)","Unfall 182745 (2020) Kat:3, Licht: 0","182745","3","2","0","09","08","4","0","0","1","0","0","1"
"POINT (8.693011774000070 50.119884161000073)","Unfall 182748 (2020) Kat:3, Licht: 1","182748","3","7","4","09","19","3","0","1","1","0","0","0"