WKT,Name,OBJECTID,UKATEGORIE,UTYP1,UART,UMONAT,USTUNDE,UWOCHENTAG,STRZUSTAND,ULICHTVERH,ISTRAD,ISTPKW,ISTFUSS,ISTKRAD
"POINT (8.625400421000052 50.155965918000049)","Unfall 182762 (2020) Kat:3, Licht: 0","182762","3","3","5","09","14","6","0","0","1","1","0","0"
"POINT (8.686425986000074 50.115573438000069)","Unfall 182769 (2020) Kat:3, Licht: 2","182769","3","3","5","08","01","7","0","2","0","1","0","0"
"POINT (8.670483845000035 50.147158476000072)","Unfall 182776 (2020) Kat:3, Licht: 0","182776","3","5","1","09","14","6","0","0","1","1","0","0"
"POINT (8.627883265000037 50.113550829000076)","Unfall 182784 (2020) Kat:3, Licht: 0","182784","3","1","8","09","08","3","1","0","1","0","0","0"
"POINT (8.668560308000053 50.203794934000030)","Unfall 182788 (2020) Kat:3, Licht: 0","182788","3","6","4","09","17","5","0","0","1","0","0","0"
"POINT (8.685023694000051 50.090375132000077)","Unfall 182789 (2020) Kat:3, Licht: 0","182789","3","2","2","09","07","6","0","0","1","0","0","0"
"POINT (8.650684482000031 50.113965502000042)","Unfall 182791 (2020) Kat:3, Licht: 0","182791","3","6","2","09","17","2","0","0","0","1","0","0"
"POINT (8.640040904000045 50.188119619000076)","Unfall 182793 (2020) Kat:3, Licht: 0","182793","3","3","5","09","19","5","0","0","1","1","0","0"
"POINT (8.693529764000061 50.119356364000055)","Unfall 182795 (2020) Kat:3, Licht: 0","182795","3","5","1","09","18","4","0","0","1","1","0","0"
"POINT (8.691484265000042 50.150191454000037)","Unfall 182796 (2020) Kat:3, Licht: 0","182796","3","3","5","09","16","5","1","0","0","0","0","1"
"POINT (8.670396523000022 50.113697216000048)","Unfall 182798 (2020) Kat:3, Licht: 0","182798","3","4","6","09","14","3","0","0","0","1","1","0"
"POINT (8.617966665000040 50.084048810000070)","Unfall 182799 (2020) Kat:3, Licht: 0","182799","3","1","0","09","12","5","0","0","1","0","0","0"
"POINT (8.671175726000058 50.110103118000040)","Unfall 182800 (2020) Kat:3, Licht: 0","182800","3","3","5","09","16","5","1","0","1","1","0","0"
"POINT (8.687558236000029 50.116014192000080)","Unfall 182803 (2020) Kat:2, Licht: 2","182803","2","1","8","09","00","5","0","2","1","0","0","0"
"POINT (8.696372896000071 50.091697806000070)","Unfall 182806 (2020) Kat:3, Licht: 0","182806","3","5","1","09","13","7","0","0","1","0","0","0"
"POINT (8.699294251000026 50.115417429000047)","Unfall 182825 (2020) Kat:2, Licht: 0","182825","2","7","6","09","15","6","0","0","1","0","1","0"
"POINT (8.658849713000052 50.107738000000040)","Unfall 182829 (2020) Kat:2, Licht: 0","182829","2","3","5","09","16","6","0","0","0","1","0","1"
"POINT (8.668033842000057 50.108289313000057)","Unfall 182833 (2020) Kat:3, Licht: 2","182833","3","6","2","09","01","7","0","2","0","1","0","0"
"POINT (8.680221189000065 50.121094976000052)","Unfall 182839 (2020) Kat:3, Licht: 0","182839","3","2","3","09","16","6","0","0","1","1","0","0"
"POINT (8.695234516000028 50.138576608000051)","Unfall 182841 (2020) Kat:3, Licht: 0","182841","3","3","5","09","13","2","0","0","1","0","0","0"
"POINT (8.686017282000023 50.116557542000066)","Unfall 182842 (2020) Kat:3, Licht: 0","182842","3","1","8","09","18","7","0","0","0","0","0","1"
"POINT (8.704125386000044 50.127801819000069)","Unfall 182853 (2020) Kat:3, Licht: 0","182853","3","6","2","09","16","3","0","0","1","1","0","0"
"POINT (8.693928629000027 50.115249259000052)","Unfall 182861 (2020) Kat:3, Licht: 2","182861","3","1","0","09","00","4","0","2","1","0","0","0"
"POINT (8.678659017000030 50.122165095000071)","Unfall 182871 (2020) Kat:3, Licht: 0","182871","3","3","5","09","12","6","0","0","1","1","0","0"
"POINT (8.671462083000051 50.113169253000081)","Unfall 182875 (2020) Kat:3, Licht: 2","182875","3","6","0","09","03","1","0","2","0","1","0","0"
"POINT (8.675432111000021 50.110543173000053)","Unfall 182883 (2020) Kat:3, Licht: 0","182883","3","1","1","09","17","6","0","0","1","1","0","0"
"POINT (8.757614476000072 50.144380887000068)","Unfall 182888 (2020) Kat:3, Licht: 0","182888","3","3","5","09","11","7","0","0","1","1","0","0"
"POINT (8.631943644000046 50.157009056000049)","Unfall 182893 (2020) Kat:3, Licht: 0","182893","3","6","3","09","11","3","0","0","0","1","0","0"
"POINT (8.638427924000041 50.084859778000066)","Unfall 182903 (2020) Kat:3, Licht: 0","182903","3","4","6","09","15","4","0","0","0","1","1","0"
"POINT (8.662351277000028 50.131211928000027)","Unfall 182906 (2020) Kat:3, Licht: 0","182906","3","3","5","09","14","3","0","0","1","1","0","0"
"POINT (8.660762121000062 50.138826701000028)","Unfall 182910 (2020) Kat:3, Licht: 0","182910","3","7","6","09","16","4","0","0","1","0","1","0"
"POINT (8.657475734000059 50.166499194000039)","Unfall 182911 (2020) Kat:3, Licht: 0","182911","3","7","4","08","09","6","0","0","0","1","0","1"
"POINT (8.669003754000073 50.106220718000031)","Unfall 182912 (2020) Kat:3, Licht: 0","182912","3","2","3","09","16","2","0","0","1","0","0","1"
"POINT (8.631152020000059 50.103647079000041)","Unfall 182916 (2020) Kat:3, Licht: 0","182916","3","7","6","09","16","4","0","0","1","0","1","0"
"POINT (8.729636675000052 50.114036397000064)","Unfall 182917 (2020) Kat:3, Licht: 0","182917","3","3","5","08","08","6","0","0","0","1","0","0"
"POINT (8.694013920000032 50.119590541000036)","Unfall 182927 (2020) Kat:3, Licht: 0","182927","3","6","2","08","18","6","0","0","1","0","0","0"
"POINT (8.691936400000031 50.125803364000035)","Unfall 182936 (2020) Kat:3, Licht: 0","182936","3","4","6","08","07","6","1","0","0","0","1","0"
"POINT (8.669734803000040 50.098253531000069)","Unfall 182942 (2020) Kat:3, Licht: 0","182942","3","2","5","09","17","3","0","0","1","1","0","0"
"POINT (8.654958256000043 50.116519542000049)","Unfall 182949 (2020) Kat:3, Licht: 0","182949","3","5","1","09","18","2","0","0","1","1","0","0"
"POINT (8.671475611000062 50.127200394000056)","Unfall 182952 (2020) Kat:3, Licht: 0","182952","3","2","5","09","07","4","0","0","1","1","0","0"
"POINT (8.694320963000052 50.154002504000061)","Unfall 182980 (2020) Kat:2, Licht: 0","182980","2","1","0","09","15","1","0","0","1","0","0","0"
"POINT (8.566429458000073 50.099990897000055)","Unfall 182981 (2020) Kat:3, Licht: 0","182981","3","6","2","09","10","3","0","0","0","1","0","0"
"POINT (8.702348058000041 50.118074671000045)","Unfall 182983 (2020) Kat:3, Licht: 0","182983","3","6","2","08","19","2","0","0","1","1","0","0"
"POINT (8.601278913000044 50.120711656000026)","Unfall 182998 (2020) Kat:3, Licht: 0","182998","3","6","6","09","16","2","0","0","1","0","1","0"
"POINT (8.687225113000068 50.110365385000080)","Unfall 183004 (2020) Kat:3, Licht: 2","183004","3","7","1","09","23","4","0","2","1","1","0","0"
"POINT (8.659180272000072 50.112429683000073)","Unfall 183011 (2020) Kat:3, Licht: 0","183011","3","3","5","09","12","7","0","0","0","1","0","0"
"POINT (8.683931560000076 50.130284343000028)","Unfall 183016 (2020) Kat:3, Licht: 0","183016","3","2","5","09","08","2","0","0","1","0","0","0"
"POINT (8.676428340000030 50.113762490000056)","Unfall 183019 (2020) Kat:3, Licht: 0","183019","3","4","6","09","12","7","0","0","1","0","1","0"
"POINT (8.637511707000044 50.108110623000073)","Unfall 183023 (2020) Kat:3, Licht: 0","183023","3","6","0","09","07","3","0","0","1","0","0","0"
"POINT (8.643765941000027 50.121074823000072)","Unfall 183028 (2020) Kat:3, Licht: 2","183028","3","3","5","09","02","1","0","2","1","0","0","0"
"POINT (8.644609556000034 50.167057326000077)","Unfall 183029 (2020) Kat:3, Licht: 0","183029","3","1","0","09","12","2","0","0","1","0","0","0"
"POINT (8.699026477000075 50.128651994000052)","Unfall 183031 (2020) Kat:3, Licht: 2","183031","3","7","1","09","23","2","0","2","1","1","0","0"
"POINT (8.676493369000070 50.113624618000074)","Unfall 183033 (2020) Kat:3, Licht: 0","183033","3","2","3","09","10","2","0","0","1","1","0","0"
"POINT (8.692547075000050 50.131961524000076)","Unfall 183041 (2020) Kat:2, Licht: 2","183041","2","2","5","09","20","1","0","2","1","1","0","0"
"POINT (8.658857749000049 50.095804330000078)","Unfall 183044 (2020) Kat:3, Licht: 0","183044","3","3","5","09","14","4","0","0","0","1","0","0"
"POINT (8.607211194000058 50.095240641000032)","Unfall 183083 (2020) Kat:3, Licht: 0","183083","3","4","6","09","18","3","0","0","0","1","1","0"
"POINT (8.642864747000033 50.145933255000045)","Unfall 183084 (2020) Kat:3, Licht: 1","183084","3","1","0","09","06","1","0","1","0","1","0","0"
"POINT (8.490212324000027 50.094425980000040)","Unfall 183089 (2020) Kat:3, Licht: 0","183089","3","3","5","09","16","6","0","0","1","0","0","0"
"POINT (8.610428462000073 50.139937848000045)","Unfall 183095 (2020) Kat:3, Licht: 0","183095","3","6","4","09","15","6","0","0","1","0","0","0"
"POINT (8.692300036000063 50.143812049000076)","Unfall 183098 (2020) Kat:3, Licht: 0","183098","3","3","5","09","08","6","0","0","1","1","0","0"
"POINT (8.681832984000039 50.124996038000063)","Unfall 183100 (2020) Kat:3, Licht: 0","183100","3","2","2","09","15","4","0","0","0","1","0","0"
"POINT (8.745026086000053 50.123334077000038)","Unfall 183108 (2020) Kat:2, Licht: 2","183108","2","3","6","09","23","6","0","2","0","0","1","0"
"POINT (8.701249272000041 50.122930938000081)","Unfall 183114 (2020) Kat:2, Licht: 0","183114","2","2","6","09","13","2","0","0","0","1","1","0"
"POINT (8.660839769000063 50.118804853000029)","Unfall 183119 (2020) Kat:3, Licht: 0","183119","3","4","6","09","07","4","0","0","1","0","0","0"
"POINT (8.690603633000023 50.120743407000077)","Unfall 183122 (2020) Kat:3, Licht: 2","183122","3","2","5","09","19","6","0","2","0","1","0","1"
"POINT (8.671458650000034 50.127223575000073)","Unfall 183124 (2020) Kat:3, Licht: 0","183124","3","2","5","09","18","6","0","0","0","1","0","0"
"POINT (8.646330398000032 50.122374830000069)","Unfall 183125 (2020) Kat:3, Licht: 0","183125","3","5","1","09","15","7","0","0","1","1","0","0"
"POINT (8.632805156000075 50.125891418000037)","Unfall 183128 (2020) Kat:3, Licht: 0","183128","3","3","5","09","12","7","0","0","1","1","0","0"
"POINT (8.615041519000044 50.121811904000026)","Unfall 183131 (2020) Kat:2, Licht: 2","183131","2","1","0","09","02","7","0","2","1","0","0","0"
"POINT (8.634629500000074 50.076752502000033)","Unfall 183133 (2020) Kat:3, Licht: 1","183133","3","7","1","09","19","7","0","1","0","1","0","0"
"POINT (8.695038309000040 50.060751882000034)","Unfall 183135 (2020) Kat:3, Licht: 0","183135","3","7","4","09","15","7","0","0","0","1","0","1"
"POINT (8.663941783000041 50.183274081000036)","Unfall 183138 (2020) Kat:3, Licht: 0","183138","3","3","5","09","07","3","0","0","1","1","0","0"
"POINT (8.710505497000042 50.153062886000043)","Unfall 183139 (2020) Kat:3, Licht: 0","183139","3","7","4","09","13","7","0","0","1","0","0","0"
"POINT (8.688311140000053 50.118070199000044)","Unfall 183159 (2020) Kat:2, Licht: 0","183159","2","6","3","09","12","4","1","0","1","0","0","0"
"POINT (8.670497984000065 50.149639320000063)","Unfall 183162 (2020) Kat:3, Licht: 0","183162","3","3","5","09","17","4","0","0","1","0","0","0"
"POINT (8.685111215000063 50.109425307000038)","Unfall 183174 (2020) Kat:3, Licht: 0","183174","3","6","3","09","18","4","0","0","1","0","0","1"
"POINT (8.546690281000053 50.102389128000027)","Unfall 183182 (2020) Kat:3, Licht: 2","183182","3","7","1","09","21","3","0","2","1","1","0","0"
"POINT (8.548303238000074 50.114763659000062)","Unfall 183183 (2020) Kat:3, Licht: 0","183183","3","3","0","09","18","6","0","0","0","0","0","1"
"POINT (8.631510933000072 50.160025450000035)","Unfall 183187 (2020) Kat:3, Licht: 0","183187","3","6","3","09","07","6","0","0","1","0","0","0"
"POINT (8.710076399000059 50.125732733000063)","Unfall 183190 (2020) Kat:3, Licht: 0","183190","3","6","2","09","13","6","0","0","0","1","0","0"
"POINT (8.691763991000073 50.124666527000045)","Unfall 183191 (2020) Kat:3, Licht: 0","183191","3","6","2","09","17","6","0","0","1","1","0","0"
"POINT (8.688123410000060 50.117782985000076)","Unfall 183193 (2020) Kat:3, Licht: 0","183193","3","3","5","09","12","6","0","0","0","1","0","1"
"POINT (8.680343225000058 50.102340883000068)","Unfall 183196 (2020) Kat:3, Licht: 0","183196","3","5","1","09","18","3","0","0","1","0","0","0"
"POINT (8.648183548000077 50.093044219000035)","Unfall 183201 (2020) Kat:3, Licht: 2","183201","3","7","0","09","21","3","0","2","1","0","0","0"
"POINT (8.703738735000059 50.119999660000076)","Unfall 183216 (2020) Kat:3, Licht: 0","183216","3","6","3","09","18","4","0","0","0","1","0","1"
"POINT (8.629148112000053 50.163242870000033)","Unfall 183224 (2020) Kat:3, Licht: 0","183224","3","6","4","09","12","5","0","0","1","1","0","0"
"POINT (8.633129763000056 50.103007426000033)","Unfall 183232 (2020) Kat:3, Licht: 0","183232","3","1","2","09","18","5","0","0","1","1","0","0"
"POINT (8.764556459000062 50.115117065000049)","Unfall 183233 (2020) Kat:3, Licht: 0","183233","3","3","5","09","16","3","0","0","0","1","0","1"
"POINT (8.689017454000066 50.118410174000076)","Unfall 183235 (2020) Kat:3, Licht: 0","183235","3","3","5","09","21","5","0","0","0","1","0","1"
"POINT (8.695820398000024 50.133918154000071)","Unfall 183236 (2020) Kat:3, Licht: 0","183236","3","3","5","09","10","5","0","0","1","1","0","0"
"POINT (8.685877122000022 50.126110480000079)","Unfall 183237 (2020) Kat:3, Licht: 2","183237","3","5","1","09","21","5","0","2","0","1","0","1"
"POINT (8.655136575000029 50.119876784000041)","Unfall 183238 (2020) Kat:3, Licht: 0","183238","3","7","0","09","18","5","0","0","1","0","0","1"
"POINT (8.687731848000055 50.128640821000033)","Unfall 183239 (2020) Kat:2, Licht: 0","183239","2","4","6","09","18","5","0","0","1","0","1","0"
"POINT (8.686964231000047 50.119914844000050)","Unfall 183244 (2020) Kat:3, Licht: 0","183244","3","6","2","09","13","5","0","0","0","1","0","1"
"POINT (8.656777297000076 50.119719998000051)","Unfall 183246 (2020) Kat:3, Licht: 0","183246","3","2","3","09","09","5","0","0","1","1","0","0"
"POINT (8.635398639000073 50.157745990000080)","Unfall 183251 (2020) Kat:2, Licht: 0","183251","2","5","1","09","12","3","0","0","1","1","0","0"
"POINT (8.693822833000070 50.115208140000050)","Unfall 183268 (2020) Kat:3, Licht: 0","183268","3","7","2","09","15","4","0","0","0","1","0","1"
"POINT (8.753925943000070 50.118890005000026)","Unfall 183273 (2020) Kat:3, Licht: 2","183273","3","3","5","09","03","5","1","2","0","1","0","0"
"POINT (8.673161103000041 50.128202672000043)","Unfall 183286 (2020) Kat:3, Licht: 0","183286","3","3","5","10","09","6","0","0","1","1","0","0"
"POINT (8.669787979000034 50.131706320000035)","Unfall 183294 (2020) Kat:3, Licht: 0","183294","3","3","5","10","14","1","0","0","1","1","0","0"
"POINT (8.704955556000073 50.111285510000073)","Unfall 183296 (2020) Kat:3, Licht: 0","183296","3","1","9","10","10","6","1","0","0","1","0","0"
"POINT (8.736929238000073 50.133877270000028)","Unfall 183297 (2020) Kat:2, Licht: 2","183297","2","7","8","10","19","6","0","2","0","1","0","0"
"POINT (8.511118475000046 50.088361163000059)","Unfall 183304 (2020) Kat:3, Licht: 0","183304","3","6","2","09","17","6","0","0","0","1","0","0"
"POINT (8.755618505000030 50.158935109000026)","Unfall 183322 (2020) Kat:3, Licht: 2","183322","3","3","5","10","06","6","1","2","0","1","0","0"
"POINT (8.645342136000068 50.113097622000055)","Unfall 183323 (2020) Kat:3, Licht: 0","183323","3","3","5","10","18","5","0","0","1","1","0","0"
"POINT (8.669918799000072 50.124305758000048)","Unfall 183332 (2020) Kat:3, Licht: 0","183332","3","2","3","10","17","5","0","0","1","1","0","0"
"POINT (8.696062029000075 50.128163736000033)","Unfall 183337 (2020) Kat:3, Licht: 2","183337","3","6","3","09","19","7","1","2","0","1","0","0"
"POINT (8.646907682000062 50.125928896000062)","Unfall 183338 (2020) Kat:3, Licht: 0","183338","3","6","2","09","11","3","0","0","0","1","0","0"
"POINT (8.658865804000072 50.095758688000046)","Unfall 183344 (2020) Kat:3, Licht: 0","183344","3","3","5","09","07","3","1","0","1","1","0","0"
"POINT (8.712599800000021 50.127872823000075)","Unfall 183346 (2020) Kat:3, Licht: 0","183346","3","6","4","09","16","3","0","0","1","1","0","0"
"POINT (8.698728267000035 50.116190041000038)","Unfall 183349 (2020) Kat:3, Licht: 0","183349","3","6","4","09","09","3","0","0","1","0","0","0"
"POINT (8.677981461000059 50.119426792000070)","Unfall 183350 (2020) Kat:3, Licht: 1","183350","3","6","0","09","18","3","1","1","0","1","0","1"
"POINT (8.690885461000050 50.122095326000078)","Unfall 183351 (2020) Kat:3, Licht: 0","183351","3","2","3","10","15","3","1","0","1","1","0","0"
"POINT (8.629168965000076 50.084595508000064)","Unfall 183361 (2020) Kat:3, Licht: 1","183361","3","3","5","09","06","6","1","1","1","1","0","0"
"POINT (8.626745502000063 50.151699989000065)","Unfall 183368 (2020) Kat:3, Licht: 0","183368","3","2","5","09","12","5","0","0","1","1","0","0"
"POINT (8.675369403000047 50.110457828000051)","Unfall 183369 (2020) Kat:3, Licht: 0","183369","3","4","0","10","08","6","1","0","1","0","1","0"
"POINT (8.748447189000046 50.132318231000056)","Unfall 183373 (2020) Kat:3, Licht: 0","183373","3","6","2","10","14","3","1","0","0","1","0","0"
"POINT (8.683998030000055 50.125288765000050)","Unfall 183376 (2020) Kat:3, Licht: 2","183376","3","1","1","10","06","7","0","2","0","1","0","0"
"POINT (8.666680862000021 50.115701371000057)","Unfall 183377 (2020) Kat:3, Licht: 2","183377","3","5","1","09","22","5","1","2","1","1","0","0"
"POINT (8.543535707000046 50.097433366000075)","Unfall 183383 (2020) Kat:3, Licht: 0","183383","3","7","6","10","11","4","0","0","0","1","1","0"
"POINT (8.606440846000055 50.123660190000066)","Unfall 183387 (2020) Kat:2, Licht: 0","183387","2","4","6","09","10","5","0","0","0","1","1","0"
"POINT (8.688002894000022 50.101000901000077)","Unfall 183389 (2020) Kat:2, Licht: 0","183389","2","3","5","09","07","5","1","0","1","1","0","0"
"POINT (8.710054048000075 50.126188289000027)","Unfall 183390 (2020) Kat:3, Licht: 0","183390","3","6","2","10","07","5","0","0","1","1","0","0"
"POINT (8.542186622000031 50.101701785000046)","Unfall 183412 (2020) Kat:3, Licht: 0","183412","3","7","6","10","13","1","0","0","0","1","1","0"
"POINT (8.608847952000076 50.121516429000053)","Unfall 183415 (2020) Kat:3, Licht: 0","183415","3","6","4","10","16","6","1","0","1","0","0","0"
"POINT (8.535679764000065 50.107551102000059)","Unfall 183421 (2020) Kat:3, Licht: 0","183421","3","4","6","09","12","2","0","0","0","1","1","0"
"POINT (8.613134564000063 50.113080832000037)","Unfall 183424 (2020) Kat:3, Licht: 0","183424","3","6","4","09","09","2","0","0","0","1","0","0"
"POINT (8.602295898000023 50.127597462000040)","Unfall 183431 (2020) Kat:2, Licht: 0","183431","2","3","5","09","18","2","0","0","1","1","0","0"
"POINT (8.689385413000025 50.102548571000057)","Unfall 183435 (2020) Kat:3, Licht: 0","183435","3","7","0","09","16","2","0","0","0","0","1","0"
"POINT (8.666972269000041 50.109408518000066)","Unfall 183438 (2020) Kat:3, Licht: 0","183438","3","2","5","09","17","6","1","0","1","1","0","0"
"POINT (8.543424202000040 50.110718396000038)","Unfall 183453 (2020) Kat:3, Licht: 1","183453","3","7","1","10","19","5","0","1","1","1","0","1"
"POINT (8.705954299000041 50.121343075000027)","Unfall 183454 (2020) Kat:3, Licht: 0","183454","3","7","6","10","18","3","1","0","0","1","1","0"
"POINT (8.724963717000037 50.140360337000061)","Unfall 183458 (2020) Kat:2, Licht: 0","183458","2","3","5","09","17","7","1","0","0","1","0","1"
"POINT (8.686747172000025 50.185754918000043)","Unfall 183460 (2020) Kat:3, Licht: 2","183460","3","1","0","09","01","4","1","2","0","0","0","1"
"POINT (8.689082704000043 50.118477958000028)","Unfall 183474 (2020) Kat:2, Licht: 0","183474","2","3","3","10","08","6","0","0","1","0","0","0"
"POINT (8.540643637000073 50.101392787000066)","Unfall 183483 (2020) Kat:3, Licht: 0","183483","3","3","5","09","16","6","1","0","0","1","0","1"
"POINT (8.624402485000076 50.078925143000049)","Unfall 183503 (2020) Kat:3, Licht: 0","183503","3","7","1","09","14","4","0","0","0","1","0","0"
"POINT (8.721836311000061 50.138798333000068)","Unfall 183506 (2020) Kat:3, Licht: 0","183506","3","7","0","09","16","4","0","0","1","1","0","0"
"POINT (8.682364368000037 50.118818249000071)","Unfall 183515 (2020) Kat:2, Licht: 0","183515","2","7","7","09","08","4","0","0","1","0","1","0"
"POINT (8.665699293000046 50.120306398000082)","Unfall 183525 (2020) Kat:3, Licht: 0","183525","3","7","1","10","19","5","0","0","1","1","0","0"
"POINT (8.689879999000027 50.119845118000057)","Unfall 183527 (2020) Kat:3, Licht: 0","183527","3","3","0","10","15","3","1","0","0","1","0","1"
"POINT (8.664357882000047 50.109735107000063)","Unfall 183536 (2020) Kat:3, Licht: 0","183536","3","3","5","09","08","6","1","0","1","1","0","0"
"POINT (8.676429839000036 50.111435674000063)","Unfall 183559 (2020) Kat:2, Licht: 0","183559","2","5","1","09","14","4","0","0","1","1","0","0"
"POINT (8.635642717000053 50.117545146000055)","Unfall 183561 (2020) Kat:3, Licht: 0","183561","3","3","5","09","13","4","0","0","1","1","0","0"
"POINT (8.600263937000023 50.122439132000068)","Unfall 183564 (2020) Kat:3, Licht: 0","183564","3","6","2","09","13","4","0","0","0","1","0","0"
"POINT (8.581157687000030 50.106363769000041)","Unfall 183567 (2020) Kat:3, Licht: 0","183567","3","1","1","10","16","3","1","0","0","1","0","1"
"POINT (8.679092530000048 50.103947898000058)","Unfall 183570 (2020) Kat:3, Licht: 0","183570","3","6","2","09","10","4","0","0","0","1","0","0"
"POINT (8.677044045000059 50.107860760000051)","Unfall 183573 (2020) Kat:2, Licht: 1","183573","2","6","2","10","19","1","1","1","0","1","0","0"
"POINT (8.562869950000049 50.118640316000040)","Unfall 183574 (2020) Kat:3, Licht: 0","183574","3","6","2","10","10","2","1","0","0","1","0","0"
"POINT (8.629152970000064 50.084693419000075)","Unfall 183575 (2020) Kat:3, Licht: 0","183575","3","6","2","10","09","5","1","0","0","1","0","0"
"POINT (8.537786093000022 50.104630062000069)","Unfall 183588 (2020) Kat:3, Licht: 2","183588","3","3","5","10","22","3","0","2","0","1","0","0"
"POINT (8.643656702000044 50.112746059000074)","Unfall 183591 (2020) Kat:2, Licht: 0","183591","2","2","4","10","15","4","0","0","0","1","0","1"
"POINT (8.746348577000049 50.130834274000051)","Unfall 183592 (2020) Kat:3, Licht: 0","183592","3","2","3","10","10","4","1","0","1","1","0","0"
"POINT (8.579664767000054 50.084303556000066)","Unfall 183596 (2020) Kat:3, Licht: 0","183596","3","7","5","10","11","2","0","0","1","1","0","0"
"POINT (8.660459162000052 50.100659307000058)","Unfall 183599 (2020) Kat:3, Licht: 2","183599","3","2","3","10","19","2","0","2","1","1","0","0"
"POINT (8.674261852000029 50.139800071000082)","Unfall 183600 (2020) Kat:3, Licht: 0","183600","3","1","4","10","16","3","1","0","1","1","0","0"
"POINT (8.658636643000023 50.095701346000055)","Unfall 183605 (2020) Kat:3, Licht: 0","183605","3","3","5","10","08","2","1","0","1","1","0","0"
"POINT (8.687520175000032 50.101942020000081)","Unfall 183609 (2020) Kat:3, Licht: 0","183609","3","2","5","10","07","7","1","0","1","1","0","0"
"POINT (8.670097790000057 50.110280379000073)","Unfall 183618 (2020) Kat:3, Licht: 0","183618","3","7","6","10","12","2","0","0","0","1","0","0"
"POINT (8.692993194000053 50.164905410000074)","Unfall 183619 (2020) Kat:3, Licht: 1","183619","3","4","6","10","16","5","1","1","0","1","1","0"
"POINT (8.628396108000061 50.178735984000070)","Unfall 183624 (2020) Kat:2, Licht: 0","183624","2","4","6","10","14","1","0","0","1","0","1","0"
"POINT (8.643786490000025 50.106563273000063)","Unfall 183631 (2020) Kat:3, Licht: 0","183631","3","3","5","10","08","5","1","0","0","1","0","0"
"POINT (8.750561685000037 50.150558161000049)","Unfall 183640 (2020) Kat:3, Licht: 0","183640","3","6","2","10","13","7","0","0","0","1","0","0"
"POINT (8.735672921000059 50.120654069000068)","Unfall 183641 (2020) Kat:3, Licht: 0","183641","3","3","5","10","13","7","0","0","1","1","0","0"
"POINT (8.686731114000054 50.125198097000066)","Unfall 183644 (2020) Kat:3, Licht: 0","183644","3","5","1","10","17","7","0","0","1","1","0","0"
"POINT (8.629613674000041 50.105303753000044)","Unfall 183645 (2020) Kat:3, Licht: 2","183645","3","3","5","10","22","4","0","2","1","1","0","0"
"POINT (8.684828358000061 50.119360282000059)","Unfall 183648 (2020) Kat:3, Licht: 0","183648","3","6","2","10","14","7","1","0","0","1","0","0"
"POINT (8.708001057000047 50.115454820000082)","Unfall 183655 (2020) Kat:3, Licht: 1","183655","3","3","5","10","17","3","1","1","1","1","0","0"
"POINT (8.625039389000051 50.153939960000059)","Unfall 183670 (2020) Kat:3, Licht: 2","183670","3","2","6","10","20","5","1","2","0","0","1","0"
"POINT (8.638478023000062 50.186356035000074)","Unfall 183671 (2020) Kat:2, Licht: 1","183671","2","3","5","10","18","5","1","1","1","1","0","0"
"POINT (8.632549394000023 50.159459667000078)","Unfall 183672 (2020) Kat:3, Licht: 0","183672","3","6","2","10","14","6","1","0","0","1","0","0"
"POINT (8.629062141000077 50.129399420000027)","Unfall 183674 (2020) Kat:3, Licht: 2","183674","3","3","5","10","21","5","1","2","1","1","0","0"
"POINT (8.645767239000065 50.114011503000029)","Unfall 183675 (2020) Kat:3, Licht: 0","183675","3","6","2","10","17","5","0","0","0","1","0","0"
"POINT (8.662973983000029 50.115817219000064)","Unfall 183676 (2020) Kat:3, Licht: 0","183676","3","3","0","10","13","6","1","0","1","0","0","0"
"POINT (8.692023234000033 50.127454253000053)","Unfall 183679 (2020) Kat:3, Licht: 0","183679","3","2","3","10","10","5","0","0","1","0","0","0"
"POINT (8.633865355000069 50.098894007000069)","Unfall 183680 (2020) Kat:3, Licht: 0","183680","3","1","0","10","07","4","1","0","0","0","0","1"
"POINT (8.667453085000034 50.146662479000042)","Unfall 183685 (2020) Kat:3, Licht: 0","183685","3","3","5","10","08","6","0","0","1","1","0","0"
"POINT (8.714487365000025 50.099988886000062)","Unfall 183696 (2020) Kat:3, Licht: 2","183696","3","7","0","10","22","6","1","2","0","1","0","0"
"POINT (8.698310069000058 50.102806264000037)","Unfall 183698 (2020) Kat:2, Licht: 0","183698","2","3","5","10","14","6","1","0","0","1","0","0"
"POINT (8.640293741000050 50.106872522000060)","Unfall 183700 (2020) Kat:3, Licht: 0","183700","3","3","5","10","12","6","1","0","1","0","0","0"
"POINT (8.512344331000065 50.087002904000030)","Unfall 183702 (2020) Kat:3, Licht: 0","183702","3","7","6","10","14","4","0","0","1","0","1","0"
"POINT (8.635401965000028 50.108231787000079)","Unfall 183705 (2020) Kat:3, Licht: 2","183705","3","4","6","10","20","4","1","2","0","1","1","0"
"POINT (8.680749900000023 50.091144979000035)","Unfall 183707 (2020) Kat:3, Licht: 0","183707","3","7","1","10","09","4","0","0","0","1","0","1"
"POINT (8.698387717000060 50.119679037000026)","Unfall 183708 (2020) Kat:3, Licht: 0","183708","3","3","5","10","08","4","0","0","1","1","0","0"