WKT,Name,OBJECTID,UKATEGORIE,UTYP1,UART,UMONAT,USTUNDE,UWOCHENTAG,STRZUSTAND,ULICHTVERH,ISTRAD,ISTPKW,ISTFUSS,ISTKRAD
"POINT (8.691654558000039 50.123233896000045)","Unfall 183709 (2020) Kat:3, Licht: 0","183709","3","6","2","10","07","6","1","0","0","1","0","0"
"POINT (8.566263615000025 50.119399440000052)","Unfall 183738 (2020) Kat:3, Licht: 2","183738","3","1","0","10","19","3","1","2","1","0","0","0"
"POINT (8.688503162000075 50.129152615000066)","Unfall 183740 (2020) Kat:3, Licht: 0","183740","3","1","0","10","14","4","1","0","0","0","0","1"
"POINT (8.543963377000068 50.105609102000074)","Unfall 183741 (2020) Kat:3, Licht: 0","183741","3","6","2","10","10","3","0","0","0","1","0","0"
"POINT (8.699590825000030 50.152010385000040)","Unfall 183743 (2020) Kat:3, Licht: 0","183743","3","3","5","10","16","3","0","0","1","1","0","0"
"POINT (8.665255733000038 50.111243907000073)","Unfall 183749 (2020) Kat:3, Licht: 0","183749","3","6","2","10","08","5","1","0","0","1","0","0"
"POINT (8.553264789000025 50.105116064000072)","Unfall 183765 (2020) Kat:3, Licht: 0","183765","3","3","5","10","16","2","0","0","1","1","0","0"
"POINT (8.691278810000028 50.150525801000072)","Unfall 183766 (2020) Kat:2, Licht: 0","183766","2","7","1","10","08","4","0","0","1","0","0","0"
"POINT (8.685156474000053 50.109569147000059)","Unfall 183767 (2020) Kat:3, Licht: 2","183767","3","7","2","10","21","3","1","2","0","1","0","0"
"POINT (8.568072246000043 50.100902695000059)","Unfall 183769 (2020) Kat:3, Licht: 2","183769","3","3","5","10","20","2","0","2","0","1","0","0"
"POINT (8.678027872000030 50.153206056000045)","Unfall 183770 (2020) Kat:3, Licht: 0","183770","3","6","4","10","15","2","0","0","1","1","0","0"
"POINT (8.709636938000074 50.112302787000033)","Unfall 183771 (2020) Kat:3, Licht: 0","183771","3","7","6","10","16","5","0","0","0","1","1","0"
"POINT (8.677264025000056 50.099114617000055)","Unfall 183772 (2020) Kat:3, Licht: 0","183772","3","7","1","10","16","2","1","0","1","1","0","0"
"POINT (8.671632945000056 50.109583988000054)","Unfall 183773 (2020) Kat:3, Licht: 0","183773","3","6","2","10","11","5","0","0","0","1","0","0"
"POINT (8.638224482000055 50.100618289000067)","Unfall 183775 (2020) Kat:3, Licht: 0","183775","3","5","1","10","10","2","0","0","1","1","0","0"
"POINT (8.705334235000066 50.144914047000043)","Unfall 183776 (2020) Kat:3, Licht: 2","183776","3","6","3","10","18","3","1","2","0","1","0","0"
"POINT (8.672615711000049 50.118518395000081)","Unfall 183777 (2020) Kat:3, Licht: 2","183777","3","6","6","10","21","2","0","2","1","1","1","0"
"POINT (8.686516817000040 50.120049046000076)","Unfall 183780 (2020) Kat:2, Licht: 0","183780","2","2","3","10","12","5","0","0","1","1","0","0"
"POINT (8.614561760000072 50.126874390000069)","Unfall 183781 (2020) Kat:2, Licht: 0","183781","2","3","5","10","16","3","0","0","1","1","0","0"
"POINT (8.629389670000023 50.129201313000067)","Unfall 183794 (2020) Kat:3, Licht: 2","183794","3","6","2","10","21","5","1","2","0","1","0","0"
"POINT (8.662300138000035 50.108097939000061)","Unfall 183800 (2020) Kat:3, Licht: 0","183800","3","7","5","10","13","4","1","0","1","0","0","0"
"POINT (8.614119598000059 50.114244395000071)","Unfall 183802 (2020) Kat:3, Licht: 2","183802","3","3","5","10","21","1","0","2","0","1","0","0"
"POINT (8.704078908000042 50.095016263000048)","Unfall 183805 (2020) Kat:3, Licht: 0","183805","3","7","6","10","13","1","1","0","0","1","1","0"
"POINT (8.664802417000033 50.123571065000078)","Unfall 183806 (2020) Kat:3, Licht: 2","183806","3","3","5","10","17","5","1","2","1","0","0","0"
"POINT (8.744944711000073 50.123299715000030)","Unfall 183833 (2020) Kat:2, Licht: 2","183833","2","4","6","10","20","7","0","2","0","1","1","0"
"POINT (8.714240383000060 50.116322739000054)","Unfall 183835 (2020) Kat:3, Licht: 0","183835","3","6","2","10","12","7","0","0","0","1","0","1"
"POINT (8.692105401000049 50.127467762000038)","Unfall 183836 (2020) Kat:2, Licht: 2","183836","2","3","5","10","21","7","0","2","1","1","0","0"
"POINT (8.672731591000058 50.126564058000042)","Unfall 183837 (2020) Kat:3, Licht: 0","183837","3","7","6","10","10","7","0","0","0","1","1","0"
"POINT (8.678697070000055 50.122181078000040)","Unfall 183845 (2020) Kat:3, Licht: 0","183845","3","3","5","10","07","3","0","0","1","1","0","0"
"POINT (8.705450311000050 50.145046884000067)","Unfall 183850 (2020) Kat:3, Licht: 2","183850","3","7","0","10","02","1","0","2","0","0","0","0"
"POINT (8.663652595000031 50.118039694000061)","Unfall 183854 (2020) Kat:2, Licht: 0","183854","2","1","0","10","13","4","1","0","1","0","0","0"
"POINT (8.658892089000062 50.190181320000079)","Unfall 183858 (2020) Kat:3, Licht: 0","183858","3","7","1","10","14","6","1","0","1","1","0","0"
"POINT (8.548550193000040 50.101683161000039)","Unfall 183859 (2020) Kat:3, Licht: 1","183859","3","3","5","10","18","4","0","1","1","1","0","0"
"POINT (8.631251998000039 50.158166710000046)","Unfall 183861 (2020) Kat:3, Licht: 2","183861","3","1","8","10","21","6","1","2","0","1","0","0"
"POINT (8.644757612000035 50.160620732000041)","Unfall 183863 (2020) Kat:2, Licht: 0","183863","2","4","6","11","14","2","0","0","0","1","1","0"
"POINT (8.643022761000054 50.091373090000047)","Unfall 183869 (2020) Kat:3, Licht: 2","183869","3","6","2","11","19","2","0","2","0","1","0","0"
"POINT (8.693899884000075 50.100718072000063)","Unfall 183871 (2020) Kat:3, Licht: 1","183871","3","3","5","11","07","2","0","1","1","0","0","0"
"POINT (8.691722952000021 50.124204394000060)","Unfall 183874 (2020) Kat:3, Licht: 0","183874","3","2","2","11","11","2","0","0","0","1","0","1"
"POINT (8.676059435000070 50.113680262000059)","Unfall 183875 (2020) Kat:3, Licht: 2","183875","3","5","1","11","18","2","0","2","1","1","0","0"
"POINT (8.605462453000030 50.093176842000048)","Unfall 183881 (2020) Kat:3, Licht: 0","183881","3","2","6","11","11","4","0","0","0","1","1","0"
"POINT (8.546002824000027 50.096655883000039)","Unfall 183882 (2020) Kat:2, Licht: 0","183882","2","1","3","11","16","4","0","0","1","0","0","0"
"POINT (8.708162289000029 50.099181195000028)","Unfall 183884 (2020) Kat:2, Licht: 0","183884","2","3","5","11","08","4","0","0","1","1","0","0"
"POINT (8.582497839000041 50.103913391000049)","Unfall 183909 (2020) Kat:3, Licht: 2","183909","3","3","5","11","19","1","1","2","0","1","0","0"
"POINT (8.643108664000067 50.158398763000037)","Unfall 183917 (2020) Kat:3, Licht: 0","183917","3","3","5","11","14","5","0","0","0","1","0","0"
"POINT (8.686624706000032 50.101622831000043)","Unfall 183921 (2020) Kat:3, Licht: 0","183921","3","6","3","11","14","3","0","0","1","1","0","0"
"POINT (8.671106640000062 50.094972082000027)","Unfall 183931 (2020) Kat:3, Licht: 2","183931","3","1","8","11","00","1","1","2","0","1","0","0"
"POINT (8.600653477000037 50.131151127000066)","Unfall 183933 (2020) Kat:3, Licht: 2","183933","3","1","9","11","20","3","0","2","0","1","0","0"
"POINT (8.675780573000054 50.120926488000066)","Unfall 183934 (2020) Kat:3, Licht: 0","183934","3","3","5","11","13","1","1","0","0","1","0","0"
"POINT (8.668402778000029 50.107462782000027)","Unfall 183938 (2020) Kat:3, Licht: 1","183938","3","2","5","11","18","4","0","1","1","1","0","0"
"POINT (8.665520755000046 50.115441791000080)","Unfall 183939 (2020) Kat:3, Licht: 0","183939","3","6","4","11","15","4","0","0","1","1","0","0"
"POINT (8.714091308000036 50.132865298000070)","Unfall 183941 (2020) Kat:3, Licht: 2","183941","3","7","6","11","18","4","0","2","1","0","1","0"
"POINT (8.656830605000039 50.165321126000038)","Unfall 183955 (2020) Kat:3, Licht: 2","183955","3","3","5","11","17","7","0","2","0","1","0","1"
"POINT (8.599469674000034 50.122459855000045)","Unfall 183972 (2020) Kat:2, Licht: 2","183972","2","4","6","11","18","5","1","2","0","1","1","0"
"POINT (8.713382537000030 50.201087818000076)","Unfall 183974 (2020) Kat:3, Licht: 0","183974","3","6","4","10","10","7","1","0","0","1","0","0"
"POINT (8.692016843000033 50.126851480000028)","Unfall 183979 (2020) Kat:3, Licht: 2","183979","3","4","6","11","18","6","1","2","0","1","1","0"
"POINT (8.680935032000036 50.101563798000029)","Unfall 183984 (2020) Kat:3, Licht: 2","183984","3","4","6","10","18","7","0","2","1","0","1","0"
"POINT (8.669079673000056 50.108555258000081)","Unfall 183986 (2020) Kat:3, Licht: 0","183986","3","5","1","10","16","7","0","0","1","1","0","0"
"POINT (8.679491715000040 50.097143290000076)","Unfall 183990 (2020) Kat:3, Licht: 2","183990","3","2","0","11","19","2","0","2","1","1","0","0"
"POINT (8.687766911000040 50.116110803000026)","Unfall 183997 (2020) Kat:3, Licht: 0","183997","3","6","2","11","13","4","0","0","0","1","0","0"
"POINT (8.748903593000023 50.144340309000029)","Unfall 184020 (2020) Kat:3, Licht: 2","184020","3","2","2","11","20","6","1","2","0","1","0","0"
"POINT (8.700537175000022 50.138184600000045)","Unfall 184027 (2020) Kat:3, Licht: 0","184027","3","7","0","11","11","7","0","0","0","0","0","0"
"POINT (8.674500240000043 50.199828222000065)","Unfall 184029 (2020) Kat:3, Licht: 2","184029","3","7","6","11","19","3","0","2","0","1","1","0"
"POINT (8.643659252000020 50.112727654000025)","Unfall 184032 (2020) Kat:2, Licht: 1","184032","2","2","5","11","17","3","0","1","0","1","0","1"
"POINT (8.641790826000033 50.177634554000065)","Unfall 184033 (2020) Kat:3, Licht: 0","184033","3","3","5","11","09","5","0","0","0","1","0","0"
"POINT (8.619271597000022 50.179458868000040)","Unfall 184034 (2020) Kat:3, Licht: 2","184034","3","3","5","11","18","5","1","2","1","1","0","0"
"POINT (8.634834137000041 50.158535625000070)","Unfall 184048 (2020) Kat:3, Licht: 0","184048","3","4","6","11","14","3","0","0","1","0","1","0"
"POINT (8.748430452000036 50.132316874000026)","Unfall 184050 (2020) Kat:3, Licht: 0","184050","3","3","5","10","16","7","0","0","0","1","0","0"
"POINT (8.625406596000062 50.132678713000075)","Unfall 184052 (2020) Kat:2, Licht: 0","184052","2","2","6","11","08","6","0","0","0","1","1","0"
"POINT (8.676257544000066 50.089214575000028)","Unfall 184054 (2020) Kat:3, Licht: 0","184054","3","5","1","11","08","4","0","0","0","1","0","1"
"POINT (8.633043037000050 50.159556277000036)","Unfall 184055 (2020) Kat:3, Licht: 0","184055","3","6","3","11","13","4","0","0","0","1","0","0"
"POINT (8.681079546000035 50.095090426000070)","Unfall 184057 (2020) Kat:3, Licht: 0","184057","3","2","3","11","09","4","0","0","1","1","0","0"
"POINT (8.655304727000043 50.108209962000046)","Unfall 184073 (2020) Kat:3, Licht: 1","184073","3","1","0","11","18","7","0","1","0","0","0","1"
"POINT (8.726308117000031 50.109912824000048)","Unfall 184074 (2020) Kat:3, Licht: 0","184074","3","1","0","11","08","3","1","0","0","0","0","1"
"POINT (8.642462987000044 50.104833293000070)","Unfall 184081 (2020) Kat:3, Licht: 2","184081","3","3","5","11","21","1","1","2","0","1","0","0"
"POINT (8.614538453000023 50.113411288000066)","Unfall 184089 (2020) Kat:3, Licht: 2","184089","3","6","2","11","18","5","1","2","0","1","0","0"
"POINT (8.680315685000039 50.154203848000066)","Unfall 184095 (2020) Kat:3, Licht: 0","184095","3","2","5","11","09","6","1","0","0","1","0","1"
"POINT (8.589486556000054 50.027745573000061)","Unfall 184096 (2020) Kat:3, Licht: 0","184096","3","6","2","11","13","4","0","0","0","1","0","0"
"POINT (8.700094415000024 50.128762572000028)","Unfall 184100 (2020) Kat:3, Licht: 0","184100","3","3","5","10","09","6","1","0","0","1","0","1"
"POINT (8.697692871000072 50.115866487000062)","Unfall 184102 (2020) Kat:3, Licht: 1","184102","3","4","6","10","06","6","1","1","0","1","1","0"
"POINT (8.687687846000074 50.109625313000038)","Unfall 184105 (2020) Kat:3, Licht: 2","184105","3","2","5","10","06","6","1","2","1","1","0","0"
"POINT (8.659442790000071 50.115217817000030)","Unfall 184106 (2020) Kat:3, Licht: 0","184106","3","5","0","11","08","2","1","0","1","1","0","0"
"POINT (8.715787666000040 50.118361328000049)","Unfall 184112 (2020) Kat:3, Licht: 0","184112","3","7","0","11","15","4","0","0","1","1","0","0"
"POINT (8.564156223000055 50.123508979000064)","Unfall 184129 (2020) Kat:3, Licht: 0","184129","3","3","5","11","11","5","0","0","0","1","0","1"
"POINT (8.692086108000069 50.127464590000045)","Unfall 184144 (2020) Kat:3, Licht: 0","184144","3","3","5","11","13","5","0","0","0","1","0","0"
"POINT (8.624466334000033 50.107587750000050)","Unfall 184158 (2020) Kat:2, Licht: 2","184158","2","4","6","11","06","1","0","2","0","1","1","0"
"POINT (8.535571180000034 50.107618641000045)","Unfall 184165 (2020) Kat:3, Licht: 0","184165","3","3","5","12","12","6","1","0","0","1","0","0"
"POINT (8.528857099000049 50.107729332000076)","Unfall 184167 (2020) Kat:2, Licht: 2","184167","2","1","8","12","20","6","1","2","0","1","0","0"
"POINT (8.640545367000073 50.123936153000045)","Unfall 184170 (2020) Kat:3, Licht: 0","184170","3","4","6","12","09","6","1","0","0","1","1","0"
"POINT (8.680179520000024 50.147745324000027)","Unfall 184171 (2020) Kat:3, Licht: 0","184171","3","7","6","12","11","6","0","0","0","1","1","0"
"POINT (8.679747806000023 50.103163248000044)","Unfall 184172 (2020) Kat:3, Licht: 0","184172","3","6","6","12","08","6","0","0","0","0","1","0"
"POINT (8.723294987000031 50.113967589000026)","Unfall 184175 (2020) Kat:3, Licht: 0","184175","3","3","5","12","11","6","0","0","0","0","0","1"
"POINT (8.663667311000040 50.108972650000055)","Unfall 184176 (2020) Kat:3, Licht: 0","184176","3","4","6","12","09","3","0","0","0","1","1","0"
"POINT (8.543581841000048 50.098641692000058)","Unfall 184177 (2020) Kat:3, Licht: 0","184177","3","7","1","11","12","7","0","0","1","1","0","0"
"POINT (8.718533164000064 50.145711756000026)","Unfall 184178 (2020) Kat:3, Licht: 2","184178","3","1","9","11","23","7","0","2","0","1","0","0"
"POINT (8.674854291000031 50.109346836000043)","Unfall 184179 (2020) Kat:3, Licht: 2","184179","3","3","5","12","19","6","1","2","1","1","0","0"
"POINT (8.537846713000022 50.104626277000079)","Unfall 184194 (2020) Kat:2, Licht: 2","184194","2","3","5","12","06","5","1","2","1","0","0","0"
"POINT (8.656471932000045 50.196777324000038)","Unfall 184195 (2020) Kat:3, Licht: 2","184195","3","6","2","12","17","5","1","2","0","1","0","0"
"POINT (8.704724682000062 50.117427830000054)","Unfall 184196 (2020) Kat:3, Licht: 0","184196","3","1","0","12","13","5","0","0","0","1","0","1"
"POINT (8.744839718000037 50.138707109000052)","Unfall 184223 (2020) Kat:3, Licht: 0","184223","3","7","6","12","15","5","1","0","1","0","1","0"
"POINT (8.643650341000068 50.112791954000045)","Unfall 184228 (2020) Kat:3, Licht: 2","184228","3","2","4","12","17","3","0","2","0","1","0","0"
"POINT (8.682282194000038 50.126059255000030)","Unfall 184233 (2020) Kat:3, Licht: 0","184233","3","3","5","12","14","4","0","0","0","1","0","0"
"POINT (8.752618063000057 50.132617295000045)","Unfall 184235 (2020) Kat:2, Licht: 2","184235","2","1","0","12","07","2","1","2","1","0","0","0"
"POINT (8.607201448000069 50.095240585000056)","Unfall 184240 (2020) Kat:3, Licht: 0","184240","3","3","5","12","14","1","1","0","0","1","0","0"
"POINT (8.683838465000065 50.131684095000026)","Unfall 184249 (2020) Kat:3, Licht: 0","184249","3","6","2","12","14","1","0","0","0","1","0","0"
"POINT (8.516234209000061 50.082330874000036)","Unfall 184250 (2020) Kat:3, Licht: 1","184250","3","1","4","12","16","3","1","1","0","1","0","0"
"POINT (8.685883167000043 50.116990360000045)","Unfall 184252 (2020) Kat:3, Licht: 0","184252","3","1","7","12","12","3","0","0","0","1","0","0"
"POINT (8.696887155000070 50.088081397000053)","Unfall 184257 (2020) Kat:3, Licht: 0","184257","3","6","2","11","11","6","0","0","1","1","0","0"
"POINT (8.765339094000069 50.156977325000071)","Unfall 184258 (2020) Kat:3, Licht: 0","184258","3","6","2","12","15","3","1","0","0","1","0","0"
"POINT (8.664194839000061 50.121440464000045)","Unfall 184266 (2020) Kat:3, Licht: 2","184266","3","1","1","11","20","2","2","2","1","1","0","0"
"POINT (8.687932999000054 50.122321406000026)","Unfall 184268 (2020) Kat:3, Licht: 2","184268","3","7","6","11","18","2","0","2","0","1","1","0"
"POINT (8.689488464000021 50.119210175000035)","Unfall 184270 (2020) Kat:3, Licht: 1","184270","3","6","2","11","16","2","0","1","0","1","0","0"
"POINT (8.682380740000042 50.095614442000056)","Unfall 184281 (2020) Kat:3, Licht: 0","184281","3","2","3","12","15","3","0","0","0","1","0","1"
"POINT (8.645304148000037 50.107161438000048)","Unfall 184297 (2020) Kat:3, Licht: 0","184297","3","5","1","12","10","2","1","0","0","1","0","1"
"POINT (8.551683280000077 50.104782875000069)","Unfall 184298 (2020) Kat:2, Licht: 0","184298","2","5","1","11","14","7","0","0","1","1","0","0"
"POINT (8.663712796000027 50.191162687000030)","Unfall 184299 (2020) Kat:3, Licht: 0","184299","3","7","6","11","16","7","0","0","0","0","1","0"
"POINT (8.551742321000063 50.104793504000043)","Unfall 184313 (2020) Kat:3, Licht: 0","184313","3","3","5","11","13","6","0","0","1","1","0","0"
"POINT (8.671025606000058 50.115414897000051)","Unfall 184314 (2020) Kat:3, Licht: 0","184314","3","2","5","12","10","2","1","0","1","1","0","0"
"POINT (8.580566320000060 50.127626454000051)","Unfall 184315 (2020) Kat:3, Licht: 0","184315","3","3","5","11","15","6","0","0","1","0","0","0"
"POINT (8.693692293000026 50.105971843000077)","Unfall 184317 (2020) Kat:2, Licht: 2","184317","2","6","1","11","19","6","0","2","0","1","0","0"
"POINT (8.636704242000064 50.104027512000073)","Unfall 184318 (2020) Kat:3, Licht: 0","184318","3","6","1","11","09","6","0","0","1","1","0","0"
"POINT (8.690467624000064 50.103182676000074)","Unfall 184328 (2020) Kat:3, Licht: 0","184328","3","6","3","11","13","5","0","0","0","1","0","0"
"POINT (8.686284598000043 50.101352129000077)","Unfall 184331 (2020) Kat:3, Licht: 0","184331","3","4","6","11","14","5","0","0","0","1","1","0"
"POINT (8.625766312000053 50.164005107000037)","Unfall 184333 (2020) Kat:3, Licht: 0","184333","3","5","1","12","08","3","0","0","1","1","0","0"
"POINT (8.630961875000025 50.103627261000042)","Unfall 184334 (2020) Kat:3, Licht: 0","184334","3","3","5","11","11","5","0","0","1","1","0","0"
"POINT (8.684842810000021 50.097226901000056)","Unfall 184338 (2020) Kat:3, Licht: 0","184338","3","6","2","11","10","5","0","0","0","1","0","0"
"POINT (8.669890082000052 50.123424915000044)","Unfall 184339 (2020) Kat:3, Licht: 0","184339","3","5","0","11","11","5","0","0","0","0","0","0"
"POINT (8.689611270000057 50.109479710000073)","Unfall 184340 (2020) Kat:2, Licht: 2","184340","2","5","1","11","23","5","1","2","1","1","0","0"
"POINT (8.687796019000075 50.109598236000068)","Unfall 184347 (2020) Kat:3, Licht: 2","184347","3","2","6","12","22","3","1","2","0","1","1","0"
"POINT (8.603304726000033 50.079801798000062)","Unfall 184366 (2020) Kat:3, Licht: 2","184366","3","4","6","11","17","4","0","2","0","1","1","0"
"POINT (8.642953860000034 50.091335983000079)","Unfall 184367 (2020) Kat:3, Licht: 2","184367","3","6","2","11","06","4","0","2","0","1","0","0"
"POINT (8.663753915000029 50.109508863000030)","Unfall 184368 (2020) Kat:3, Licht: 0","184368","3","2","3","11","15","4","0","0","1","1","0","0"
"POINT (8.690354851000052 50.143584823000026)","Unfall 184376 (2020) Kat:3, Licht: 0","184376","3","7","6","11","11","3","0","0","1","0","1","0"
"POINT (8.670803805000048 50.104899937000027)","Unfall 184377 (2020) Kat:3, Licht: 0","184377","3","3","5","11","09","3","0","0","1","1","0","0"
"POINT (8.652229930000033 50.077589881000051)","Unfall 184382 (2020) Kat:2, Licht: 0","184382","2","2","1","12","12","3","0","0","0","1","0","0"
"POINT (8.636343487000033 50.170810256000038)","Unfall 184390 (2020) Kat:3, Licht: 0","184390","3","2","3","11","08","2","0","0","1","1","0","0"
"POINT (8.644026135000047 50.102810565000027)","Unfall 184393 (2020) Kat:3, Licht: 0","184393","3","7","6","11","12","2","0","0","0","0","1","0"
"POINT (8.672055725000064 50.106762804000027)","Unfall 184396 (2020) Kat:3, Licht: 0","184396","3","4","0","11","12","2","0","0","0","0","0","1"
"POINT (8.692643114000020 50.129046993000031)","Unfall 184411 (2020) Kat:3, Licht: 1","184411","3","6","2","12","17","3","1","1","0","1","0","0"
"POINT (8.705074447000072 50.144306830000062)","Unfall 184421 (2020) Kat:3, Licht: 0","184421","3","6","2","12","13","1","0","0","0","1","0","0"
"POINT (8.628252157000077 50.132958840000072)","Unfall 184434 (2020) Kat:3, Licht: 2","184434","3","2","2","12","17","2","1","2","0","1","0","0"
"POINT (8.723611197000025 50.146956712000076)","Unfall 184436 (2020) Kat:3, Licht: 0","184436","3","3","5","12","14","6","1","0","0","1","0","0"
"POINT (8.747080082000025 50.155099287000041)","Unfall 184438 (2020) Kat:3, Licht: 0","184438","3","7","1","12","14","4","1","0","1","1","0","0"
"POINT (8.679547114000059 50.091822131000072)","Unfall 184443 (2020) Kat:3, Licht: 1","184443","3","3","0","12","08","2","1","1","1","1","0","0"
"POINT (8.646152624000024 50.105384445000027)","Unfall 184444 (2020) Kat:3, Licht: 2","184444","3","2","4","12","18","5","1","2","0","1","0","0"
"POINT (8.668481266000072 50.124158438000052)","Unfall 184454 (2020) Kat:3, Licht: 0","184454","3","3","5","12","12","2","0","0","1","1","0","0"
"POINT (8.681431313000076 50.127756952000027)","Unfall 184466 (2020) Kat:3, Licht: 2","184466","3","1","0","12","23","7","1","2","0","0","0","0"
"POINT (8.607515988000046 50.144102213000053)","Unfall 184474 (2020) Kat:3, Licht: 1","184474","3","3","6","12","16","6","1","1","0","1","1","0"
"POINT (8.585840251000036 50.107727422000039)","Unfall 184475 (2020) Kat:3, Licht: 2","184475","3","3","5","12","18","6","1","2","0","1","0","0"
"POINT (8.704302059000042 50.123675194000043)","Unfall 184479 (2020) Kat:3, Licht: 0","184479","3","7","6","12","16","4","0","0","0","1","1","0"
"POINT (8.692289361000064 50.114878411000063)","Unfall 184480 (2020) Kat:2, Licht: 2","184480","2","1","8","12","17","4","0","2","1","0","0","0"
"POINT (8.639908625000032 50.173764346000041)","Unfall 184484 (2020) Kat:3, Licht: 2","184484","3","6","2","12","17","6","1","2","0","1","0","0"
"POINT (8.642725427000073 50.171608448000029)","Unfall 184486 (2020) Kat:3, Licht: 0","184486","3","4","6","12","15","6","1","0","0","1","1","0"
"POINT (8.586424084000043 50.086509437000075)","Unfall 184490 (2020) Kat:3, Licht: 2","184490","3","4","6","12","18","1","1","2","0","1","1","0"
"POINT (8.687763247000021 50.116151096000067)","Unfall 184491 (2020) Kat:2, Licht: 0","184491","2","4","6","12","12","6","0","0","0","0","1","0"
"POINT (8.695496814000023 50.128058802000055)","Unfall 184499 (2020) Kat:3, Licht: 2","184499","3","3","5","12","17","3","1","2","1","1","0","0"
"POINT (8.690769015000058 50.115412789000061)","Unfall 184500 (2020) Kat:3, Licht: 0","184500","3","7","0","12","09","3","0","0","0","1","0","0"
"POINT (8.689047998000035 50.098061254000072)","Unfall 184516 (2020) Kat:3, Licht: 0","184516","3","1","0","12","12","3","1","0","1","0","0","0"
"POINT (8.685189106000053 50.127459042000055)","Unfall 184524 (2020) Kat:3, Licht: 2","184524","3","3","5","12","00","6","1","2","0","1","0","0"
"POINT (8.668179909000060 50.112903068000037)","Unfall 184535 (2020) Kat:3, Licht: 0","184535","3","6","2","12","12","5","0","0","0","1","0","0"
"POINT (8.627850848000037 50.113333092000062)","Unfall 184543 (2020) Kat:2, Licht: 2","184543","2","3","5","12","07","6","1","2","0","1","0","0"
"POINT (8.585783407000065 50.107710856000040)","Unfall 184544 (2020) Kat:3, Licht: 0","184544","3","3","5","12","14","5","0","0","1","1","0","0"
"POINT (8.597423473000049 50.128597756000033)","Unfall 184549 (2020) Kat:3, Licht: 0","184549","3","7","1","12","15","5","0","0","1","1","0","0"
"POINT (8.725879291000069 50.123087954000027)","Unfall 184559 (2020) Kat:3, Licht: 0","184559","3","6","2","12","13","5","0","0","0","1","0","0"
"POINT (8.664554879000036 50.138961254000037)","Unfall 184571 (2020) Kat:3, Licht: 0","184571","3","3","5","12","12","4","1","0","1","0","0","0"
"POINT (8.647743246000061 50.086906460000080)","Unfall 184574 (2020) Kat:2, Licht: 2","184574","2","4","6","12","20","7","0","2","0","0","1","0"
"POINT (8.632972703000064 50.103695703000028)","Unfall 184576 (2020) Kat:3, Licht: 0","184576","3","3","5","12","13","5","1","0","1","1","0","0"
"POINT (8.715270877000023 50.127976474000036)","Unfall 184590 (2020) Kat:3, Licht: 2","184590","3","3","5","12","19","2","1","2","1","1","0","0"
"POINT (8.621869465000032 50.109951635000073)","Unfall 184591 (2020) Kat:2, Licht: 0","184591","2","4","6","12","08","4","0","0","0","1","1","0"
"POINT (8.711169064000046 50.105329227000027)","Unfall 184593 (2020) Kat:3, Licht: 0","184593","3","6","2","12","14","4","1","0","0","1","0","0"
"POINT (8.632544443000029 50.105554425000037)","Unfall 184599 (2020) Kat:3, Licht: 0","184599","3","2","4","12","09","4","0","0","1","1","0","0"
"POINT (8.672107392000044 50.120406806000062)","Unfall 184601 (2020) Kat:3, Licht: 2","184601","3","6","3","12","19","5","1","2","1","1","0","0"
"POINT (8.654389702000060 50.110693917000049)","Unfall 184607 (2020) Kat:3, Licht: 0","184607","3","2","5","12","10","3","1","0","0","1","0","0"
"POINT (8.672294001000068 50.116727737000076)","Unfall 184610 (2020) Kat:3, Licht: 0","184610","3","6","3","12","11","4","0","0","0","1","0","0"
"POINT (8.675390359000062 50.110486350000031)","Unfall 184617 (2020) Kat:3, Licht: 2","184617","3","5","1","12","19","4","0","2","1","1","0","0"
"POINT (8.662115067000059 50.131309542000054)","Unfall 184627 (2020) Kat:3, Licht: 0","184627","3","2","2","12","16","6","0","0","0","1","0","0"
"POINT (8.767545313000028 50.121084064000058)","Unfall 184628 (2020) Kat:3, Licht: 0","184628","3","7","0","12","14","3","0","0","0","1","0","0"
"POINT (8.666454248000036 50.114413835000050)","Unfall 184630 (2020) Kat:3, Licht: 0","184630","3","6","2","12","08","6","0","0","1","1","0","0"
"POINT (8.674101986000039 50.123997313000075)","Unfall 184635 (2020) Kat:3, Licht: 1","184635","3","2","4","12","08","4","0","1","1","1","0","0"
"POINT (8.611981839000066 50.146838240000079)","Unfall 184659 (2020) Kat:3, Licht: 0","184659","3","6","2","12","09","5","1","0","0","1","0","0"
"POINT (8.484040627000070 50.096335628000077)","Unfall 53483 (2021) Kat:3, Licht: 0","53483","3","6","0","01","10","6","","0","0","1","0","0"
"POINT (8.667318273000035 50.087621808000051)","Unfall 53495 (2021) Kat:3, Licht: 2","53495","3","5","1","01","16","2","","2","0","1","0","1"
"POINT (8.621140980000064 50.121280765000051)","Unfall 53502 (2021) Kat:3, Licht: 0","53502","3","2","2","01","13","6","","0","0","1","0","0"
"POINT (8.712013486000046 50.111514890000080)","Unfall 53504 (2021) Kat:3, Licht: 0","53504","3","7","2","01","13","4","","0","0","1","0","0"
"POINT (8.739863728000046 50.122240882000028)","Unfall 53512 (2021) Kat:3, Licht: 1","53512","3","6","2","01","16","3","","1","0","1","0","0"