WKT,Name,OBJECTID,UKATEGORIE,UTYP1,UART,UMONAT,USTUNDE,UWOCHENTAG,STRZUSTAND,ULICHTVERH,ISTRAD,ISTPKW,ISTFUSS,ISTKRAD
"POINT (8.573158572000068 50.090078982000080)","Unfall 53555 (2021) Kat:3, Licht: 0","53555","3","6","2","02","09","4","","0","0","1","0","0"
"POINT (8.712389455000050 50.111640016000081)","Unfall 53582 (2021) Kat:3, Licht: 1","53582","3","6","2","02","07","3","","1","0","1","0","0"
"POINT (8.676467792000039 50.132142987000066)","Unfall 53600 (2021) Kat:3, Licht: 2","53600","3","2","5","01","19","3","","2","1","1","0","0"
"POINT (8.553911858000049 50.122854722000056)","Unfall 53658 (2021) Kat:3, Licht: 0","53658","3","1","9","01","13","5","","0","0","1","0","0"
"POINT (8.574672933000045 50.089821684000071)","Unfall 53666 (2021) Kat:3, Licht: 2","53666","3","6","3","01","18","5","","2","0","1","0","0"
"POINT (8.651013500000033 50.113318813000035)","Unfall 53680 (2021) Kat:3, Licht: 0","53680","3","6","4","01","16","4","","0","1","0","0","0"
"POINT (8.616450129000043 50.093135322000080)","Unfall 53716 (2021) Kat:3, Licht: 0","53716","3","1","8","01","08","7","","0","0","1","0","0"
"POINT (8.706151204000037 50.145596114000057)","Unfall 53736 (2021) Kat:2, Licht: 0","53736","2","3","5","01","14","7","","0","0","1","0","0"
"POINT (8.653897020000045 50.144221159000040)","Unfall 53742 (2021) Kat:3, Licht: 2","53742","3","6","4","01","18","3","","2","1","0","0","0"
"POINT (8.518829838000045 50.092949866000026)","Unfall 53745 (2021) Kat:3, Licht: 0","53745","3","6","6","01","08","2","","0","0","1","1","0"
"POINT (8.695542689000035 50.133793708000042)","Unfall 53798 (2021) Kat:3, Licht: 0","53798","3","6","2","01","11","5","","0","0","1","0","0"
"POINT (8.716879042000073 50.139027157000044)","Unfall 53801 (2021) Kat:3, Licht: 0","53801","3","3","5","02","15","5","","0","1","1","0","0"
"POINT (8.656584621000036 50.111138687000050)","Unfall 53864 (2021) Kat:3, Licht: 0","53864","3","6","2","01","15","6","","0","0","1","0","0"
"POINT (8.549434060000067 50.079059530000052)","Unfall 53875 (2021) Kat:3, Licht: 0","53875","3","3","5","01","13","4","","0","0","1","0","0"
"POINT (8.753711370000076 50.127748615000030)","Unfall 53887 (2021) Kat:3, Licht: 0","53887","3","6","2","02","11","4","","0","0","1","0","0"
"POINT (8.588415941000051 50.123308391000080)","Unfall 53904 (2021) Kat:3, Licht: 2","53904","3","1","9","02","20","6","","2","0","1","0","0"
"POINT (8.756286352000075 50.119345026000076)","Unfall 53907 (2021) Kat:3, Licht: 0","53907","3","7","1","01","21","3","","0","0","1","0","0"
"POINT (8.668607812000062 50.148486272000071)","Unfall 53944 (2021) Kat:3, Licht: 2","53944","3","7","5","02","18","5","","2","1","1","0","0"
"POINT (8.645977620000053 50.058415610000054)","Unfall 53945 (2021) Kat:3, Licht: 1","53945","3","1","9","01","06","7","","1","0","1","0","0"
"POINT (8.678636310000059 50.167465777000075)","Unfall 53949 (2021) Kat:3, Licht: 0","53949","3","6","2","02","10","4","","0","0","1","0","0"
"POINT (8.567413958000031 50.128510935000065)","Unfall 53952 (2021) Kat:3, Licht: 0","53952","3","6","0","01","10","6","","0","0","1","0","0"
"POINT (8.630004655000050 50.101696333000064)","Unfall 53993 (2021) Kat:3, Licht: 0","53993","3","3","0","01","14","5","","0","0","1","0","1"
"POINT (8.613608703000068 50.115192973000035)","Unfall 54063 (2021) Kat:3, Licht: 2","54063","3","1","9","01","05","1","","2","0","1","0","0"
"POINT (8.483410565000042 50.092632272000060)","Unfall 54065 (2021) Kat:3, Licht: 0","54065","3","6","2","01","16","1","","0","0","1","0","0"
"POINT (8.565752126000064 50.127987059000077)","Unfall 54114 (2021) Kat:3, Licht: 0","54114","3","6","3","01","09","4","","0","0","1","0","0"
"POINT (8.645814383000072 50.114007742000069)","Unfall 54115 (2021) Kat:3, Licht: 0","54115","3","2","5","01","12","2","","0","1","1","0","0"
"POINT (8.777368524000053 50.159251817000040)","Unfall 54126 (2021) Kat:3, Licht: 0","54126","3","6","2","02","13","5","","0","0","1","0","0"
"POINT (8.633358351000027 50.102015541000071)","Unfall 54151 (2021) Kat:2, Licht: 0","54151","2","3","5","02","14","6","","0","0","1","0","0"
"POINT (8.691557076000038 50.100433416000044)","Unfall 54160 (2021) Kat:3, Licht: 2","54160","3","6","2","01","19","5","","2","0","1","0","0"
"POINT (8.616992187000051 50.091413847000069)","Unfall 54170 (2021) Kat:2, Licht: 2","54170","2","6","2","01","18","3","","2","0","1","0","0"
"POINT (8.611185671000044 50.146416263000049)","Unfall 54173 (2021) Kat:3, Licht: 0","54173","3","6","0","01","15","7","","0","0","0","0","0"
"POINT (8.648474174000057 50.178456300000050)","Unfall 54177 (2021) Kat:2, Licht: 0","54177","2","1","9","01","13","6","","0","0","1","0","0"
"POINT (8.552827283000056 50.103259825000066)","Unfall 54179 (2021) Kat:3, Licht: 0","54179","3","3","5","01","12","4","","0","0","1","0","0"
"POINT (8.544648405000032 50.106982857000048)","Unfall 54258 (2021) Kat:3, Licht: 1","54258","3","2","5","01","07","5","","1","1","1","0","0"
"POINT (8.652949065000030 50.059831901000052)","Unfall 54294 (2021) Kat:3, Licht: 2","54294","3","3","5","01","22","2","","2","0","1","0","0"
"POINT (8.617254585000069 50.090153901000065)","Unfall 54299 (2021) Kat:2, Licht: 2","54299","2","1","9","01","22","3","","2","0","1","0","0"
"POINT (8.554196276000027 50.047870503000070)","Unfall 54314 (2021) Kat:3, Licht: 2","54314","3","6","2","02","18","4","","2","0","1","0","0"
"POINT (8.668697796000060 50.143678845000068)","Unfall 54344 (2021) Kat:3, Licht: 1","54344","3","4","6","01","16","4","","1","0","1","1","0"
"POINT (8.591004758000054 50.100048126000047)","Unfall 54410 (2021) Kat:3, Licht: 0","54410","3","6","1","01","15","2","","0","0","1","0","0"
"POINT (8.616374980000046 50.093253621000031)","Unfall 54413 (2021) Kat:2, Licht: 0","54413","2","6","2","02","11","7","","0","0","1","0","0"
"POINT (8.584670553000024 50.123689486000046)","Unfall 54445 (2021) Kat:3, Licht: 0","54445","3","3","5","01","11","3","","0","0","1","0","0"
"POINT (8.711090985000055 50.122702096000069)","Unfall 54465 (2021) Kat:3, Licht: 0","54465","3","3","5","01","12","5","","0","0","1","0","0"
"POINT (8.650540593000073 50.058134585000062)","Unfall 54525 (2021) Kat:3, Licht: 0","54525","3","1","8","01","09","5","","0","0","1","0","0"
"POINT (8.759900675000040 50.113397618000079)","Unfall 54528 (2021) Kat:2, Licht: 2","54528","2","4","6","02","21","3","","2","0","0","1","1"
"POINT (8.632914691000053 50.101973160000057)","Unfall 54537 (2021) Kat:3, Licht: 2","54537","3","6","2","01","04","3","","2","0","1","0","0"
"POINT (8.595534715000042 50.122632226000064)","Unfall 54542 (2021) Kat:3, Licht: 2","54542","3","6","3","02","21","6","","2","1","1","0","0"
"POINT (8.710268065000037 50.122426464000057)","Unfall 54543 (2021) Kat:2, Licht: 0","54543","2","3","5","01","14","6","","0","1","1","0","0"
"POINT (8.598627684000064 50.115394032000040)","Unfall 54547 (2021) Kat:3, Licht: 0","54547","3","6","2","01","17","2","","0","0","1","0","0"
"POINT (8.679291178000028 50.103273889000036)","Unfall 54558 (2021) Kat:3, Licht: 0","54558","3","7","6","01","13","2","","0","0","1","1","0"
"POINT (8.646156177000023 50.113721826000074)","Unfall 54572 (2021) Kat:3, Licht: 0","54572","3","3","5","01","07","6","","0","0","0","0","0"
"POINT (8.623450672000047 50.101046589000077)","Unfall 54634 (2021) Kat:3, Licht: 0","54634","3","6","2","01","19","2","","0","0","1","0","0"
"POINT (8.552850702000057 50.105948926000053)","Unfall 54644 (2021) Kat:3, Licht: 2","54644","3","1","9","01","02","6","","2","0","1","0","0"
"POINT (8.652582196000026 50.059945393000078)","Unfall 54645 (2021) Kat:3, Licht: 0","54645","3","1","8","02","12","4","","0","0","1","0","0"
"POINT (8.616439649000029 50.093160507000050)","Unfall 54666 (2021) Kat:3, Licht: 0","54666","3","6","3","01","10","3","","0","0","1","0","0"
"POINT (8.565551648000053 50.125293993000071)","Unfall 54668 (2021) Kat:3, Licht: 0","54668","3","6","2","01","14","7","","0","0","1","0","0"
"POINT (8.706919575000029 50.112792104000050)","Unfall 54674 (2021) Kat:3, Licht: 2","54674","3","6","2","01","22","3","","2","0","1","0","0"
"POINT (8.602402491000021 50.053024268000058)","Unfall 54680 (2021) Kat:3, Licht: 2","54680","3","6","2","01","17","3","","2","0","1","0","0"
"POINT (8.603098683000042 50.100184408000075)","Unfall 54699 (2021) Kat:3, Licht: 2","54699","3","4","6","01","18","7","","2","0","0","1","0"
"POINT (8.621374037000066 50.150011453000047)","Unfall 54750 (2021) Kat:3, Licht: 1","54750","3","5","1","05","20","1","","1","0","1","0","1"
"POINT (8.506267918000049 50.075945308000030)","Unfall 54751 (2021) Kat:3, Licht: 0","54751","3","6","3","02","13","6","","0","0","1","0","0"
"POINT (8.740536103000068 50.132700126000032)","Unfall 54774 (2021) Kat:3, Licht: 0","54774","3","3","0","03","14","7","","0","0","1","0","0"
"POINT (8.570770584000059 50.096543198000063)","Unfall 54776 (2021) Kat:3, Licht: 0","54776","3","1","0","05","17","4","","0","0","0","0","1"
"POINT (8.680767417000027 50.111516680000079)","Unfall 54790 (2021) Kat:3, Licht: 1","54790","3","5","0","02","17","1","","1","0","1","0","1"
"POINT (8.714582602000064 50.063854943000081)","Unfall 54796 (2021) Kat:3, Licht: 1","54796","3","6","2","05","19","4","","1","0","1","0","0"
"POINT (8.549158155000043 50.120997803000080)","Unfall 54805 (2021) Kat:2, Licht: 0","54805","2","6","2","03","16","5","","0","0","1","0","0"
"POINT (8.670582956000032 50.097426444000064)","Unfall 54808 (2021) Kat:3, Licht: 0","54808","3","6","2","03","08","3","","0","0","1","0","0"
"POINT (8.726188657000023 50.142309155000078)","Unfall 54841 (2021) Kat:3, Licht: 0","54841","3","6","4","04","11","6","","0","1","1","0","0"
"POINT (8.611299310000049 50.132401287000050)","Unfall 54850 (2021) Kat:3, Licht: 2","54850","3","1","9","04","01","6","","2","0","1","0","0"
"POINT (8.691018448000023 50.101826149000033)","Unfall 54858 (2021) Kat:3, Licht: 1","54858","3","6","2","04","21","4","","1","0","1","0","0"
"POINT (8.688747963000026 50.062091933000033)","Unfall 54909 (2021) Kat:2, Licht: 1","54909","2","2","5","02","17","3","","1","0","1","0","0"
"POINT (8.636390029000040 50.102302692000080)","Unfall 54914 (2021) Kat:3, Licht: 0","54914","3","7","6","03","09","4","","0","0","0","1","0"
"POINT (8.552806471000054 50.105868964000081)","Unfall 54923 (2021) Kat:2, Licht: 0","54923","2","4","6","03","16","5","","0","0","1","1","0"
"POINT (8.688621765000050 50.062152981000054)","Unfall 54925 (2021) Kat:3, Licht: 2","54925","3","3","5","03","19","2","","2","0","1","0","0"
"POINT (8.574036203000048 50.091983035000055)","Unfall 54932 (2021) Kat:3, Licht: 0","54932","3","5","1","04","12","5","","0","0","1","0","0"
"POINT (8.655743128000040 50.130109331000028)","Unfall 54948 (2021) Kat:2, Licht: 2","54948","2","6","2","03","21","1","","2","0","1","0","0"
"POINT (8.638193454000032 50.122460390000072)","Unfall 54951 (2021) Kat:3, Licht: 0","54951","3","6","3","05","11","5","","0","1","1","0","0"
"POINT (8.720335773000045 50.136789298000053)","Unfall 54966 (2021) Kat:3, Licht: 0","54966","3","6","2","02","09","2","","0","0","1","0","0"
"POINT (8.679079328000057 50.158748591000062)","Unfall 54969 (2021) Kat:3, Licht: 0","54969","3","6","3","04","15","2","","0","0","1","0","0"
"POINT (8.617436799000075 50.089268976000028)","Unfall 54996 (2021) Kat:3, Licht: 2","54996","3","6","3","03","20","7","","2","0","1","0","0"
"POINT (8.643962015000056 50.133101740000029)","Unfall 55049 (2021) Kat:3, Licht: 0","55049","3","7","0","03","13","6","","0","0","1","0","0"
"POINT (8.687253737000049 50.061330038000051)","Unfall 55063 (2021) Kat:3, Licht: 0","55063","3","7","7","04","06","3","","0","0","1","0","0"
"POINT (8.551788495000039 50.047036705000039)","Unfall 55085 (2021) Kat:3, Licht: 0","55085","3","3","5","03","11","3","","0","0","1","0","0"
"POINT (8.768009675000030 50.133346706000054)","Unfall 55100 (2021) Kat:3, Licht: 2","55100","3","6","0","03","19","5","","2","0","1","0","0"
"POINT (8.699681020000071 50.190120689000025)","Unfall 55103 (2021) Kat:3, Licht: 0","55103","3","6","2","03","07","6","","0","0","1","0","0"
"POINT (8.679080174000035 50.105923355000073)","Unfall 55107 (2021) Kat:3, Licht: 1","55107","3","7","3","04","20","5","","1","0","1","0","0"
"POINT (8.708991563000041 50.130932380000047)","Unfall 55110 (2021) Kat:3, Licht: 0","55110","3","2","3","02","14","5","","0","1","1","0","0"
"POINT (8.698328304000029 50.139204143000029)","Unfall 55118 (2021) Kat:3, Licht: 0","55118","3","3","0","05","15","5","","0","1","0","0","0"
"POINT (8.585750780000069 50.100132557000052)","Unfall 55122 (2021) Kat:2, Licht: 0","55122","2","6","3","04","09","3","","0","0","1","0","0"
"POINT (8.695134638000070 50.132752425000035)","Unfall 55144 (2021) Kat:3, Licht: 0","55144","3","2","3","04","15","6","","0","1","1","0","0"
"POINT (8.624468990000025 50.137177804000032)","Unfall 55177 (2021) Kat:3, Licht: 0","55177","3","1","8","03","17","6","","0","0","1","0","0"
"POINT (8.722605112000053 50.135446790000060)","Unfall 55188 (2021) Kat:3, Licht: 0","55188","3","6","3","02","07","6","","0","0","1","0","0"
"POINT (8.618636279000043 50.149251161000052)","Unfall 55198 (2021) Kat:3, Licht: 0","55198","3","6","2","04","12","4","","0","0","1","0","0"
"POINT (8.664541707000069 50.107964214000049)","Unfall 55202 (2021) Kat:3, Licht: 0","55202","3","6","2","02","15","6","","0","1","1","0","0"
"POINT (8.483935283000051 50.091847322000035)","Unfall 55212 (2021) Kat:2, Licht: 0","55212","2","1","8","04","19","7","","0","0","1","0","0"
"POINT (8.661061093000058 50.152868725000076)","Unfall 55217 (2021) Kat:3, Licht: 1","55217","3","3","5","04","21","7","","1","1","1","0","0"
"POINT (8.552145446000054 50.122131130000071)","Unfall 55224 (2021) Kat:3, Licht: 0","55224","3","1","9","03","11","7","","0","0","1","0","0"
"POINT (8.509258873000022 50.075097983000035)","Unfall 55241 (2021) Kat:3, Licht: 2","55241","3","1","8","04","21","1","","2","0","1","0","0"
"POINT (8.617058434000057 50.087897385000076)","Unfall 55256 (2021) Kat:3, Licht: 2","55256","3","6","2","02","19","1","","2","0","1","0","0"
"POINT (8.629919645000030 50.101688039000067)","Unfall 55260 (2021) Kat:3, Licht: 0","55260","3","2","5","04","07","5","","0","1","1","0","0"
"POINT (8.536692310000035 50.101247146000048)","Unfall 55261 (2021) Kat:3, Licht: 0","55261","3","6","4","04","14","7","","0","0","1","0","0"
"POINT (8.731976640000028 50.118666763000078)","Unfall 55288 (2021) Kat:3, Licht: 0","55288","3","6","2","02","07","5","","0","0","1","0","0"
"POINT (8.648393566000038 50.058772407000049)","Unfall 55295 (2021) Kat:2, Licht: 0","55295","2","6","2","04","14","1","","0","0","1","0","0"
"POINT (8.626709870000070 50.116547016000027)","Unfall 55303 (2021) Kat:2, Licht: 0","55303","2","6","2","02","15","7","","0","0","1","0","0"
"POINT (8.687737430000027 50.107194402000061)","Unfall 55337 (2021) Kat:3, Licht: 0","55337","3","3","5","04","07","5","","0","0","1","0","0"
"POINT (8.625957371000027 50.077888925000082)","Unfall 55344 (2021) Kat:3, Licht: 0","55344","3","3","5","02","15","5","","0","1","1","0","0"
"POINT (8.740887789000055 50.096878754000045)","Unfall 55359 (2021) Kat:2, Licht: 0","55359","2","6","0","02","14","5","","0","0","1","0","0"
"POINT (8.649912023000070 50.098424658000056)","Unfall 55370 (2021) Kat:3, Licht: 2","55370","3","6","2","03","19","2","","2","0","1","0","0"
"POINT (8.617466898000032 50.090513047000059)","Unfall 55397 (2021) Kat:3, Licht: 0","55397","3","6","3","05","18","6","","0","0","1","0","0"
"POINT (8.698468312000045 50.109792469000070)","Unfall 55419 (2021) Kat:3, Licht: 2","55419","3","6","4","03","18","7","","2","1","0","0","0"
"POINT (8.731977109000070 50.118667235000032)","Unfall 55430 (2021) Kat:3, Licht: 2","55430","3","6","2","04","20","6","","2","0","1","0","0"
"POINT (8.707049957000038 50.120807960000036)","Unfall 55438 (2021) Kat:3, Licht: 0","55438","3","6","2","03","13","1","","0","0","1","0","0"
"POINT (8.624483278000071 50.189082836000068)","Unfall 55440 (2021) Kat:3, Licht: 2","55440","3","1","8","03","22","5","","2","0","1","0","0"
"POINT (8.739190508000036 50.091197004000037)","Unfall 55445 (2021) Kat:3, Licht: 0","55445","3","6","2","05","18","4","","0","0","1","0","0"
"POINT (8.534752362000063 50.114037015000065)","Unfall 55469 (2021) Kat:3, Licht: 0","55469","3","6","1","05","18","1","","0","0","1","0","1"
"POINT (8.664675687000056 50.107509386000061)","Unfall 55477 (2021) Kat:2, Licht: 0","55477","2","3","5","05","17","7","","0","0","1","0","0"
"POINT (8.740573286000028 50.132899098000053)","Unfall 55502 (2021) Kat:3, Licht: 0","55502","3","6","2","05","20","6","","0","0","1","0","0"
"POINT (8.618084110000041 50.100632230000031)","Unfall 55503 (2021) Kat:3, Licht: 0","55503","3","6","3","03","14","3","","0","0","0","0","1"
"POINT (8.683233670000050 50.107209141000055)","Unfall 55511 (2021) Kat:2, Licht: 2","55511","2","3","5","03","00","1","","2","0","1","0","0"
"POINT (8.624945961000037 50.171133851000036)","Unfall 55515 (2021) Kat:3, Licht: 0","55515","3","6","2","03","12","2","","0","0","1","0","0"
"POINT (8.660964822000039 50.146985861000076)","Unfall 55518 (2021) Kat:3, Licht: 0","55518","3","1","9","03","12","7","","0","0","1","0","0"
"POINT (8.644423202000041 50.083550949000028)","Unfall 55535 (2021) Kat:3, Licht: 2","55535","3","3","5","03","21","5","","2","0","1","0","0"
"POINT (8.666727818000027 50.183400667000058)","Unfall 55573 (2021) Kat:3, Licht: 0","55573","3","6","2","05","13","4","","0","0","1","0","0"
"POINT (8.539457484000025 50.109863461000032)","Unfall 55613 (2021) Kat:3, Licht: 0","55613","3","2","5","03","17","4","","0","1","1","0","0"
"POINT (8.664901315000066 50.103062956000031)","Unfall 55622 (2021) Kat:3, Licht: 2","55622","3","3","5","03","23","5","","2","0","1","0","0"
"POINT (8.707066779000058 50.112795316000074)","Unfall 55627 (2021) Kat:3, Licht: 0","55627","3","3","5","03","16","3","","0","1","0","0","0"
"POINT (8.753830126000025 50.143692153000075)","Unfall 55628 (2021) Kat:3, Licht: 0","55628","3","3","1","05","10","1","","0","1","1","0","0"
"POINT (8.669470587000035 50.098484001000031)","Unfall 55633 (2021) Kat:3, Licht: 0","55633","3","6","2","05","18","2","","0","0","1","0","1"
"POINT (8.672043387000031 50.132222486000046)","Unfall 55648 (2021) Kat:3, Licht: 0","55648","3","6","2","05","10","3","","0","0","1","0","0"
"POINT (8.754217483000048 50.127765588000045)","Unfall 55658 (2021) Kat:3, Licht: 2","55658","3","6","2","02","21","3","","2","0","1","0","0"
"POINT (8.760125718000040 50.129962268000043)","Unfall 55659 (2021) Kat:3, Licht: 0","55659","3","6","6","03","09","4","","0","1","0","1","0"
"POINT (8.666227611000068 50.148065540000061)","Unfall 55677 (2021) Kat:3, Licht: 0","55677","3","6","2","04","14","1","","0","0","1","0","0"
"POINT (8.784393899000065 50.159804381000072)","Unfall 55688 (2021) Kat:3, Licht: 0","55688","3","6","2","02","14","6","","0","0","1","0","0"
"POINT (8.541962919000071 50.118452966000063)","Unfall 55698 (2021) Kat:3, Licht: 0","55698","3","6","0","05","11","4","","0","0","1","0","0"
"POINT (8.687881913000069 50.107193887000051)","Unfall 55724 (2021) Kat:3, Licht: 0","55724","3","2","5","04","14","5","","0","1","1","0","0"
"POINT (8.644805029000054 50.103098192000061)","Unfall 55730 (2021) Kat:3, Licht: 0","55730","3","2","5","05","17","7","","0","0","1","0","0"
"POINT (8.610208742000054 50.125985247000074)","Unfall 55734 (2021) Kat:2, Licht: 2","55734","2","3","5","04","21","7","","2","1","1","0","0"
"POINT (8.741895729000021 50.134751309000080)","Unfall 55740 (2021) Kat:3, Licht: 0","55740","3","6","2","03","11","2","","0","0","1","0","0"
"POINT (8.672258129000056 50.089910046000057)","Unfall 55746 (2021) Kat:2, Licht: 0","55746","2","6","4","05","17","2","","0","1","1","0","0"
"POINT (8.647994909000033 50.058678030000067)","Unfall 55751 (2021) Kat:2, Licht: 2","55751","2","6","2","03","04","4","","2","0","1","0","0"
"POINT (8.569641261000072 50.097051208000039)","Unfall 55761 (2021) Kat:3, Licht: 2","55761","3","6","2","02","06","7","","2","0","1","0","0"
"POINT (8.751530454000033 50.144741512000053)","Unfall 55784 (2021) Kat:3, Licht: 0","55784","3","3","5","04","13","3","","0","1","1","0","0"
"POINT (8.598290194000072 50.100293707000048)","Unfall 55810 (2021) Kat:3, Licht: 0","55810","3","6","2","05","15","7","","0","0","1","0","0"
"POINT (8.618223120000039 50.083999449000032)","Unfall 55819 (2021) Kat:3, Licht: 2","55819","3","6","2","04","22","2","","2","0","1","0","0"
"POINT (8.644494253000062 50.103282763000038)","Unfall 55824 (2021) Kat:3, Licht: 0","55824","3","6","2","05","18","2","","0","1","1","0","0"
"POINT (8.646629827000027 50.056070270000077)","Unfall 55835 (2021) Kat:3, Licht: 0","55835","3","6","2","04","16","5","","0","0","1","0","0"
"POINT (8.698382333000040 50.139928849000057)","Unfall 55836 (2021) Kat:3, Licht: 0","55836","3","4","6","02","10","2","","0","0","1","1","0"
"POINT (8.735642321000057 50.110778727000081)","Unfall 55846 (2021) Kat:3, Licht: 2","55846","3","6","2","02","19","1","","2","0","1","0","0"
"POINT (8.660405897000032 50.109385407000048)","Unfall 55851 (2021) Kat:3, Licht: 0","55851","3","6","1","05","19","2","","0","1","1","0","0"
"POINT (8.769638925000038 50.135877187000062)","Unfall 55853 (2021) Kat:3, Licht: 0","55853","3","6","2","04","08","5","","0","0","1","0","0"
"POINT (8.693341666000038 50.129296879000037)","Unfall 55862 (2021) Kat:3, Licht: 0","55862","3","6","2","05","18","2","","0","0","1","0","0"
"POINT (8.680261260000066 50.106408313000031)","Unfall 55894 (2021) Kat:3, Licht: 2","55894","3","6","2","04","23","7","","2","0","1","0","0"
"POINT (8.680388660000062 50.132170510000037)","Unfall 55896 (2021) Kat:3, Licht: 0","55896","3","6","2","04","18","6","","0","0","1","0","0"
"POINT (8.754354014000057 50.127809083000045)","Unfall 55898 (2021) Kat:2, Licht: 2","55898","2","3","5","03","04","7","","2","0","1","0","0"
"POINT (8.607058437000035 50.090832237000029)","Unfall 55919 (2021) Kat:3, Licht: 0","55919","3","3","5","02","14","3","","0","1","1","0","0"
"POINT (8.552780245000065 50.101383457000054)","Unfall 55924 (2021) Kat:3, Licht: 2","55924","3","1","0","03","18","3","","2","1","0","0","0"
"POINT (8.682597148000070 50.144669358000044)","Unfall 55929 (2021) Kat:3, Licht: 0","55929","3","6","2","04","14","1","","0","0","1","0","0"
"POINT (8.728885426000033 50.120983686000045)","Unfall 55949 (2021) Kat:3, Licht: 0","55949","3","6","3","02","08","5","","0","0","1","0","0"
"POINT (8.642172948000052 50.102838542000029)","Unfall 55953 (2021) Kat:3, Licht: 0","55953","3","3","0","03","13","3","","0","1","1","0","0"
"POINT (8.742634895000037 50.149196790000076)","Unfall 55956 (2021) Kat:2, Licht: 0","55956","2","2","4","05","20","1","","0","1","1","0","0"
"POINT (8.551649903000055 50.104935179000051)","Unfall 55984 (2021) Kat:3, Licht: 2","55984","3","6","2","02","18","5","","2","0","1","0","0"
"POINT (8.646771062000028 50.200099692000038)","Unfall 55998 (2021) Kat:3, Licht: 1","55998","3","1","3","05","20","7","","1","0","1","0","0"
"POINT (8.667586935000031 50.100231282000038)","Unfall 56027 (2021) Kat:3, Licht: 2","56027","3","6","2","04","21","3","","2","0","1","0","0"
"POINT (8.621074272000044 50.160055611000075)","Unfall 56030 (2021) Kat:3, Licht: 0","56030","3","3","5","05","19","2","","0","1","1","0","0"
"POINT (8.673757974000068 50.131808711000076)","Unfall 56055 (2021) Kat:2, Licht: 2","56055","2","1","0","03","21","7","","2","1","0","0","0"
"POINT (8.693084254000041 50.128864161000081)","Unfall 56064 (2021) Kat:3, Licht: 0","56064","3","7","5","04","16","5","","0","1","1","0","0"
"POINT (8.543205147000037 50.076328302000036)","Unfall 56070 (2021) Kat:2, Licht: 0","56070","2","1","0","02","07","4","","0","1","0","0","0"
"POINT (8.711242871000024 50.105108489000031)","Unfall 56088 (2021) Kat:3, Licht: 0","56088","3","3","5","03","14","1","","0","0","1","0","1"
"POINT (8.740645521000033 50.096449718000031)","Unfall 56097 (2021) Kat:3, Licht: 0","56097","3","1","9","04","11","1","","0","0","1","0","0"
"POINT (8.629695279000032 50.192127099000061)","Unfall 56112 (2021) Kat:3, Licht: 2","56112","3","1","9","04","21","4","","2","0","1","0","0"
"POINT (8.725524102000065 50.123121263000030)","Unfall 56120 (2021) Kat:2, Licht: 2","56120","2","2","5","03","04","7","","2","0","1","0","0"
"POINT (8.687870106000048 50.112535609000076)","Unfall 56132 (2021) Kat:3, Licht: 0","56132","3","2","3","05","12","6","","0","0","1","0","0"
"POINT (8.691434806000075 50.100860755000042)","Unfall 56140 (2021) Kat:3, Licht: 0","56140","3","1","3","03","16","4","","0","1","0","0","0"
"POINT (8.744550444000026 50.124141988000076)","Unfall 56143 (2021) Kat:3, Licht: 0","56143","3","6","3","03","09","4","","0","0","1","0","0"
"POINT (8.521965576000071 50.095024226000078)","Unfall 56158 (2021) Kat:3, Licht: 0","56158","3","6","3","02","15","1","","0","0","1","0","1"
"POINT (8.763456844000075 50.131322364000027)","Unfall 56160 (2021) Kat:3, Licht: 0","56160","3","6","2","05","11","2","","0","0","1","0","0"
"POINT (8.710130304000074 50.125451941000051)","Unfall 56165 (2021) Kat:3, Licht: 0","56165","3","3","5","03","08","3","","0","1","1","0","0"
"POINT (8.729524859000037 50.120166310000059)","Unfall 56166 (2021) Kat:3, Licht: 0","56166","3","6","2","05","12","6","","0","0","1","0","0"
"POINT (8.580569032000028 50.131713010000055)","Unfall 56188 (2021) Kat:3, Licht: 0","56188","3","6","2","02","12","6","","0","0","1","0","0"
"POINT (8.658375407000051 50.108545331000073)","Unfall 56193 (2021) Kat:3, Licht: 0","56193","3","1","0","04","10","5","","0","1","0","0","0"
"POINT (8.694438033000040 50.109160838000037)","Unfall 56196 (2021) Kat:2, Licht: 0","56196","2","2","2","02","13","3","","0","0","0","0","0"
"POINT (8.719477194000035 50.114045765000071)","Unfall 56200 (2021) Kat:3, Licht: 0","56200","3","6","2","05","13","7","","0","0","1","0","0"
"POINT (8.605836013000044 50.180946199000061)","Unfall 56201 (2021) Kat:3, Licht: 2","56201","3","2","5","03","18","2","","2","1","1","0","0"
"POINT (8.590600886000061 50.127697703000081)","Unfall 56214 (2021) Kat:3, Licht: 0","56214","3","6","3","03","10","7","","0","0","1","0","0"
"POINT (8.670559065000020 50.097571221000067)","Unfall 56222 (2021) Kat:3, Licht: 2","56222","3","1","0","04","21","3","","2","0","0","0","1"
"POINT (8.520825946000059 50.036454051000078)","Unfall 56235 (2021) Kat:2, Licht: 0","56235","2","6","3","02","13","1","","0","1","0","0","0"
"POINT (8.550004299000022 50.121493213000065)","Unfall 56250 (2021) Kat:3, Licht: 0","56250","3","6","2","03","16","5","","0","0","1","0","0"
"POINT (8.747293424000077 50.155658691000042)","Unfall 56268 (2021) Kat:3, Licht: 2","56268","3","6","2","02","18","3","","2","0","1","0","0"
"POINT (8.705379349000054 50.120140254000034)","Unfall 56269 (2021) Kat:3, Licht: 2","56269","3","3","5","03","19","2","","2","0","1","0","0"