WKT,Name,OBJECTID,UKATEGORIE,UTYP1,UART,UMONAT,USTUNDE,UWOCHENTAG,STRZUSTAND,ULICHTVERH,ISTRAD,ISTPKW,ISTFUSS,ISTKRAD
"POINT (8.591353161000029 50.126706243000058)","Unfall 56295 (2021) Kat:2, Licht: 0","56295","2","7","9","05","07","5","","0","0","1","0","0"
"POINT (8.743317316000059 50.123637457000029)","Unfall 56305 (2021) Kat:3, Licht: 0","56305","3","6","3","04","17","1","","0","0","1","0","0"
"POINT (8.723919050000063 50.123011525000038)","Unfall 56333 (2021) Kat:3, Licht: 0","56333","3","6","2","03","09","5","","0","0","1","0","0"
"POINT (8.650286645000051 50.120281561000070)","Unfall 56342 (2021) Kat:3, Licht: 0","56342","3","7","2","05","16","3","","0","0","1","0","1"
"POINT (8.570554342000037 50.090901645000031)","Unfall 56344 (2021) Kat:3, Licht: 0","56344","3","1","0","02","15","1","","0","0","0","0","1"
"POINT (8.615306510000039 50.076422087000026)","Unfall 56345 (2021) Kat:3, Licht: 0","56345","3","3","5","03","16","3","","0","0","1","0","0"
"POINT (8.655026709000026 50.077377661000071)","Unfall 56351 (2021) Kat:3, Licht: 0","56351","3","6","2","05","16","5","","0","0","1","0","0"
"POINT (8.686542703000043 50.098212292000028)","Unfall 56361 (2021) Kat:3, Licht: 0","56361","3","3","5","05","18","4","","0","1","1","0","0"
"POINT (8.721038066000062 50.114454017000071)","Unfall 56393 (2021) Kat:3, Licht: 0","56393","3","3","5","04","11","7","","0","1","1","0","0"
"POINT (8.514829813000063 50.085102245000030)","Unfall 56425 (2021) Kat:3, Licht: 0","56425","3","3","5","03","19","3","","0","0","1","0","0"
"POINT (8.693060617000071 50.086329742000032)","Unfall 56430 (2021) Kat:3, Licht: 0","56430","3","7","5","04","14","5","","0","0","1","0","0"
"POINT (8.609944437000024 50.064241680000066)","Unfall 56436 (2021) Kat:3, Licht: 2","56436","3","7","7","03","20","6","","2","0","1","0","0"
"POINT (8.694383143000039 50.109159660000046)","Unfall 56437 (2021) Kat:2, Licht: 0","56437","2","2","5","02","13","4","","0","1","1","0","0"
"POINT (8.704466282000055 50.111211702000048)","Unfall 56442 (2021) Kat:3, Licht: 0","56442","3","3","5","05","12","7","","0","1","1","0","0"
"POINT (8.659685923000040 50.061003726000081)","Unfall 56456 (2021) Kat:3, Licht: 1","56456","3","6","2","02","17","3","","1","0","1","0","0"
"POINT (8.696979230000068 50.109395057000029)","Unfall 56465 (2021) Kat:2, Licht: 0","56465","2","6","2","05","17","4","","0","1","1","0","0"
"POINT (8.752156872000057 50.127050582000038)","Unfall 56473 (2021) Kat:3, Licht: 0","56473","3","6","2","04","15","5","","0","0","1","0","0"
"POINT (8.670023544000060 50.139999440000054)","Unfall 56483 (2021) Kat:2, Licht: 1","56483","2","4","6","05","18","3","","1","0","0","1","0"
"POINT (8.687630281000054 50.159619129000077)","Unfall 56486 (2021) Kat:3, Licht: 0","56486","3","1","1","02","12","3","","0","0","1","0","0"
"POINT (8.726611182000056 50.127894422000054)","Unfall 56524 (2021) Kat:3, Licht: 0","56524","3","4","6","03","13","5","","0","0","0","1","1"
"POINT (8.680505837000055 50.106509127000038)","Unfall 56525 (2021) Kat:2, Licht: 2","56525","2","6","4","04","21","5","","2","0","0","0","0"
"POINT (8.697966561000044 50.104626111000073)","Unfall 56540 (2021) Kat:2, Licht: 0","56540","2","2","5","02","09","6","","0","0","1","0","0"
"POINT (8.671495247000053 50.136226691000047)","Unfall 56544 (2021) Kat:3, Licht: 0","56544","3","6","2","04","11","3","","0","0","1","0","0"
"POINT (8.638971076000075 50.094703524000067)","Unfall 56564 (2021) Kat:3, Licht: 0","56564","3","7","0","05","18","4","","0","0","0","1","0"
"POINT (8.669230532000029 50.088593242000059)","Unfall 56585 (2021) Kat:3, Licht: 0","56585","3","3","5","03","17","5","","0","1","1","0","0"
"POINT (8.593145538000044 50.123829638000075)","Unfall 56586 (2021) Kat:3, Licht: 0","56586","3","6","2","02","10","6","","0","0","1","0","0"
"POINT (8.567319033000047 50.051996811000038)","Unfall 56592 (2021) Kat:1, Licht: 2","56592","1","1","8","05","21","1","","2","0","1","0","0"
"POINT (8.629011582000032 50.101601420000065)","Unfall 56601 (2021) Kat:3, Licht: 1","56601","3","6","2","02","18","6","","1","0","1","0","0"
"POINT (8.652356509000072 50.204995986000029)","Unfall 56619 (2021) Kat:3, Licht: 0","56619","3","6","2","04","10","6","","0","0","1","0","0"
"POINT (8.579311690000054 50.123562869000068)","Unfall 56660 (2021) Kat:3, Licht: 0","56660","3","2","5","04","15","6","","0","0","0","0","1"
"POINT (8.587517970000022 50.100170394000031)","Unfall 56678 (2021) Kat:2, Licht: 2","56678","2","6","2","03","00","1","","2","0","1","0","0"
"POINT (8.603139671000065 50.132258280000030)","Unfall 56721 (2021) Kat:3, Licht: 1","56721","3","6","2","02","06","3","","1","0","1","0","0"
"POINT (8.573786563000056 50.094931891000044)","Unfall 56728 (2021) Kat:3, Licht: 0","56728","3","1","0","05","17","2","","0","0","1","0","0"
"POINT (8.688912860000073 50.158381119000069)","Unfall 56732 (2021) Kat:2, Licht: 1","56732","2","3","5","03","05","2","","1","1","1","0","0"
"POINT (8.636112946000026 50.102276951000078)","Unfall 56740 (2021) Kat:3, Licht: 1","56740","3","3","6","02","07","2","","1","0","1","1","0"
"POINT (8.684734155000058 50.138365487000044)","Unfall 56762 (2021) Kat:3, Licht: 0","56762","3","1","1","04","17","3","","0","1","0","0","1"
"POINT (8.600732400000027 50.152948426000080)","Unfall 56763 (2021) Kat:3, Licht: 2","56763","3","1","9","02","06","7","","2","0","1","0","0"
"POINT (8.638423291000038 50.102491093000026)","Unfall 56773 (2021) Kat:3, Licht: 0","56773","3","7","1","02","10","7","","0","1","1","0","0"
"POINT (8.604186807000076 50.100158248000071)","Unfall 56784 (2021) Kat:3, Licht: 0","56784","3","1","0","02","12","1","","0","0","0","0","1"
"POINT (8.713499878000050 50.112016980000078)","Unfall 56808 (2021) Kat:3, Licht: 2","56808","3","1","0","02","07","2","","2","0","0","0","1"
"POINT (8.694335513000055 50.138884104000056)","Unfall 56809 (2021) Kat:3, Licht: 0","56809","3","1","8","03","08","5","","0","1","1","0","0"
"POINT (8.618116084000064 50.172878780000076)","Unfall 56810 (2021) Kat:3, Licht: 0","56810","3","1","4","03","17","4","","0","0","1","0","0"
"POINT (8.604183062000061 50.086947889000044)","Unfall 56839 (2021) Kat:3, Licht: 0","56839","3","3","5","05","18","4","","0","0","1","0","0"
"POINT (8.665422129000035 50.104254523000066)","Unfall 56850 (2021) Kat:3, Licht: 0","56850","3","6","2","02","09","4","","0","0","1","0","0"
"POINT (8.551637545000062 50.110231582000040)","Unfall 56852 (2021) Kat:2, Licht: 0","56852","2","5","1","02","11","5","","0","0","1","0","0"
"POINT (8.618170026000030 50.085378135000042)","Unfall 56854 (2021) Kat:3, Licht: 2","56854","3","7","7","02","22","2","","2","0","1","1","0"
"POINT (8.551655272000062 50.108629487000030)","Unfall 56861 (2021) Kat:3, Licht: 0","56861","3","3","5","03","14","7","","0","0","1","0","0"
"POINT (8.627571833000047 50.101459691000059)","Unfall 56870 (2021) Kat:2, Licht: 0","56870","2","4","6","04","09","5","","0","0","1","1","0"
"POINT (8.747759582000072 50.125417420000076)","Unfall 56886 (2021) Kat:3, Licht: 0","56886","3","3","5","05","16","4","","0","0","1","0","0"
"POINT (8.719538929000066 50.113944042000071)","Unfall 56913 (2021) Kat:3, Licht: 1","56913","3","2","6","05","06","4","","1","0","0","1","1"
"POINT (8.565470776000041 50.051464366000062)","Unfall 56919 (2021) Kat:3, Licht: 0","56919","3","6","2","02","13","1","","0","0","1","0","0"
"POINT (8.749812596000027 50.121572484000069)","Unfall 56931 (2021) Kat:3, Licht: 0","56931","3","2","5","03","07","5","","0","0","1","0","0"
"POINT (8.510163031000047 50.097021288000064)","Unfall 56971 (2021) Kat:3, Licht: 0","56971","3","6","2","08","12","7","","0","0","1","0","1"
"POINT (8.592592029000059 50.115907434000064)","Unfall 56976 (2021) Kat:3, Licht: 0","56976","3","6","2","10","15","7","","0","0","1","0","0"
"POINT (8.679766236000034 50.111280725000029)","Unfall 56977 (2021) Kat:3, Licht: 0","56977","3","6","2","09","08","6","","0","0","1","0","0"
"POINT (8.691036231000055 50.101784983000073)","Unfall 56988 (2021) Kat:3, Licht: 0","56988","3","1","9","07","18","7","","0","1","0","0","0"
"POINT (8.669008171000030 50.099358516000052)","Unfall 57017 (2021) Kat:3, Licht: 0","57017","3","3","5","10","12","6","","0","0","1","0","0"
"POINT (8.727970892000030 50.122917849000032)","Unfall 57018 (2021) Kat:3, Licht: 0","57018","3","6","2","09","19","6","","0","0","1","0","0"
"POINT (8.617012181000064 50.100295588000051)","Unfall 57020 (2021) Kat:3, Licht: 0","57020","3","2","3","09","13","7","","0","1","1","0","0"
"POINT (8.740625756000043 50.098604852000051)","Unfall 57028 (2021) Kat:3, Licht: 0","57028","3","3","5","08","14","3","","0","0","1","0","0"
"POINT (8.708579432000022 50.111336884000082)","Unfall 57039 (2021) Kat:3, Licht: 0","57039","3","3","5","06","15","4","","0","0","1","0","0"
"POINT (8.662901437000073 50.103264918000036)","Unfall 57075 (2021) Kat:3, Licht: 0","57075","3","4","6","07","17","4","","0","1","1","1","0"
"POINT (8.600391361000050 50.113846089000049)","Unfall 57085 (2021) Kat:2, Licht: 0","57085","2","6","2","05","15","1","","0","0","0","0","1"
"POINT (8.708936492000021 50.130899115000034)","Unfall 57097 (2021) Kat:3, Licht: 0","57097","3","3","0","07","10","3","","0","1","0","0","0"
"POINT (8.690904933000070 50.095621953000034)","Unfall 57101 (2021) Kat:3, Licht: 0","57101","3","6","2","09","11","5","","0","0","1","0","0"
"POINT (8.733435385000064 50.131119679000051)","Unfall 57106 (2021) Kat:2, Licht: 0","57106","2","4","0","09","19","2","","0","0","0","1","0"
"POINT (8.652663005000022 50.106280138000045)","Unfall 57113 (2021) Kat:3, Licht: 0","57113","3","6","6","06","14","4","","0","0","0","1","0"
"POINT (8.707681730000047 50.126535017000037)","Unfall 57121 (2021) Kat:2, Licht: 2","57121","2","4","6","08","22","4","","2","0","0","1","0"
"POINT (8.682575355000040 50.107070090000036)","Unfall 57127 (2021) Kat:2, Licht: 0","57127","2","6","4","05","16","7","","0","0","0","0","0"
"POINT (8.746666982000022 50.153737353000054)","Unfall 57145 (2021) Kat:3, Licht: 0","57145","3","6","2","06","18","2","","0","0","1","0","1"
"POINT (8.590042715000038 50.132660020000060)","Unfall 57146 (2021) Kat:3, Licht: 0","57146","3","6","2","08","08","2","","0","0","1","0","0"
"POINT (8.712754906000043 50.063520549000032)","Unfall 57159 (2021) Kat:3, Licht: 0","57159","3","6","2","08","16","5","","0","0","1","0","0"
"POINT (8.506797780000056 50.075678424000046)","Unfall 57163 (2021) Kat:3, Licht: 0","57163","3","6","3","09","14","6","","0","0","1","0","0"
"POINT (8.722794241000031 50.115173797000068)","Unfall 57172 (2021) Kat:3, Licht: 0","57172","3","6","2","06","16","4","","0","0","1","0","0"
"POINT (8.573506219000024 50.089959882000073)","Unfall 57179 (2021) Kat:3, Licht: 0","57179","3","2","5","08","06","5","","0","0","1","0","0"
"POINT (8.526519689000054 50.022063016000061)","Unfall 57185 (2021) Kat:3, Licht: 0","57185","3","6","3","06","12","5","","0","1","0","0","0"
"POINT (8.619695727000021 50.088091651000070)","Unfall 57192 (2021) Kat:3, Licht: 0","57192","3","6","2","10","17","1","","0","0","1","0","0"
"POINT (8.735071972000071 50.131171948000031)","Unfall 57212 (2021) Kat:3, Licht: 0","57212","3","6","2","06","10","4","","0","0","1","0","1"
"POINT (8.590517549000026 50.057598417000065)","Unfall 57223 (2021) Kat:3, Licht: 0","57223","3","1","9","07","08","5","","0","0","0","0","0"
"POINT (8.616198144000066 50.093735416000072)","Unfall 57232 (2021) Kat:3, Licht: 2","57232","3","1","9","08","21","3","","2","0","1","0","0"
"POINT (8.652876761000073 50.114085309000075)","Unfall 57242 (2021) Kat:3, Licht: 0","57242","3","6","0","09","17","3","","0","0","1","0","1"
"POINT (8.639605778000032 50.126320724000038)","Unfall 57259 (2021) Kat:3, Licht: 1","57259","3","3","6","09","08","5","","1","0","1","1","0"
"POINT (8.709798388000024 50.125712284000031)","Unfall 57262 (2021) Kat:3, Licht: 0","57262","3","6","0","09","11","6","","0","1","0","0","0"
"POINT (8.694642459000022 50.101738225000076)","Unfall 57266 (2021) Kat:3, Licht: 0","57266","3","6","3","06","13","3","","0","0","1","0","0"
"POINT (8.724561390000076 50.122991935000073)","Unfall 57272 (2021) Kat:3, Licht: 0","57272","3","6","2","08","12","1","","0","0","1","0","1"
"POINT (8.638231648000044 50.133795065000072)","Unfall 57279 (2021) Kat:3, Licht: 0","57279","3","6","3","06","16","6","","0","0","1","0","0"
"POINT (8.695445799000026 50.104885478000028)","Unfall 57284 (2021) Kat:3, Licht: 0","57284","3","6","3","08","13","7","","0","0","1","0","1"
"POINT (8.679414111000028 50.158798904000037)","Unfall 57292 (2021) Kat:3, Licht: 2","57292","3","3","5","08","21","7","","2","0","1","0","0"
"POINT (8.664792305000049 50.103014255000062)","Unfall 57294 (2021) Kat:3, Licht: 0","57294","3","1","9","07","15","6","","0","0","0","0","1"
"POINT (8.729471006000040 50.120399731000077)","Unfall 57309 (2021) Kat:3, Licht: 0","57309","3","6","2","07","15","7","","0","0","1","0","0"
"POINT (8.536543471000073 50.116658391000044)","Unfall 57315 (2021) Kat:3, Licht: 0","57315","3","6","2","09","18","4","","0","0","1","0","0"
"POINT (8.645195875000070 50.096962960000042)","Unfall 57349 (2021) Kat:3, Licht: 0","57349","3","3","5","06","11","6","","0","0","1","0","0"
"POINT (8.654172472000027 50.078113792000067)","Unfall 57359 (2021) Kat:3, Licht: 0","57359","3","1","8","08","13","1","","0","0","1","0","0"
"POINT (8.727682430000073 50.116963458000043)","Unfall 57362 (2021) Kat:3, Licht: 2","57362","3","6","4","06","23","6","","2","1","0","0","0"
"POINT (8.642807579000021 50.199375962000033)","Unfall 57396 (2021) Kat:3, Licht: 0","57396","3","6","2","07","15","6","","0","0","1","0","0"
"POINT (8.664579085000071 50.103707524000072)","Unfall 57418 (2021) Kat:3, Licht: 0","57418","3","7","0","06","07","3","","0","1","0","0","0"
"POINT (8.678311855000061 50.132178562000036)","Unfall 57438 (2021) Kat:2, Licht: 0","57438","2","2","3","08","08","4","","0","1","0","0","0"
"POINT (8.645868915000051 50.137294627000074)","Unfall 57456 (2021) Kat:3, Licht: 0","57456","3","6","2","05","16","4","","0","0","1","0","0"
"POINT (8.528041486000063 50.113358424000069)","Unfall 57458 (2021) Kat:3, Licht: 0","57458","3","6","2","06","18","3","","0","0","1","0","0"
"POINT (8.651674940000021 50.105889531000059)","Unfall 57486 (2021) Kat:3, Licht: 2","57486","3","6","2","08","21","3","","2","0","1","0","0"
"POINT (8.604895944000020 50.114811030000055)","Unfall 57488 (2021) Kat:3, Licht: 0","57488","3","6","2","06","07","7","","0","0","1","0","0"
"POINT (8.698622323000052 50.139737160000038)","Unfall 57510 (2021) Kat:2, Licht: 0","57510","2","7","9","07","20","5","","0","1","0","0","0"
"POINT (8.630296599000076 50.101723243000038)","Unfall 57517 (2021) Kat:3, Licht: 0","57517","3","7","0","06","12","2","","0","0","0","1","0"
"POINT (8.557639833000053 50.080822864000027)","Unfall 57541 (2021) Kat:2, Licht: 2","57541","2","1","9","07","03","6","","2","0","1","0","0"
"POINT (8.724368226000024 50.132925596000064)","Unfall 57552 (2021) Kat:3, Licht: 0","57552","3","6","2","07","15","3","","0","0","1","0","0"
"POINT (8.752112437000051 50.139561479000065)","Unfall 57555 (2021) Kat:3, Licht: 0","57555","3","7","9","06","07","2","","0","0","1","0","0"
"POINT (8.602583904000028 50.108853162000059)","Unfall 57571 (2021) Kat:3, Licht: 2","57571","3","6","2","08","21","5","","2","0","1","0","0"
"POINT (8.722575445000075 50.135472140000047)","Unfall 57577 (2021) Kat:3, Licht: 0","57577","3","6","2","09","16","7","","0","0","1","0","0"
"POINT (8.694952354000065 50.132236785000032)","Unfall 57580 (2021) Kat:3, Licht: 0","57580","3","6","3","08","17","5","","0","1","1","0","0"
"POINT (8.577414481000062 50.130344126000068)","Unfall 57594 (2021) Kat:2, Licht: 0","57594","2","3","5","09","17","3","","0","0","1","0","0"
"POINT (8.656780827000034 50.134012428000062)","Unfall 57597 (2021) Kat:3, Licht: 0","57597","3","1","8","09","19","3","","0","0","1","0","0"
"POINT (8.666440126000055 50.147961650000070)","Unfall 57608 (2021) Kat:2, Licht: 2","57608","2","7","0","09","19","2","","2","0","0","0","0"
"POINT (8.712296922000064 50.136388766000039)","Unfall 57623 (2021) Kat:3, Licht: 0","57623","3","7","0","09","18","5","","0","0","0","0","0"
"POINT (8.673080019000054 50.149401711000053)","Unfall 57630 (2021) Kat:3, Licht: 0","57630","3","3","5","09","09","2","","0","1","0","0","1"
"POINT (8.678261419000023 50.110807477000037)","Unfall 57639 (2021) Kat:3, Licht: 0","57639","3","6","2","06","15","7","","0","1","0","0","0"
"POINT (8.671450358000072 50.166262509000035)","Unfall 57652 (2021) Kat:3, Licht: 0","57652","3","7","8","07","19","5","","0","0","0","0","1"
"POINT (8.748616572000060 50.154806111000028)","Unfall 57653 (2021) Kat:3, Licht: 0","57653","3","6","2","06","05","2","","0","0","1","0","0"
"POINT (8.561202598000023 50.126241237000045)","Unfall 57655 (2021) Kat:3, Licht: 0","57655","3","6","3","08","08","3","","0","0","1","0","0"
"POINT (8.675615146000041 50.068446958000038)","Unfall 57672 (2021) Kat:3, Licht: 0","57672","3","2","4","09","13","1","","0","1","1","0","0"
"POINT (8.657271215000037 50.111286098000051)","Unfall 57692 (2021) Kat:3, Licht: 0","57692","3","6","2","09","13","7","","0","0","1","0","0"
"POINT (8.519548070000042 50.097323511000070)","Unfall 57715 (2021) Kat:3, Licht: 0","57715","3","6","2","05","13","2","","0","0","1","0","0"
"POINT (8.496481089000042 50.096917030000043)","Unfall 57723 (2021) Kat:3, Licht: 2","57723","3","6","2","09","06","4","","2","0","1","0","0"
"POINT (8.557142485000043 50.080383628000050)","Unfall 57731 (2021) Kat:3, Licht: 2","57731","3","1","8","09","23","6","","2","0","1","0","0"
"POINT (8.545691880000049 50.119974644000081)","Unfall 57736 (2021) Kat:3, Licht: 0","57736","3","7","0","06","17","4","","0","0","1","0","0"
"POINT (8.731958679000059 50.117112394000060)","Unfall 57751 (2021) Kat:3, Licht: 1","57751","3","6","2","07","19","5","","1","0","1","0","0"
"POINT (8.735902891000023 50.120749313000033)","Unfall 57766 (2021) Kat:2, Licht: 2","57766","2","6","3","08","21","2","","2","0","1","0","0"
"POINT (8.570593844000030 50.096623589000046)","Unfall 57779 (2021) Kat:2, Licht: 0","57779","2","4","6","07","07","2","","0","0","1","1","0"
"POINT (8.616793420000022 50.181598433000033)","Unfall 57801 (2021) Kat:3, Licht: 0","57801","3","6","2","06","14","6","","0","0","1","0","0"
"POINT (8.551702858000056 50.102939466000066)","Unfall 57815 (2021) Kat:3, Licht: 0","57815","3","6","2","06","20","2","","0","0","1","0","0"
"POINT (8.613867009000046 50.137404452000055)","Unfall 57820 (2021) Kat:3, Licht: 0","57820","3","4","6","09","12","4","","0","1","0","1","0"
"POINT (8.748609867000027 50.154777608000074)","Unfall 57826 (2021) Kat:3, Licht: 0","57826","3","6","2","09","11","5","","0","0","1","0","0"
"POINT (8.591244902000028 50.135771071000079)","Unfall 57832 (2021) Kat:2, Licht: 0","57832","2","6","0","06","20","7","","0","0","1","0","0"
"POINT (8.650619285000062 50.113780163000058)","Unfall 57854 (2021) Kat:3, Licht: 0","57854","3","3","5","07","11","5","","0","0","1","0","0"
"POINT (8.642193970000051 50.102840490000062)","Unfall 57856 (2021) Kat:3, Licht: 0","57856","3","6","2","08","11","7","","0","0","1","0","0"
"POINT (8.617366729000025 50.089607378000039)","Unfall 57859 (2021) Kat:2, Licht: 1","57859","2","6","0","06","05","2","","1","0","1","0","0"
"POINT (8.535725720000073 50.113176367000051)","Unfall 57865 (2021) Kat:2, Licht: 0","57865","2","1","0","08","19","7","","0","1","0","0","0"
"POINT (8.590290608000032 50.132037942000068)","Unfall 57877 (2021) Kat:3, Licht: 0","57877","3","6","3","08","06","7","","0","0","1","0","0"
"POINT (8.695495581000046 50.109139836000054)","Unfall 57892 (2021) Kat:3, Licht: 0","57892","3","2","5","09","15","5","","0","1","1","0","0"
"POINT (8.652925058000051 50.112753937000036)","Unfall 57899 (2021) Kat:3, Licht: 0","57899","3","6","4","06","12","4","","0","1","0","0","0"
"POINT (8.611309354000070 50.172200921000069)","Unfall 57901 (2021) Kat:3, Licht: 0","57901","3","6","2","08","12","2","","0","0","1","0","0"
"POINT (8.661175070000070 50.153047451000077)","Unfall 57904 (2021) Kat:3, Licht: 0","57904","3","2","3","06","12","5","","0","0","1","0","0"
"POINT (8.611770680000063 50.173029817000042)","Unfall 57911 (2021) Kat:3, Licht: 0","57911","3","6","2","06","13","1","","0","0","1","0","0"
"POINT (8.663522556000032 50.108105826000042)","Unfall 57915 (2021) Kat:3, Licht: 0","57915","3","7","1","06","16","2","","0","1","1","0","0"
"POINT (8.655400162000035 50.100102096000057)","Unfall 57923 (2021) Kat:3, Licht: 0","57923","3","6","2","06","10","6","","0","0","1","0","0"
"POINT (8.709372859000041 50.131162815000039)","Unfall 57936 (2021) Kat:2, Licht: 0","57936","2","4","6","06","17","3","","0","0","0","1","1"
"POINT (8.734856678000028 50.120316008000032)","Unfall 57945 (2021) Kat:3, Licht: 0","57945","3","3","5","09","13","2","","0","0","1","0","0"
"POINT (8.508946153000068 50.089510621000045)","Unfall 57955 (2021) Kat:2, Licht: 0","57955","2","7","0","08","17","5","","0","0","0","0","1"
"POINT (8.695114146000037 50.106759938000039)","Unfall 57956 (2021) Kat:3, Licht: 2","57956","3","1","0","10","04","7","","2","0","0","0","0"
"POINT (8.699279304000072 50.112996417000033)","Unfall 57960 (2021) Kat:3, Licht: 0","57960","3","3","5","05","16","1","","0","0","1","0","1"
"POINT (8.677906599000039 50.105444973000033)","Unfall 57968 (2021) Kat:3, Licht: 0","57968","3","2","5","07","15","5","","0","1","1","0","0"
"POINT (8.597440317000064 50.122819186000072)","Unfall 57971 (2021) Kat:3, Licht: 0","57971","3","6","3","09","10","5","","0","0","1","0","1"
"POINT (8.750583778000021 50.121918254000036)","Unfall 57975 (2021) Kat:3, Licht: 0","57975","3","6","2","06","16","2","","0","0","1","0","0"
"POINT (8.677156582000066 50.067697972000076)","Unfall 57976 (2021) Kat:3, Licht: 0","57976","3","1","0","09","16","5","","0","1","0","0","0"
"POINT (8.652324628000031 50.159553763000076)","Unfall 57984 (2021) Kat:2, Licht: 0","57984","2","6","2","09","12","3","","0","0","1","0","1"
"POINT (8.741600476000031 50.123164474000077)","Unfall 57994 (2021) Kat:3, Licht: 2","57994","3","3","5","07","23","3","","2","0","1","0","0"
"POINT (8.663374666000038 50.147567109000079)","Unfall 57999 (2021) Kat:3, Licht: 0","57999","3","1","0","06","12","4","","0","1","0","0","0"
"POINT (8.603412689000038 50.052979914000048)","Unfall 58021 (2021) Kat:3, Licht: 0","58021","3","1","9","07","11","2","","0","0","1","0","0"
"POINT (8.683157658000027 50.143248999000036)","Unfall 58025 (2021) Kat:3, Licht: 0","58025","3","1","0","09","16","4","","0","1","1","0","0"
"POINT (8.696738335000020 50.136222609000072)","Unfall 58026 (2021) Kat:3, Licht: 0","58026","3","1","2","08","16","3","","0","0","1","0","0"
"POINT (8.731984229000034 50.118353015000082)","Unfall 58035 (2021) Kat:2, Licht: 0","58035","2","6","2","06","10","6","","0","0","1","0","0"
"POINT (8.595533166000052 50.143504518000043)","Unfall 58047 (2021) Kat:3, Licht: 0","58047","3","6","2","07","14","4","","0","0","1","0","0"
"POINT (8.711090236000075 50.122702829000048)","Unfall 58078 (2021) Kat:2, Licht: 0","58078","2","3","5","06","12","1","","0","0","1","0","0"
"POINT (8.549251363000053 50.121030336000047)","Unfall 58083 (2021) Kat:2, Licht: 0","58083","2","6","2","08","11","3","","0","0","1","0","0"
"POINT (8.655393747000062 50.107359489000032)","Unfall 58086 (2021) Kat:3, Licht: 0","58086","3","6","3","06","19","4","","0","1","1","0","0"
"POINT (8.646411850000050 50.200196782000035)","Unfall 58114 (2021) Kat:2, Licht: 0","58114","2","1","0","05","10","3","","0","0","0","0","1"
"POINT (8.760577286000057 50.113809929000070)","Unfall 58118 (2021) Kat:3, Licht: 0","58118","3","6","2","09","08","4","","0","0","1","0","0"
"POINT (8.740281532000040 50.131637687000079)","Unfall 58121 (2021) Kat:2, Licht: 2","58121","2","1","0","08","03","1","","2","0","0","0","0"
"POINT (8.642961738000054 50.057225416000051)","Unfall 58127 (2021) Kat:3, Licht: 2","58127","3","1","8","08","03","2","","2","0","1","0","0"
"POINT (8.638635229000045 50.055791389000035)","Unfall 58185 (2021) Kat:2, Licht: 0","58185","2","6","2","07","15","1","","0","0","1","0","0"
"POINT (8.556837972000039 50.102683331000037)","Unfall 58186 (2021) Kat:3, Licht: 1","58186","3","6","2","06","20","5","","1","0","1","0","0"
"POINT (8.729533629000059 50.070360924000056)","Unfall 58200 (2021) Kat:3, Licht: 0","58200","3","1","9","07","13","3","","0","0","1","0","0"
"POINT (8.639867156000037 50.095086710000032)","Unfall 58223 (2021) Kat:3, Licht: 0","58223","3","6","2","06","09","6","","0","0","1","0","0"
"POINT (8.617663458000038 50.079867323000030)","Unfall 58255 (2021) Kat:2, Licht: 0","58255","2","6","2","06","07","6","","0","0","1","0","0"
"POINT (8.547460849000061 50.099196361000054)","Unfall 58275 (2021) Kat:3, Licht: 0","58275","3","1","8","07","17","2","","0","0","0","0","0"
"POINT (8.603064954000047 50.100185218000036)","Unfall 58276 (2021) Kat:3, Licht: 0","58276","3","6","2","05","12","3","","0","0","1","0","0"
"POINT (8.742279465000024 50.095946907000041)","Unfall 58293 (2021) Kat:3, Licht: 0","58293","3","1","9","09","15","7","","0","0","1","0","0"
"POINT (8.672087997000062 50.131868405000034)","Unfall 58297 (2021) Kat:2, Licht: 0","58297","2","6","2","07","18","2","","0","0","1","0","0"
"POINT (8.667456362000053 50.131562466000048)","Unfall 58301 (2021) Kat:3, Licht: 0","58301","3","6","2","07","13","2","","0","0","1","0","0"
"POINT (8.699864139000056 50.104355212000030)","Unfall 58304 (2021) Kat:2, Licht: 0","58304","2","3","5","08","11","2","","0","1","1","0","0"
"POINT (8.709457263000047 50.138884407000035)","Unfall 58309 (2021) Kat:2, Licht: 2","58309","2","1","8","09","06","7","","2","0","1","0","0"
"POINT (8.484677252000040 50.096684416000073)","Unfall 58310 (2021) Kat:3, Licht: 0","58310","3","6","2","07","13","5","","0","0","1","0","0"
"POINT (8.641982459000076 50.102820891000079)","Unfall 58324 (2021) Kat:3, Licht: 0","58324","3","6","2","06","17","5","","0","0","1","0","0"
"POINT (8.557091646000060 50.115499388000046)","Unfall 58330 (2021) Kat:3, Licht: 0","58330","3","1","0","08","20","6","","0","0","0","0","1"
"POINT (8.702218971000036 50.122221389000060)","Unfall 58331 (2021) Kat:3, Licht: 2","58331","3","7","1","10","01","1","","2","0","1","0","0"
"POINT (8.738404948000039 50.100614851000046)","Unfall 58339 (2021) Kat:2, Licht: 0","58339","2","1","0","06","17","3","","0","1","1","0","0"
"POINT (8.656513367000059 50.107800481000027)","Unfall 58360 (2021) Kat:3, Licht: 2","58360","3","2","4","09","22","2","","2","1","1","0","0"
"POINT (8.526023311000074 50.109783960000073)","Unfall 58378 (2021) Kat:3, Licht: 2","58378","3","3","0","08","22","7","","2","0","1","0","1"
"POINT (8.715538260000073 50.137562705000050)","Unfall 58399 (2021) Kat:3, Licht: 0","58399","3","6","2","09","08","2","","0","0","1","0","0"