WKT,Name,OBJECTID,UKATEGORIE,UTYP1,UART,UMONAT,USTUNDE,UWOCHENTAG,STRZUSTAND,ULICHTVERH,ISTRAD,ISTPKW,ISTFUSS,ISTKRAD
"POINT (8.756429780000076 50.119278401000031)","Unfall 58402 (2021) Kat:3, Licht: 2","58402","3","7","1","09","04","1","","2","0","1","0","0"
"POINT (8.616399037000065 50.121711317000063)","Unfall 58407 (2021) Kat:3, Licht: 0","58407","3","6","2","06","16","3","","0","1","1","0","0"
"POINT (8.680342997000025 50.159208739000064)","Unfall 58422 (2021) Kat:3, Licht: 0","58422","3","1","9","08","09","2","","0","0","1","0","0"
"POINT (8.731416460000048 50.118971266000074)","Unfall 58435 (2021) Kat:3, Licht: 0","58435","3","3","5","06","07","2","","0","0","1","0","1"
"POINT (8.588921989000028 50.123257405000061)","Unfall 58438 (2021) Kat:3, Licht: 0","58438","3","3","5","08","15","6","","0","0","1","0","1"
"POINT (8.695098301000030 50.106343340000080)","Unfall 58458 (2021) Kat:3, Licht: 0","58458","3","7","0","06","07","3","","0","1","0","0","0"
"POINT (8.485802995000029 50.096313973000065)","Unfall 58467 (2021) Kat:3, Licht: 0","58467","3","6","2","09","18","2","","0","0","1","0","0"
"POINT (8.527666650000072 50.113220858000034)","Unfall 58482 (2021) Kat:3, Licht: 0","58482","3","1","9","05","11","1","","0","0","1","0","0"
"POINT (8.661464567000053 50.147075846000064)","Unfall 58484 (2021) Kat:3, Licht: 0","58484","3","6","2","09","13","2","","0","0","1","0","0"
"POINT (8.643790619000072 50.114128468000047)","Unfall 58485 (2021) Kat:3, Licht: 0","58485","3","3","4","07","19","6","","0","0","1","0","0"
"POINT (8.654534647000048 50.192120166000052)","Unfall 58497 (2021) Kat:3, Licht: 0","58497","3","1","8","09","07","5","","0","0","1","0","0"
"POINT (8.650389085000029 50.132399035000049)","Unfall 58504 (2021) Kat:3, Licht: 0","58504","3","6","2","06","18","4","","0","0","1","0","0"
"POINT (8.664681065000025 50.107504871000060)","Unfall 58509 (2021) Kat:3, Licht: 0","58509","3","5","1","06","10","6","","0","1","1","0","0"
"POINT (8.601421563000031 50.052627002000065)","Unfall 58515 (2021) Kat:3, Licht: 0","58515","3","1","0","08","16","1","","0","0","0","0","1"
"POINT (8.707363524000073 50.126714764000042)","Unfall 58521 (2021) Kat:2, Licht: 0","58521","2","5","1","09","19","6","","0","1","1","0","0"
"POINT (8.551083089000031 50.121911414000067)","Unfall 58524 (2021) Kat:3, Licht: 0","58524","3","1","9","07","17","6","","0","0","1","0","0"
"POINT (8.560132847000034 50.101459328000033)","Unfall 58529 (2021) Kat:3, Licht: 0","58529","3","4","6","08","16","5","","0","0","1","1","0"
"POINT (8.725440735000063 50.122965099000055)","Unfall 58535 (2021) Kat:3, Licht: 0","58535","3","6","3","06","14","5","","0","0","1","0","1"
"POINT (8.687802698000041 50.107006965000039)","Unfall 58539 (2021) Kat:3, Licht: 2","58539","3","6","1","08","02","1","","2","0","1","0","0"
"POINT (8.636506131000033 50.102313447000029)","Unfall 58549 (2021) Kat:3, Licht: 0","58549","3","4","6","06","11","2","","0","0","0","1","0"
"POINT (8.647354031000020 50.104181137000069)","Unfall 58560 (2021) Kat:3, Licht: 0","58560","3","3","0","09","16","5","","0","1","1","0","0"
"POINT (8.695490458000052 50.104933917000039)","Unfall 58561 (2021) Kat:3, Licht: 0","58561","3","7","0","06","07","3","","0","0","0","1","0"
"POINT (8.647312216000046 50.104164602000026)","Unfall 58580 (2021) Kat:3, Licht: 0","58580","3","2","3","08","18","4","","0","1","1","0","0"
"POINT (8.529686015000038 50.114202732000081)","Unfall 58587 (2021) Kat:2, Licht: 0","58587","2","1","8","08","11","1","","0","0","1","0","0"
"POINT (8.650072461000036 50.105255969000041)","Unfall 58624 (2021) Kat:3, Licht: 0","58624","3","3","0","09","09","5","","0","0","1","0","0"
"POINT (8.670939423000050 50.148993494000081)","Unfall 58629 (2021) Kat:3, Licht: 0","58629","3","6","2","08","17","6","","0","0","1","0","0"
"POINT (8.724098032000029 50.100122542000065)","Unfall 58640 (2021) Kat:2, Licht: 0","58640","2","3","5","09","08","3","","0","1","1","0","0"
"POINT (8.643078282000033 50.102922425000031)","Unfall 58647 (2021) Kat:3, Licht: 2","58647","3","7","0","08","22","2","","2","0","1","0","1"
"POINT (8.662417787000038 50.151606452000067)","Unfall 58648 (2021) Kat:2, Licht: 0","58648","2","3","5","07","12","6","","0","0","1","0","0"
"POINT (8.540007739000032 50.109372532000066)","Unfall 58649 (2021) Kat:3, Licht: 0","58649","3","2","3","08","16","6","","0","1","1","0","0"
"POINT (8.693525003000047 50.109243874000072)","Unfall 58652 (2021) Kat:3, Licht: 0","58652","3","2","3","08","11","2","","0","1","0","0","0"
"POINT (8.692603000000076 50.129063458000076)","Unfall 58655 (2021) Kat:3, Licht: 0","58655","3","2","2","06","15","3","","0","0","1","0","0"
"POINT (8.695311440000069 50.104943427000080)","Unfall 58668 (2021) Kat:3, Licht: 0","58668","3","7","0","06","07","3","","0","0","0","0","1"
"POINT (8.686990983000044 50.106227693000051)","Unfall 58673 (2021) Kat:3, Licht: 2","58673","3","7","0","08","01","1","","2","1","0","0","0"
"POINT (8.738470152000048 50.104498621000062)","Unfall 58701 (2021) Kat:3, Licht: 0","58701","3","6","2","08","14","1","","0","0","1","0","0"
"POINT (8.725157684000067 50.115977445000055)","Unfall 58705 (2021) Kat:3, Licht: 1","58705","3","3","5","09","19","5","","1","1","1","0","0"
"POINT (8.682554524000068 50.164033890000042)","Unfall 58743 (2021) Kat:3, Licht: 0","58743","3","2","2","08","17","7","","0","0","1","0","0"
"POINT (8.738673066000047 50.121748692000040)","Unfall 58762 (2021) Kat:3, Licht: 0","58762","3","6","2","07","14","2","","0","0","1","0","0"
"POINT (8.603874836000045 50.100165754000045)","Unfall 58765 (2021) Kat:3, Licht: 0","58765","3","6","2","07","12","2","","0","0","1","0","0"
"POINT (8.688977064000028 50.158402296000077)","Unfall 58769 (2021) Kat:2, Licht: 0","58769","2","3","5","09","18","5","","0","1","1","0","0"
"POINT (8.483030336000070 50.096070165000071)","Unfall 58777 (2021) Kat:3, Licht: 2","58777","3","1","0","09","22","6","","2","0","0","0","1"
"POINT (8.620282107000037 50.100738647000071)","Unfall 58806 (2021) Kat:3, Licht: 0","58806","3","3","5","09","08","4","","0","1","1","0","0"
"POINT (8.732468251000057 50.117327631000080)","Unfall 58815 (2021) Kat:3, Licht: 0","58815","3","6","2","09","08","4","","0","0","1","0","0"
"POINT (8.655250897000030 50.112493018000066)","Unfall 58821 (2021) Kat:3, Licht: 0","58821","3","3","5","07","12","3","","0","1","1","0","0"
"POINT (8.612394738000035 50.124067586000081)","Unfall 58834 (2021) Kat:3, Licht: 0","58834","3","2","4","09","15","7","","0","1","1","0","0"
"POINT (8.725268267000047 50.124907283000027)","Unfall 58855 (2021) Kat:3, Licht: 0","58855","3","2","3","09","10","3","","0","0","1","0","0"
"POINT (8.662559680000072 50.090736486000026)","Unfall 58856 (2021) Kat:3, Licht: 0","58856","3","4","6","08","15","1","","0","0","0","1","0"
"POINT (8.610120005000056 50.052678744000048)","Unfall 58861 (2021) Kat:3, Licht: 0","58861","3","6","2","08","08","5","","0","0","1","0","0"
"POINT (8.705942107000055 50.145664748000058)","Unfall 58876 (2021) Kat:3, Licht: 0","58876","3","3","5","07","16","5","","0","0","1","0","0"
"POINT (8.756751084000030 50.128771521000033)","Unfall 58880 (2021) Kat:3, Licht: 0","58880","3","6","2","09","07","2","","0","0","1","0","0"
"POINT (8.611766732000035 50.173022821000075)","Unfall 58882 (2021) Kat:3, Licht: 0","58882","3","6","2","06","10","3","","0","0","1","0","0"
"POINT (8.541134030000023 50.108367524000073)","Unfall 58885 (2021) Kat:3, Licht: 0","58885","3","2","3","07","20","4","","0","1","1","0","0"
"POINT (8.632633495000050 50.115017768000030)","Unfall 58891 (2021) Kat:3, Licht: 2","58891","3","6","0","09","21","7","","2","1","0","0","0"
"POINT (8.713517312000022 50.063660042000038)","Unfall 58899 (2021) Kat:3, Licht: 0","58899","3","6","2","07","18","2","","0","0","1","0","0"
"POINT (8.539046673000030 50.111974842000052)","Unfall 58903 (2021) Kat:3, Licht: 2","58903","3","2","8","09","00","4","","2","0","1","0","0"
"POINT (8.723600961000045 50.123021211000037)","Unfall 58905 (2021) Kat:3, Licht: 2","58905","3","7","6","08","22","1","","2","0","0","1","0"
"POINT (8.706111184000065 50.111657228000070)","Unfall 58909 (2021) Kat:3, Licht: 1","58909","3","6","4","09","20","5","","1","1","0","0","0"
"POINT (8.730890253000041 50.118822309000052)","Unfall 58924 (2021) Kat:3, Licht: 0","58924","3","6","2","06","08","4","","0","0","1","0","0"
"POINT (8.691230625000060 50.089625086000069)","Unfall 58937 (2021) Kat:3, Licht: 0","58937","3","3","5","07","12","5","","0","0","1","0","0"
"POINT (8.695160357000077 50.132421819000058)","Unfall 58943 (2021) Kat:2, Licht: 0","58943","2","4","6","08","17","2","","0","0","0","1","0"
"POINT (8.691026110000053 50.101808412000025)","Unfall 58958 (2021) Kat:3, Licht: 0","58958","3","3","2","08","08","2","","0","0","1","0","1"
"POINT (8.701513134000038 50.123134143000073)","Unfall 58980 (2021) Kat:2, Licht: 2","58980","2","4","6","05","23","6","","2","0","1","1","0"
"POINT (8.665965022000023 50.148083455000062)","Unfall 58985 (2021) Kat:3, Licht: 0","58985","3","2","5","06","13","4","","0","1","1","0","0"
"POINT (8.714098505000038 50.063766376000046)","Unfall 58987 (2021) Kat:3, Licht: 0","58987","3","6","2","07","17","6","","0","0","1","0","0"
"POINT (8.626908286000059 50.101397253000073)","Unfall 58988 (2021) Kat:2, Licht: 2","58988","2","7","6","08","22","1","","2","0","0","1","0"
"POINT (8.741882926000073 50.100668715000040)","Unfall 58994 (2021) Kat:2, Licht: 0","58994","2","7","0","05","11","2","","0","1","0","0","0"
"POINT (8.666574956000034 50.101093348000063)","Unfall 59004 (2021) Kat:3, Licht: 2","59004","3","6","2","10","19","7","","2","0","1","0","0"
"POINT (8.681972848000044 50.106957668000064)","Unfall 59007 (2021) Kat:2, Licht: 0","59007","2","3","5","08","18","1","","0","1","1","0","0"
"POINT (8.687552075000042 50.107202966000045)","Unfall 59011 (2021) Kat:3, Licht: 0","59011","3","3","5","06","15","3","","0","1","1","0","0"
"POINT (8.652826302000051 50.059999543000060)","Unfall 59028 (2021) Kat:3, Licht: 0","59028","3","6","3","07","08","5","","0","0","1","0","0"
"POINT (8.650365408000027 50.105371782000077)","Unfall 59033 (2021) Kat:3, Licht: 0","59033","3","4","6","08","16","3","","0","0","0","1","0"
"POINT (8.655779904000042 50.161250710000047)","Unfall 59049 (2021) Kat:3, Licht: 0","59049","3","5","1","05","11","1","","0","1","1","0","0"
"POINT (8.635370275000071 50.195372627000040)","Unfall 59054 (2021) Kat:2, Licht: 2","59054","2","7","0","07","22","7","","2","0","0","0","0"
"POINT (8.684834069000033 50.061332144000062)","Unfall 59068 (2021) Kat:3, Licht: 0","59068","3","6","3","07","13","2","","0","0","1","0","0"
"POINT (8.659943108000050 50.153871499000047)","Unfall 59073 (2021) Kat:3, Licht: 0","59073","3","3","5","09","17","6","","0","0","1","0","0"
"POINT (8.607308341000021 50.057029486000033)","Unfall 59084 (2021) Kat:3, Licht: 2","59084","3","7","0","08","21","2","","2","0","1","0","0"
"POINT (8.653395799000066 50.112546171000076)","Unfall 59120 (2021) Kat:3, Licht: 0","59120","3","6","3","07","10","7","","0","1","0","0","0"
"POINT (8.647669654000026 50.061924492000060)","Unfall 59121 (2021) Kat:3, Licht: 0","59121","3","1","8","06","14","5","","0","0","0","0","1"
"POINT (8.639681575000054 50.197672264000062)","Unfall 59125 (2021) Kat:3, Licht: 0","59125","3","6","2","08","18","4","","0","0","1","0","0"
"POINT (8.723492470000053 50.123024514000065)","Unfall 59143 (2021) Kat:3, Licht: 0","59143","3","6","2","09","14","7","","0","0","1","0","0"
"POINT (8.652605638000068 50.059950593000053)","Unfall 59154 (2021) Kat:3, Licht: 2","59154","3","7","7","08","02","7","","2","0","1","0","0"
"POINT (8.694978733000028 50.132311406000042)","Unfall 59165 (2021) Kat:3, Licht: 0","59165","3","2","0","08","08","2","","0","1","1","0","0"
"POINT (8.508648771000026 50.080082660000073)","Unfall 59183 (2021) Kat:3, Licht: 2","59183","3","3","5","09","06","6","","2","0","1","0","1"
"POINT (8.661546937000026 50.183219256000029)","Unfall 59201 (2021) Kat:3, Licht: 0","59201","3","2","2","09","15","3","","0","0","1","0","1"
"POINT (8.597603578000076 50.146779989000038)","Unfall 59205 (2021) Kat:2, Licht: 0","59205","2","6","2","06","15","4","","0","0","1","0","0"
"POINT (8.687897511000074 50.112537416000066)","Unfall 59223 (2021) Kat:3, Licht: 1","59223","3","3","5","09","18","4","","1","0","1","0","0"
"POINT (8.694135870000025 50.130500418000054)","Unfall 59225 (2021) Kat:3, Licht: 0","59225","3","7","0","08","18","1","","0","1","0","0","0"
"POINT (8.603348411000070 50.107676845000071)","Unfall 59232 (2021) Kat:3, Licht: 0","59232","3","6","3","07","20","2","","0","0","1","0","0"
"POINT (8.594002645000046 50.053278515000045)","Unfall 59234 (2021) Kat:3, Licht: 2","59234","3","6","2","07","22","5","","2","0","1","0","0"
"POINT (8.719310517000054 50.113866444000053)","Unfall 59237 (2021) Kat:3, Licht: 0","59237","3","4","6","06","08","4","","0","0","1","1","0"
"POINT (8.785021167000025 50.159784717000036)","Unfall 59255 (2021) Kat:3, Licht: 0","59255","3","6","2","09","15","1","","0","0","1","0","0"
"POINT (8.676444482000022 50.132140701000026)","Unfall 59266 (2021) Kat:3, Licht: 0","59266","3","7","1","08","15","7","","0","1","0","0","0"
"POINT (8.740027908000059 50.099688412000035)","Unfall 59280 (2021) Kat:3, Licht: 0","59280","3","6","2","09","13","2","","0","0","1","0","0"
"POINT (8.646038869000051 50.134821194000040)","Unfall 59294 (2021) Kat:3, Licht: 0","59294","3","3","5","09","12","5","","0","1","0","0","0"
"POINT (8.604983255000036 50.160182230000032)","Unfall 59298 (2021) Kat:3, Licht: 0","59298","3","6","2","05","13","6","","0","0","1","0","0"
"POINT (8.679294367000068 50.103275069000063)","Unfall 59321 (2021) Kat:3, Licht: 0","59321","3","7","6","08","14","2","","0","0","1","1","0"
"POINT (8.706292888000064 50.111872024000036)","Unfall 59324 (2021) Kat:3, Licht: 0","59324","3","1","0","08","08","7","","0","0","0","0","0"
"POINT (8.636169890000076 50.158047862000046)","Unfall 59327 (2021) Kat:3, Licht: 0","59327","3","6","2","05","14","4","","0","0","1","0","0"
"POINT (8.706087015000037 50.111623614000052)","Unfall 59332 (2021) Kat:2, Licht: 0","59332","2","2","5","06","15","5","","0","1","1","0","0"
"POINT (8.534323481000058 50.115662186000066)","Unfall 59334 (2021) Kat:3, Licht: 0","59334","3","6","2","06","16","4","","0","0","1","0","0"
"POINT (8.605246282000053 50.100367267000081)","Unfall 59339 (2021) Kat:2, Licht: 0","59339","2","6","3","06","19","5","","0","0","1","1","0"
"POINT (8.541119476000063 50.108380510000075)","Unfall 59342 (2021) Kat:3, Licht: 0","59342","3","2","5","07","12","3","","0","1","1","0","0"
"POINT (8.704422204000025 50.104324718000044)","Unfall 59345 (2021) Kat:3, Licht: 0","59345","3","6","2","07","19","3","","0","0","1","0","0"
"POINT (8.731887289000042 50.118257978000031)","Unfall 59351 (2021) Kat:2, Licht: 0","59351","2","4","6","08","15","4","","0","0","0","1","0"
"POINT (8.648408864000032 50.202721356000040)","Unfall 59359 (2021) Kat:3, Licht: 1","59359","3","7","8","08","21","2","","1","0","1","0","0"
"POINT (8.593218761000060 50.139327889000072)","Unfall 59377 (2021) Kat:3, Licht: 0","59377","3","6","3","09","17","3","","0","0","1","0","0"
"POINT (8.631872165000061 50.127599226000029)","Unfall 59397 (2021) Kat:3, Licht: 0","59397","3","6","2","07","18","7","","0","0","1","0","0"
"POINT (8.646998728000028 50.058470361000047)","Unfall 59400 (2021) Kat:3, Licht: 0","59400","3","6","2","06","17","6","","0","0","1","0","0"
"POINT (8.482751673000053 50.096233274000042)","Unfall 59407 (2021) Kat:3, Licht: 0","59407","3","6","2","06","17","7","","0","0","1","0","0"
"POINT (8.635995500000035 50.093228296000063)","Unfall 59408 (2021) Kat:3, Licht: 0","59408","3","6","2","06","08","5","","0","0","0","0","0"
"POINT (8.737426404000075 50.121228973000029)","Unfall 59410 (2021) Kat:3, Licht: 0","59410","3","2","5","06","16","3","","0","1","1","0","0"
"POINT (8.695162848000052 50.113363336000077)","Unfall 59421 (2021) Kat:3, Licht: 0","59421","3","6","2","07","15","6","","0","0","1","0","0"
"POINT (8.725833503000047 50.127618811000048)","Unfall 59424 (2021) Kat:3, Licht: 0","59424","3","6","2","08","12","3","","0","0","1","0","0"
"POINT (8.695096214000046 50.106333219000078)","Unfall 59434 (2021) Kat:3, Licht: 0","59434","3","7","0","06","07","3","","0","1","0","0","0"
"POINT (8.670416865000050 50.174671755000077)","Unfall 59449 (2021) Kat:2, Licht: 0","59449","2","7","0","06","10","7","","0","1","0","0","0"
"POINT (8.639275593000036 50.102570115000049)","Unfall 59476 (2021) Kat:3, Licht: 0","59476","3","3","5","07","14","7","","0","0","1","0","0"
"POINT (8.688051860000030 50.107195338000054)","Unfall 59480 (2021) Kat:3, Licht: 0","59480","3","6","0","08","18","7","","0","0","1","0","1"
"POINT (8.740002199000060 50.122292527000070)","Unfall 59494 (2021) Kat:2, Licht: 2","59494","2","7","0","10","22","6","","2","1","0","0","0"
"POINT (8.725746338000022 50.100260502000026)","Unfall 59496 (2021) Kat:3, Licht: 0","59496","3","5","1","08","07","3","","0","1","1","0","0"
"POINT (8.545321160000071 50.104631183000038)","Unfall 59501 (2021) Kat:3, Licht: 0","59501","3","2","2","09","14","7","","0","0","1","0","1"
"POINT (8.656671063000033 50.107864419000066)","Unfall 59521 (2021) Kat:3, Licht: 1","59521","3","1","0","08","19","6","","1","1","0","0","0"
"POINT (8.669070712000064 50.141724695000050)","Unfall 59534 (2021) Kat:3, Licht: 0","59534","3","7","0","09","19","4","","0","1","0","1","0"
"POINT (8.731709400000057 50.118434390000061)","Unfall 59535 (2021) Kat:3, Licht: 0","59535","3","6","2","08","11","2","","0","0","1","0","0"
"POINT (8.682123111000067 50.106985332000079)","Unfall 59539 (2021) Kat:3, Licht: 0","59539","3","6","4","08","18","5","","0","1","0","0","0"
"POINT (8.695114736000050 50.106423016000065)","Unfall 59541 (2021) Kat:3, Licht: 0","59541","3","7","0","06","07","3","","0","1","0","0","0"
"POINT (8.620955684000023 50.090787120000073)","Unfall 59569 (2021) Kat:3, Licht: 0","59569","3","6","1","08","10","4","","0","0","0","0","0"
"POINT (8.778426964000062 50.159444378000046)","Unfall 59595 (2021) Kat:3, Licht: 0","59595","3","6","2","08","14","6","","0","0","1","0","0"
"POINT (8.695131009000022 50.106501906000062)","Unfall 59597 (2021) Kat:3, Licht: 0","59597","3","7","0","06","07","3","","0","1","0","0","0"
"POINT (8.697380566000049 50.137537652000049)","Unfall 59605 (2021) Kat:3, Licht: 0","59605","3","2","5","07","18","1","","0","1","1","0","0"
"POINT (8.619612676000031 50.131790433000049)","Unfall 59612 (2021) Kat:3, Licht: 0","59612","3","1","0","06","15","1","","0","1","0","0","0"
"POINT (8.601503865000041 50.153863195000042)","Unfall 59623 (2021) Kat:3, Licht: 0","59623","3","6","3","06","20","3","","0","0","1","0","0"
"POINT (8.767923651000046 50.133299851000061)","Unfall 59625 (2021) Kat:2, Licht: 0","59625","2","6","0","08","15","3","","0","0","0","0","1"
"POINT (8.655521428000043 50.130131404000053)","Unfall 59654 (2021) Kat:3, Licht: 0","59654","3","1","8","07","07","5","","0","0","1","0","0"
"POINT (8.597597102000066 50.100298937000048)","Unfall 59677 (2021) Kat:3, Licht: 2","59677","3","6","3","06","23","1","","2","0","1","0","0"
"POINT (8.664801238000052 50.107382691000055)","Unfall 59684 (2021) Kat:2, Licht: 2","59684","2","3","5","09","22","1","","2","1","1","0","0"
"POINT (8.697374689000071 50.109528958000055)","Unfall 59697 (2021) Kat:3, Licht: 0","59697","3","6","2","10","14","6","","0","0","1","0","0"
"POINT (8.690901413000063 50.095529954000028)","Unfall 59699 (2021) Kat:2, Licht: 0","59699","2","3","5","08","19","3","","0","0","1","0","0"
"POINT (8.717827576000047 50.099768695000080)","Unfall 59700 (2021) Kat:3, Licht: 0","59700","3","5","0","09","09","7","","0","0","1","0","1"
"POINT (8.665030683000055 50.105995446000065)","Unfall 59748 (2021) Kat:3, Licht: 0","59748","3","3","5","08","06","1","","0","1","1","0","0"
"POINT (8.694374438000068 50.109159473000034)","Unfall 59756 (2021) Kat:3, Licht: 1","59756","3","2","0","07","21","4","","1","1","1","0","0"
"POINT (8.539288482000075 50.101196073000040)","Unfall 59759 (2021) Kat:2, Licht: 0","59759","2","3","5","08","14","7","","0","0","1","0","0"
"POINT (8.617447651000020 50.052480716000048)","Unfall 59790 (2021) Kat:3, Licht: 0","59790","3","6","2","09","08","4","","0","0","1","0","0"
"POINT (8.649397332000035 50.177938366000035)","Unfall 59809 (2021) Kat:3, Licht: 0","59809","3","1","8","08","08","7","","0","0","0","0","1"
"POINT (8.594772228000068 50.121335646000034)","Unfall 59816 (2021) Kat:3, Licht: 0","59816","3","1","8","08","15","7","","0","0","0","0","0"
"POINT (8.756211427000039 50.119379829000081)","Unfall 59818 (2021) Kat:3, Licht: 0","59818","3","6","2","07","10","2","","0","0","1","0","1"
"POINT (8.651375530000053 50.114327295000066)","Unfall 59849 (2021) Kat:3, Licht: 2","59849","3","3","5","09","19","3","","2","0","1","0","0"
"POINT (8.658352822000040 50.209089165000080)","Unfall 59860 (2021) Kat:3, Licht: 0","59860","3","6","3","07","16","4","","0","0","1","0","0"
"POINT (8.659553672000072 50.101668258000075)","Unfall 59862 (2021) Kat:3, Licht: 2","59862","3","3","5","08","04","4","","2","0","1","0","0"
"POINT (8.536512279000021 50.112595237000050)","Unfall 59881 (2021) Kat:3, Licht: 0","59881","3","3","5","09","16","4","","0","1","1","0","0"
"POINT (8.653821546000074 50.192400142000054)","Unfall 59887 (2021) Kat:3, Licht: 0","59887","3","1","9","08","16","2","","0","0","0","0","1"
"POINT (8.769487591000029 50.134292461000030)","Unfall 59893 (2021) Kat:3, Licht: 1","59893","3","6","2","09","18","7","","1","0","1","0","0"
"POINT (8.694976776000033 50.132305871000028)","Unfall 59904 (2021) Kat:3, Licht: 0","59904","3","2","0","06","16","3","","0","1","0","0","0"
"POINT (8.741809524000075 50.158694113000081)","Unfall 59915 (2021) Kat:3, Licht: 0","59915","3","2","5","08","17","2","","0","0","1","0","0"
"POINT (8.688235507000059 50.107196905000080)","Unfall 59921 (2021) Kat:3, Licht: 0","59921","3","6","4","09","17","3","","0","1","0","0","0"
"POINT (8.653414613000052 50.205828206000035)","Unfall 59923 (2021) Kat:2, Licht: 2","59923","2","6","2","05","01","3","","2","0","1","0","0"
"POINT (8.664865695000060 50.147665264000068)","Unfall 59926 (2021) Kat:2, Licht: 0","59926","2","7","0","06","14","6","","0","0","1","0","1"
"POINT (8.570901753000044 50.096484411000063)","Unfall 59932 (2021) Kat:3, Licht: 0","59932","3","1","0","08","19","6","","0","0","0","0","1"
"POINT (8.738553966000040 50.131418002000032)","Unfall 59950 (2021) Kat:3, Licht: 0","59950","3","6","2","05","08","5","","0","0","1","0","0"
"POINT (8.740982163000069 50.097654768000041)","Unfall 59957 (2021) Kat:3, Licht: 0","59957","3","7","0","07","17","6","","0","0","1","0","0"
"POINT (8.732603361000031 50.147679243000027)","Unfall 59972 (2021) Kat:3, Licht: 0","59972","3","6","4","08","10","5","","0","0","0","0","0"
"POINT (8.652099667000073 50.106057425000074)","Unfall 59989 (2021) Kat:3, Licht: 0","59989","3","3","5","09","14","5","","0","0","0","0","1"
"POINT (8.706038220000039 50.145778760000042)","Unfall 60024 (2021) Kat:3, Licht: 0","60024","3","6","2","07","09","6","","0","0","1","0","0"
"POINT (8.708744723000052 50.150139011000078)","Unfall 60027 (2021) Kat:3, Licht: 0","60027","3","1","9","09","19","4","","0","0","1","0","0"
"POINT (8.510247825000022 50.074219830000061)","Unfall 60037 (2021) Kat:3, Licht: 2","60037","3","7","0","08","03","2","","2","0","1","0","0"
"POINT (8.705496672000038 50.120056221000027)","Unfall 60038 (2021) Kat:3, Licht: 0","60038","3","6","2","07","20","6","","0","0","1","0","0"
"POINT (8.652613568000049 50.140099132000046)","Unfall 60043 (2021) Kat:2, Licht: 0","60043","2","1","8","08","11","1","","0","0","1","0","0"
"POINT (8.721512647000054 50.105161813000052)","Unfall 60064 (2021) Kat:3, Licht: 2","60064","3","6","2","07","21","7","","2","0","1","0","0"
"POINT (8.607302411000035 50.164369501000067)","Unfall 60074 (2021) Kat:3, Licht: 0","60074","3","6","2","06","14","1","","0","0","1","0","0"
"POINT (8.705307269000059 50.120192191000058)","Unfall 60075 (2021) Kat:3, Licht: 2","60075","3","2","6","06","22","5","","2","0","1","1","0"
"POINT (8.665008555000043 50.107610792000060)","Unfall 60090 (2021) Kat:2, Licht: 0","60090","2","3","5","06","16","2","","0","1","1","0","0"
"POINT (8.617439651000041 50.089255203000050)","Unfall 60093 (2021) Kat:1, Licht: 0","60093","1","1","8","07","18","2","","0","0","0","0","1"
"POINT (8.609615980000058 50.131683333000069)","Unfall 60100 (2021) Kat:3, Licht: 0","60100","3","6","3","05","10","5","","0","0","1","0","0"
"POINT (8.594967081000050 50.121035942000049)","Unfall 60104 (2021) Kat:3, Licht: 0","60104","3","6","3","07","18","2","","0","0","1","0","0"
"POINT (8.538374946000033 50.112573423000072)","Unfall 60130 (2021) Kat:3, Licht: 2","60130","3","5","1","07","23","1","","2","0","1","0","0"
"POINT (8.580568396000047 50.100244660000044)","Unfall 60134 (2021) Kat:3, Licht: 0","60134","3","6","2","06","11","5","","0","0","1","0","0"
"POINT (8.553249585000060 50.105087550000064)","Unfall 60136 (2021) Kat:3, Licht: 0","60136","3","3","5","06","12","3","","0","0","1","0","0"
"POINT (8.746174397000061 50.139186925000047)","Unfall 60137 (2021) Kat:3, Licht: 2","60137","3","4","6","06","00","1","","2","0","0","1","0"
"POINT (8.664002044000028 50.108180414000060)","Unfall 60148 (2021) Kat:3, Licht: 0","60148","3","3","5","06","07","3","","0","0","1","0","0"
"POINT (8.712695378000035 50.124676323000074)","Unfall 60150 (2021) Kat:3, Licht: 0","60150","3","6","1","08","17","3","","0","1","1","0","0"
"POINT (8.661522248000040 50.147231118000036)","Unfall 60167 (2021) Kat:3, Licht: 0","60167","3","3","5","06","17","4","","0","1","1","0","0"
"POINT (8.695354355000063 50.104918985000040)","Unfall 60190 (2021) Kat:3, Licht: 0","60190","3","1","0","07","06","7","","0","0","0","0","1"
"POINT (8.596102860000030 50.144539448000046)","Unfall 60207 (2021) Kat:2, Licht: 0","60207","2","6","3","09","08","2","","0","0","1","0","0"
"POINT (8.699799826000060 50.110215294000056)","Unfall 60214 (2021) Kat:3, Licht: 0","60214","3","2","3","07","17","3","","0","1","1","0","0"
"POINT (8.662945539000077 50.131358031000048)","Unfall 60244 (2021) Kat:3, Licht: 0","60244","3","2","5","06","08","2","","0","1","1","0","0"
"POINT (8.578598946000056 50.094210982000050)","Unfall 60261 (2021) Kat:3, Licht: 0","60261","3","1","0","08","17","2","","0","0","0","0","1"
"POINT (8.629303875000062 50.128854667000041)","Unfall 60270 (2021) Kat:3, Licht: 0","60270","3","4","6","07","14","7","","0","0","0","1","0"
"POINT (8.603578387000027 50.100361664000047)","Unfall 60272 (2021) Kat:3, Licht: 2","60272","3","6","2","08","21","1","","2","0","1","0","0"
"POINT (8.762126401000046 50.130779166000082)","Unfall 60274 (2021) Kat:3, Licht: 0","60274","3","3","5","08","16","5","","0","1","1","0","0"