WKT,Name,OBJECTID,UKATEGORIE,UTYP1,UART,UMONAT,USTUNDE,UWOCHENTAG,STRZUSTAND,ULICHTVERH,ISTRAD,ISTPKW,ISTFUSS,ISTKRAD
"POINT (8.698360805000050 50.139883271000031)","Unfall 60282 (2021) Kat:3, Licht: 0","60282","3","2","3","09","13","3","","0","1","1","0","0"
"POINT (8.579292369000029 50.123562189000040)","Unfall 60283 (2021) Kat:3, Licht: 0","60283","3","2","5","06","12","3","","0","0","1","0","0"
"POINT (8.616425900000024 50.093193547000055)","Unfall 60288 (2021) Kat:3, Licht: 2","60288","3","1","9","10","21","1","","2","0","1","0","0"
"POINT (8.679494588000068 50.111216688000070)","Unfall 60290 (2021) Kat:3, Licht: 2","60290","3","7","5","09","20","1","","2","0","1","0","0"
"POINT (8.653291274000026 50.182136307000064)","Unfall 60291 (2021) Kat:2, Licht: 2","60291","2","7","0","05","23","1","","2","0","1","0","1"
"POINT (8.579385035000030 50.123572193000030)","Unfall 60294 (2021) Kat:3, Licht: 0","60294","3","2","5","07","13","6","","0","0","1","0","0"
"POINT (8.572049944000071 50.090392704000067)","Unfall 60298 (2021) Kat:3, Licht: 0","60298","3","1","0","07","15","1","","0","1","0","0","0"
"POINT (8.667089360000034 50.100655152000058)","Unfall 60303 (2021) Kat:3, Licht: 2","60303","3","6","2","09","20","5","","2","0","1","0","0"
"POINT (8.738570479000032 50.131420100000071)","Unfall 60315 (2021) Kat:3, Licht: 2","60315","3","1","0","08","21","4","","2","0","0","0","1"
"POINT (8.734237149000023 50.120047147000037)","Unfall 60326 (2021) Kat:2, Licht: 0","60326","2","1","8","06","12","3","","0","0","1","0","0"
"POINT (8.688720749000026 50.062105095000049)","Unfall 60329 (2021) Kat:3, Licht: 0","60329","3","3","5","09","09","6","","0","0","1","0","1"
"POINT (8.555419061000066 50.123516390000077)","Unfall 60339 (2021) Kat:3, Licht: 0","60339","3","6","2","08","12","3","","0","0","1","0","0"
"POINT (8.651565115000039 50.105846117000056)","Unfall 60360 (2021) Kat:3, Licht: 2","60360","3","6","2","06","23","7","","2","0","1","0","0"
"POINT (8.553107901000033 50.101494865000063)","Unfall 60362 (2021) Kat:3, Licht: 0","60362","3","6","3","07","15","3","","0","1","1","0","0"
"POINT (8.645780303000038 50.134116867000046)","Unfall 60368 (2021) Kat:2, Licht: 2","60368","2","1","0","10","20","6","","2","0","0","0","1"
"POINT (8.730893557000059 50.118308612000078)","Unfall 60375 (2021) Kat:3, Licht: 0","60375","3","6","2","09","15","7","","0","0","1","0","0"
"POINT (8.704801224000050 50.120006897000053)","Unfall 60377 (2021) Kat:3, Licht: 0","60377","3","3","5","09","16","1","","0","0","0","0","0"
"POINT (8.582363278000059 50.123887272000047)","Unfall 60387 (2021) Kat:3, Licht: 0","60387","3","3","5","08","12","4","","0","0","1","0","0"
"POINT (8.556459977000031 50.102898078000067)","Unfall 60398 (2021) Kat:3, Licht: 0","60398","3","1","8","07","15","7","","0","0","1","0","0"
"POINT (8.707299908000039 50.199022229000036)","Unfall 60404 (2021) Kat:3, Licht: 2","60404","3","3","5","09","22","4","","2","0","1","0","0"
"POINT (8.642105785000069 50.198967681000056)","Unfall 60414 (2021) Kat:3, Licht: 0","60414","3","6","2","08","14","7","","0","0","1","0","0"
"POINT (8.557421973000032 50.048421918000031)","Unfall 60427 (2021) Kat:3, Licht: 0","60427","3","3","5","07","07","3","","0","0","1","0","0"
"POINT (8.694775936000042 50.131822374000080)","Unfall 60434 (2021) Kat:3, Licht: 0","60434","3","6","3","05","08","6","","0","1","0","0","0"
"POINT (8.684063979000030 50.140704901000049)","Unfall 60441 (2021) Kat:3, Licht: 0","60441","3","7","8","06","12","5","","0","0","1","1","0"
"POINT (8.598869788000059 50.131004639000082)","Unfall 60442 (2021) Kat:3, Licht: 0","60442","3","3","5","08","13","6","","0","0","1","0","0"
"POINT (8.695967902000064 50.104891587000054)","Unfall 60460 (2021) Kat:3, Licht: 0","60460","3","6","2","06","21","6","","0","0","1","0","0"
"POINT (8.605373469000028 50.093856538000068)","Unfall 60468 (2021) Kat:2, Licht: 0","60468","2","7","0","09","11","4","","0","0","1","0","1"
"POINT (8.612762838000037 50.174824517000047)","Unfall 60471 (2021) Kat:3, Licht: 2","60471","3","6","0","07","21","4","","2","0","1","0","0"
"POINT (8.679115466000042 50.105937741000048)","Unfall 60478 (2021) Kat:2, Licht: 0","60478","2","7","4","07","17","7","","0","1","1","0","0"
"POINT (8.686232687000029 50.155320014000040)","Unfall 60483 (2021) Kat:3, Licht: 0","60483","3","3","5","07","12","7","","0","0","1","0","0"
"POINT (8.730558178000024 50.118607699000052)","Unfall 60492 (2021) Kat:3, Licht: 2","60492","3","3","5","08","22","1","","2","0","1","0","0"
"POINT (8.724768652000023 50.064497447000065)","Unfall 60498 (2021) Kat:3, Licht: 1","60498","3","6","2","09","18","2","","1","0","1","0","0"
"POINT (8.707450955000070 50.198951911000051)","Unfall 60500 (2021) Kat:3, Licht: 0","60500","3","2","9","08","11","5","","0","0","1","0","0"
"POINT (8.628232567000055 50.101526989000035)","Unfall 60502 (2021) Kat:3, Licht: 1","60502","3","4","6","07","20","6","","1","0","0","1","0"
"POINT (8.594902140000045 50.053233027000033)","Unfall 60505 (2021) Kat:3, Licht: 0","60505","3","6","2","08","12","4","","0","0","1","0","0"
"POINT (8.667144822000068 50.100770945000079)","Unfall 60517 (2021) Kat:3, Licht: 0","60517","3","7","5","07","12","7","","0","0","1","0","0"
"POINT (8.590080360000059 50.132631870000068)","Unfall 60536 (2021) Kat:3, Licht: 1","60536","3","3","3","08","21","5","","1","0","1","0","0"
"POINT (8.640472416000023 50.198133681000058)","Unfall 60589 (2021) Kat:3, Licht: 0","60589","3","1","7","08","12","3","","0","0","1","0","0"
"POINT (8.672901505000027 50.149370309000062)","Unfall 60605 (2021) Kat:3, Licht: 0","60605","3","6","2","09","17","7","","0","0","1","0","0"
"POINT (8.758291232000033 50.118140286000028)","Unfall 60610 (2021) Kat:3, Licht: 0","60610","3","3","3","06","08","3","","0","1","0","0","0"
"POINT (8.751558553000052 50.122293876000072)","Unfall 60624 (2021) Kat:3, Licht: 0","60624","3","3","5","07","17","2","","0","1","1","0","0"
"POINT (8.636062360000039 50.123950019000063)","Unfall 60639 (2021) Kat:3, Licht: 2","60639","3","2","0","08","21","7","","2","0","0","0","0"
"POINT (8.558810451000056 50.102071253000076)","Unfall 60659 (2021) Kat:3, Licht: 0","60659","3","3","5","09","12","7","","0","0","1","0","0"
"POINT (8.628494549000038 50.115454144000068)","Unfall 60666 (2021) Kat:3, Licht: 0","60666","3","6","3","08","12","5","","0","0","1","0","0"
"POINT (8.694849257000044 50.106656818000033)","Unfall 60677 (2021) Kat:3, Licht: 0","60677","3","7","0","06","08","3","","0","1","0","0","0"
"POINT (8.647261770000057 50.161743031000071)","Unfall 60691 (2021) Kat:3, Licht: 0","60691","3","6","2","06","19","3","","0","0","1","0","0"
"POINT (8.551845936000063 50.102987769000038)","Unfall 60709 (2021) Kat:3, Licht: 0","60709","3","3","5","08","15","3","","0","0","1","0","0"
"POINT (8.565715958000055 50.098028598000042)","Unfall 60712 (2021) Kat:3, Licht: 0","60712","3","5","1","07","15","3","","0","1","1","0","0"
"POINT (8.573257724000030 50.099210823000078)","Unfall 60723 (2021) Kat:3, Licht: 0","60723","3","4","6","08","14","3","","0","0","1","1","0"
"POINT (8.725630717000058 50.123111271000028)","Unfall 60724 (2021) Kat:3, Licht: 0","60724","3","2","5","09","11","3","","0","0","1","0","0"
"POINT (8.616262929000072 50.100422036000055)","Unfall 60737 (2021) Kat:3, Licht: 2","60737","3","1","0","08","22","4","","2","0","0","0","0"
"POINT (8.618684388000077 50.100548501000048)","Unfall 60740 (2021) Kat:3, Licht: 0","60740","3","6","2","08","08","3","","0","0","1","0","0"
"POINT (8.577343728000073 50.123571415000072)","Unfall 60756 (2021) Kat:3, Licht: 0","60756","3","1","9","09","15","4","","0","0","1","0","0"
"POINT (8.664990601000056 50.102865408000071)","Unfall 60757 (2021) Kat:3, Licht: 0","60757","3","6","2","06","14","1","","0","0","1","0","0"
"POINT (8.685597878000067 50.105425541000045)","Unfall 60763 (2021) Kat:3, Licht: 0","60763","3","5","1","08","10","2","","0","0","1","0","0"
"POINT (8.671473322000054 50.089448987000026)","Unfall 60765 (2021) Kat:3, Licht: 0","60765","3","6","1","09","14","1","","0","0","0","0","1"
"POINT (8.664671466000073 50.104937860000064)","Unfall 60777 (2021) Kat:3, Licht: 0","60777","3","6","2","07","09","2","","0","0","1","0","0"
"POINT (8.653806101000043 50.112365076000060)","Unfall 60782 (2021) Kat:3, Licht: 0","60782","3","7","6","09","18","5","","0","1","0","1","0"
"POINT (8.532341140000028 50.040630343000032)","Unfall 60785 (2021) Kat:3, Licht: 2","60785","3","7","0","07","23","4","","2","0","0","0","1"
"POINT (8.538254879000021 50.110936271000071)","Unfall 60786 (2021) Kat:3, Licht: 0","60786","3","1","0","05","13","6","","0","0","0","0","0"
"POINT (8.565303479000022 50.098051965000082)","Unfall 60792 (2021) Kat:3, Licht: 2","60792","3","1","4","08","23","1","","2","0","1","0","0"
"POINT (8.776950849000059 50.137746387000050)","Unfall 60805 (2021) Kat:3, Licht: 0","60805","3","6","2","06","07","4","","0","0","1","0","0"
"POINT (8.555518729000028 50.114130427000077)","Unfall 60816 (2021) Kat:3, Licht: 0","60816","3","6","2","06","14","3","","0","0","1","0","0"
"POINT (8.668193571000074 50.131570428000032)","Unfall 60821 (2021) Kat:3, Licht: 0","60821","3","2","5","09","12","5","","0","1","1","0","0"
"POINT (8.570587578000072 50.098820613000044)","Unfall 60824 (2021) Kat:2, Licht: 2","60824","2","3","5","09","21","6","","2","0","1","0","1"
"POINT (8.652003381000043 50.106019364000076)","Unfall 60826 (2021) Kat:2, Licht: 0","60826","2","4","6","05","13","5","","0","0","0","1","0"
"POINT (8.597883280000076 50.147288042000071)","Unfall 60827 (2021) Kat:3, Licht: 0","60827","3","6","2","09","13","7","","0","0","1","0","0"
"POINT (8.664774043000023 50.183043057000077)","Unfall 60838 (2021) Kat:3, Licht: 0","60838","3","6","2","08","11","3","","0","0","1","0","0"
"POINT (8.570538440000064 50.098813041000028)","Unfall 60841 (2021) Kat:3, Licht: 0","60841","3","3","5","06","15","2","","0","0","1","0","0"
"POINT (8.666658338000047 50.189661042000068)","Unfall 60862 (2021) Kat:3, Licht: 0","60862","3","7","1","07","16","5","","0","1","1","0","0"
"POINT (8.709813622000070 50.131430920000071)","Unfall 60871 (2021) Kat:3, Licht: 0","60871","3","5","2","07","13","7","","0","0","1","0","1"
"POINT (8.669853394000029 50.139792974000045)","Unfall 60872 (2021) Kat:3, Licht: 0","60872","3","1","0","06","14","5","","0","1","0","0","0"
"POINT (8.754357252000034 50.127973629000053)","Unfall 60882 (2021) Kat:3, Licht: 0","60882","3","2","5","06","05","4","","0","0","1","0","0"
"POINT (8.665689429000054 50.131540802000075)","Unfall 60887 (2021) Kat:3, Licht: 0","60887","3","6","2","08","18","4","","0","0","1","0","0"
"POINT (8.692208618000052 50.105909253000050)","Unfall 60909 (2021) Kat:3, Licht: 2","60909","3","1","1","07","00","6","","2","1","1","0","0"
"POINT (8.655132554000033 50.107256256000028)","Unfall 60929 (2021) Kat:3, Licht: 2","60929","3","6","8","08","22","3","","2","0","1","0","0"
"POINT (8.628811175000067 50.078139298000053)","Unfall 60935 (2021) Kat:3, Licht: 0","60935","3","4","6","06","07","4","","0","0","1","1","0"
"POINT (8.618783842000028 50.100596056000029)","Unfall 60936 (2021) Kat:3, Licht: 0","60936","3","6","3","07","19","3","","0","0","1","0","0"
"POINT (8.672794149000026 50.131711525000071)","Unfall 60940 (2021) Kat:3, Licht: 0","60940","3","6","2","07","12","3","","0","0","1","0","1"
"POINT (8.582868461000032 50.055797184000028)","Unfall 60942 (2021) Kat:3, Licht: 0","60942","3","6","2","08","16","5","","0","0","1","0","0"
"POINT (8.733490134000021 50.119545791000064)","Unfall 60946 (2021) Kat:2, Licht: 2","60946","2","4","6","09","05","7","","2","0","0","1","0"
"POINT (8.741071977000047 50.122723902000075)","Unfall 60956 (2021) Kat:3, Licht: 0","60956","3","6","2","05","11","6","","0","0","1","0","1"
"POINT (8.711495922000040 50.122869309000066)","Unfall 60986 (2021) Kat:3, Licht: 0","60986","3","7","0","06","16","3","","0","1","1","0","0"
"POINT (8.616434401000049 50.093173118000038)","Unfall 60992 (2021) Kat:3, Licht: 0","60992","3","6","3","08","18","6","","0","0","1","0","0"
"POINT (8.647726673000022 50.175236864000055)","Unfall 60999 (2021) Kat:2, Licht: 0","60999","2","3","5","08","11","2","","0","0","1","0","0"
"POINT (8.544125715000064 50.105697900000052)","Unfall 61000 (2021) Kat:3, Licht: 0","61000","3","3","5","06","07","5","","0","0","1","0","0"
"POINT (8.622927171000072 50.100996504000079)","Unfall 61022 (2021) Kat:3, Licht: 0","61022","3","6","2","06","18","6","","0","0","1","0","0"
"POINT (8.579498546000025 50.131425354000044)","Unfall 61036 (2021) Kat:3, Licht: 0","61036","3","6","3","09","08","5","","0","0","1","0","0"
"POINT (8.651035497000066 50.171747742000036)","Unfall 61037 (2021) Kat:3, Licht: 1","61037","3","6","2","07","20","2","","1","0","1","0","0"
"POINT (8.646037533000026 50.134839528000043)","Unfall 61044 (2021) Kat:3, Licht: 0","61044","3","4","6","08","10","3","","0","0","1","1","0"
"POINT (8.754736393000030 50.143264080000051)","Unfall 61073 (2021) Kat:3, Licht: 0","61073","3","6","3","07","19","3","","0","0","1","0","0"
"POINT (8.606618637000054 50.114860175000047)","Unfall 61080 (2021) Kat:1, Licht: 0","61080","1","1","8","08","20","3","","0","0","0","0","1"
"POINT (8.567248584000026 50.120250874000078)","Unfall 61098 (2021) Kat:3, Licht: 0","61098","3","2","5","06","17","3","","0","0","1","0","0"
"POINT (8.594448320000026 50.131430478000027)","Unfall 61104 (2021) Kat:3, Licht: 0","61104","3","7","2","08","06","6","","0","0","1","0","0"
"POINT (8.695120254000074 50.132711736000033)","Unfall 61108 (2021) Kat:3, Licht: 0","61108","3","2","3","07","08","6","","0","1","1","0","0"
"POINT (8.673608900000033 50.100106834000030)","Unfall 61114 (2021) Kat:3, Licht: 0","61114","3","6","0","09","08","3","","0","0","1","0","0"
"POINT (8.600287898000033 50.130904430000044)","Unfall 61127 (2021) Kat:3, Licht: 0","61127","3","6","2","08","11","2","","0","0","1","0","0"
"POINT (8.704564216000051 50.104211867000060)","Unfall 61143 (2021) Kat:3, Licht: 0","61143","3","7","0","06","07","3","","0","0","0","0","1"
"POINT (8.639576924000039 50.102598027000056)","Unfall 61152 (2021) Kat:3, Licht: 0","61152","3","2","5","07","13","7","","0","1","1","0","0"
"POINT (8.776276027000051 50.137486162000073)","Unfall 61153 (2021) Kat:3, Licht: 0","61153","3","6","2","05","13","2","","0","0","1","0","0"
"POINT (8.603960532000031 50.052871188000040)","Unfall 61156 (2021) Kat:3, Licht: 0","61156","3","6","3","06","15","6","","0","0","1","0","0"
"POINT (8.548397405000060 50.120917000000077)","Unfall 61161 (2021) Kat:3, Licht: 2","61161","3","6","3","07","22","6","","2","0","1","0","0"
"POINT (8.688933875000032 50.158388051000031)","Unfall 61163 (2021) Kat:3, Licht: 0","61163","3","3","5","10","12","1","","0","0","1","0","0"
"POINT (8.652155929000060 50.070687423000038)","Unfall 61169 (2021) Kat:3, Licht: 0","61169","3","6","3","07","16","6","","0","0","1","0","0"
"POINT (8.649952216000031 50.105208430000062)","Unfall 61170 (2021) Kat:3, Licht: 1","61170","3","7","6","05","20","7","","1","0","0","1","0"
"POINT (8.702683485000023 50.159904172000040)","Unfall 61187 (2021) Kat:3, Licht: 2","61187","3","1","9","09","02","3","","2","0","1","0","0"
"POINT (8.696065298000065 50.134438892000048)","Unfall 61207 (2021) Kat:3, Licht: 0","61207","3","7","5","07","11","7","","0","0","1","0","0"
"POINT (8.526195064000035 50.112866909000047)","Unfall 61219 (2021) Kat:3, Licht: 0","61219","3","6","2","06","20","6","","0","0","1","0","0"
"POINT (8.710808713000063 50.111384166000050)","Unfall 61223 (2021) Kat:3, Licht: 2","61223","3","1","8","08","23","1","","2","0","1","0","0"
"POINT (8.658515153000053 50.108605353000030)","Unfall 61251 (2021) Kat:2, Licht: 0","61251","2","1","0","06","18","4","","0","1","0","0","0"
"POINT (8.756575589000022 50.119189255000038)","Unfall 61270 (2021) Kat:3, Licht: 0","61270","3","7","1","07","08","6","","0","0","1","0","0"
"POINT (8.760333332000073 50.113658960000066)","Unfall 61272 (2021) Kat:3, Licht: 2","61272","3","6","0","08","03","1","","2","1","1","0","0"
"POINT (8.691008033000060 50.088112323000075)","Unfall 61282 (2021) Kat:3, Licht: 2","61282","3","7","3","09","00","4","","2","0","1","0","0"
"POINT (8.661284486000056 50.147188294000046)","Unfall 61297 (2021) Kat:3, Licht: 0","61297","3","5","1","09","17","6","","0","1","1","0","0"
"POINT (8.683116952000034 50.143390408000073)","Unfall 61326 (2021) Kat:2, Licht: 0","61326","2","6","4","06","19","6","","0","1","0","0","0"
"POINT (8.706151204000037 50.145596114000057)","Unfall 61328 (2021) Kat:3, Licht: 0","61328","3","6","2","07","18","6","","0","0","1","0","0"
"POINT (8.628066997000076 50.101510125000061)","Unfall 61331 (2021) Kat:2, Licht: 0","61331","2","4","6","08","17","2","","0","0","0","1","0"
"POINT (8.720482226000058 50.114264935000051)","Unfall 61333 (2021) Kat:3, Licht: 0","61333","3","2","3","08","10","6","","0","1","1","0","0"
"POINT (8.653410800000074 50.074654514000031)","Unfall 61351 (2021) Kat:3, Licht: 2","61351","3","7","9","09","01","6","","2","1","0","0","0"
"POINT (8.627783892000025 50.101481290000038)","Unfall 61357 (2021) Kat:3, Licht: 0","61357","3","2","3","08","13","2","","0","0","1","0","0"
"POINT (8.665298647000043 50.106105938000042)","Unfall 61360 (2021) Kat:3, Licht: 1","61360","3","1","0","09","19","2","","1","0","0","0","0"
"POINT (8.652869872000053 50.072941819000050)","Unfall 61363 (2021) Kat:3, Licht: 0","61363","3","6","2","06","15","5","","0","0","1","0","1"
"POINT (8.708514807000029 50.117345073000081)","Unfall 61389 (2021) Kat:3, Licht: 0","61389","3","2","5","09","08","5","","0","1","1","0","0"
"POINT (8.658306246000052 50.209046918000070)","Unfall 61397 (2021) Kat:3, Licht: 0","61397","3","6","3","08","17","4","","0","0","1","0","0"
"POINT (8.717711068000028 50.104957350000063)","Unfall 61404 (2021) Kat:2, Licht: 0","61404","2","4","3","07","15","3","","0","0","1","1","0"
"POINT (8.607176499000047 50.059720740000046)","Unfall 61425 (2021) Kat:3, Licht: 0","61425","3","6","2","05","17","7","","0","0","1","0","0"
"POINT (8.663127081000027 50.108378895000044)","Unfall 61426 (2021) Kat:3, Licht: 2","61426","3","3","5","08","21","7","","2","0","1","0","0"
"POINT (8.693426278000061 50.129029470000035)","Unfall 61428 (2021) Kat:3, Licht: 0","61428","3","2","0","07","20","2","","0","1","1","0","0"
"POINT (8.593154844000026 50.138677467000036)","Unfall 61432 (2021) Kat:3, Licht: 0","61432","3","6","2","07","12","7","","0","0","1","0","0"
"POINT (8.605985111000052 50.100166627000078)","Unfall 61434 (2021) Kat:2, Licht: 0","61434","2","3","5","06","15","1","","0","1","1","0","0"
"POINT (8.664753672000074 50.107437317000063)","Unfall 61440 (2021) Kat:3, Licht: 0","61440","3","6","2","10","15","4","","0","0","1","1","1"
"POINT (8.532491401000073 50.115177691000042)","Unfall 61447 (2021) Kat:3, Licht: 0","61447","3","6","2","11","11","7","","0","0","1","0","0"
"POINT (8.623020520000068 50.172138688000075)","Unfall 61455 (2021) Kat:3, Licht: 0","61455","3","6","4","10","12","4","","0","0","1","0","0"
"POINT (8.732741139000041 50.116766692000056)","Unfall 61456 (2021) Kat:3, Licht: 1","61456","3","6","2","11","16","3","","1","0","1","0","0"
"POINT (8.648535037000045 50.113523271000076)","Unfall 61467 (2021) Kat:3, Licht: 0","61467","3","6","2","10","12","7","","0","0","1","0","0"
"POINT (8.528943622000043 50.113689502000057)","Unfall 61480 (2021) Kat:3, Licht: 0","61480","3","6","2","10","16","6","","0","0","1","0","0"
"POINT (8.511897612000041 50.096948320000081)","Unfall 61490 (2021) Kat:3, Licht: 0","61490","3","6","2","11","12","3","","0","0","1","0","0"
"POINT (8.641129501000023 50.162279639000076)","Unfall 61493 (2021) Kat:3, Licht: 0","61493","3","7","0","10","16","3","","0","0","1","0","0"
"POINT (8.666137840000033 50.087070855000036)","Unfall 61504 (2021) Kat:3, Licht: 1","61504","3","3","5","10","17","4","","1","1","1","0","0"
"POINT (8.513635674000056 50.088012399000036)","Unfall 61509 (2021) Kat:3, Licht: 0","61509","3","1","9","11","10","5","","0","0","1","0","0"
"POINT (8.604073929000037 50.159016032000068)","Unfall 61518 (2021) Kat:3, Licht: 1","61518","3","6","2","11","07","2","","1","0","1","0","0"
"POINT (8.635715801000060 50.102239912000073)","Unfall 61533 (2021) Kat:2, Licht: 0","61533","2","2","3","10","14","5","","0","0","1","0","0"
"POINT (8.616528326000036 50.181607395000071)","Unfall 61538 (2021) Kat:3, Licht: 2","61538","3","1","9","10","21","4","","2","0","1","0","0"
"POINT (8.672201821000044 50.131703732000062)","Unfall 61556 (2021) Kat:3, Licht: 1","61556","3","6","3","11","16","3","","1","0","1","0","0"
"POINT (8.744298996000055 50.124036865000051)","Unfall 61562 (2021) Kat:3, Licht: 2","61562","3","6","2","10","06","3","","2","0","1","0","0"
"POINT (8.734845884000038 50.120311538000067)","Unfall 61584 (2021) Kat:3, Licht: 0","61584","3","3","5","10","09","4","","0","1","1","0","0"
"POINT (8.665336645000025 50.184639176000076)","Unfall 61588 (2021) Kat:3, Licht: 0","61588","3","3","5","11","11","1","","0","1","1","0","0"
"POINT (8.649341042000060 50.140769283000054)","Unfall 61598 (2021) Kat:3, Licht: 0","61598","3","6","2","10","09","5","","0","0","1","0","0"
"POINT (8.620816344000048 50.134853352000050)","Unfall 61601 (2021) Kat:3, Licht: 0","61601","3","1","9","11","11","1","","0","0","1","0","0"
"POINT (8.597776866000061 50.090941580000049)","Unfall 61608 (2021) Kat:3, Licht: 0","61608","3","3","5","10","14","4","","0","0","1","0","0"
"POINT (8.708077021000065 50.111339123000050)","Unfall 61617 (2021) Kat:3, Licht: 2","61617","3","7","0","10","03","3","","2","1","0","0","0"
"POINT (8.728116850000049 50.123009639000031)","Unfall 61637 (2021) Kat:3, Licht: 1","61637","3","6","2","11","06","6","","1","0","1","0","0"
"POINT (8.664983674000041 50.102880734000053)","Unfall 61639 (2021) Kat:3, Licht: 0","61639","3","6","2","11","07","6","","0","0","1","0","1"
"POINT (8.716979441000035 50.123627084000077)","Unfall 61644 (2021) Kat:3, Licht: 0","61644","3","4","6","10","15","1","","0","0","1","1","0"
"POINT (8.748686001000067 50.146187245000078)","Unfall 61645 (2021) Kat:3, Licht: 0","61645","3","3","5","11","14","3","","0","0","1","0","0"
"POINT (8.739812769000025 50.122221876000026)","Unfall 61648 (2021) Kat:3, Licht: 2","61648","3","7","1","10","22","3","","2","0","1","0","0"
"POINT (8.652567966000049 50.196322073000033)","Unfall 61654 (2021) Kat:3, Licht: 0","61654","3","6","2","10","12","7","","0","0","1","0","0"
"POINT (8.705287616000021 50.120116961000065)","Unfall 61660 (2021) Kat:3, Licht: 2","61660","3","3","5","10","06","2","","2","0","1","0","0"
"POINT (8.683515149000073 50.160951360000070)","Unfall 61667 (2021) Kat:3, Licht: 1","61667","3","6","2","10","18","3","","1","0","1","0","0"
"POINT (8.698700501000076 50.139883482000073)","Unfall 61677 (2021) Kat:3, Licht: 2","61677","3","6","2","10","19","7","","2","0","1","0","0"
"POINT (8.519985114000065 50.022517657000037)","Unfall 61685 (2021) Kat:3, Licht: 2","61685","3","7","0","11","18","5","","2","1","0","0","0"
"POINT (8.739970643000049 50.096514275000061)","Unfall 61702 (2021) Kat:3, Licht: 0","61702","3","1","9","10","16","4","","0","0","1","0","0"
"POINT (8.708216238000034 50.062635378000039)","Unfall 61714 (2021) Kat:3, Licht: 0","61714","3","6","2","11","07","3","","0","0","1","0","0"
"POINT (8.741846400000043 50.158674055000063)","Unfall 61727 (2021) Kat:3, Licht: 0","61727","3","7","2","10","10","6","","0","0","1","0","0"
"POINT (8.704290514000036 50.120477955000069)","Unfall 61731 (2021) Kat:3, Licht: 0","61731","3","2","5","11","11","7","","0","1","1","0","0"
"POINT (8.551833367000029 50.103046747000064)","Unfall 61739 (2021) Kat:3, Licht: 2","61739","3","3","5","11","20","6","","2","1","1","0","0"
"POINT (8.704366128000061 50.146430854000073)","Unfall 61742 (2021) Kat:3, Licht: 0","61742","3","6","0","10","13","6","","0","0","0","0","1"
"POINT (8.678367354000045 50.105632793000041)","Unfall 61743 (2021) Kat:3, Licht: 2","61743","3","1","0","11","00","7","","2","0","0","0","0"
"POINT (8.513423519000071 50.107984025000064)","Unfall 61750 (2021) Kat:3, Licht: 0","61750","3","6","0","10","09","1","","0","0","1","0","0"
"POINT (8.680327909000027 50.066164470000047)","Unfall 61804 (2021) Kat:3, Licht: 2","61804","3","1","8","10","02","1","","2","0","1","0","0"
"POINT (8.620497335000039 50.100759452000034)","Unfall 61810 (2021) Kat:3, Licht: 2","61810","3","7","6","10","19","5","","2","0","0","1","0"
"POINT (8.629287697000052 50.128866865000077)","Unfall 61836 (2021) Kat:3, Licht: 0","61836","3","4","6","10","11","3","","0","1","0","1","0"
"POINT (8.704393044000028 50.111638304000053)","Unfall 61837 (2021) Kat:3, Licht: 2","61837","3","7","0","11","02","1","","2","0","0","0","0"
"POINT (8.778314974000068 50.159428062000075)","Unfall 61861 (2021) Kat:3, Licht: 1","61861","3","6","4","10","18","3","","1","0","1","0","0"
"POINT (8.663749679000034 50.091720898000062)","Unfall 61869 (2021) Kat:3, Licht: 2","61869","3","2","3","10","19","5","","2","0","1","0","1"
"POINT (8.599600016000068 50.128126687000076)","Unfall 61870 (2021) Kat:3, Licht: 0","61870","3","6","9","10","16","7","","0","0","1","0","0"
"POINT (8.695116426000027 50.109242100000074)","Unfall 61880 (2021) Kat:3, Licht: 0","61880","3","6","6","10","16","1","","0","1","1","1","1"
"POINT (8.598698127000034 50.149253515000055)","Unfall 61886 (2021) Kat:3, Licht: 2","61886","3","6","2","11","17","6","","2","0","1","0","0"
"POINT (8.609622107000064 50.168623776000061)","Unfall 61920 (2021) Kat:3, Licht: 2","61920","3","6","3","10","00","6","","2","0","1","0","0"
"POINT (8.733460343000047 50.114627830000074)","Unfall 61927 (2021) Kat:3, Licht: 0","61927","3","6","3","10","16","3","","0","0","1","0","0"
"POINT (8.693893431000049 50.128468947000044)","Unfall 61948 (2021) Kat:3, Licht: 0","61948","3","7","4","10","08","7","","0","1","0","0","0"
"POINT (8.741250152000021 50.123023756000066)","Unfall 61954 (2021) Kat:2, Licht: 2","61954","2","3","5","11","17","4","","2","1","1","0","0"
"POINT (8.647424556000033 50.104209024000056)","Unfall 61980 (2021) Kat:3, Licht: 2","61980","3","2","3","10","19","6","","2","0","1","0","0"
"POINT (8.708202056000061 50.117315456000028)","Unfall 61986 (2021) Kat:3, Licht: 1","61986","3","2","3","10","18","2","","1","1","1","0","0"
"POINT (8.710498224000048 50.111392846000058)","Unfall 61992 (2021) Kat:3, Licht: 0","61992","3","3","5","10","17","5","","0","0","1","0","1"
"POINT (8.641669497000066 50.202526435000038)","Unfall 62026 (2021) Kat:3, Licht: 0","62026","3","1","8","10","13","6","","0","0","1","0","0"
"POINT (8.604653825000071 50.087103071000058)","Unfall 62028 (2021) Kat:3, Licht: 0","62028","3","6","2","11","15","5","","0","0","1","0","0"
"POINT (8.500488886000028 50.097030505000077)","Unfall 62029 (2021) Kat:2, Licht: 0","62029","2","3","5","10","09","5","","0","1","1","0","0"