WKT,Name,OBJECTID,UKATEGORIE,UTYP1,UART,UMONAT,USTUNDE,UWOCHENTAG,STRZUSTAND,ULICHTVERH,ISTRAD,ISTPKW,ISTFUSS,ISTKRAD
"POINT (8.676257286000066 50.102094999000030)","Unfall 62035 (2021) Kat:3, Licht: 0","62035","3","2","3","10","13","2","","0","1","1","0","0"
"POINT (8.592226274000041 50.087154153000029)","Unfall 62057 (2021) Kat:3, Licht: 2","62057","3","6","2","11","18","6","","2","0","1","0","0"
"POINT (8.650789058000043 50.113930988000050)","Unfall 62070 (2021) Kat:3, Licht: 1","62070","3","2","5","11","17","3","","1","1","1","0","0"
"POINT (8.647329109000054 50.104171282000038)","Unfall 62075 (2021) Kat:3, Licht: 2","62075","3","3","4","11","18","2","","2","0","1","0","1"
"POINT (8.647704780000026 50.177507158000026)","Unfall 62093 (2021) Kat:3, Licht: 2","62093","3","6","2","10","20","6","","2","0","1","0","0"
"POINT (8.607951191000041 50.052501406000033)","Unfall 62098 (2021) Kat:3, Licht: 2","62098","3","1","8","10","20","7","","2","0","1","0","0"
"POINT (8.711088504000031 50.122704525000074)","Unfall 62101 (2021) Kat:3, Licht: 0","62101","3","3","5","11","09","7","","0","0","1","0","0"
"POINT (8.695583860000056 50.102185513000052)","Unfall 62122 (2021) Kat:3, Licht: 0","62122","3","6","0","10","12","4","","0","1","0","0","0"
"POINT (8.747181942000054 50.139676057000031)","Unfall 62127 (2021) Kat:3, Licht: 0","62127","3","2","5","11","12","6","","0","0","1","0","0"
"POINT (8.606854780000049 50.058058099000050)","Unfall 62136 (2021) Kat:3, Licht: 2","62136","3","6","2","10","18","4","","2","0","1","0","0"
"POINT (8.605856417000041 50.131882322000081)","Unfall 62151 (2021) Kat:3, Licht: 0","62151","3","6","2","10","08","3","","0","0","1","0","0"
"POINT (8.576311929000042 50.089701050000031)","Unfall 62169 (2021) Kat:3, Licht: 0","62169","3","3","5","10","17","6","","0","0","1","0","0"
"POINT (8.705465909000054 50.120436179000080)","Unfall 62173 (2021) Kat:3, Licht: 0","62173","3","6","2","10","14","1","","0","0","1","0","0"
"POINT (8.708390541000028 50.062670011000080)","Unfall 62193 (2021) Kat:3, Licht: 2","62193","3","6","2","11","17","3","","2","0","1","0","0"
"POINT (8.656729771000073 50.081528014000071)","Unfall 62194 (2021) Kat:3, Licht: 0","62194","3","6","2","10","15","4","","0","0","1","0","0"
"POINT (8.646037757000045 50.134836443000040)","Unfall 62196 (2021) Kat:3, Licht: 2","62196","3","3","5","10","18","3","","2","1","1","0","0"
"POINT (8.671837629000038 50.133576454000035)","Unfall 62215 (2021) Kat:3, Licht: 0","62215","3","6","2","10","08","5","","0","0","1","0","0"
"POINT (8.665802036000059 50.131544586000075)","Unfall 62218 (2021) Kat:3, Licht: 1","62218","3","6","2","10","18","5","","1","0","1","0","0"
"POINT (8.687883471000021 50.158378753000079)","Unfall 62233 (2021) Kat:3, Licht: 0","62233","3","3","5","10","17","4","","0","0","0","0","0"
"POINT (8.564796780000052 50.128621643000031)","Unfall 62244 (2021) Kat:3, Licht: 0","62244","3","6","2","10","12","4","","0","0","1","0","0"
"POINT (8.635828705000051 50.102250442000070)","Unfall 62268 (2021) Kat:3, Licht: 2","62268","3","6","2","10","07","3","","2","0","1","0","0"
"POINT (8.601360208000074 50.153602311000043)","Unfall 62274 (2021) Kat:3, Licht: 0","62274","3","6","2","10","13","7","","0","0","1","0","0"
"POINT (8.590270635000024 50.131810242000029)","Unfall 62275 (2021) Kat:3, Licht: 2","62275","3","6","2","10","18","5","","2","0","1","0","0"
"POINT (8.663044671000023 50.103285635000077)","Unfall 62278 (2021) Kat:3, Licht: 0","62278","3","6","3","10","14","6","","0","1","1","0","0"
"POINT (8.735264578000056 50.111624119000055)","Unfall 62290 (2021) Kat:3, Licht: 0","62290","3","6","3","10","17","4","","0","0","1","0","0"
"POINT (8.667474283000047 50.146383316000026)","Unfall 62299 (2021) Kat:3, Licht: 2","62299","3","6","2","10","19","4","","2","0","1","0","0"
"POINT (8.615730466000059 50.133216397000069)","Unfall 62312 (2021) Kat:3, Licht: 2","62312","3","1","9","10","20","1","","2","0","1","0","0"
"POINT (8.697525169000073 50.137870648000046)","Unfall 62323 (2021) Kat:3, Licht: 2","62323","3","3","5","10","20","5","","2","0","1","0","0"
"POINT (8.540251143000035 50.099519034000082)","Unfall 62331 (2021) Kat:2, Licht: 1","62331","2","3","5","11","07","7","","1","0","1","0","0"
"POINT (8.652318542000046 50.196500615000048)","Unfall 62356 (2021) Kat:3, Licht: 0","62356","3","3","5","10","11","5","","0","0","1","0","0"
"POINT (8.664670081000054 50.103044847000035)","Unfall 62364 (2021) Kat:3, Licht: 2","62364","3","6","2","10","22","7","","2","0","1","0","0"
"POINT (8.601602105000040 50.086829588000057)","Unfall 62372 (2021) Kat:3, Licht: 0","62372","3","6","3","11","13","5","","0","0","1","0","0"
"POINT (8.695249289000060 50.103632786000048)","Unfall 62373 (2021) Kat:3, Licht: 0","62373","3","3","0","10","14","2","","0","0","0","0","0"
"POINT (8.728833138000027 50.121375776000036)","Unfall 62384 (2021) Kat:3, Licht: 1","62384","3","6","2","10","07","2","","1","0","1","0","0"
"POINT (8.596291954000037 50.058060340000054)","Unfall 62386 (2021) Kat:3, Licht: 0","62386","3","1","9","11","15","2","","0","0","1","0","0"
"POINT (8.522713083000042 50.097347394000053)","Unfall 62431 (2021) Kat:2, Licht: 0","62431","2","1","8","11","13","6","","0","0","1","1","0"
"POINT (8.692348597000034 50.100928173000057)","Unfall 62437 (2021) Kat:3, Licht: 1","62437","3","7","3","10","18","4","","1","0","1","0","0"
"POINT (8.657720252000047 50.145956258000069)","Unfall 62442 (2021) Kat:3, Licht: 0","62442","3","4","6","11","16","2","","0","0","1","1","0"
"POINT (8.599623350000059 50.150448455000060)","Unfall 62452 (2021) Kat:3, Licht: 0","62452","3","6","2","10","15","4","","0","0","1","0","0"
"POINT (8.579078116000062 50.123554645000070)","Unfall 62454 (2021) Kat:2, Licht: 0","62454","2","3","5","10","14","3","","0","0","1","0","1"
"POINT (8.685043911000037 50.131384553000032)","Unfall 62456 (2021) Kat:3, Licht: 1","62456","3","1","0","11","16","2","","1","0","0","0","1"
"POINT (8.583530608000046 50.055949630000043)","Unfall 62467 (2021) Kat:3, Licht: 0","62467","3","6","2","10","07","3","","0","0","1","0","0"
"POINT (8.641206728000043 50.133581738000032)","Unfall 62476 (2021) Kat:3, Licht: 1","62476","3","6","2","11","18","7","","1","0","1","0","0"
"POINT (8.706322639000064 50.153448818000072)","Unfall 62477 (2021) Kat:3, Licht: 0","62477","3","6","3","10","07","4","","0","0","1","0","0"
"POINT (8.691659249000054 50.100668470000073)","Unfall 62490 (2021) Kat:3, Licht: 0","62490","3","6","3","10","14","2","","0","0","1","0","0"
"POINT (8.698722688000032 50.139940685000056)","Unfall 62492 (2021) Kat:3, Licht: 0","62492","3","7","6","10","14","3","","0","1","0","1","0"
"POINT (8.668427709000071 50.099872980000043)","Unfall 62497 (2021) Kat:3, Licht: 0","62497","3","6","3","10","14","1","","0","0","1","0","0"
"POINT (8.590548520000027 50.127843622000057)","Unfall 62506 (2021) Kat:3, Licht: 1","62506","3","6","3","10","06","3","","1","0","1","0","0"
"POINT (8.622720649000030 50.151179212000045)","Unfall 62530 (2021) Kat:3, Licht: 2","62530","3","3","0","11","18","4","","2","0","0","0","1"
"POINT (8.599886819000062 50.113016391000031)","Unfall 62532 (2021) Kat:2, Licht: 2","62532","2","6","2","11","17","5","","2","0","1","0","0"
"POINT (8.731433461000051 50.119134892000034)","Unfall 62538 (2021) Kat:3, Licht: 0","62538","3","6","2","10","10","6","","0","0","1","0","0"
"POINT (8.694408864000025 50.109160212000063)","Unfall 62544 (2021) Kat:3, Licht: 0","62544","3","2","5","10","09","7","","0","1","1","0","0"
"POINT (8.719412454000064 50.123092629000041)","Unfall 62550 (2021) Kat:3, Licht: 0","62550","3","2","3","10","14","4","","0","1","1","0","0"
"POINT (8.767852435000066 50.133261061000042)","Unfall 62563 (2021) Kat:3, Licht: 0","62563","3","6","2","11","17","3","","0","0","1","0","1"
"POINT (8.652886214000034 50.116750958000068)","Unfall 62565 (2021) Kat:3, Licht: 0","62565","3","3","5","11","08","2","","0","1","1","0","0"
"POINT (8.627893336000056 50.101492438000037)","Unfall 62573 (2021) Kat:3, Licht: 0","62573","3","7","6","10","12","6","","0","1","0","1","0"
"POINT (8.653188118000060 50.171030757000040)","Unfall 62575 (2021) Kat:3, Licht: 2","62575","3","6","0","10","07","6","","2","0","1","0","0"
"POINT (8.682359226000074 50.131981622000069)","Unfall 62579 (2021) Kat:3, Licht: 2","62579","3","3","5","10","19","2","","2","1","1","0","0"
"POINT (8.620958217000066 50.052329439000061)","Unfall 62592 (2021) Kat:3, Licht: 0","62592","3","6","3","11","07","4","","0","0","1","0","0"
"POINT (8.639184174000036 50.102561642000069)","Unfall 62594 (2021) Kat:2, Licht: 2","62594","2","3","5","10","18","7","","2","1","1","0","0"
"POINT (8.665062010000042 50.105449816000032)","Unfall 62602 (2021) Kat:3, Licht: 0","62602","3","1","1","11","09","2","","0","1","1","0","0"
"POINT (8.655278292000048 50.060302069000045)","Unfall 62610 (2021) Kat:3, Licht: 0","62610","3","6","3","10","13","2","","0","0","1","0","0"
"POINT (8.678703375000055 50.167405772000052)","Unfall 62626 (2021) Kat:3, Licht: 2","62626","3","2","0","10","18","6","","2","0","0","0","1"
"POINT (8.691261164000025 50.154761987000029)","Unfall 62629 (2021) Kat:3, Licht: 1","62629","3","3","5","10","22","3","","1","1","1","0","0"
"POINT (8.738223198000071 50.131375980000030)","Unfall 62630 (2021) Kat:3, Licht: 1","62630","3","2","5","11","16","2","","1","0","1","0","0"
"POINT (8.702026738000029 50.203417136000041)","Unfall 62640 (2021) Kat:1, Licht: 2","62640","1","4","6","11","18","5","","2","0","1","1","0"
"POINT (8.736415076000071 50.110129426000071)","Unfall 62649 (2021) Kat:3, Licht: 1","62649","3","6","2","11","17","5","","1","0","1","0","0"
"POINT (8.671175029000040 50.136353136000082)","Unfall 62665 (2021) Kat:3, Licht: 0","62665","3","4","6","11","11","2","","0","0","1","1","0"
"POINT (8.549158155000043 50.120997803000080)","Unfall 62666 (2021) Kat:3, Licht: 0","62666","3","6","2","10","16","5","","0","0","1","0","0"
"POINT (8.539134453000031 50.111896619000049)","Unfall 62678 (2021) Kat:3, Licht: 2","62678","3","3","5","10","23","3","","2","0","1","0","0"
"POINT (8.648567048000075 50.104660788000047)","Unfall 62681 (2021) Kat:3, Licht: 0","62681","3","2","5","11","08","2","","0","1","0","0","0"
"POINT (8.502571219000060 50.097092522000025)","Unfall 62686 (2021) Kat:3, Licht: 0","62686","3","5","1","10","08","4","","0","1","1","0","0"
"POINT (8.743722802000036 50.137286087000064)","Unfall 62693 (2021) Kat:3, Licht: 1","62693","3","6","2","10","17","5","","1","0","1","0","0"
"POINT (8.698584699000037 50.125421884000048)","Unfall 62711 (2021) Kat:3, Licht: 0","62711","3","6","2","10","17","6","","0","0","1","0","0"
"POINT (8.591063135000070 50.126697784000044)","Unfall 62713 (2021) Kat:3, Licht: 2","62713","3","6","2","10","06","3","","2","0","1","0","0"
"POINT (8.684492575000036 50.139606634000074)","Unfall 62722 (2021) Kat:3, Licht: 0","62722","3","6","3","10","08","5","","0","0","1","0","1"
"POINT (8.606567752000046 50.058605332000070)","Unfall 62724 (2021) Kat:3, Licht: 0","62724","3","6","3","10","17","6","","0","0","1","0","0"
"POINT (8.659774167000023 50.088238565000040)","Unfall 62730 (2021) Kat:3, Licht: 0","62730","3","6","2","10","11","7","","0","0","1","0","0"
"POINT (8.652669269000057 50.106282614000065)","Unfall 62740 (2021) Kat:3, Licht: 0","62740","3","2","3","11","16","3","","0","0","1","0","1"
"POINT (8.640165529000058 50.198178408000047)","Unfall 62754 (2021) Kat:3, Licht: 2","62754","3","1","8","11","01","5","","2","0","1","0","0"
"POINT (8.667156467000041 50.131559226000036)","Unfall 62782 (2021) Kat:3, Licht: 0","62782","3","3","5","10","17","5","","0","0","1","0","0"
"POINT (8.687907466000070 50.130615807000027)","Unfall 62803 (2021) Kat:3, Licht: 0","62803","3","3","5","10","09","7","","0","1","1","0","0"
"POINT (8.616401228000029 50.093252834000054)","Unfall 62826 (2021) Kat:3, Licht: 0","62826","3","1","9","11","07","2","","0","0","1","0","0"
"POINT (8.667125471000077 50.148157114000071)","Unfall 62828 (2021) Kat:3, Licht: 2","62828","3","1","0","10","23","7","","2","0","0","0","1"
"POINT (8.708291448000068 50.062847879000060)","Unfall 62832 (2021) Kat:3, Licht: 0","62832","3","6","2","11","07","4","","0","0","0","0","0"
"POINT (8.664687814000047 50.102999293000039)","Unfall 62841 (2021) Kat:3, Licht: 2","62841","3","6","2","10","23","7","","2","0","1","0","0"
"POINT (8.611256337000043 50.172105376000047)","Unfall 62862 (2021) Kat:3, Licht: 1","62862","3","6","2","10","17","4","","1","0","1","0","0"
"POINT (8.588654564000024 50.053695527000059)","Unfall 62866 (2021) Kat:2, Licht: 0","62866","2","1","8","11","09","2","","0","0","1","0","0"
"POINT (8.595424679000075 50.142821754000067)","Unfall 62874 (2021) Kat:3, Licht: 0","62874","3","6","2","10","15","6","","0","0","1","0","0"
"POINT (8.705255560000069 50.142701905000081)","Unfall 62875 (2021) Kat:3, Licht: 0","62875","3","6","2","10","14","6","","0","0","1","0","0"
"POINT (8.694965744000058 50.132274665000068)","Unfall 62877 (2021) Kat:3, Licht: 0","62877","3","2","3","11","08","2","","0","1","1","0","0"
"POINT (8.728864148000071 50.117292652000060)","Unfall 62879 (2021) Kat:1, Licht: 2","62879","1","3","6","11","18","7","","2","0","0","1","0"
"POINT (8.516060769000035 50.113879633000067)","Unfall 62882 (2021) Kat:3, Licht: 0","62882","3","2","5","10","17","1","","0","1","1","0","0"
"POINT (8.684256448000042 50.140249819000076)","Unfall 62898 (2021) Kat:2, Licht: 0","62898","2","3","0","10","09","6","","0","1","1","0","0"
"POINT (8.655940847000068 50.111421836000034)","Unfall 62932 (2021) Kat:3, Licht: 0","62932","3","3","5","10","13","6","","0","1","1","0","0"
"POINT (8.670713159000059 50.148946419000026)","Unfall 62947 (2021) Kat:2, Licht: 0","62947","2","3","5","10","16","6","","0","1","0","0","0"
"POINT (8.646391304000076 50.058202249000033)","Unfall 62950 (2021) Kat:3, Licht: 0","62950","3","6","2","10","13","3","","0","0","1","0","0"
"POINT (8.728567421000037 50.117392034000034)","Unfall 62954 (2021) Kat:3, Licht: 2","62954","3","6","8","11","18","3","","2","1","0","0","0"
"POINT (8.614092606000042 50.097020421000082)","Unfall 62979 (2021) Kat:3, Licht: 1","62979","3","6","3","12","07","5","","1","0","1","0","0"
"POINT (8.747697329000061 50.146666739000068)","Unfall 63000 (2021) Kat:3, Licht: 0","63000","3","6","3","11","12","3","","0","0","1","0","0"
"POINT (8.669066879000070 50.106132859000070)","Unfall 63013 (2021) Kat:2, Licht: 2","63013","2","2","5","11","19","6","","2","1","1","0","0"
"POINT (8.643724003000045 50.058902599000078)","Unfall 63026 (2021) Kat:2, Licht: 2","63026","2","6","2","12","22","4","","2","0","1","0","0"
"POINT (8.594092482000065 50.140401634000057)","Unfall 63044 (2021) Kat:2, Licht: 0","63044","2","6","2","11","15","1","","0","0","1","0","0"
"POINT (8.653850010000042 50.112345696000034)","Unfall 63053 (2021) Kat:3, Licht: 0","63053","3","6","2","12","12","6","","0","0","1","0","0"
"POINT (8.658105899000077 50.208865164000031)","Unfall 63092 (2021) Kat:2, Licht: 2","63092","2","4","6","12","01","5","","2","0","1","1","0"
"POINT (8.701088430000027 50.110501374000080)","Unfall 63102 (2021) Kat:3, Licht: 2","63102","3","7","8","12","03","1","","2","0","1","0","0"
"POINT (8.507842415000027 50.079494605000036)","Unfall 63116 (2021) Kat:3, Licht: 0","63116","3","3","5","12","15","1","","0","0","1","0","0"
"POINT (8.707410973000037 50.120945532000064)","Unfall 63125 (2021) Kat:3, Licht: 0","63125","3","6","3","12","08","4","","0","1","1","0","0"
"POINT (8.597515807000036 50.147106061000045)","Unfall 63129 (2021) Kat:3, Licht: 1","63129","3","6","2","11","16","1","","1","0","1","0","0"
"POINT (8.509688184000026 50.032857673000080)","Unfall 63133 (2021) Kat:3, Licht: 0","63133","3","6","2","12","11","3","","0","0","1","0","0"
"POINT (8.591467807000072 50.135312649000070)","Unfall 63154 (2021) Kat:3, Licht: 0","63154","3","6","2","12","16","6","","0","0","1","0","0"
"POINT (8.588136226000074 50.134524232000047)","Unfall 63156 (2021) Kat:3, Licht: 2","63156","3","1","9","12","20","5","","2","0","1","0","0"
"POINT (8.713581422000061 50.063671771000031)","Unfall 63165 (2021) Kat:3, Licht: 2","63165","3","6","2","12","18","6","","2","0","1","0","0"
"POINT (8.607535271000074 50.058901011000046)","Unfall 63166 (2021) Kat:3, Licht: 2","63166","3","1","8","12","19","7","","2","0","1","0","0"
"POINT (8.545288550000066 50.104660291000073)","Unfall 63179 (2021) Kat:3, Licht: 0","63179","3","2","5","11","13","3","","0","1","0","0","0"
"POINT (8.672068989000024 50.131961671000056)","Unfall 63185 (2021) Kat:3, Licht: 2","63185","3","6","2","12","23","5","","2","0","1","0","0"
"POINT (8.683933095000043 50.131705786000055)","Unfall 63287 (2021) Kat:3, Licht: 2","63287","3","3","5","12","19","7","","2","0","1","0","0"
"POINT (8.680585951000069 50.061335713000062)","Unfall 63288 (2021) Kat:3, Licht: 0","63288","3","6","3","12","10","2","","0","0","1","0","0"
"POINT (8.692452912000022 50.106903813000031)","Unfall 63298 (2021) Kat:3, Licht: 0","63298","3","2","0","12","11","5","","0","0","0","0","0"
"POINT (8.762145609000072 50.130787009000073)","Unfall 63330 (2021) Kat:3, Licht: 0","63330","3","3","0","11","14","5","","0","0","1","0","0"
"POINT (8.694861135000053 50.107466388000034)","Unfall 63376 (2021) Kat:3, Licht: 2","63376","3","6","0","11","19","6","","2","0","1","0","0"
"POINT (8.584237851000069 50.123733528000059)","Unfall 63389 (2021) Kat:3, Licht: 2","63389","3","2","5","12","17","4","","2","0","1","0","0"
"POINT (8.661205541000072 50.153022775000068)","Unfall 63395 (2021) Kat:3, Licht: 0","63395","3","3","5","12","13","2","","0","0","1","0","0"
"POINT (8.696242726000037 50.113326738000069)","Unfall 63453 (2021) Kat:3, Licht: 0","63453","3","2","0","12","13","7","","0","0","1","0","0"
"POINT (8.670804640000028 50.107179917000053)","Unfall 63462 (2021) Kat:3, Licht: 0","63462","3","6","3","11","14","6","","0","0","1","0","0"
"POINT (8.640565455000058 50.198187964000056)","Unfall 63478 (2021) Kat:3, Licht: 2","63478","3","6","2","11","16","2","","2","0","1","0","0"
"POINT (8.764116831000024 50.160459729000081)","Unfall 63484 (2021) Kat:3, Licht: 0","63484","3","3","5","12","11","2","","0","0","1","0","0"
"POINT (8.638870018000034 50.102532514000075)","Unfall 63491 (2021) Kat:3, Licht: 2","63491","3","6","3","12","18","4","","2","1","1","0","0"
"POINT (8.595047234000049 50.053397866000068)","Unfall 63501 (2021) Kat:3, Licht: 2","63501","3","6","3","11","23","4","","2","0","1","0","0"
"POINT (8.683660585000041 50.141540045000056)","Unfall 63517 (2021) Kat:3, Licht: 0","63517","3","6","2","12","13","4","","0","0","1","0","0"
"POINT (8.602606462000040 50.108818600000063)","Unfall 63518 (2021) Kat:3, Licht: 2","63518","3","6","3","12","07","3","","2","0","1","0","0"
"POINT (8.536526205000030 50.023639608000053)","Unfall 63543 (2021) Kat:3, Licht: 2","63543","3","7","7","12","21","7","","2","1","0","0","0"
"POINT (8.579888664000066 50.053695212000036)","Unfall 63544 (2021) Kat:3, Licht: 0","63544","3","6","2","12","15","1","","0","0","1","0","0"
"POINT (8.683239790000073 50.142963672000064)","Unfall 63545 (2021) Kat:2, Licht: 0","63545","2","2","6","12","13","7","","0","0","1","1","0"
"POINT (8.726256677000038 50.125363307000043)","Unfall 63553 (2021) Kat:3, Licht: 2","63553","3","1","7","11","18","6","","2","0","1","0","0"
"POINT (8.707914586000072 50.126414371000067)","Unfall 63597 (2021) Kat:2, Licht: 2","63597","2","7","0","12","18","2","","2","0","1","0","0"
"POINT (8.608404736000068 50.102505205000057)","Unfall 63612 (2021) Kat:3, Licht: 0","63612","3","6","3","12","09","5","","0","0","1","0","0"
"POINT (8.692509620000067 50.107137194000074)","Unfall 63621 (2021) Kat:2, Licht: 0","63621","2","1","0","12","13","5","","0","1","0","0","0"
"POINT (8.688896392000061 50.158477253000058)","Unfall 63657 (2021) Kat:3, Licht: 2","63657","3","3","5","12","07","2","","2","1","1","0","0"
"POINT (8.637222823000059 50.102379835000079)","Unfall 63674 (2021) Kat:3, Licht: 2","63674","3","3","5","12","22","2","","2","0","1","0","0"
"POINT (8.653990387000022 50.119842501000051)","Unfall 63708 (2021) Kat:3, Licht: 0","63708","3","3","0","12","10","3","","0","1","1","0","0"
"POINT (8.619580799000062 50.131813371000078)","Unfall 63732 (2021) Kat:2, Licht: 2","63732","2","6","3","12","23","7","","2","0","1","0","0"
"POINT (8.711394742000039 50.105191930000046)","Unfall 63749 (2021) Kat:3, Licht: 2","63749","3","6","2","12","18","5","","2","0","1","0","0"
"POINT (8.641996121000034 50.102822157000048)","Unfall 63760 (2021) Kat:3, Licht: 1","63760","3","1","0","12","16","5","","1","1","0","0","0"
"POINT (8.665551644000061 50.101965029000041)","Unfall 63773 (2021) Kat:2, Licht: 2","63773","2","4","6","12","21","6","","2","0","1","1","0"
"POINT (8.714717027000063 50.064070296000068)","Unfall 63776 (2021) Kat:3, Licht: 2","63776","3","6","2","12","06","4","","2","0","1","0","0"
"POINT (8.674847992000025 50.131951930000071)","Unfall 63816 (2021) Kat:3, Licht: 2","63816","3","6","2","12","16","7","","2","0","1","0","0"
"POINT (8.739873225000053 50.096504830000072)","Unfall 63817 (2021) Kat:3, Licht: 0","63817","3","6","4","12","11","1","","0","0","1","0","0"
"POINT (8.673549516000037 50.131781308000029)","Unfall 63871 (2021) Kat:3, Licht: 0","63871","3","6","2","11","11","5","","0","0","1","0","0"
"POINT (8.710186421000060 50.111402795000060)","Unfall 63884 (2021) Kat:2, Licht: 2","63884","2","4","6","12","17","5","","2","0","1","1","0"
"POINT (8.611631568000064 50.115761900000052)","Unfall 63889 (2021) Kat:3, Licht: 2","63889","3","6","2","12","19","3","","2","0","1","0","0"
"POINT (8.726161064000053 50.142289826000081)","Unfall 63892 (2021) Kat:3, Licht: 2","63892","3","2","6","12","19","7","","2","0","0","1","0"
"POINT (8.687848719000044 50.107193603000042)","Unfall 63900 (2021) Kat:3, Licht: 2","63900","3","4","6","12","21","4","","2","0","1","1","0"
"POINT (8.610396527000034 50.125860871000043)","Unfall 63976 (2021) Kat:2, Licht: 0","63976","2","5","1","12","08","2","","0","0","1","0","0"
"POINT (8.546527258000026 50.120265624000069)","Unfall 63993 (2021) Kat:3, Licht: 2","63993","3","6","2","12","00","2","","2","0","1","0","0"
"POINT (8.654510017000064 50.192290007000054)","Unfall 64020 (2021) Kat:3, Licht: 0","64020","3","6","3","12","13","2","","0","0","1","0","0"
"POINT (8.599559448000036 50.114287752000052)","Unfall 64051 (2021) Kat:2, Licht: 0","64051","2","1","9","12","11","1","","0","0","1","0","0"
"POINT (8.633408162000023 50.102020301000039)","Unfall 64054 (2021) Kat:3, Licht: 0","64054","3","6","2","11","14","2","","0","0","1","0","0"
"POINT (8.705966319000026 50.119018005000044)","Unfall 64073 (2021) Kat:3, Licht: 0","64073","3","4","6","11","07","2","","0","1","0","1","0"
"POINT (8.733418327000038 50.114723835000063)","Unfall 64089 (2021) Kat:3, Licht: 1","64089","3","6","2","12","17","4","","1","0","1","0","0"
"POINT (8.596317741000064 50.118958640000074)","Unfall 64098 (2021) Kat:3, Licht: 0","64098","3","6","3","12","10","4","","0","0","1","0","0"
"POINT (8.641142085000070 50.198746802000073)","Unfall 64104 (2021) Kat:3, Licht: 0","64104","3","6","2","12","08","6","","0","0","1","0","0"
"POINT (8.714819426000076 50.063892142000043)","Unfall 64150 (2021) Kat:3, Licht: 2","64150","3","6","2","11","22","1","","2","0","1","0","0"
"POINT (8.652927430000034 50.099345543000027)","Unfall 64165 (2021) Kat:3, Licht: 2","64165","3","7","0","12","18","6","","2","1","0","0","0"
"POINT (8.580788542000050 50.100163886000075)","Unfall 64173 (2021) Kat:3, Licht: 1","64173","3","6","2","12","16","5","","1","0","1","0","0"
"POINT (8.673669938000046 50.061113773000045)","Unfall 64177 (2021) Kat:3, Licht: 2","64177","3","6","2","12","07","4","","2","0","1","0","0"
"POINT (8.656660521000049 50.131565973000079)","Unfall 64179 (2021) Kat:3, Licht: 0","64179","3","6","2","12","09","3","","0","0","1","0","0"
"POINT (8.709607892000065 50.062911889000077)","Unfall 64203 (2021) Kat:3, Licht: 0","64203","3","6","2","12","07","3","","0","0","1","0","0"
"POINT (8.609166596000023 50.062629514000037)","Unfall 64204 (2021) Kat:2, Licht: 1","64204","2","1","9","12","08","1","","1","0","1","0","0"
"POINT (8.683901991000027 50.135266343000069)","Unfall 64216 (2021) Kat:3, Licht: 2","64216","3","3","3","11","18","2","","2","0","1","0","0"
"POINT (8.637973111000065 50.125323806000040)","Unfall 64226 (2021) Kat:2, Licht: 0","64226","2","6","2","12","11","4","","0","0","0","0","1"
"POINT (8.633552971000029 50.102034138000079)","Unfall 64243 (2021) Kat:3, Licht: 2","64243","3","2","2","12","20","4","","2","0","0","0","0"
"POINT (8.541650526000069 50.109654583000065)","Unfall 64270 (2021) Kat:3, Licht: 0","64270","3","6","2","11","15","2","","0","0","1","0","0"
"POINT (8.769483197000056 50.135858783000060)","Unfall 64296 (2021) Kat:3, Licht: 0","64296","3","6","2","12","13","6","","0","0","1","0","0"
"POINT (8.594518529000027 50.122689663000074)","Unfall 64312 (2021) Kat:3, Licht: 0","64312","3","7","1","12","15","3","","0","0","1","0","0"
"POINT (8.767863046000059 50.133266841000079)","Unfall 64331 (2021) Kat:3, Licht: 2","64331","3","3","5","12","17","3","","2","1","1","0","0"
"POINT (8.745754916000067 50.159621289000029)","Unfall 64333 (2021) Kat:3, Licht: 0","64333","3","6","2","12","10","5","","0","0","1","0","0"
"POINT (8.655472858000053 50.111625099000037)","Unfall 64354 (2021) Kat:3, Licht: 2","64354","3","6","2","12","18","7","","2","0","1","0","0"
"POINT (8.662569439000038 50.147274461000052)","Unfall 64356 (2021) Kat:3, Licht: 0","64356","3","7","0","11","15","2","","0","1","0","0","0"
"POINT (8.691245494000043 50.089947456000061)","Unfall 64357 (2021) Kat:3, Licht: 0","64357","3","6","2","12","14","6","","0","0","1","0","0"
"POINT (8.658637680000027 50.110504615000082)","Unfall 64369 (2021) Kat:3, Licht: 0","64369","3","2","3","12","09","6","","0","1","1","0","0"
"POINT (8.590964141000029 50.136634541000035)","Unfall 64395 (2021) Kat:3, Licht: 0","64395","3","6","2","11","07","2","","0","0","1","0","0"
"POINT (8.664901315000066 50.103062956000031)","Unfall 64415 (2021) Kat:3, Licht: 1","64415","3","3","5","12","16","5","","1","1","0","0","0"
"POINT (8.730588139000076 50.118630518000032)","Unfall 64423 (2021) Kat:3, Licht: 0","64423","3","3","5","12","09","7","","0","0","1","0","0"
"POINT (8.592211474000067 50.100231147000045)","Unfall 64428 (2021) Kat:3, Licht: 0","64428","3","2","3","12","08","5","","0","0","1","0","0"
"POINT (8.649978770000075 50.113402748000055)","Unfall 64442 (2021) Kat:3, Licht: 2","64442","3","6","2","12","16","6","","2","0","1","0","0"
"POINT (8.667850340000030 50.099942363000082)","Unfall 64465 (2021) Kat:3, Licht: 2","64465","3","2","5","12","04","3","","2","0","1","0","0"
"POINT (8.664588915000024 50.104024616000061)","Unfall 64475 (2021) Kat:3, Licht: 1","64475","3","3","5","11","16","7","","1","0","1","0","0"