WKT,Name,OBJECTID,UKATEGORIE,UTYP1,UART,UMONAT,USTUNDE,UWOCHENTAG,STRZUSTAND,ULICHTVERH,ISTRAD,ISTPKW,ISTFUSS,ISTKRAD
"POINT (8.632355863000043 50.152895546000082)","Unfall 64481 (2021) Kat:3, Licht: 0","64481","3","3","0","12","15","2","","0","0","1","0","0"
"POINT (8.666090615000030 50.147963857000036)","Unfall 64526 (2021) Kat:3, Licht: 1","64526","3","2","5","12","17","4","","1","0","1","0","0"
"POINT (8.678253658000074 50.105586447000064)","Unfall 64530 (2021) Kat:3, Licht: 0","64530","3","2","5","11","10","4","","0","0","1","0","1"
"POINT (8.629435728000033 50.116141531000039)","Unfall 64562 (2021) Kat:3, Licht: 0","64562","3","6","2","12","14","4","","0","0","1","0","0"
"POINT (8.611110196000027 50.125388205000036)","Unfall 64568 (2021) Kat:2, Licht: 2","64568","2","2","6","12","17","7","","2","0","0","1","0"
"POINT (8.592341302000023 50.100231431000054)","Unfall 64570 (2021) Kat:3, Licht: 0","64570","3","7","9","11","08","2","","0","0","1","0","0"
"POINT (8.615631729000029 50.115068290000067)","Unfall 64587 (2021) Kat:3, Licht: 0","64587","3","6","3","11","13","2","","0","0","1","0","0"
"POINT (8.637953405000076 50.056673549000038)","Unfall 64597 (2021) Kat:3, Licht: 2","64597","3","6","2","11","20","5","","2","0","1","0","0"
"POINT (8.665277785000058 50.104198308000036)","Unfall 64615 (2021) Kat:3, Licht: 2","64615","3","2","3","12","19","4","","2","1","1","0","0"
"POINT (8.671553127000038 50.134723897000072)","Unfall 64616 (2021) Kat:3, Licht: 0","64616","3","2","0","12","14","4","","0","0","1","0","0"
"POINT (8.722675916000071 50.135386289000053)","Unfall 64661 (2021) Kat:3, Licht: 0","64661","3","6","2","12","15","6","","0","0","1","0","0"
"POINT (8.598752505000050 50.115201956000078)","Unfall 64687 (2021) Kat:3, Licht: 2","64687","3","4","6","11","22","4","","2","0","1","1","0"
"POINT (8.692466032000027 50.106957150000028)","Unfall 64693 (2021) Kat:3, Licht: 0","64693","3","4","6","12","13","5","","0","0","1","1","0"
"POINT (8.666456429000050 50.147945633000063)","Unfall 64721 (2021) Kat:3, Licht: 2","64721","3","3","5","12","18","6","","2","0","1","0","0"
"POINT (8.684315260000062 50.136629917000050)","Unfall 64723 (2021) Kat:3, Licht: 0","64723","3","7","5","11","10","2","","0","0","1","0","0"
"POINT (8.660358957000028 50.109474504000048)","Unfall 64724 (2021) Kat:3, Licht: 2","64724","3","3","5","12","02","6","","2","0","1","0","0"
"POINT (8.672283014000072 50.132104524000056)","Unfall 64757 (2021) Kat:3, Licht: 2","64757","3","1","0","12","18","5","","2","0","0","0","0"
"POINT (8.708743103000074 50.111461145000078)","Unfall 64773 (2021) Kat:3, Licht: 2","64773","3","2","6","11","18","3","","2","1","0","1","0"
"POINT (8.592859026000042 50.138679697000043)","Unfall 64804 (2021) Kat:3, Licht: 0","64804","3","6","2","12","09","6","","0","0","1","0","0"
"POINT (8.675354084000048 50.150592740000036)","Unfall 64819 (2021) Kat:3, Licht: 2","64819","3","7","0","11","04","7","","2","0","1","0","0"
"POINT (8.665140301000065 50.166035116000046)","Unfall 64824 (2021) Kat:3, Licht: 2","64824","3","1","8","11","21","2","","2","0","1","0","0"
"POINT (8.628724529000067 50.087916097000061)","Unfall 169911 (2021) Kat:3, Licht: 0","169911","3","3","5","02","11","5","","0","0","1","0","0"
"POINT (8.688063514000021 50.113724743000034)","Unfall 169913 (2021) Kat:2, Licht: 0","169913","2","1","0","03","18","3","","0","1","0","0","0"
"POINT (8.602170586000057 50.091995598000040)","Unfall 169915 (2021) Kat:3, Licht: 2","169915","3","5","1","02","20","6","","2","0","1","0","0"
"POINT (8.638289219000058 50.123765409000043)","Unfall 169932 (2021) Kat:3, Licht: 2","169932","3","3","5","02","19","3","","2","1","1","0","0"
"POINT (8.689056486000027 50.118450722000034)","Unfall 169937 (2021) Kat:3, Licht: 0","169937","3","3","5","02","12","5","","0","0","1","0","0"
"POINT (8.641244338000035 50.116847800000073)","Unfall 169941 (2021) Kat:3, Licht: 0","169941","3","2","6","01","15","7","","0","0","1","1","0"
"POINT (8.539873559000057 50.100614558000075)","Unfall 169956 (2021) Kat:3, Licht: 0","169956","3","3","5","01","15","7","","0","1","1","0","0"
"POINT (8.752255573000070 50.144719058000078)","Unfall 169957 (2021) Kat:3, Licht: 2","169957","3","6","2","01","07","4","","2","0","1","0","0"
"POINT (8.763885009000035 50.135777605000044)","Unfall 169958 (2021) Kat:3, Licht: 1","169958","3","6","2","01","16","3","","1","0","1","0","0"
"POINT (8.665599039000028 50.138422607000052)","Unfall 169964 (2021) Kat:3, Licht: 0","169964","3","3","5","02","14","3","","0","0","1","0","0"
"POINT (8.660209007000049 50.195504525000047)","Unfall 169971 (2021) Kat:3, Licht: 0","169971","3","6","2","02","07","5","","0","0","1","0","0"
"POINT (8.724125786000059 50.127084928000045)","Unfall 169976 (2021) Kat:3, Licht: 0","169976","3","3","5","01","12","3","","0","0","1","0","0"
"POINT (8.657471290000046 50.095353000000046)","Unfall 169977 (2021) Kat:3, Licht: 2","169977","3","6","4","01","23","6","","2","0","1","0","0"
"POINT (8.554647982000063 50.115444049000075)","Unfall 169979 (2021) Kat:3, Licht: 0","169979","3","7","6","02","15","7","","0","0","0","1","0"
"POINT (8.607082044000038 50.107012944000076)","Unfall 169986 (2021) Kat:3, Licht: 0","169986","3","2","5","01","13","3","","0","0","1","0","0"
"POINT (8.627575005000040 50.174869714000067)","Unfall 169992 (2021) Kat:3, Licht: 0","169992","3","2","0","03","08","5","","0","0","1","0","0"
"POINT (8.642492463000053 50.174967189000029)","Unfall 170000 (2021) Kat:3, Licht: 1","170000","3","4","6","01","07","4","","1","0","1","1","0"
"POINT (8.664531664000037 50.117531723000070)","Unfall 170002 (2021) Kat:2, Licht: 2","170002","2","1","0","02","02","7","","2","0","0","0","0"
"POINT (8.685784240000032 50.112273930000072)","Unfall 170023 (2021) Kat:3, Licht: 1","170023","3","3","5","01","18","2","","1","1","1","0","0"
"POINT (8.663779687000044 50.109518514000058)","Unfall 170044 (2021) Kat:3, Licht: 2","170044","3","4","6","02","19","5","","2","0","0","1","0"
"POINT (8.680361433000030 50.112076781000042)","Unfall 170048 (2021) Kat:2, Licht: 2","170048","2","7","0","01","23","7","","2","0","0","0","0"
"POINT (8.589492336000035 50.053028893000032)","Unfall 170059 (2021) Kat:3, Licht: 0","170059","3","6","3","01","13","4","","0","0","1","0","0"
"POINT (8.679200965000064 50.111736662000055)","Unfall 170062 (2021) Kat:3, Licht: 0","170062","3","3","5","03","14","4","","0","0","1","0","1"
"POINT (8.680321415000037 50.121243557000071)","Unfall 170064 (2021) Kat:3, Licht: 0","170064","3","7","0","02","13","7","","0","1","1","0","0"
"POINT (8.677642034000030 50.112413209000067)","Unfall 170087 (2021) Kat:3, Licht: 0","170087","3","7","6","01","16","7","","0","1","0","1","0"
"POINT (8.763883802000066 50.135777350000069)","Unfall 170101 (2021) Kat:3, Licht: 2","170101","3","2","5","02","19","6","","2","0","1","0","0"
"POINT (8.684850664000066 50.116251965000060)","Unfall 170102 (2021) Kat:2, Licht: 0","170102","2","4","6","02","11","2","","0","0","1","1","0"
"POINT (8.686211164000042 50.100277261000031)","Unfall 170116 (2021) Kat:3, Licht: 0","170116","3","3","5","03","08","6","","0","1","1","0","0"
"POINT (8.659349413000029 50.120683835000079)","Unfall 170121 (2021) Kat:3, Licht: 0","170121","3","5","1","02","16","1","","0","1","1","0","0"
"POINT (8.652417775000060 50.094146385000045)","Unfall 170133 (2021) Kat:3, Licht: 0","170133","3","2","2","01","07","5","","0","0","1","0","1"
"POINT (8.694923372000062 50.118247807000046)","Unfall 170140 (2021) Kat:2, Licht: 0","170140","2","4","6","01","07","7","","0","1","0","1","0"
"POINT (8.646014045000072 50.162126698000066)","Unfall 170145 (2021) Kat:3, Licht: 0","170145","3","2","5","01","11","3","","0","0","1","0","1"
"POINT (8.617975749000038 50.104569236000032)","Unfall 170146 (2021) Kat:2, Licht: 2","170146","2","6","2","02","19","3","","2","0","1","0","0"
"POINT (8.679727667000066 50.119450384000061)","Unfall 170147 (2021) Kat:3, Licht: 0","170147","3","7","1","01","09","2","","0","1","0","0","0"
"POINT (8.584492332000025 50.107378349000044)","Unfall 170154 (2021) Kat:2, Licht: 2","170154","2","3","5","03","19","3","","2","0","1","0","0"
"POINT (8.563225458000034 50.122704710000050)","Unfall 170156 (2021) Kat:3, Licht: 0","170156","3","3","5","01","08","5","","0","0","1","0","0"
"POINT (8.668272472000069 50.137932373000069)","Unfall 170168 (2021) Kat:3, Licht: 0","170168","3","1","8","01","13","1","","0","0","1","0","0"
"POINT (8.575130132000027 50.104610430000037)","Unfall 170189 (2021) Kat:3, Licht: 0","170189","3","1","0","01","14","7","","0","1","0","0","0"
"POINT (8.667923230000042 50.119836895000049)","Unfall 170194 (2021) Kat:3, Licht: 0","170194","3","3","5","01","10","6","","0","0","1","0","0"
"POINT (8.758110115000022 50.131750515000078)","Unfall 170195 (2021) Kat:3, Licht: 2","170195","3","3","5","03","20","6","","2","0","1","0","0"
"POINT (8.696811033000074 50.122338933000037)","Unfall 170213 (2021) Kat:2, Licht: 0","170213","2","2","5","02","09","4","","0","1","1","0","0"
"POINT (8.666982476000044 50.112221851000072)","Unfall 170236 (2021) Kat:3, Licht: 2","170236","3","6","2","01","06","6","","2","0","1","0","0"
"POINT (8.746408120000069 50.130516386000068)","Unfall 170241 (2021) Kat:3, Licht: 2","170241","3","3","5","02","21","7","","2","0","1","0","0"
"POINT (8.543667371000026 50.099456594000060)","Unfall 170258 (2021) Kat:2, Licht: 0","170258","2","3","5","01","16","7","","0","0","1","0","0"
"POINT (8.616177819000029 50.150220060000038)","Unfall 170267 (2021) Kat:3, Licht: 0","170267","3","1","0","02","11","5","","0","0","1","0","0"
"POINT (8.670048157000053 50.138538306000044)","Unfall 170269 (2021) Kat:3, Licht: 0","170269","3","6","2","03","10","3","","0","0","1","0","0"
"POINT (8.665537197000049 50.136763744000064)","Unfall 170284 (2021) Kat:2, Licht: 0","170284","2","2","5","01","11","3","","0","0","1","0","0"
"POINT (8.632954105000067 50.084618904000081)","Unfall 170290 (2021) Kat:3, Licht: 0","170290","3","6","0","02","07","2","","0","1","1","0","0"
"POINT (8.613859335000029 50.125164393000034)","Unfall 170296 (2021) Kat:3, Licht: 2","170296","3","6","6","01","18","3","","2","0","1","1","0"
"POINT (8.552946779000024 50.091400403000080)","Unfall 170307 (2021) Kat:3, Licht: 2","170307","3","3","5","02","21","1","","2","0","1","0","0"
"POINT (8.575569610000059 50.104733829000054)","Unfall 170311 (2021) Kat:3, Licht: 2","170311","3","6","2","03","05","2","","2","0","1","0","0"
"POINT (8.691974294000033 50.126382266000064)","Unfall 170313 (2021) Kat:3, Licht: 0","170313","3","4","6","01","13","7","","0","1","0","1","0"
"POINT (8.648862949000033 50.136645769000040)","Unfall 170318 (2021) Kat:3, Licht: 0","170318","3","3","5","02","13","7","","0","1","1","0","0"
"POINT (8.692910515000051 50.112868240000068)","Unfall 170320 (2021) Kat:3, Licht: 0","170320","3","6","0","03","15","6","","0","0","1","0","1"
"POINT (8.637418119000074 50.108325202000060)","Unfall 170332 (2021) Kat:3, Licht: 0","170332","3","6","2","01","14","5","","0","0","1","0","0"
"POINT (8.706395640000039 50.133768670000052)","Unfall 170340 (2021) Kat:3, Licht: 2","170340","3","3","5","01","06","6","","2","0","1","0","0"
"POINT (8.682079438000073 50.141689489000044)","Unfall 170344 (2021) Kat:3, Licht: 1","170344","3","6","2","02","18","3","","1","0","1","0","0"
"POINT (8.687766742000065 50.114558818000035)","Unfall 170356 (2021) Kat:3, Licht: 0","170356","3","4","6","03","08","3","","0","1","0","1","0"
"POINT (8.614565040000059 50.113367524000068)","Unfall 170364 (2021) Kat:3, Licht: 2","170364","3","3","5","01","06","3","","2","1","1","0","0"
"POINT (8.699042101000032 50.116522975000066)","Unfall 170388 (2021) Kat:3, Licht: 0","170388","3","6","2","01","16","7","","0","0","1","0","0"
"POINT (8.658764695000059 50.114494933000060)","Unfall 170392 (2021) Kat:3, Licht: 0","170392","3","2","6","02","09","4","","0","0","1","1","0"
"POINT (8.634817118000058 50.084798568000053)","Unfall 170407 (2021) Kat:3, Licht: 0","170407","3","2","5","02","13","4","","0","1","1","0","0"
"POINT (8.668134727000051 50.119185601000027)","Unfall 170416 (2021) Kat:3, Licht: 0","170416","3","3","5","02","16","3","","0","0","0","0","0"
"POINT (8.699692635000076 50.123679171000049)","Unfall 170422 (2021) Kat:3, Licht: 0","170422","3","3","5","02","13","7","","0","0","1","0","1"
"POINT (8.712028119000024 50.112984340000025)","Unfall 170429 (2021) Kat:3, Licht: 2","170429","3","4","6","01","18","2","","2","0","1","1","0"
"POINT (8.621615378000058 50.120135861000051)","Unfall 170430 (2021) Kat:3, Licht: 0","170430","3","3","5","01","14","6","","0","1","1","0","0"
"POINT (8.688024846000076 50.114770513000053)","Unfall 170438 (2021) Kat:3, Licht: 0","170438","3","2","3","03","15","2","","0","1","1","0","0"
"POINT (8.654877843000065 50.116525052000043)","Unfall 170443 (2021) Kat:2, Licht: 0","170443","2","4","6","02","11","6","","0","0","1","1","0"
"POINT (8.709361391000073 50.129053362000036)","Unfall 170456 (2021) Kat:3, Licht: 1","170456","3","7","1","01","16","3","","1","0","1","0","0"
"POINT (8.635258725000028 50.153462279000053)","Unfall 170462 (2021) Kat:3, Licht: 0","170462","3","2","6","03","10","7","","0","0","1","1","0"
"POINT (8.553701175000072 50.083881045000055)","Unfall 170470 (2021) Kat:3, Licht: 0","170470","3","6","4","01","13","6","","0","0","1","0","0"
"POINT (8.633053641000060 50.084681698000054)","Unfall 170477 (2021) Kat:3, Licht: 1","170477","3","7","0","01","17","6","","1","1","0","0","0"
"POINT (8.675283813000021 50.119065616000057)","Unfall 170487 (2021) Kat:3, Licht: 1","170487","3","2","5","01","07","5","","1","1","1","0","0"
"POINT (8.657149331000028 50.110785634000081)","Unfall 170497 (2021) Kat:3, Licht: 0","170497","3","6","3","03","09","2","","0","1","1","0","0"
"POINT (8.769764372000054 50.116016991000038)","Unfall 170507 (2021) Kat:3, Licht: 2","170507","3","1","8","01","03","6","","2","0","1","0","0"
"POINT (8.684207239000045 50.131577638000067)","Unfall 170513 (2021) Kat:3, Licht: 2","170513","3","2","5","02","21","2","","2","0","1","0","0"
"POINT (8.704112444000032 50.127795579000065)","Unfall 170516 (2021) Kat:3, Licht: 1","170516","3","3","5","02","17","4","","1","1","1","0","0"
"POINT (8.643118777000041 50.071092367000062)","Unfall 170518 (2021) Kat:2, Licht: 1","170518","2","6","4","01","16","4","","1","1","1","0","0"
"POINT (8.689298737000058 50.122205282000039)","Unfall 170522 (2021) Kat:2, Licht: 0","170522","2","7","0","02","09","3","","0","1","0","0","0"
"POINT (8.688103061000049 50.110256982000067)","Unfall 170528 (2021) Kat:3, Licht: 0","170528","3","2","0","02","12","5","","0","1","1","0","0"
"POINT (8.694769765000046 50.113950964000026)","Unfall 170542 (2021) Kat:3, Licht: 0","170542","3","1","8","01","14","3","","0","0","0","0","0"
"POINT (8.665344222000044 50.136727376000067)","Unfall 170564 (2021) Kat:2, Licht: 0","170564","2","2","3","03","14","4","","0","1","1","0","0"
"POINT (8.684674180000059 50.128140090000045)","Unfall 170571 (2021) Kat:3, Licht: 2","170571","3","2","5","01","17","1","","2","0","1","0","0"
"POINT (8.691551407000077 50.085884402000033)","Unfall 170573 (2021) Kat:3, Licht: 2","170573","3","6","9","01","02","6","","2","0","1","0","0"
"POINT (8.574854939000033 50.104507334000061)","Unfall 170574 (2021) Kat:3, Licht: 0","170574","3","6","2","02","15","3","","0","0","1","0","0"
"POINT (8.528444058000048 50.111757349000072)","Unfall 170576 (2021) Kat:3, Licht: 0","170576","3","7","2","03","11","3","","0","0","1","0","0"
"POINT (8.769851332000030 50.116171942000051)","Unfall 170578 (2021) Kat:3, Licht: 0","170578","3","6","3","02","16","6","","0","1","1","0","0"
"POINT (8.687741677000076 50.117054340000038)","Unfall 170584 (2021) Kat:3, Licht: 2","170584","3","7","0","02","23","1","","2","1","0","0","0"
"POINT (8.704320522000046 50.128454958000077)","Unfall 170592 (2021) Kat:3, Licht: 0","170592","3","3","5","02","12","4","","0","0","1","0","0"
"POINT (8.645989407000059 50.162040761000071)","Unfall 170603 (2021) Kat:3, Licht: 2","170603","3","2","6","01","17","7","","2","0","1","1","0"
"POINT (8.674989838000045 50.136733914000047)","Unfall 170607 (2021) Kat:3, Licht: 0","170607","3","3","5","01","14","3","","0","1","1","0","0"
"POINT (8.754878818000066 50.144931223000071)","Unfall 170621 (2021) Kat:3, Licht: 0","170621","3","2","6","01","10","2","","0","0","1","1","0"
"POINT (8.701363735000029 50.104646365000065)","Unfall 170623 (2021) Kat:3, Licht: 2","170623","3","7","1","02","20","5","","2","1","1","0","0"
"POINT (8.663656854000067 50.118048666000050)","Unfall 170640 (2021) Kat:3, Licht: 2","170640","3","1","8","02","02","1","","2","0","1","0","0"
"POINT (8.630976044000022 50.103654933000030)","Unfall 170644 (2021) Kat:3, Licht: 1","170644","3","3","5","03","06","4","","1","1","1","0","0"
"POINT (8.684053527000060 50.119009559000062)","Unfall 170650 (2021) Kat:3, Licht: 0","170650","3","2","2","02","08","2","","0","1","1","0","0"
"POINT (8.634421845000077 50.078868346000036)","Unfall 170656 (2021) Kat:3, Licht: 2","170656","3","3","5","01","17","5","","2","1","1","0","0"
"POINT (8.669113129000038 50.150577760000033)","Unfall 170661 (2021) Kat:3, Licht: 0","170661","3","3","5","01","11","4","","0","1","1","0","0"
"POINT (8.769443504000037 50.124182986000051)","Unfall 170669 (2021) Kat:3, Licht: 0","170669","3","4","6","01","10","2","","0","0","1","1","0"
"POINT (8.544638939000038 50.097958958000049)","Unfall 170698 (2021) Kat:3, Licht: 0","170698","3","3","5","02","08","6","","0","1","1","0","0"
"POINT (8.682057991000022 50.109056799000030)","Unfall 170699 (2021) Kat:2, Licht: 0","170699","2","1","0","01","15","6","","0","1","0","0","0"
"POINT (8.772985183000060 50.116459873000053)","Unfall 170708 (2021) Kat:3, Licht: 0","170708","3","6","1","03","11","7","","0","0","1","0","1"
"POINT (8.691761873000075 50.124591378000048)","Unfall 170718 (2021) Kat:3, Licht: 0","170718","3","7","6","01","09","3","","0","1","0","1","0"
"POINT (8.654115038000043 50.158708986000079)","Unfall 170724 (2021) Kat:3, Licht: 1","170724","3","3","5","02","07","2","","1","1","1","0","0"
"POINT (8.588663937000035 50.125774366000030)","Unfall 170732 (2021) Kat:3, Licht: 2","170732","3","1","9","02","22","7","","2","0","1","0","0"
"POINT (8.663650610000047 50.110262652000074)","Unfall 170748 (2021) Kat:3, Licht: 0","170748","3","6","3","03","15","4","","0","0","1","0","0"
"POINT (8.675787650000075 50.116145295000081)","Unfall 170762 (2021) Kat:3, Licht: 0","170762","3","6","2","02","12","4","","0","0","1","0","0"
"POINT (8.656770526000059 50.147080531000029)","Unfall 170771 (2021) Kat:3, Licht: 0","170771","3","7","1","03","11","3","","0","1","1","0","0"
"POINT (8.661731277000058 50.122045617000026)","Unfall 170792 (2021) Kat:3, Licht: 1","170792","3","7","1","02","17","2","","1","1","1","0","0"
"POINT (8.651828114000068 50.144613198000059)","Unfall 170797 (2021) Kat:3, Licht: 1","170797","3","3","6","01","07","3","","1","0","1","1","0"
"POINT (8.625668236000024 50.181955018000053)","Unfall 170802 (2021) Kat:3, Licht: 2","170802","3","2","5","02","19","2","","2","0","1","0","1"
"POINT (8.655896742000039 50.107346433000032)","Unfall 170804 (2021) Kat:3, Licht: 0","170804","3","6","2","02","15","2","","0","0","1","0","0"
"POINT (8.646020424000028 50.118745397000055)","Unfall 170818 (2021) Kat:3, Licht: 0","170818","3","7","1","03","12","2","","0","1","1","0","0"
"POINT (8.641516126000056 50.159729774000027)","Unfall 170823 (2021) Kat:3, Licht: 0","170823","3","6","0","02","17","4","","0","0","1","0","1"
"POINT (8.676424990000044 50.132267059000071)","Unfall 170831 (2021) Kat:3, Licht: 0","170831","3","2","5","02","11","3","","0","1","1","0","0"
"POINT (8.683028485000023 50.167551443000036)","Unfall 170833 (2021) Kat:3, Licht: 2","170833","3","7","6","02","18","1","","2","0","1","1","0"
"POINT (8.698249303000068 50.122990109000057)","Unfall 170836 (2021) Kat:3, Licht: 2","170836","3","3","5","01","20","7","","2","0","1","0","0"
"POINT (8.671173335000049 50.116727997000055)","Unfall 170843 (2021) Kat:3, Licht: 1","170843","3","2","3","02","07","4","","1","1","0","0","0"
"POINT (8.664888739000048 50.189316818000066)","Unfall 170848 (2021) Kat:3, Licht: 0","170848","3","5","0","02","14","5","","0","0","1","0","0"
"POINT (8.691988083000069 50.126651884000069)","Unfall 170864 (2021) Kat:3, Licht: 2","170864","3","6","2","03","21","7","","2","0","1","0","0"
"POINT (8.768715588000020 50.121205636000070)","Unfall 170875 (2021) Kat:3, Licht: 0","170875","3","3","5","01","12","4","","0","0","1","0","0"
"POINT (8.694729894000034 50.063006085000040)","Unfall 170883 (2021) Kat:3, Licht: 0","170883","3","7","5","02","16","4","","0","1","0","0","0"
"POINT (8.672940872000027 50.128116394000074)","Unfall 170885 (2021) Kat:3, Licht: 2","170885","3","3","5","02","18","4","","2","0","1","0","0"
"POINT (8.677922345000070 50.112576990000036)","Unfall 170888 (2021) Kat:3, Licht: 2","170888","3","6","3","01","17","4","","2","1","0","0","0"
"POINT (8.645285265000041 50.165116321000028)","Unfall 170905 (2021) Kat:3, Licht: 0","170905","3","3","5","02","15","6","","0","1","1","0","0"
"POINT (8.611113759000034 50.136242115000073)","Unfall 170923 (2021) Kat:3, Licht: 0","170923","3","4","6","03","10","4","","0","0","1","1","0"
"POINT (8.675118542000064 50.107892685000081)","Unfall 170926 (2021) Kat:3, Licht: 0","170926","3","7","1","01","08","4","","0","1","1","0","0"
"POINT (8.669340905000070 50.138296969000066)","Unfall 170934 (2021) Kat:3, Licht: 0","170934","3","7","0","02","11","3","","0","0","1","0","0"
"POINT (8.691052262000028 50.122024475000046)","Unfall 170936 (2021) Kat:3, Licht: 0","170936","3","6","2","03","13","4","","0","0","1","0","0"
"POINT (8.646296021000069 50.116481673000067)","Unfall 170944 (2021) Kat:2, Licht: 0","170944","2","7","5","05","15","3","","0","0","1","0","0"
"POINT (8.622414462000052 50.108122360000038)","Unfall 170951 (2021) Kat:3, Licht: 0","170951","3","6","1","05","11","2","","0","0","1","0","0"
"POINT (8.556711524000036 50.113522726000042)","Unfall 170957 (2021) Kat:3, Licht: 2","170957","3","7","0","03","21","3","","2","1","0","0","0"
"POINT (8.693332918000067 50.156945903000064)","Unfall 170967 (2021) Kat:3, Licht: 0","170967","3","4","6","05","18","6","","0","1","0","1","0"
"POINT (8.582166970000060 50.106683263000036)","Unfall 170976 (2021) Kat:3, Licht: 1","170976","3","3","5","05","19","4","","1","1","0","0","0"
"POINT (8.670447409000076 50.121455201000060)","Unfall 170978 (2021) Kat:3, Licht: 0","170978","3","2","3","05","07","2","","0","1","0","0","0"
"POINT (8.643098688000066 50.116804295000065)","Unfall 170980 (2021) Kat:3, Licht: 0","170980","3","6","2","03","07","5","","0","1","1","0","0"
"POINT (8.515440122000030 50.085326312000063)","Unfall 170981 (2021) Kat:3, Licht: 0","170981","3","7","0","05","18","2","","0","0","1","0","1"
"POINT (8.691430623000031 50.150135405000071)","Unfall 170983 (2021) Kat:3, Licht: 0","170983","3","2","3","05","14","7","","0","1","0","0","0"
"POINT (8.651322716000038 50.109930907000034)","Unfall 170988 (2021) Kat:3, Licht: 0","170988","3","6","3","03","18","2","","0","1","0","0","0"
"POINT (8.681228540000063 50.114110475000075)","Unfall 170989 (2021) Kat:3, Licht: 1","170989","3","7","6","05","20","7","","1","0","0","1","0"
"POINT (8.673859959000026 50.123900439000067)","Unfall 170998 (2021) Kat:3, Licht: 0","170998","3","4","6","05","12","5","","0","1","0","1","0"
"POINT (8.722309441000050 50.143637260000048)","Unfall 170999 (2021) Kat:3, Licht: 0","170999","3","6","6","03","11","5","","0","0","1","1","0"
"POINT (8.633144314000049 50.185958071000073)","Unfall 171001 (2021) Kat:3, Licht: 0","171001","3","7","1","03","10","7","","0","1","1","0","0"
"POINT (8.643960349000054 50.123119408000036)","Unfall 171006 (2021) Kat:3, Licht: 0","171006","3","7","6","04","10","3","","0","0","1","1","0"
"POINT (8.699422274000028 50.105743358000041)","Unfall 171007 (2021) Kat:3, Licht: 0","171007","3","7","1","04","18","4","","0","1","1","0","0"
"POINT (8.630376265000052 50.084572657000081)","Unfall 171023 (2021) Kat:3, Licht: 1","171023","3","6","2","03","17","3","","1","0","1","0","0"
"POINT (8.626131272000066 50.082023223000078)","Unfall 171034 (2021) Kat:3, Licht: 0","171034","3","2","2","03","09","3","","0","1","1","0","0"
"POINT (8.633720599000071 50.180499928000074)","Unfall 171039 (2021) Kat:3, Licht: 0","171039","3","3","5","04","15","1","","0","1","1","0","0"
"POINT (8.607134222000070 50.121912548000068)","Unfall 171043 (2021) Kat:3, Licht: 0","171043","3","5","1","03","14","7","","0","1","1","0","0"
"POINT (8.686357806000046 50.123016206000045)","Unfall 171044 (2021) Kat:3, Licht: 0","171044","3","2","4","05","12","3","","0","1","1","0","0"
"POINT (8.561404250000066 50.094446804000029)","Unfall 171051 (2021) Kat:3, Licht: 2","171051","3","7","6","04","05","1","","2","0","1","1","0"
"POINT (8.642217788000039 50.175386447000051)","Unfall 171054 (2021) Kat:3, Licht: 0","171054","3","6","2","03","13","4","","0","0","1","0","0"
"POINT (8.751065586000038 50.144728280000038)","Unfall 171055 (2021) Kat:3, Licht: 0","171055","3","3","5","03","17","7","","0","1","1","0","0"
"POINT (8.681811696000068 50.125215228000059)","Unfall 171058 (2021) Kat:3, Licht: 0","171058","3","3","0","04","11","4","","0","0","1","0","0"
"POINT (8.680510442000070 50.116490223000028)","Unfall 171059 (2021) Kat:3, Licht: 2","171059","3","7","0","05","02","2","","2","0","0","0","0"
"POINT (8.673439155000040 50.120933089000061)","Unfall 171074 (2021) Kat:3, Licht: 0","171074","3","7","2","05","15","7","","0","0","1","0","0"
"POINT (8.635993833000043 50.103488104000064)","Unfall 171076 (2021) Kat:2, Licht: 0","171076","2","6","4","05","18","7","","0","0","1","0","1"
"POINT (8.684177926000075 50.102686209000069)","Unfall 171084 (2021) Kat:3, Licht: 0","171084","3","3","5","05","18","6","","0","0","1","0","0"
"POINT (8.684186716000056 50.142043832000070)","Unfall 171085 (2021) Kat:3, Licht: 0","171085","3","7","6","05","14","4","","0","1","0","1","0"
"POINT (8.637484721000021 50.157916946000057)","Unfall 171087 (2021) Kat:3, Licht: 1","171087","3","1","0","04","20","1","","1","0","0","0","0"
"POINT (8.645845628000075 50.114005249000058)","Unfall 171102 (2021) Kat:3, Licht: 0","171102","3","3","5","04","12","7","","0","1","1","0","0"
"POINT (8.691483039000047 50.125912271000061)","Unfall 171103 (2021) Kat:3, Licht: 0","171103","3","7","0","03","16","3","","0","1","0","0","0"
"POINT (8.540367907000075 50.110797593000029)","Unfall 171115 (2021) Kat:3, Licht: 0","171115","3","3","5","04","07","4","","0","1","0","0","0"
"POINT (8.660807479000027 50.109591404000071)","Unfall 171118 (2021) Kat:3, Licht: 0","171118","3","6","2","03","13","4","","0","0","1","0","0"