WKT,Name,OBJECTID,UKATEGORIE,UTYP1,UART,UMONAT,USTUNDE,UWOCHENTAG,STRZUSTAND,ULICHTVERH,ISTRAD,ISTPKW,ISTFUSS,ISTKRAD
"POINT (8.629175648000057 50.084554596000032)","Unfall 171122 (2021) Kat:3, Licht: 0","171122","3","3","5","05","10","1","","0","0","1","0","0"
"POINT (8.691738338000050 50.123192376000077)","Unfall 171123 (2021) Kat:3, Licht: 0","171123","3","3","5","05","18","6","","0","1","0","0","0"
"POINT (8.688416322000023 50.117630508000047)","Unfall 171129 (2021) Kat:3, Licht: 0","171129","3","3","5","05","20","7","","0","0","1","0","0"
"POINT (8.664422469000044 50.115614961000063)","Unfall 171130 (2021) Kat:3, Licht: 0","171130","3","7","1","04","08","4","","0","1","1","0","0"
"POINT (8.685939402000031 50.112259769000048)","Unfall 171133 (2021) Kat:3, Licht: 0","171133","3","3","5","05","09","5","","0","0","0","0","1"
"POINT (8.729674791000036 50.101669757000082)","Unfall 171143 (2021) Kat:2, Licht: 0","171143","2","1","0","04","16","5","","0","1","0","0","0"
"POINT (8.667152125000030 50.116576570000063)","Unfall 171150 (2021) Kat:3, Licht: 0","171150","3","2","3","03","10","4","","0","1","1","0","0"
"POINT (8.668128764000073 50.108347309000067)","Unfall 171151 (2021) Kat:3, Licht: 2","171151","3","3","5","03","20","6","","2","1","1","0","0"
"POINT (8.719589903000042 50.140367519000051)","Unfall 171166 (2021) Kat:3, Licht: 0","171166","3","6","4","05","15","5","","0","0","1","0","0"
"POINT (8.594149996000056 50.101724917000070)","Unfall 171171 (2021) Kat:3, Licht: 0","171171","3","7","1","04","15","1","","0","0","1","0","0"
"POINT (8.693730538000068 50.124928423000028)","Unfall 171180 (2021) Kat:3, Licht: 0","171180","3","3","5","03","12","4","","0","0","1","0","0"
"POINT (8.666485338000030 50.115169516000037)","Unfall 171184 (2021) Kat:3, Licht: 0","171184","3","3","5","04","09","2","","0","0","1","0","0"
"POINT (8.595290106000050 50.104152629000055)","Unfall 171225 (2021) Kat:3, Licht: 0","171225","3","7","1","03","12","2","","0","1","1","1","0"
"POINT (8.679325274000064 50.103682978000052)","Unfall 171234 (2021) Kat:3, Licht: 0","171234","3","6","2","05","10","7","","0","0","1","0","1"
"POINT (8.586285672000031 50.099902448000080)","Unfall 171237 (2021) Kat:3, Licht: 0","171237","3","2","5","05","17","4","","0","1","1","0","0"
"POINT (8.690384032000054 50.129801889000078)","Unfall 171240 (2021) Kat:3, Licht: 0","171240","3","2","5","04","14","3","","0","1","1","0","0"
"POINT (8.633137593000072 50.083876951000036)","Unfall 171245 (2021) Kat:3, Licht: 0","171245","3","5","1","04","17","6","","0","1","1","0","0"
"POINT (8.644656014000077 50.160690158000079)","Unfall 171247 (2021) Kat:3, Licht: 0","171247","3","3","5","03","11","2","","0","1","1","0","0"
"POINT (8.609556903000055 50.085358108000037)","Unfall 171253 (2021) Kat:3, Licht: 0","171253","3","3","5","05","10","4","","0","0","1","0","0"
"POINT (8.698756550000041 50.117137271000047)","Unfall 171256 (2021) Kat:3, Licht: 0","171256","3","6","0","04","14","4","","0","1","1","0","0"
"POINT (8.625042797000049 50.181806794000067)","Unfall 171262 (2021) Kat:3, Licht: 0","171262","3","3","5","04","12","5","","0","1","1","0","0"
"POINT (8.680006017000039 50.120717756000033)","Unfall 171266 (2021) Kat:3, Licht: 0","171266","3","2","3","03","12","4","","0","1","1","0","0"
"POINT (8.745807970000044 50.152710773000081)","Unfall 171271 (2021) Kat:3, Licht: 0","171271","3","1","8","03","14","1","","0","1","1","0","0"
"POINT (8.681848593000041 50.153664588000026)","Unfall 171275 (2021) Kat:3, Licht: 0","171275","3","6","0","03","15","6","","0","0","1","0","0"
"POINT (8.687527412000065 50.117173827000045)","Unfall 171284 (2021) Kat:3, Licht: 2","171284","3","1","0","05","01","6","","2","0","0","0","0"
"POINT (8.653116826000030 50.091580423000039)","Unfall 171285 (2021) Kat:3, Licht: 2","171285","3","2","3","03","18","4","","2","0","1","0","0"
"POINT (8.642501428000060 50.173104485000067)","Unfall 171292 (2021) Kat:3, Licht: 0","171292","3","7","0","04","09","2","","0","1","0","0","0"
"POINT (8.656154871000069 50.143102048000060)","Unfall 171294 (2021) Kat:3, Licht: 0","171294","3","2","5","05","12","5","","0","1","1","0","0"
"POINT (8.678686874000050 50.113003859000059)","Unfall 171300 (2021) Kat:3, Licht: 0","171300","3","7","6","03","09","3","","0","0","0","1","0"
"POINT (8.715591163000056 50.109365586000081)","Unfall 171304 (2021) Kat:3, Licht: 0","171304","3","2","5","04","16","7","","0","0","0","0","1"
"POINT (8.575846531000025 50.089121405000071)","Unfall 171306 (2021) Kat:3, Licht: 0","171306","3","7","6","03","12","1","","0","0","0","1","1"
"POINT (8.649964736000072 50.120294778000073)","Unfall 171309 (2021) Kat:3, Licht: 0","171309","3","6","2","05","18","3","","0","0","1","0","0"
"POINT (8.627268701000048 50.097866211000053)","Unfall 171312 (2021) Kat:3, Licht: 0","171312","3","4","6","04","17","7","","0","0","1","1","0"
"POINT (8.676329633000023 50.128886537000028)","Unfall 171314 (2021) Kat:3, Licht: 0","171314","3","7","1","03","16","5","","0","1","1","0","0"
"POINT (8.534868121000045 50.108335278000027)","Unfall 171317 (2021) Kat:2, Licht: 0","171317","2","7","8","05","19","1","","0","1","0","0","0"
"POINT (8.633348490000060 50.102058331000080)","Unfall 171318 (2021) Kat:2, Licht: 0","171318","2","3","5","04","12","6","","0","0","1","0","1"
"POINT (8.646510783000053 50.128383856000028)","Unfall 171328 (2021) Kat:3, Licht: 2","171328","3","7","0","05","22","6","","2","0","0","0","0"
"POINT (8.634530264000034 50.103801431000079)","Unfall 171331 (2021) Kat:3, Licht: 0","171331","3","6","1","04","16","2","","0","1","1","0","0"
"POINT (8.638083669000025 50.087750223000057)","Unfall 171333 (2021) Kat:3, Licht: 0","171333","3","3","5","03","13","2","","0","0","1","0","0"
"POINT (8.675765530000035 50.107523989000072)","Unfall 171340 (2021) Kat:2, Licht: 0","171340","2","2","0","04","11","1","","0","1","1","0","0"
"POINT (8.689116075000072 50.127031624000040)","Unfall 171343 (2021) Kat:3, Licht: 0","171343","3","7","6","05","13","4","","0","0","0","1","0"
"POINT (8.680913883000073 50.122309046000055)","Unfall 171351 (2021) Kat:3, Licht: 0","171351","3","6","0","05","16","2","","0","1","1","0","0"
"POINT (8.654077771000061 50.119933827000068)","Unfall 171355 (2021) Kat:2, Licht: 0","171355","2","3","0","05","19","7","","0","1","1","0","0"
"POINT (8.551277373000062 50.105494384000053)","Unfall 171362 (2021) Kat:3, Licht: 0","171362","3","6","0","05","08","5","","0","0","0","0","1"
"POINT (8.675322936000043 50.107948981000050)","Unfall 171363 (2021) Kat:3, Licht: 0","171363","3","2","5","04","14","6","","0","1","1","0","0"
"POINT (8.758112817000040 50.131747029000053)","Unfall 171381 (2021) Kat:2, Licht: 0","171381","2","3","5","05","12","7","","0","0","1","0","1"
"POINT (8.647951203000048 50.100663633000067)","Unfall 171388 (2021) Kat:3, Licht: 1","171388","3","6","2","03","19","6","","1","0","1","0","0"
"POINT (8.635180303000027 50.108017718000042)","Unfall 171390 (2021) Kat:3, Licht: 2","171390","3","3","5","05","21","4","","2","1","1","0","0"
"POINT (8.661382014000026 50.118636600000059)","Unfall 171399 (2021) Kat:2, Licht: 2","171399","2","1","0","04","21","7","","2","0","0","0","0"
"POINT (8.657722996000075 50.119531660000064)","Unfall 171401 (2021) Kat:3, Licht: 0","171401","3","7","0","05","09","7","","0","0","0","0","0"
"POINT (8.682251850000057 50.123063902000069)","Unfall 171406 (2021) Kat:3, Licht: 0","171406","3","4","6","03","16","6","","0","0","1","1","0"
"POINT (8.687806330000058 50.114021167000033)","Unfall 171408 (2021) Kat:3, Licht: 0","171408","3","6","2","05","08","5","","0","1","1","0","0"
"POINT (8.706501013000036 50.133739392000052)","Unfall 171411 (2021) Kat:3, Licht: 0","171411","3","7","0","04","18","4","","0","0","0","0","1"
"POINT (8.595785951000039 50.084844045000068)","Unfall 171416 (2021) Kat:3, Licht: 1","171416","3","4","6","05","21","2","","1","0","1","1","0"
"POINT (8.691503543000067 50.114318808000064)","Unfall 171426 (2021) Kat:3, Licht: 0","171426","3","3","5","05","11","2","","0","0","1","0","0"
"POINT (8.749053167000056 50.121800960000030)","Unfall 171427 (2021) Kat:3, Licht: 1","171427","3","6","2","03","17","5","","1","0","1","0","0"
"POINT (8.645995878000065 50.114054752000072)","Unfall 171429 (2021) Kat:3, Licht: 0","171429","3","2","5","05","13","3","","0","1","1","0","0"
"POINT (8.569166031000066 50.099936063000030)","Unfall 171431 (2021) Kat:3, Licht: 0","171431","3","3","5","04","14","5","","0","0","1","0","0"
"POINT (8.569420210000033 50.085839832000033)","Unfall 171432 (2021) Kat:3, Licht: 0","171432","3","3","5","04","12","6","","0","1","1","0","0"
"POINT (8.647427798000024 50.101136384000029)","Unfall 171437 (2021) Kat:3, Licht: 0","171437","3","1","0","03","15","3","","0","0","0","0","0"
"POINT (8.688009362000059 50.112377102000039)","Unfall 171448 (2021) Kat:2, Licht: 0","171448","2","2","6","04","15","5","","0","0","1","1","0"
"POINT (8.687637586000051 50.109600873000034)","Unfall 171449 (2021) Kat:3, Licht: 0","171449","3","2","3","04","07","5","","0","1","1","0","0"
"POINT (8.667544121000049 50.148333235000052)","Unfall 171451 (2021) Kat:3, Licht: 0","171451","3","3","5","05","20","6","","0","0","1","0","0"
"POINT (8.645822667000061 50.117389238000044)","Unfall 171453 (2021) Kat:3, Licht: 0","171453","3","6","2","05","13","6","","0","0","1","0","1"
"POINT (8.671241881000071 50.092381304000071)","Unfall 171458 (2021) Kat:3, Licht: 0","171458","3","2","5","04","15","3","","0","0","1","0","1"
"POINT (8.638280878000046 50.086320145000059)","Unfall 171465 (2021) Kat:3, Licht: 0","171465","3","6","2","04","11","5","","0","0","1","0","0"
"POINT (8.698485950000077 50.131955585000071)","Unfall 171475 (2021) Kat:3, Licht: 0","171475","3","7","1","05","17","1","","0","1","1","0","0"
"POINT (8.607049491000055 50.093179373000055)","Unfall 171479 (2021) Kat:3, Licht: 0","171479","3","3","5","04","11","4","","0","1","1","0","0"
"POINT (8.638271632000055 50.159808320000081)","Unfall 171482 (2021) Kat:3, Licht: 0","171482","3","3","5","05","08","6","","0","1","0","0","0"
"POINT (8.700625683000055 50.128900680000072)","Unfall 171485 (2021) Kat:2, Licht: 0","171485","2","3","0","04","13","3","","0","0","0","0","1"
"POINT (8.671061363000035 50.110551095000062)","Unfall 171486 (2021) Kat:3, Licht: 1","171486","3","6","3","04","21","3","","1","0","1","0","1"
"POINT (8.664433008000060 50.109619041000030)","Unfall 171488 (2021) Kat:3, Licht: 0","171488","3","7","0","05","11","6","","0","1","0","1","0"
"POINT (8.667388404000064 50.122436539000034)","Unfall 171503 (2021) Kat:3, Licht: 0","171503","3","6","1","05","16","3","","0","0","0","0","1"
"POINT (8.573679325000057 50.104162654000049)","Unfall 171504 (2021) Kat:3, Licht: 0","171504","3","3","3","04","17","7","","0","1","1","0","0"
"POINT (8.610764997000047 50.090776507000044)","Unfall 171508 (2021) Kat:3, Licht: 0","171508","3","6","4","05","08","4","","0","1","1","0","0"
"POINT (8.686928394000063 50.201229022000064)","Unfall 171512 (2021) Kat:3, Licht: 0","171512","3","2","2","05","16","2","","0","0","1","0","0"
"POINT (8.637029105000067 50.104278115000056)","Unfall 171515 (2021) Kat:3, Licht: 0","171515","3","6","3","04","18","6","","0","1","1","0","0"
"POINT (8.511430201000053 50.080672569000058)","Unfall 171531 (2021) Kat:2, Licht: 0","171531","2","4","6","04","19","1","","0","0","1","1","0"
"POINT (8.692844399000023 50.118979997000054)","Unfall 171536 (2021) Kat:3, Licht: 0","171536","3","4","6","04","16","2","","0","0","1","1","0"
"POINT (8.543806209000024 50.110866927000075)","Unfall 171541 (2021) Kat:3, Licht: 0","171541","3","4","6","04","12","6","","0","1","0","1","0"
"POINT (8.658551155000055 50.162498961000040)","Unfall 171544 (2021) Kat:3, Licht: 0","171544","3","4","6","05","07","5","","0","0","1","1","0"
"POINT (8.707310538000058 50.132998139000051)","Unfall 171546 (2021) Kat:3, Licht: 0","171546","3","7","4","03","16","1","","0","0","1","0","0"
"POINT (8.643443773000058 50.085086138000065)","Unfall 171551 (2021) Kat:3, Licht: 0","171551","3","3","5","05","11","4","","0","0","1","0","0"
"POINT (8.683652764000044 50.142100193000033)","Unfall 171554 (2021) Kat:3, Licht: 0","171554","3","2","3","04","14","1","","0","0","1","0","0"
"POINT (8.603601680000054 50.086210778000066)","Unfall 171558 (2021) Kat:3, Licht: 0","171558","3","6","3","03","14","2","","0","1","1","0","0"
"POINT (8.670984766000061 50.121398439000075)","Unfall 171567 (2021) Kat:3, Licht: 0","171567","3","5","1","03","14","4","","0","1","1","0","0"
"POINT (8.720749641000054 50.129468921000068)","Unfall 171568 (2021) Kat:2, Licht: 0","171568","2","7","0","03","15","6","","0","1","1","0","0"
"POINT (8.632792910000035 50.117084863000059)","Unfall 171570 (2021) Kat:3, Licht: 0","171570","3","7","0","04","08","5","","0","0","1","1","0"
"POINT (8.550675907000027 50.105761277000056)","Unfall 171576 (2021) Kat:3, Licht: 0","171576","3","7","0","04","15","2","","0","0","0","0","0"
"POINT (8.689335142000061 50.127008294000063)","Unfall 171580 (2021) Kat:3, Licht: 0","171580","3","7","0","05","18","6","","0","1","0","0","0"
"POINT (8.651523534000034 50.108730703000049)","Unfall 171594 (2021) Kat:3, Licht: 0","171594","3","1","9","04","16","3","","0","0","1","0","0"
"POINT (8.680574859000046 50.120260290000033)","Unfall 171598 (2021) Kat:3, Licht: 0","171598","3","7","6","05","12","5","","0","0","1","1","0"
"POINT (8.670195719000048 50.199153526000032)","Unfall 171599 (2021) Kat:3, Licht: 0","171599","3","7","6","03","15","5","","0","1","0","1","0"
"POINT (8.548293790000059 50.114762677000044)","Unfall 171600 (2021) Kat:3, Licht: 2","171600","3","1","0","05","23","1","","2","0","1","0","0"
"POINT (8.652283810000029 50.089844797000069)","Unfall 171603 (2021) Kat:2, Licht: 0","171603","2","2","5","05","18","6","","0","1","1","0","0"
"POINT (8.584487878000061 50.107384725000031)","Unfall 171606 (2021) Kat:2, Licht: 0","171606","2","7","0","05","09","6","","0","0","0","0","0"
"POINT (8.668354806000025 50.201259455000070)","Unfall 171608 (2021) Kat:3, Licht: 0","171608","3","4","6","03","11","5","","0","0","1","1","0"
"POINT (8.614123868000036 50.114225035000061)","Unfall 171610 (2021) Kat:3, Licht: 0","171610","3","3","5","04","15","3","","0","0","1","0","0"
"POINT (8.674199340000030 50.103929946000051)","Unfall 171612 (2021) Kat:3, Licht: 0","171612","3","6","2","04","18","6","","0","0","1","0","0"
"POINT (8.540427734000048 50.110827277000055)","Unfall 171617 (2021) Kat:3, Licht: 0","171617","3","3","5","03","07","4","","0","1","1","0","0"
"POINT (8.676786569000058 50.115388706000033)","Unfall 171634 (2021) Kat:2, Licht: 0","171634","2","2","3","04","13","6","","0","1","1","0","0"
"POINT (8.674829052000064 50.125162538000041)","Unfall 171640 (2021) Kat:3, Licht: 0","171640","3","6","2","05","12","3","","0","0","1","0","1"
"POINT (8.671501533000026 50.087689301000069)","Unfall 171641 (2021) Kat:3, Licht: 0","171641","3","3","5","05","10","2","","0","0","1","0","0"
"POINT (8.673216235000041 50.122129187000041)","Unfall 171642 (2021) Kat:3, Licht: 0","171642","3","3","5","04","08","3","","0","1","1","0","0"
"POINT (8.625112956000066 50.105851894000068)","Unfall 171646 (2021) Kat:3, Licht: 0","171646","3","3","5","05","20","7","","0","1","1","0","0"
"POINT (8.614119175000042 50.114246307000030)","Unfall 171648 (2021) Kat:3, Licht: 2","171648","3","3","5","03","19","6","","2","0","1","0","0"
"POINT (8.555511520000039 50.118046816000060)","Unfall 171654 (2021) Kat:3, Licht: 0","171654","3","3","5","03","08","4","","0","0","1","0","0"
"POINT (8.671706534000066 50.087934132000044)","Unfall 171661 (2021) Kat:3, Licht: 0","171661","3","3","5","03","07","6","","0","1","1","0","0"
"POINT (8.576220878000072 50.083343841000044)","Unfall 171662 (2021) Kat:3, Licht: 0","171662","3","3","5","05","17","5","","0","1","1","0","0"
"POINT (8.644398303000060 50.086631646000058)","Unfall 171672 (2021) Kat:3, Licht: 0","171672","3","2","6","04","12","2","","0","1","0","1","0"
"POINT (8.604022145000044 50.093173713000056)","Unfall 171675 (2021) Kat:3, Licht: 0","171675","3","3","5","05","15","5","","0","1","1","0","0"
"POINT (8.574418214000048 50.082489564000070)","Unfall 171682 (2021) Kat:3, Licht: 0","171682","3","7","1","03","15","4","","0","0","1","0","0"
"POINT (8.680716340000060 50.122162335000041)","Unfall 171683 (2021) Kat:3, Licht: 0","171683","3","2","4","05","19","2","","0","0","1","0","0"
"POINT (8.651258612000049 50.144673558000079)","Unfall 171690 (2021) Kat:3, Licht: 0","171690","3","3","5","03","17","6","","0","1","1","0","0"
"POINT (8.660691816000053 50.157403218000070)","Unfall 171699 (2021) Kat:3, Licht: 2","171699","3","7","1","05","00","6","","2","0","1","0","0"
"POINT (8.636816000000067 50.086769482000079)","Unfall 171712 (2021) Kat:3, Licht: 0","171712","3","6","2","05","13","2","","0","0","1","1","1"
"POINT (8.671749777000059 50.127314522000063)","Unfall 171715 (2021) Kat:3, Licht: 0","171715","3","6","2","05","17","3","","0","0","1","0","0"
"POINT (8.687780024000062 50.106857941000044)","Unfall 171721 (2021) Kat:3, Licht: 0","171721","3","7","0","05","17","1","","0","1","0","0","0"
"POINT (8.670750206000037 50.138751390000039)","Unfall 171722 (2021) Kat:3, Licht: 0","171722","3","7","2","04","12","5","","0","0","1","0","0"
"POINT (8.704205989000059 50.128027256000053)","Unfall 171728 (2021) Kat:3, Licht: 0","171728","3","4","6","04","08","6","","0","0","0","1","0"
"POINT (8.665620867000030 50.108776966000050)","Unfall 171733 (2021) Kat:3, Licht: 2","171733","3","1","0","04","23","6","","2","0","0","0","0"
"POINT (8.703746520000038 50.124126685000078)","Unfall 171736 (2021) Kat:3, Licht: 0","171736","3","7","5","05","13","6","","0","0","1","1","0"
"POINT (8.649850204000074 50.082069592000039)","Unfall 171737 (2021) Kat:3, Licht: 0","171737","3","3","5","04","16","5","","0","1","1","0","0"
"POINT (8.503108498000074 50.099016224000081)","Unfall 171742 (2021) Kat:3, Licht: 0","171742","3","7","1","05","15","5","","0","1","1","0","0"
"POINT (8.569829645000027 50.053252916000076)","Unfall 171746 (2021) Kat:3, Licht: 0","171746","3","5","1","03","13","2","","0","0","1","0","1"
"POINT (8.676541771000075 50.116324536000036)","Unfall 171747 (2021) Kat:2, Licht: 0","171747","2","2","3","05","17","6","","0","1","1","0","0"
"POINT (8.561990011000034 50.122163679000039)","Unfall 171778 (2021) Kat:3, Licht: 0","171778","3","5","0","04","06","4","","0","1","1","0","0"
"POINT (8.721616693000044 50.105003476000036)","Unfall 171785 (2021) Kat:3, Licht: 0","171785","3","6","2","04","14","6","","0","0","1","0","0"
"POINT (8.615276981000022 50.164930705000074)","Unfall 171798 (2021) Kat:3, Licht: 0","171798","3","6","2","04","16","5","","0","0","1","0","0"
"POINT (8.679952753000066 50.102880188000029)","Unfall 171808 (2021) Kat:3, Licht: 0","171808","3","5","1","05","13","2","","0","1","1","0","0"
"POINT (8.543928430000051 50.102054294000027)","Unfall 171810 (2021) Kat:3, Licht: 0","171810","3","3","5","05","17","3","","0","0","1","0","0"
"POINT (8.683582298000033 50.146311556000057)","Unfall 171811 (2021) Kat:3, Licht: 2","171811","3","7","0","04","22","7","","2","0","0","0","0"
"POINT (8.645400945000063 50.086697501000060)","Unfall 171813 (2021) Kat:3, Licht: 0","171813","3","1","0","05","12","7","","0","0","0","0","1"
"POINT (8.670813848000023 50.095638824000048)","Unfall 171825 (2021) Kat:3, Licht: 0","171825","3","6","2","04","13","4","","0","0","1","0","1"
"POINT (8.690098584000054 50.114836537000031)","Unfall 171840 (2021) Kat:3, Licht: 0","171840","3","2","4","05","07","6","","0","1","1","0","0"
"POINT (8.618251569000051 50.131215452000049)","Unfall 171846 (2021) Kat:3, Licht: 0","171846","3","3","5","05","20","5","","0","0","1","0","1"
"POINT (8.608837445000063 50.125145081000028)","Unfall 171849 (2021) Kat:3, Licht: 0","171849","3","3","0","05","12","1","","0","0","1","0","0"
"POINT (8.633082995000052 50.108701621000080)","Unfall 171865 (2021) Kat:3, Licht: 0","171865","3","7","5","04","13","2","","0","1","1","0","0"
"POINT (8.736522522000030 50.127712943000063)","Unfall 171866 (2021) Kat:3, Licht: 0","171866","3","7","0","03","15","7","","0","0","1","1","0"
"POINT (8.643185100000039 50.158420885000055)","Unfall 171867 (2021) Kat:3, Licht: 0","171867","3","3","0","05","16","6","","0","0","1","0","0"
"POINT (8.643308882000042 50.119025411000052)","Unfall 171876 (2021) Kat:3, Licht: 0","171876","3","2","5","05","20","3","","0","1","0","0","0"
"POINT (8.669235621000041 50.101008761000060)","Unfall 171878 (2021) Kat:3, Licht: 2","171878","3","1","0","04","22","5","","2","1","0","0","0"
"POINT (8.696220104000076 50.156119645000047)","Unfall 171881 (2021) Kat:3, Licht: 0","171881","3","3","5","03","14","5","","0","1","1","0","0"
"POINT (8.743388581000033 50.122642590000055)","Unfall 171889 (2021) Kat:3, Licht: 2","171889","3","6","0","04","01","6","","2","0","1","0","0"
"POINT (8.646885498000074 50.126062945000058)","Unfall 171890 (2021) Kat:2, Licht: 0","171890","2","1","0","04","17","4","","0","1","0","0","0"
"POINT (8.708110466000051 50.126421859000061)","Unfall 171891 (2021) Kat:2, Licht: 2","171891","2","7","6","03","19","6","","2","1","0","1","0"
"POINT (8.542431626000052 50.099099141000067)","Unfall 171902 (2021) Kat:3, Licht: 0","171902","3","3","5","04","17","4","","0","0","1","0","0"
"POINT (8.687029070000051 50.126225903000034)","Unfall 171919 (2021) Kat:2, Licht: 0","171919","2","4","6","05","11","4","","0","0","1","1","0"
"POINT (8.757276593000029 50.145100815000035)","Unfall 171922 (2021) Kat:3, Licht: 0","171922","3","6","2","04","17","3","","0","0","1","0","0"
"POINT (8.698587639000039 50.124633258000074)","Unfall 171924 (2021) Kat:3, Licht: 0","171924","3","3","5","03","17","1","","0","1","1","0","0"
"POINT (8.639127850000023 50.081631093000055)","Unfall 171930 (2021) Kat:3, Licht: 0","171930","3","3","5","04","15","7","","0","0","1","0","0"
"POINT (8.661614611000061 50.113282993000041)","Unfall 171931 (2021) Kat:3, Licht: 0","171931","3","5","0","04","09","6","","0","1","1","0","0"
"POINT (8.658747568000024 50.157853208000063)","Unfall 171934 (2021) Kat:3, Licht: 0","171934","3","4","6","04","13","1","","0","1","0","1","0"
"POINT (8.659137448000024 50.099694504000070)","Unfall 171938 (2021) Kat:3, Licht: 0","171938","3","7","6","03","15","4","","0","0","1","1","0"
"POINT (8.700438077000058 50.106121118000033)","Unfall 171948 (2021) Kat:3, Licht: 0","171948","3","3","5","05","13","5","","0","1","0","0","0"
"POINT (8.673791911000023 50.115645842000049)","Unfall 171967 (2021) Kat:3, Licht: 1","171967","3","1","7","05","21","2","","1","0","1","0","0"
"POINT (8.754784035000057 50.144965336000041)","Unfall 171968 (2021) Kat:3, Licht: 0","171968","3","7","0","04","16","5","","0","1","0","0","0"
"POINT (8.565294650000055 50.121437204000074)","Unfall 171976 (2021) Kat:2, Licht: 0","171976","2","1","9","05","14","2","","0","0","1","0","0"
"POINT (8.678682422000065 50.122197674000063)","Unfall 171979 (2021) Kat:3, Licht: 0","171979","3","3","5","07","11","7","","0","0","1","0","0"
"POINT (8.692983711000068 50.113150242000074)","Unfall 171980 (2021) Kat:3, Licht: 0","171980","3","1","0","06","05","4","","0","0","0","0","0"
"POINT (8.659639965000054 50.107933351000042)","Unfall 171983 (2021) Kat:3, Licht: 0","171983","3","5","1","06","15","6","","0","0","1","0","0"
"POINT (8.607158140000024 50.093179077000059)","Unfall 171990 (2021) Kat:3, Licht: 0","171990","3","3","5","06","14","5","","0","0","1","0","0"
"POINT (8.636212785000055 50.189375167000037)","Unfall 171997 (2021) Kat:1, Licht: 0","171997","1","7","1","07","14","7","","0","0","1","0","0"
"POINT (8.692073304000075 50.118590555000026)","Unfall 171998 (2021) Kat:3, Licht: 0","171998","3","5","1","07","18","3","","0","1","1","0","0"
"POINT (8.746889640000063 50.145570436000071)","Unfall 172003 (2021) Kat:3, Licht: 0","172003","3","7","1","07","17","3","","0","0","1","0","0"
"POINT (8.585676360000036 50.126616214000080)","Unfall 172008 (2021) Kat:3, Licht: 0","172008","3","6","2","06","07","3","","0","0","1","0","0"
"POINT (8.643381054000031 50.125996060000034)","Unfall 172009 (2021) Kat:3, Licht: 0","172009","3","6","2","06","12","5","","0","1","0","0","0"
"POINT (8.635406400000022 50.104111176000060)","Unfall 172015 (2021) Kat:3, Licht: 0","172015","3","4","6","07","13","5","","0","0","1","1","0"
"POINT (8.688780876000067 50.105671389000065)","Unfall 172016 (2021) Kat:3, Licht: 0","172016","3","6","2","07","17","6","","0","0","1","0","1"
"POINT (8.638910898000063 50.104165480000063)","Unfall 172023 (2021) Kat:3, Licht: 0","172023","3","5","1","07","08","3","","0","1","1","0","0"
"POINT (8.624762033000025 50.176167124000074)","Unfall 172025 (2021) Kat:3, Licht: 1","172025","3","1","1","06","21","4","","1","0","1","0","0"
"POINT (8.679392984000060 50.103605906000041)","Unfall 172032 (2021) Kat:3, Licht: 0","172032","3","5","1","06","14","1","","0","1","1","0","0"
"POINT (8.667525599000044 50.108900798000036)","Unfall 172033 (2021) Kat:3, Licht: 0","172033","3","7","6","07","15","1","","0","0","1","1","0"
"POINT (8.667860679000057 50.119865242000060)","Unfall 172038 (2021) Kat:3, Licht: 0","172038","3","3","5","07","12","3","","0","1","1","0","0"
"POINT (8.652548037000031 50.081478012000048)","Unfall 172041 (2021) Kat:3, Licht: 0","172041","3","2","5","07","18","5","","0","0","1","0","0"
"POINT (8.677199242000029 50.114176855000039)","Unfall 172044 (2021) Kat:3, Licht: 0","172044","3","6","3","06","20","1","","0","1","0","0","0"
"POINT (8.688495560000035 50.117841642000030)","Unfall 172047 (2021) Kat:3, Licht: 0","172047","3","3","5","06","16","5","","0","0","1","0","0"
"POINT (8.541353213000036 50.109809984000037)","Unfall 172049 (2021) Kat:3, Licht: 0","172049","3","4","6","06","07","2","","0","0","1","1","0"
"POINT (8.632634034000034 50.098414582000032)","Unfall 172060 (2021) Kat:3, Licht: 0","172060","3","2","5","07","14","1","","0","0","1","0","1"
"POINT (8.678148683000074 50.119188281000049)","Unfall 172071 (2021) Kat:3, Licht: 0","172071","3","5","3","07","15","7","","0","1","1","0","0"
"POINT (8.662451001000022 50.155804884000077)","Unfall 172076 (2021) Kat:2, Licht: 0","172076","2","7","5","06","14","2","","0","0","1","0","0"
"POINT (8.548235101000046 50.102009469000052)","Unfall 172078 (2021) Kat:3, Licht: 0","172078","3","7","6","06","18","3","","0","0","1","1","0"
"POINT (8.669073060000073 50.106169190000060)","Unfall 172080 (2021) Kat:3, Licht: 0","172080","3","2","5","06","16","1","","0","0","1","0","1"
"POINT (8.540922311000031 50.077126095000040)","Unfall 172096 (2021) Kat:3, Licht: 0","172096","3","6","3","06","15","3","","0","1","0","1","0"
"POINT (8.769863900000075 50.119020264000028)","Unfall 172101 (2021) Kat:2, Licht: 0","172101","2","3","5","06","11","6","","0","1","1","0","0"