WKT,Name,OBJECTID,UKATEGORIE,UTYP1,UART,UMONAT,USTUNDE,UWOCHENTAG,STRZUSTAND,ULICHTVERH,ISTRAD,ISTPKW,ISTFUSS,ISTKRAD
"POINT (8.708502453000051 50.148302355000055)","Unfall 172103 (2021) Kat:2, Licht: 0","172103","2","1","8","07","07","5","","0","0","1","0","0"
"POINT (8.723851457000023 50.103188585000055)","Unfall 172105 (2021) Kat:3, Licht: 0","172105","3","3","5","06","10","6","","0","1","1","0","0"
"POINT (8.632853863000037 50.100863548000063)","Unfall 172111 (2021) Kat:3, Licht: 0","172111","3","7","6","06","15","6","","0","0","1","1","0"
"POINT (8.567358671000022 50.098211056000082)","Unfall 172116 (2021) Kat:3, Licht: 0","172116","3","3","5","07","16","3","","0","0","1","0","0"
"POINT (8.704921005000074 50.105711804000066)","Unfall 172118 (2021) Kat:3, Licht: 0","172118","3","7","6","07","12","5","","0","1","0","1","0"
"POINT (8.678040885000030 50.150766269000030)","Unfall 172131 (2021) Kat:3, Licht: 2","172131","3","1","1","06","00","3","","2","0","1","0","0"
"POINT (8.657390996000061 50.138885764000065)","Unfall 172144 (2021) Kat:3, Licht: 0","172144","3","1","9","07","12","7","","0","0","0","0","0"
"POINT (8.637353353000037 50.089000859000066)","Unfall 172153 (2021) Kat:3, Licht: 0","172153","3","6","3","07","08","2","","0","1","0","0","0"
"POINT (8.682706775000042 50.153905428000030)","Unfall 172159 (2021) Kat:3, Licht: 0","172159","3","5","0","06","18","5","","0","0","0","0","1"
"POINT (8.675759838000033 50.109279711000056)","Unfall 172162 (2021) Kat:3, Licht: 2","172162","3","7","5","07","23","7","","2","0","1","0","0"
"POINT (8.692108825000048 50.100739947000079)","Unfall 172164 (2021) Kat:3, Licht: 0","172164","3","4","6","06","13","5","","0","0","0","1","0"
"POINT (8.672395688000051 50.114410126000053)","Unfall 172182 (2021) Kat:3, Licht: 0","172182","3","1","0","06","14","6","","0","0","0","0","1"
"POINT (8.641856211000061 50.116810231000045)","Unfall 172192 (2021) Kat:3, Licht: 0","172192","3","4","6","06","16","2","","0","1","0","1","0"
"POINT (8.554220450000059 50.105821155000058)","Unfall 172197 (2021) Kat:3, Licht: 0","172197","3","7","1","06","09","3","","0","1","1","0","0"
"POINT (8.541831108000054 50.103487619000077)","Unfall 172213 (2021) Kat:3, Licht: 0","172213","3","7","6","06","07","3","","0","0","0","1","0"
"POINT (8.659988650000059 50.158027326000081)","Unfall 172219 (2021) Kat:3, Licht: 0","172219","3","3","5","06","16","2","","0","1","0","0","0"
"POINT (8.692962494000028 50.151222211000061)","Unfall 172225 (2021) Kat:3, Licht: 2","172225","3","7","5","07","23","7","","2","0","1","0","0"
"POINT (8.690607306000061 50.127246283000034)","Unfall 172233 (2021) Kat:3, Licht: 1","172233","3","1","0","06","18","5","","1","0","0","0","1"
"POINT (8.705594002000055 50.131518734000053)","Unfall 172247 (2021) Kat:3, Licht: 0","172247","3","3","5","06","17","7","","0","0","1","0","0"
"POINT (8.726294753000047 50.123663524000051)","Unfall 172249 (2021) Kat:2, Licht: 0","172249","2","1","0","06","19","3","","0","0","0","0","1"
"POINT (8.694896250000056 50.127947306000067)","Unfall 172253 (2021) Kat:3, Licht: 0","172253","3","2","3","07","12","4","","0","0","1","0","0"
"POINT (8.683038733000046 50.114458977000027)","Unfall 172254 (2021) Kat:3, Licht: 0","172254","3","7","6","06","17","6","","0","0","0","1","0"
"POINT (8.692268295000076 50.109312828000043)","Unfall 172262 (2021) Kat:3, Licht: 0","172262","3","7","6","07","12","3","","0","0","0","1","0"
"POINT (8.650099022000063 50.120085264000068)","Unfall 172267 (2021) Kat:3, Licht: 0","172267","3","3","5","07","19","3","","0","0","1","0","0"
"POINT (8.646135990000062 50.137013870000033)","Unfall 172268 (2021) Kat:3, Licht: 0","172268","3","3","0","06","13","4","","0","0","1","0","0"
"POINT (8.534040519000030 50.110004537000066)","Unfall 172271 (2021) Kat:3, Licht: 0","172271","3","6","2","06","19","2","","0","0","1","0","1"
"POINT (8.736920318000045 50.143403834000026)","Unfall 172276 (2021) Kat:2, Licht: 0","172276","2","7","0","06","19","1","","0","1","0","0","0"
"POINT (8.687782325000057 50.107273212000052)","Unfall 172280 (2021) Kat:3, Licht: 0","172280","3","2","3","07","19","2","","0","1","1","0","0"
"POINT (8.700661402000037 50.113960644000031)","Unfall 172281 (2021) Kat:3, Licht: 0","172281","3","6","2","06","18","3","","0","0","1","0","0"
"POINT (8.634617201000026 50.105756930000041)","Unfall 172287 (2021) Kat:3, Licht: 2","172287","3","7","0","06","01","1","","2","0","0","0","0"
"POINT (8.664860999000041 50.109300874000041)","Unfall 172290 (2021) Kat:3, Licht: 1","172290","3","7","6","06","05","4","","1","0","1","1","0"
"POINT (8.680357137000044 50.101794704000042)","Unfall 172293 (2021) Kat:3, Licht: 0","172293","3","7","6","06","14","2","","0","1","0","1","0"
"POINT (8.585463666000066 50.053290421000042)","Unfall 172294 (2021) Kat:3, Licht: 0","172294","3","6","2","07","07","2","","0","0","1","0","0"
"POINT (8.691982180000025 50.126173848000064)","Unfall 172295 (2021) Kat:3, Licht: 0","172295","3","2","3","06","11","3","","0","0","1","0","0"
"POINT (8.705877145000045 50.108578917000045)","Unfall 172299 (2021) Kat:2, Licht: 0","172299","2","7","0","07","15","2","","0","0","0","0","0"
"POINT (8.724401694000051 50.097264063000068)","Unfall 172302 (2021) Kat:3, Licht: 0","172302","3","2","5","06","08","2","","0","0","1","0","0"
"POINT (8.677523468000061 50.140645987000028)","Unfall 172303 (2021) Kat:3, Licht: 0","172303","3","2","5","07","16","5","","0","0","1","0","0"
"POINT (8.606476808000025 50.097704240000041)","Unfall 172307 (2021) Kat:3, Licht: 1","172307","3","3","5","06","21","4","","1","1","1","0","0"
"POINT (8.627120940000054 50.113380980000045)","Unfall 172310 (2021) Kat:3, Licht: 0","172310","3","3","5","06","08","3","","0","1","1","0","0"
"POINT (8.660847595000064 50.154301841000063)","Unfall 172316 (2021) Kat:3, Licht: 0","172316","3","7","1","06","10","1","","0","0","1","0","0"
"POINT (8.686931000000072 50.119924808000064)","Unfall 172321 (2021) Kat:3, Licht: 2","172321","3","1","0","06","02","1","","2","0","0","0","0"
"POINT (8.650769041000046 50.155073467000079)","Unfall 172328 (2021) Kat:3, Licht: 0","172328","3","4","6","07","15","6","","0","0","1","1","0"
"POINT (8.671507071000065 50.087686556000051)","Unfall 172333 (2021) Kat:2, Licht: 0","172333","2","3","5","07","09","7","","0","0","1","0","0"
"POINT (8.609596030000034 50.128461031000029)","Unfall 172337 (2021) Kat:3, Licht: 0","172337","3","6","3","06","18","5","","0","1","0","0","0"
"POINT (8.672851563000052 50.103164865000053)","Unfall 172338 (2021) Kat:3, Licht: 0","172338","3","7","0","06","08","3","","0","1","0","0","0"
"POINT (8.693413223000050 50.129065985000068)","Unfall 172348 (2021) Kat:3, Licht: 0","172348","3","3","5","06","19","2","","0","0","1","0","0"
"POINT (8.606571095000049 50.112596553000060)","Unfall 172349 (2021) Kat:3, Licht: 0","172349","3","5","1","06","08","4","","0","1","0","0","0"
"POINT (8.561625838000055 50.101441914000077)","Unfall 172350 (2021) Kat:3, Licht: 0","172350","3","3","5","06","08","2","","0","0","1","1","0"
"POINT (8.629005648000032 50.129285654000057)","Unfall 172354 (2021) Kat:3, Licht: 0","172354","3","3","5","06","12","6","","0","0","0","0","0"
"POINT (8.686406297000076 50.122305117000053)","Unfall 172356 (2021) Kat:3, Licht: 0","172356","3","3","5","06","13","1","","0","1","1","0","0"
"POINT (8.645697570000038 50.176406586000041)","Unfall 172368 (2021) Kat:3, Licht: 0","172368","3","6","0","06","16","6","","0","0","1","0","1"
"POINT (8.583856958000069 50.087027891000048)","Unfall 172369 (2021) Kat:3, Licht: 0","172369","3","3","5","06","17","6","","0","0","0","0","0"
"POINT (8.661905298000022 50.193095216000074)","Unfall 172375 (2021) Kat:2, Licht: 0","172375","2","3","5","05","17","2","","0","1","1","0","0"
"POINT (8.654523475000076 50.110114626000041)","Unfall 172377 (2021) Kat:3, Licht: 0","172377","3","4","0","07","12","7","","0","0","0","1","0"
"POINT (8.671462527000074 50.136999172000060)","Unfall 172380 (2021) Kat:3, Licht: 0","172380","3","4","6","06","12","6","","0","0","1","1","0"
"POINT (8.656281372000024 50.106785706000039)","Unfall 172381 (2021) Kat:3, Licht: 0","172381","3","2","5","06","13","3","","0","0","0","0","0"
"POINT (8.666161376000048 50.131650774000036)","Unfall 172382 (2021) Kat:2, Licht: 0","172382","2","3","5","07","08","5","","0","1","1","0","0"
"POINT (8.660616711000046 50.161376741000026)","Unfall 172383 (2021) Kat:3, Licht: 0","172383","3","6","2","06","12","5","","0","0","1","0","1"
"POINT (8.649886088000073 50.136397043000045)","Unfall 172387 (2021) Kat:3, Licht: 0","172387","3","5","1","06","16","3","","0","0","1","0","1"
"POINT (8.671821330000057 50.108328141000072)","Unfall 172394 (2021) Kat:3, Licht: 1","172394","3","5","1","07","21","1","","1","1","1","0","0"
"POINT (8.638496601000043 50.099291636000032)","Unfall 172395 (2021) Kat:3, Licht: 0","172395","3","3","5","07","19","3","","0","1","1","0","0"
"POINT (8.686247659000060 50.094629829000041)","Unfall 172396 (2021) Kat:3, Licht: 0","172396","3","7","1","06","13","4","","0","0","1","0","0"
"POINT (8.688694402000067 50.185025099000029)","Unfall 172397 (2021) Kat:3, Licht: 0","172397","3","4","6","06","11","7","","0","0","1","1","0"
"POINT (8.670002789000023 50.111440302000062)","Unfall 172403 (2021) Kat:3, Licht: 0","172403","3","6","2","07","10","6","","0","0","1","0","0"
"POINT (8.660091984000076 50.113600672000075)","Unfall 172405 (2021) Kat:3, Licht: 0","172405","3","6","2","06","15","3","","0","0","1","0","0"
"POINT (8.763886670000034 50.135777955000037)","Unfall 172411 (2021) Kat:2, Licht: 0","172411","2","2","5","07","10","5","","0","0","1","0","0"
"POINT (8.675741948000052 50.122672205000072)","Unfall 172414 (2021) Kat:3, Licht: 0","172414","3","6","2","07","18","4","","0","0","1","0","0"
"POINT (8.636090926000065 50.103963303000057)","Unfall 172417 (2021) Kat:3, Licht: 0","172417","3","4","6","06","08","3","","0","0","1","1","0"
"POINT (8.771298866000052 50.135268706000033)","Unfall 172419 (2021) Kat:2, Licht: 0","172419","2","1","0","05","07","2","","0","1","0","0","0"
"POINT (8.629412825000031 50.162403179000080)","Unfall 172420 (2021) Kat:3, Licht: 2","172420","3","1","1","07","03","3","","2","0","0","0","0"
"POINT (8.542262985000036 50.103941318000068)","Unfall 172427 (2021) Kat:3, Licht: 0","172427","3","6","3","06","18","1","","0","0","0","0","0"
"POINT (8.691101577000040 50.151154310000038)","Unfall 172430 (2021) Kat:3, Licht: 0","172430","3","7","2","06","18","4","","0","1","1","0","0"
"POINT (8.686539833000040 50.101764549000052)","Unfall 172447 (2021) Kat:3, Licht: 1","172447","3","7","1","06","21","4","","1","1","1","0","0"
"POINT (8.510463338000022 50.097294785000031)","Unfall 172450 (2021) Kat:2, Licht: 0","172450","2","7","1","06","09","3","","0","0","1","0","0"
"POINT (8.640210531000037 50.173880669000027)","Unfall 172461 (2021) Kat:3, Licht: 0","172461","3","6","2","07","16","5","","0","0","1","0","0"
"POINT (8.687314851000053 50.159900769000046)","Unfall 172467 (2021) Kat:3, Licht: 0","172467","3","1","0","06","08","2","","0","1","0","0","0"
"POINT (8.643352128000060 50.123305868000045)","Unfall 172471 (2021) Kat:3, Licht: 0","172471","3","3","6","07","17","3","","0","1","0","1","0"
"POINT (8.675286917000051 50.200748238000074)","Unfall 172472 (2021) Kat:2, Licht: 0","172472","2","1","0","06","17","4","","0","1","0","0","0"
"POINT (8.731472804000020 50.128410091000035)","Unfall 172474 (2021) Kat:3, Licht: 0","172474","3","7","6","06","18","4","","0","0","1","1","0"
"POINT (8.655401185000073 50.143526228000042)","Unfall 172480 (2021) Kat:3, Licht: 0","172480","3","3","5","07","13","6","","0","0","1","0","0"
"POINT (8.597696611000060 50.125968715000056)","Unfall 172486 (2021) Kat:3, Licht: 0","172486","3","3","5","07","18","3","","0","1","1","0","0"
"POINT (8.677832888000069 50.111629384000025)","Unfall 172502 (2021) Kat:3, Licht: 0","172502","3","2","5","06","17","3","","0","1","1","0","0"
"POINT (8.691374370000062 50.114850277000073)","Unfall 172513 (2021) Kat:3, Licht: 0","172513","3","7","0","07","16","2","","0","1","0","0","0"
"POINT (8.665194577000022 50.122772145000056)","Unfall 172520 (2021) Kat:3, Licht: 0","172520","3","5","1","07","19","5","","0","1","1","0","0"
"POINT (8.700012344000072 50.128820125000061)","Unfall 172531 (2021) Kat:3, Licht: 0","172531","3","7","0","06","18","1","","0","1","0","0","0"
"POINT (8.628655572000071 50.173362263000058)","Unfall 172532 (2021) Kat:3, Licht: 0","172532","3","3","5","07","14","6","","0","1","1","0","0"
"POINT (8.688895300000070 50.118465501000060)","Unfall 172538 (2021) Kat:3, Licht: 0","172538","3","7","5","06","12","1","","0","0","1","0","0"
"POINT (8.624011163000034 50.129176870000038)","Unfall 172539 (2021) Kat:3, Licht: 0","172539","3","6","6","07","20","7","","0","1","0","1","0"
"POINT (8.652190612000027 50.116744924000045)","Unfall 172541 (2021) Kat:3, Licht: 0","172541","3","2","6","06","16","6","","0","0","1","1","0"
"POINT (8.710943676000056 50.122929032000059)","Unfall 172542 (2021) Kat:3, Licht: 0","172542","3","3","0","07","13","5","","0","1","0","0","1"
"POINT (8.659925031000057 50.181701718000056)","Unfall 172545 (2021) Kat:3, Licht: 0","172545","3","6","2","06","10","5","","0","0","1","0","0"
"POINT (8.710163417000047 50.134346533000041)","Unfall 172548 (2021) Kat:3, Licht: 0","172548","3","2","5","06","16","3","","0","1","0","0","0"
"POINT (8.634702483000069 50.158743629000071)","Unfall 172549 (2021) Kat:3, Licht: 0","172549","3","3","5","07","13","6","","0","1","1","0","0"
"POINT (8.706506418000060 50.125447988000076)","Unfall 172551 (2021) Kat:3, Licht: 0","172551","3","1","8","05","13","2","","0","0","0","0","1"
"POINT (8.674146645000064 50.115718546000039)","Unfall 172553 (2021) Kat:3, Licht: 0","172553","3","2","3","06","17","5","","0","1","1","0","0"
"POINT (8.711166658000025 50.107492209000043)","Unfall 172554 (2021) Kat:3, Licht: 0","172554","3","7","0","06","07","3","","0","0","0","0","1"
"POINT (8.689850645000035 50.118187986000066)","Unfall 172561 (2021) Kat:3, Licht: 2","172561","3","1","8","07","23","7","","2","0","0","0","0"
"POINT (8.624608427000055 50.107157366000081)","Unfall 172564 (2021) Kat:3, Licht: 2","172564","3","5","1","06","02","7","","2","0","1","0","0"
"POINT (8.633949134000034 50.155141533000062)","Unfall 172565 (2021) Kat:3, Licht: 0","172565","3","6","2","06","09","4","","0","0","1","0","1"
"POINT (8.611381489000053 50.115995887000054)","Unfall 172569 (2021) Kat:3, Licht: 0","172569","3","6","0","07","17","5","","0","0","1","0","1"
"POINT (8.610117929000069 50.091732411000066)","Unfall 172575 (2021) Kat:3, Licht: 0","172575","3","3","5","07","12","1","","0","0","1","0","0"
"POINT (8.620876534000047 50.146873067000058)","Unfall 172584 (2021) Kat:3, Licht: 0","172584","3","7","1","06","14","6","","0","1","1","0","0"
"POINT (8.669559976000073 50.114075369000034)","Unfall 172594 (2021) Kat:3, Licht: 0","172594","3","3","5","07","19","7","","0","1","1","0","0"
"POINT (8.689973017000057 50.143342686000040)","Unfall 172595 (2021) Kat:3, Licht: 0","172595","3","3","5","06","15","6","","0","0","1","0","0"
"POINT (8.644914418000042 50.186352795000062)","Unfall 172596 (2021) Kat:3, Licht: 0","172596","3","6","2","07","08","5","","0","1","0","0","0"
"POINT (8.671440282000049 50.131651047000048)","Unfall 172599 (2021) Kat:3, Licht: 0","172599","3","6","2","06","07","3","","0","0","1","0","0"
"POINT (8.668158183000060 50.100175179000075)","Unfall 172608 (2021) Kat:3, Licht: 0","172608","3","2","5","07","10","4","","0","1","0","0","0"
"POINT (8.691619784000068 50.118264727000053)","Unfall 172611 (2021) Kat:3, Licht: 0","172611","3","7","0","07","10","4","","0","1","0","0","0"
"POINT (8.665537615000062 50.157609230000048)","Unfall 172616 (2021) Kat:3, Licht: 0","172616","3","3","5","06","10","1","","0","1","1","0","0"
"POINT (8.647570028000075 50.117057703000057)","Unfall 172645 (2021) Kat:3, Licht: 0","172645","3","6","4","06","16","3","","0","1","1","0","0"
"POINT (8.718367616000023 50.141449519000048)","Unfall 172651 (2021) Kat:3, Licht: 0","172651","3","7","6","06","08","5","","0","0","1","1","0"
"POINT (8.673951741000053 50.110121724000066)","Unfall 172652 (2021) Kat:2, Licht: 0","172652","2","4","6","06","18","3","","0","0","1","1","0"
"POINT (8.675725856000042 50.133906187000036)","Unfall 172653 (2021) Kat:3, Licht: 0","172653","3","2","6","07","15","5","","0","0","1","1","0"
"POINT (8.667710273000068 50.099905605000060)","Unfall 172654 (2021) Kat:3, Licht: 2","172654","3","3","5","06","00","5","","2","1","1","0","0"
"POINT (8.661576158000059 50.109907711000062)","Unfall 172664 (2021) Kat:3, Licht: 0","172664","3","6","2","06","10","4","","0","0","1","0","0"
"POINT (8.624476434000030 50.153944218000049)","Unfall 172666 (2021) Kat:3, Licht: 0","172666","3","1","0","06","20","6","","0","0","0","0","0"
"POINT (8.670819540000025 50.119444481000073)","Unfall 172672 (2021) Kat:3, Licht: 0","172672","3","6","2","06","12","7","","0","0","1","0","0"
"POINT (8.683868236000023 50.129329785000039)","Unfall 172676 (2021) Kat:3, Licht: 0","172676","3","3","5","07","19","5","","0","1","1","0","0"
"POINT (8.705287919000057 50.126359698000044)","Unfall 172678 (2021) Kat:3, Licht: 0","172678","3","7","1","06","20","5","","0","1","1","0","0"
"POINT (8.646160131000045 50.114720565000027)","Unfall 172681 (2021) Kat:3, Licht: 0","172681","3","3","5","07","16","5","","0","0","1","0","0"
"POINT (8.664128211000047 50.164263113000061)","Unfall 172683 (2021) Kat:3, Licht: 0","172683","3","3","5","07","12","1","","0","1","1","0","0"
"POINT (8.609462037000071 50.114800584000079)","Unfall 172688 (2021) Kat:3, Licht: 0","172688","3","6","2","07","19","5","","0","0","1","0","0"
"POINT (8.762794508000070 50.114697277000062)","Unfall 172689 (2021) Kat:3, Licht: 0","172689","3","7","0","06","15","3","","0","1","0","0","0"
"POINT (8.674637674000053 50.115872012000068)","Unfall 172692 (2021) Kat:3, Licht: 0","172692","3","2","3","07","17","7","","0","0","1","0","1"
"POINT (8.666037021000022 50.108930360000045)","Unfall 172699 (2021) Kat:3, Licht: 2","172699","3","4","6","05","02","1","","2","0","1","1","0"
"POINT (8.666131724000024 50.107805568000060)","Unfall 172700 (2021) Kat:3, Licht: 0","172700","3","6","6","07","20","3","","0","0","0","1","0"
"POINT (8.759170186000063 50.143392706000043)","Unfall 172701 (2021) Kat:3, Licht: 0","172701","3","3","5","06","06","6","","0","0","1","0","0"
"POINT (8.670649316000038 50.101851739000040)","Unfall 172703 (2021) Kat:3, Licht: 0","172703","3","7","0","06","08","3","","0","1","0","0","0"
"POINT (8.691558969000027 50.122987093000063)","Unfall 172704 (2021) Kat:3, Licht: 0","172704","3","6","0","07","15","5","","0","0","1","0","0"
"POINT (8.588826942000026 50.056583359000058)","Unfall 172707 (2021) Kat:3, Licht: 0","172707","3","1","0","06","10","3","","0","0","0","0","0"
"POINT (8.605160254000054 50.126944316000049)","Unfall 172712 (2021) Kat:3, Licht: 0","172712","3","3","5","06","10","7","","0","1","1","0","0"
"POINT (8.671369078000055 50.127345996000031)","Unfall 172713 (2021) Kat:3, Licht: 0","172713","3","6","2","06","07","2","","0","0","1","0","0"
"POINT (8.604338357000074 50.122259361000033)","Unfall 172718 (2021) Kat:3, Licht: 1","172718","3","2","5","06","20","6","","1","1","1","0","0"
"POINT (8.645723912000051 50.200665228000048)","Unfall 172720 (2021) Kat:3, Licht: 0","172720","3","6","2","07","07","2","","0","0","1","0","0"
"POINT (8.643528962000062 50.119052227000054)","Unfall 172727 (2021) Kat:3, Licht: 0","172727","3","6","0","07","16","2","","0","1","1","0","0"
"POINT (8.643409451000025 50.116936475000045)","Unfall 172728 (2021) Kat:3, Licht: 0","172728","3","1","0","06","18","3","","0","1","0","0","0"
"POINT (8.691048134000027 50.110329478000040)","Unfall 172737 (2021) Kat:3, Licht: 0","172737","3","6","1","06","19","4","","0","0","1","0","0"
"POINT (8.715456074000031 50.112501627000029)","Unfall 172739 (2021) Kat:3, Licht: 0","172739","3","3","5","06","12","2","","0","1","1","0","0"
"POINT (8.542624109000030 50.101857464000034)","Unfall 172740 (2021) Kat:3, Licht: 0","172740","3","4","6","07","10","2","","0","1","0","1","0"
"POINT (8.646903394000049 50.125954802000081)","Unfall 172747 (2021) Kat:2, Licht: 2","172747","2","1","1","07","01","1","","2","0","1","0","1"
"POINT (8.670639498000071 50.115443898000080)","Unfall 172751 (2021) Kat:3, Licht: 2","172751","3","4","6","06","00","7","","2","0","0","1","0"
"POINT (8.630276511000034 50.177045370000030)","Unfall 172760 (2021) Kat:3, Licht: 0","172760","3","2","0","07","08","4","","0","1","1","0","0"
"POINT (8.625872725000022 50.152845895000041)","Unfall 172764 (2021) Kat:3, Licht: 0","172764","3","6","3","06","08","3","","0","1","1","0","0"
"POINT (8.695060712000043 50.127828628000032)","Unfall 172770 (2021) Kat:3, Licht: 0","172770","3","4","6","06","07","6","","0","0","0","1","0"
"POINT (8.745052655000052 50.123425376000057)","Unfall 172774 (2021) Kat:3, Licht: 0","172774","3","3","5","07","17","4","","0","0","1","0","0"
"POINT (8.551295752000044 50.101106913000081)","Unfall 172775 (2021) Kat:3, Licht: 0","172775","3","6","2","06","17","7","","0","0","1","0","0"
"POINT (8.666230606000056 50.087037889000044)","Unfall 172780 (2021) Kat:2, Licht: 0","172780","2","1","0","07","10","2","","0","0","0","0","1"
"POINT (8.690660912000055 50.109411164000051)","Unfall 172783 (2021) Kat:3, Licht: 0","172783","3","6","2","07","15","5","","0","0","1","0","0"
"POINT (8.681366224000044 50.112359482000045)","Unfall 172787 (2021) Kat:3, Licht: 0","172787","3","7","6","06","16","7","","0","0","0","1","0"
"POINT (8.763226977000045 50.135619012000063)","Unfall 172789 (2021) Kat:3, Licht: 0","172789","3","6","3","07","11","3","","0","1","1","0","0"
"POINT (8.667600515000061 50.120554149000043)","Unfall 172792 (2021) Kat:3, Licht: 0","172792","3","2","6","06","18","4","","0","0","1","1","0"
"POINT (8.682446221000021 50.093559914000082)","Unfall 172793 (2021) Kat:3, Licht: 0","172793","3","7","0","06","07","2","","0","1","1","0","0"
"POINT (8.702544479000039 50.114472953000075)","Unfall 172795 (2021) Kat:3, Licht: 0","172795","3","1","1","06","18","4","","0","1","1","0","0"
"POINT (8.670681602000059 50.133171334000053)","Unfall 172809 (2021) Kat:3, Licht: 0","172809","3","7","6","07","16","4","","0","1","0","1","0"
"POINT (8.688291703000061 50.126912878000041)","Unfall 172812 (2021) Kat:3, Licht: 0","172812","3","1","0","06","11","3","","0","1","0","0","0"
"POINT (8.643805657000030 50.106508755000050)","Unfall 172816 (2021) Kat:3, Licht: 0","172816","3","3","5","07","07","2","","0","0","1","0","0"
"POINT (8.694466326000054 50.128175515000066)","Unfall 172818 (2021) Kat:3, Licht: 0","172818","3","2","3","06","14","5","","0","1","1","0","0"
"POINT (8.685273455000072 50.142485599000054)","Unfall 172821 (2021) Kat:3, Licht: 0","172821","3","6","2","06","14","5","","0","0","1","0","0"
"POINT (8.588503309000032 50.124882315000036)","Unfall 172849 (2021) Kat:3, Licht: 0","172849","3","7","0","06","17","3","","0","1","0","0","0"
"POINT (8.651119358000074 50.107315135000078)","Unfall 172852 (2021) Kat:3, Licht: 0","172852","3","6","2","06","17","7","","0","0","1","0","0"
"POINT (8.630960242000072 50.160751187000074)","Unfall 172861 (2021) Kat:2, Licht: 0","172861","2","3","5","06","07","3","","0","1","1","0","0"
"POINT (8.671249514000067 50.094338007000033)","Unfall 172864 (2021) Kat:3, Licht: 0","172864","3","4","6","07","17","3","","0","0","1","1","0"
"POINT (8.675450018000049 50.132031172000040)","Unfall 172870 (2021) Kat:3, Licht: 0","172870","3","2","0","07","10","4","","0","1","1","0","0"
"POINT (8.711188582000034 50.128636521000033)","Unfall 172872 (2021) Kat:3, Licht: 1","172872","3","2","6","07","22","7","","1","0","0","1","1"
"POINT (8.700308623000069 50.128866147000053)","Unfall 172874 (2021) Kat:3, Licht: 0","172874","3","6","2","06","11","5","","0","0","1","0","0"
"POINT (8.645171903000062 50.108399197000040)","Unfall 172877 (2021) Kat:3, Licht: 0","172877","3","7","6","06","08","2","","0","0","0","1","0"
"POINT (8.651590308000038 50.088633132000041)","Unfall 172879 (2021) Kat:3, Licht: 0","172879","3","2","5","06","16","3","","0","0","1","0","0"
"POINT (8.679560886000047 50.117984391000050)","Unfall 172881 (2021) Kat:3, Licht: 2","172881","3","3","5","07","00","6","","2","1","1","0","0"
"POINT (8.528095432000043 50.111859793000065)","Unfall 172882 (2021) Kat:2, Licht: 0","172882","2","7","6","07","19","2","","0","0","1","1","0"
"POINT (8.765926952000029 50.132516062000036)","Unfall 172884 (2021) Kat:3, Licht: 0","172884","3","3","5","06","15","6","","0","1","1","0","0"
"POINT (8.646631379000041 50.086765020000030)","Unfall 172885 (2021) Kat:3, Licht: 0","172885","3","6","2","06","13","6","","0","1","0","0","0"
"POINT (8.687814078000031 50.109597058000077)","Unfall 172889 (2021) Kat:3, Licht: 0","172889","3","2","5","06","15","5","","0","1","1","0","0"
"POINT (8.541445596000074 50.077560094000034)","Unfall 172897 (2021) Kat:3, Licht: 0","172897","3","1","0","07","13","1","","0","1","0","0","0"
"POINT (8.614116600000045 50.114257983000073)","Unfall 172905 (2021) Kat:3, Licht: 0","172905","3","3","5","06","15","4","","0","0","1","0","0"
"POINT (8.696774341000037 50.128292492000071)","Unfall 172907 (2021) Kat:3, Licht: 0","172907","3","1","0","06","13","4","","0","1","1","0","0"
"POINT (8.677294946000075 50.124086213000055)","Unfall 172908 (2021) Kat:3, Licht: 0","172908","3","5","1","07","18","4","","0","1","1","0","0"
"POINT (8.690097571000024 50.114900353000053)","Unfall 172909 (2021) Kat:3, Licht: 0","172909","3","2","5","06","19","7","","0","0","1","0","0"
"POINT (8.684771644000023 50.119334608000031)","Unfall 172915 (2021) Kat:3, Licht: 0","172915","3","6","2","07","09","4","","0","0","1","0","0"
"POINT (8.753311512000039 50.132673985000054)","Unfall 172920 (2021) Kat:3, Licht: 0","172920","3","3","5","06","12","3","","0","0","1","0","0"
"POINT (8.651442336000059 50.088472138000043)","Unfall 172923 (2021) Kat:3, Licht: 0","172923","3","7","6","07","16","4","","0","0","0","1","0"
"POINT (8.766839369000024 50.121967048000045)","Unfall 172929 (2021) Kat:3, Licht: 0","172929","3","3","5","06","07","2","","0","1","1","0","0"
"POINT (8.639861031000066 50.108432320000077)","Unfall 172931 (2021) Kat:3, Licht: 0","172931","3","7","0","07","19","2","","0","1","1","0","0"
"POINT (8.678883216000031 50.116902948000075)","Unfall 172932 (2021) Kat:3, Licht: 0","172932","3","6","2","06","16","4","","0","0","1","0","1"
"POINT (8.651214878000076 50.159857165000062)","Unfall 172944 (2021) Kat:3, Licht: 0","172944","3","3","5","07","18","3","","0","1","1","0","0"
"POINT (8.718322661000059 50.141558919000033)","Unfall 172962 (2021) Kat:3, Licht: 0","172962","3","7","2","06","18","5","","0","0","1","0","1"
"POINT (8.700353495000059 50.145487549000052)","Unfall 172978 (2021) Kat:2, Licht: 0","172978","2","1","1","06","17","1","","0","0","1","0","1"