WKT,Name,OBJECTID,UKATEGORIE,UTYP1,UART,UMONAT,USTUNDE,UWOCHENTAG,STRZUSTAND,ULICHTVERH,ISTRAD,ISTPKW,ISTFUSS,ISTKRAD
"POINT (8.670918829000072 50.095852088000072)","Unfall 172983 (2021) Kat:3, Licht: 0","172983","3","6","3","06","09","3","","0","0","1","0","0"
"POINT (8.644528474000026 50.125328692000039)","Unfall 172984 (2021) Kat:3, Licht: 2","172984","3","1","0","06","23","2","","2","0","0","0","0"
"POINT (8.676524278000045 50.109426655000050)","Unfall 172985 (2021) Kat:3, Licht: 0","172985","3","7","3","07","09","2","","0","1","1","0","0"
"POINT (8.750490433000039 50.129163656000060)","Unfall 172993 (2021) Kat:3, Licht: 0","172993","3","7","1","06","15","6","","0","0","1","0","0"
"POINT (8.692421679000063 50.109625058000063)","Unfall 172994 (2021) Kat:3, Licht: 0","172994","3","6","0","06","08","3","","0","0","1","0","1"
"POINT (8.693457728000055 50.119431348000035)","Unfall 172999 (2021) Kat:3, Licht: 0","172999","3","2","5","06","08","5","","0","1","0","0","0"
"POINT (8.647137829000030 50.086861235000072)","Unfall 173008 (2021) Kat:3, Licht: 0","173008","3","5","1","07","13","7","","0","1","1","0","0"
"POINT (8.677816919000065 50.119657532000076)","Unfall 173017 (2021) Kat:3, Licht: 0","173017","3","2","5","06","13","6","","0","1","1","0","0"
"POINT (8.591978481000069 50.086398749000068)","Unfall 173022 (2021) Kat:3, Licht: 0","173022","3","3","5","06","14","6","","0","0","1","0","0"
"POINT (8.679048030000047 50.117748659000029)","Unfall 173024 (2021) Kat:3, Licht: 0","173024","3","2","5","06","09","7","","0","0","1","0","0"
"POINT (8.724057416000051 50.100079366000045)","Unfall 173027 (2021) Kat:3, Licht: 0","173027","3","3","5","06","20","2","","0","0","1","0","0"
"POINT (8.662074694000069 50.115923827000074)","Unfall 173030 (2021) Kat:3, Licht: 0","173030","3","5","1","06","15","3","","0","1","1","0","0"
"POINT (8.662825145000056 50.139828633000036)","Unfall 173032 (2021) Kat:3, Licht: 0","173032","3","4","6","06","11","6","","0","1","0","1","0"
"POINT (8.699762460000045 50.138651801000037)","Unfall 173034 (2021) Kat:3, Licht: 0","173034","3","6","3","06","09","1","","0","1","1","0","0"
"POINT (8.667632284000035 50.198883652000063)","Unfall 173038 (2021) Kat:3, Licht: 0","173038","3","4","6","06","18","3","","0","0","1","1","0"
"POINT (8.654842018000068 50.108845500000029)","Unfall 173043 (2021) Kat:3, Licht: 2","173043","3","4","6","07","00","7","","2","1","0","1","0"
"POINT (8.603389592000042 50.112229870000078)","Unfall 173044 (2021) Kat:3, Licht: 0","173044","3","3","5","06","13","6","","0","1","1","0","0"
"POINT (8.642047345000037 50.102135502000067)","Unfall 173052 (2021) Kat:3, Licht: 1","173052","3","7","4","07","21","2","","1","1","0","0","0"
"POINT (8.687871838000035 50.109679630000073)","Unfall 173053 (2021) Kat:2, Licht: 2","173053","2","7","5","06","23","5","","2","0","1","0","0"
"POINT (8.672832176000043 50.103153307000071)","Unfall 173054 (2021) Kat:3, Licht: 0","173054","3","7","0","06","07","3","","0","1","0","0","0"
"POINT (8.687955568000064 50.112584152000068)","Unfall 173063 (2021) Kat:3, Licht: 2","173063","3","6","3","06","23","7","","2","0","1","0","1"
"POINT (8.716616447000035 50.126272697000047)","Unfall 173064 (2021) Kat:3, Licht: 0","173064","3","7","0","06","07","4","","0","1","1","0","0"
"POINT (8.680881389000035 50.114037626000027)","Unfall 173078 (2021) Kat:3, Licht: 0","173078","3","7","6","07","18","7","","0","0","0","1","0"
"POINT (8.758149232000051 50.132929147000027)","Unfall 173081 (2021) Kat:3, Licht: 0","173081","3","1","0","06","14","6","","0","1","0","0","0"
"POINT (8.549097522000068 50.111748009000053)","Unfall 173090 (2021) Kat:3, Licht: 0","173090","3","6","2","09","08","2","","0","0","1","0","0"
"POINT (8.691563091000035 50.106394124000076)","Unfall 173092 (2021) Kat:3, Licht: 2","173092","3","1","0","08","00","1","","2","0","0","0","0"
"POINT (8.643256845000053 50.121421956000063)","Unfall 173094 (2021) Kat:3, Licht: 0","173094","3","3","5","09","17","4","","0","1","1","0","0"
"POINT (8.685879613000054 50.144589529000029)","Unfall 173095 (2021) Kat:3, Licht: 1","173095","3","5","1","07","20","6","","1","1","1","0","0"
"POINT (8.674780588000033 50.109176140000045)","Unfall 173102 (2021) Kat:3, Licht: 0","173102","3","2","3","08","07","4","","0","1","1","0","0"
"POINT (8.638120220000076 50.125425523000047)","Unfall 173103 (2021) Kat:3, Licht: 0","173103","3","3","2","09","11","7","","0","1","1","0","0"
"POINT (8.683046739000076 50.114073337000036)","Unfall 173107 (2021) Kat:3, Licht: 0","173107","3","5","1","09","14","7","","0","1","1","0","0"
"POINT (8.671105844000067 50.109070364000047)","Unfall 173116 (2021) Kat:3, Licht: 0","173116","3","6","3","08","17","2","","0","1","1","0","0"
"POINT (8.646361313000057 50.102100023000048)","Unfall 173120 (2021) Kat:3, Licht: 0","173120","3","6","2","07","16","2","","0","0","1","0","0"
"POINT (8.676580999000066 50.102404793000062)","Unfall 173123 (2021) Kat:2, Licht: 0","173123","2","4","6","09","15","5","","0","0","1","1","0"
"POINT (8.686347345000058 50.115569569000058)","Unfall 173129 (2021) Kat:3, Licht: 2","173129","3","2","4","09","06","3","","2","1","1","0","0"
"POINT (8.676636812000027 50.102452183000025)","Unfall 173141 (2021) Kat:3, Licht: 0","173141","3","6","2","08","11","5","","0","0","1","0","0"
"POINT (8.563905685000066 50.050907978000055)","Unfall 173142 (2021) Kat:3, Licht: 0","173142","3","7","0","09","13","5","","0","0","1","0","0"
"POINT (8.663035136000076 50.155310842000063)","Unfall 173145 (2021) Kat:3, Licht: 0","173145","3","3","5","09","15","3","","0","1","1","0","0"
"POINT (8.710694677000049 50.107805317000043)","Unfall 173148 (2021) Kat:3, Licht: 2","173148","3","7","0","07","22","1","","2","0","0","0","1"
"POINT (8.614000849000035 50.128253173000076)","Unfall 173152 (2021) Kat:3, Licht: 0","173152","3","5","1","08","12","4","","0","0","1","0","0"
"POINT (8.667252760000054 50.155731302000049)","Unfall 173180 (2021) Kat:3, Licht: 0","173180","3","3","5","08","12","7","","0","0","1","0","0"
"POINT (8.748649426000043 50.144289059000073)","Unfall 173191 (2021) Kat:3, Licht: 0","173191","3","3","5","08","10","5","","0","0","1","0","0"
"POINT (8.702567929000054 50.123562351000032)","Unfall 173200 (2021) Kat:3, Licht: 0","173200","3","4","6","07","09","2","","0","1","0","1","0"
"POINT (8.617317749000051 50.107392167000057)","Unfall 173202 (2021) Kat:3, Licht: 0","173202","3","6","4","09","16","2","","0","1","0","0","0"
"POINT (8.538268814000048 50.103616401000068)","Unfall 173208 (2021) Kat:3, Licht: 0","173208","3","5","1","09","07","3","","0","1","1","0","0"
"POINT (8.773098655000069 50.119975069000077)","Unfall 173209 (2021) Kat:3, Licht: 0","173209","3","7","6","08","10","7","","0","0","0","1","0"
"POINT (8.586523952000050 50.086527531000058)","Unfall 173217 (2021) Kat:3, Licht: 0","173217","3","7","6","07","19","6","","0","0","0","1","0"
"POINT (8.675180776000047 50.110030676000065)","Unfall 173219 (2021) Kat:3, Licht: 0","173219","3","7","6","08","13","4","","0","0","1","1","0"
"POINT (8.672188166000069 50.120260677000033)","Unfall 173223 (2021) Kat:3, Licht: 0","173223","3","3","5","09","15","7","","0","1","1","0","0"
"POINT (8.692111266000040 50.127508441000032)","Unfall 173230 (2021) Kat:2, Licht: 0","173230","2","2","0","09","14","3","","0","0","0","0","1"
"POINT (8.691757094000025 50.124421809000069)","Unfall 173236 (2021) Kat:3, Licht: 0","173236","3","1","1","09","09","6","","0","1","1","0","0"
"POINT (8.690088443000036 50.104217472000073)","Unfall 173237 (2021) Kat:3, Licht: 2","173237","3","6","2","08","23","4","","2","0","1","0","0"
"POINT (8.680687356000021 50.093303089000074)","Unfall 173244 (2021) Kat:3, Licht: 0","173244","3","3","5","09","16","2","","0","1","1","0","0"
"POINT (8.634010079000063 50.098950913000067)","Unfall 173245 (2021) Kat:3, Licht: 2","173245","3","2","5","08","21","4","","2","1","1","0","0"
"POINT (8.671754894000060 50.113388207000071)","Unfall 173247 (2021) Kat:3, Licht: 0","173247","3","2","3","08","13","5","","0","1","0","0","0"
"POINT (8.705419988000074 50.126453351000066)","Unfall 173262 (2021) Kat:3, Licht: 2","173262","3","7","8","09","00","6","","2","0","1","0","0"
"POINT (8.646018267000045 50.103650340000058)","Unfall 173264 (2021) Kat:3, Licht: 0","173264","3","6","2","09","15","1","","0","0","1","0","0"
"POINT (8.754879144000029 50.144600210000078)","Unfall 173270 (2021) Kat:3, Licht: 0","173270","3","7","6","09","18","2","","0","0","1","1","0"
"POINT (8.681439034000050 50.112155536000046)","Unfall 173273 (2021) Kat:3, Licht: 0","173273","3","7","6","08","14","6","","0","1","0","1","0"
"POINT (8.741212477000033 50.131744319000063)","Unfall 173277 (2021) Kat:3, Licht: 0","173277","3","3","0","07","14","6","","0","0","1","0","1"
"POINT (8.656048628000065 50.107193090000067)","Unfall 173279 (2021) Kat:3, Licht: 2","173279","3","6","3","08","21","4","","2","0","1","0","1"
"POINT (8.652680715000031 50.161663946000033)","Unfall 173282 (2021) Kat:3, Licht: 0","173282","3","7","6","08","15","7","","0","0","1","1","0"
"POINT (8.644150991000060 50.113889071000074)","Unfall 173283 (2021) Kat:2, Licht: 0","173283","2","6","2","08","19","3","","0","0","1","0","0"
"POINT (8.666071523000028 50.110234806000051)","Unfall 173284 (2021) Kat:3, Licht: 2","173284","3","2","4","09","00","7","","2","0","1","0","0"
"POINT (8.659715189000053 50.088114687000029)","Unfall 173285 (2021) Kat:3, Licht: 0","173285","3","7","3","09","11","2","","0","0","1","0","0"
"POINT (8.618631864000065 50.161288509000030)","Unfall 173286 (2021) Kat:3, Licht: 0","173286","3","7","1","08","15","4","","0","0","1","0","0"
"POINT (8.676795075000030 50.115373417000058)","Unfall 173288 (2021) Kat:3, Licht: 0","173288","3","3","5","08","15","5","","0","0","0","0","0"
"POINT (8.655884758000070 50.116456050000068)","Unfall 173289 (2021) Kat:3, Licht: 0","173289","3","4","6","08","18","3","","0","1","0","1","0"
"POINT (8.700408714000048 50.128881158000070)","Unfall 173294 (2021) Kat:3, Licht: 0","173294","3","6","2","09","13","1","","0","0","1","0","0"
"POINT (8.706431179000049 50.096308073000046)","Unfall 173296 (2021) Kat:3, Licht: 0","173296","3","1","9","09","16","7","","0","1","1","0","0"
"POINT (8.662016117000064 50.150635646000069)","Unfall 173300 (2021) Kat:3, Licht: 0","173300","3","3","5","08","18","5","","0","1","1","0","0"
"POINT (8.673523794000062 50.106792037000048)","Unfall 173302 (2021) Kat:3, Licht: 0","173302","3","7","2","08","13","4","","0","0","1","0","1"
"POINT (8.685969089000025 50.118388595000056)","Unfall 173303 (2021) Kat:3, Licht: 0","173303","3","6","3","08","11","7","","0","0","1","0","1"
"POINT (8.663569485000039 50.108497460000081)","Unfall 173304 (2021) Kat:3, Licht: 0","173304","3","4","6","09","17","6","","0","0","1","1","0"
"POINT (8.569186856000044 50.050380382000071)","Unfall 173308 (2021) Kat:3, Licht: 0","173308","3","7","1","08","17","1","","0","0","1","0","0"
"POINT (8.651870067000061 50.123383655000055)","Unfall 173310 (2021) Kat:3, Licht: 0","173310","3","2","5","08","17","4","","0","0","1","0","1"
"POINT (8.676442037000072 50.114262118000056)","Unfall 173319 (2021) Kat:3, Licht: 0","173319","3","6","4","08","19","6","","0","1","0","0","0"
"POINT (8.674706947000061 50.109274378000066)","Unfall 173320 (2021) Kat:3, Licht: 2","173320","3","3","5","08","01","1","","2","1","1","0","0"
"POINT (8.629078644000060 50.116253529000062)","Unfall 173325 (2021) Kat:2, Licht: 2","173325","2","2","3","09","22","5","","2","0","1","0","0"
"POINT (8.620759556000053 50.137086717000045)","Unfall 173329 (2021) Kat:2, Licht: 0","173329","2","3","5","09","08","5","","0","1","0","0","1"
"POINT (8.761867393000045 50.154596672000082)","Unfall 173335 (2021) Kat:3, Licht: 2","173335","3","7","1","09","04","7","","2","0","1","0","0"
"POINT (8.653648527000030 50.080212791000065)","Unfall 173336 (2021) Kat:3, Licht: 0","173336","3","6","2","09","11","2","","0","0","1","0","0"
"POINT (8.682851390000053 50.114004779000027)","Unfall 173337 (2021) Kat:3, Licht: 0","173337","3","1","0","08","18","3","","0","0","0","0","0"
"POINT (8.642915568000035 50.115450398000064)","Unfall 173342 (2021) Kat:3, Licht: 0","173342","3","3","5","08","07","3","","0","1","1","0","0"
"POINT (8.629155642000057 50.084677063000072)","Unfall 173353 (2021) Kat:3, Licht: 0","173353","3","2","2","08","08","1","","0","0","1","0","0"
"POINT (8.642024409000044 50.115490781000062)","Unfall 173363 (2021) Kat:3, Licht: 2","173363","3","5","1","09","20","4","","2","1","1","0","0"
"POINT (8.694996089000028 50.118114300000059)","Unfall 173369 (2021) Kat:3, Licht: 0","173369","3","4","6","08","16","2","","0","0","1","1","0"
"POINT (8.754704879000030 50.147412145000033)","Unfall 173370 (2021) Kat:3, Licht: 0","173370","3","6","2","09","13","6","","0","1","0","0","0"
"POINT (8.646968247000075 50.122112482000034)","Unfall 173374 (2021) Kat:3, Licht: 0","173374","3","4","6","09","09","2","","0","1","0","1","0"
"POINT (8.621372077000046 50.105518416000052)","Unfall 173384 (2021) Kat:3, Licht: 0","173384","3","4","0","07","08","5","","0","1","0","1","0"
"POINT (8.690257070000030 50.119926373000055)","Unfall 173389 (2021) Kat:3, Licht: 0","173389","3","7","2","09","17","4","","0","0","1","0","0"
"POINT (8.674914775000047 50.108996861000037)","Unfall 173392 (2021) Kat:3, Licht: 0","173392","3","6","2","08","18","3","","0","0","1","0","0"
"POINT (8.724388533000024 50.098828846000060)","Unfall 173394 (2021) Kat:3, Licht: 0","173394","3","6","0","08","17","5","","0","1","1","0","0"
"POINT (8.765799927000046 50.123932156000080)","Unfall 173399 (2021) Kat:3, Licht: 0","173399","3","3","5","08","11","3","","0","1","1","0","0"
"POINT (8.636288702000058 50.116935592000061)","Unfall 173401 (2021) Kat:3, Licht: 0","173401","3","3","5","09","13","2","","0","0","1","0","0"
"POINT (8.641874308000070 50.188681571000075)","Unfall 173403 (2021) Kat:3, Licht: 2","173403","3","1","0","08","05","1","","2","0","0","0","1"
"POINT (8.615000924000071 50.104282746000081)","Unfall 173411 (2021) Kat:3, Licht: 0","173411","3","5","1","08","16","4","","0","1","1","0","0"
"POINT (8.641087120000066 50.116807051000080)","Unfall 173427 (2021) Kat:3, Licht: 0","173427","3","2","4","09","19","1","","0","1","1","0","0"
"POINT (8.691777583000032 50.125065606000078)","Unfall 173430 (2021) Kat:3, Licht: 0","173430","3","6","2","07","14","2","","0","0","1","0","0"
"POINT (8.686621519000028 50.101621693000027)","Unfall 173432 (2021) Kat:3, Licht: 0","173432","3","6","2","08","15","5","","0","1","1","0","0"
"POINT (8.545781166000040 50.103450384000041)","Unfall 173434 (2021) Kat:3, Licht: 0","173434","3","6","4","09","12","6","","0","1","0","0","0"
"POINT (8.670561816000031 50.120942825000043)","Unfall 173436 (2021) Kat:3, Licht: 2","173436","3","7","8","08","22","3","","2","0","1","0","0"
"POINT (8.570502592000025 50.100655875000029)","Unfall 173439 (2021) Kat:3, Licht: 0","173439","3","3","5","09","15","5","","0","0","1","0","0"
"POINT (8.702632026000060 50.098553659000061)","Unfall 173441 (2021) Kat:3, Licht: 0","173441","3","1","8","09","15","1","","0","1","1","0","0"
"POINT (8.681731926000055 50.119028399000058)","Unfall 173444 (2021) Kat:3, Licht: 2","173444","3","3","5","08","01","7","","2","0","1","0","0"
"POINT (8.591613125000038 50.086225687000081)","Unfall 173445 (2021) Kat:3, Licht: 0","173445","3","7","7","09","11","5","","0","1","0","0","0"
"POINT (8.625373182000033 50.104841639000028)","Unfall 173446 (2021) Kat:2, Licht: 0","173446","2","3","5","08","16","1","","0","0","1","0","0"
"POINT (8.712135327000055 50.133584463000034)","Unfall 173447 (2021) Kat:3, Licht: 0","173447","3","3","5","09","17","3","","0","1","1","0","0"
"POINT (8.667320181000036 50.133463770000048)","Unfall 173448 (2021) Kat:3, Licht: 2","173448","3","7","1","08","02","1","","2","1","1","0","0"
"POINT (8.671940462000066 50.109285870000065)","Unfall 173450 (2021) Kat:3, Licht: 0","173450","3","2","3","08","07","5","","0","0","1","0","0"
"POINT (8.643394860000058 50.086256718000072)","Unfall 173453 (2021) Kat:2, Licht: 0","173453","2","5","1","08","12","4","","0","1","1","0","0"
"POINT (8.711536870000032 50.130632429000059)","Unfall 173464 (2021) Kat:3, Licht: 0","173464","3","7","1","08","17","1","","0","0","1","0","0"
"POINT (8.723909636000030 50.103515835000053)","Unfall 173465 (2021) Kat:3, Licht: 0","173465","3","2","5","09","15","4","","0","1","1","0","0"
"POINT (8.648003110000047 50.107417609000038)","Unfall 173466 (2021) Kat:3, Licht: 2","173466","3","1","1","09","01","1","","2","0","1","0","0"
"POINT (8.538476517000049 50.115390750000074)","Unfall 173475 (2021) Kat:3, Licht: 0","173475","3","2","1","09","15","7","","0","0","1","0","0"
"POINT (8.681970858000057 50.109041463000040)","Unfall 173478 (2021) Kat:2, Licht: 2","173478","2","1","0","07","05","3","","2","1","0","0","0"
"POINT (8.648881677000077 50.143137729000046)","Unfall 173480 (2021) Kat:3, Licht: 0","173480","3","1","0","08","13","2","","0","1","0","0","0"
"POINT (8.655308463000040 50.112776038000050)","Unfall 173481 (2021) Kat:3, Licht: 0","173481","3","5","1","08","12","2","","0","0","1","0","0"
"POINT (8.767195823000066 50.132576118000031)","Unfall 173487 (2021) Kat:3, Licht: 0","173487","3","6","4","08","18","3","","0","1","0","0","0"
"POINT (8.666999379000060 50.109285074000070)","Unfall 173494 (2021) Kat:3, Licht: 0","173494","3","3","0","09","14","6","","0","1","0","0","0"
"POINT (8.686034642000038 50.131656376000080)","Unfall 173497 (2021) Kat:2, Licht: 0","173497","2","6","2","08","12","6","","0","1","0","0","0"
"POINT (8.645281996000051 50.122761391000040)","Unfall 173503 (2021) Kat:3, Licht: 1","173503","3","3","5","08","19","6","","1","0","1","0","1"
"POINT (8.692749247000052 50.123043634000055)","Unfall 173515 (2021) Kat:3, Licht: 2","173515","3","7","7","09","00","1","","2","1","0","0","0"
"POINT (8.724079303000053 50.100007578000032)","Unfall 173519 (2021) Kat:3, Licht: 0","173519","3","4","6","09","18","4","","0","0","1","1","0"
"POINT (8.575846531000025 50.089121405000071)","Unfall 173524 (2021) Kat:3, Licht: 0","173524","3","3","5","09","09","7","","0","0","1","0","0"
"POINT (8.735240035000061 50.117118792000042)","Unfall 173527 (2021) Kat:2, Licht: 0","173527","2","3","5","08","17","2","","0","1","0","0","0"
"POINT (8.715171509000072 50.132565117000070)","Unfall 173529 (2021) Kat:2, Licht: 2","173529","2","1","6","09","23","7","","2","0","0","1","0"
"POINT (8.674358356000027 50.115805591000026)","Unfall 173531 (2021) Kat:3, Licht: 0","173531","3","2","3","08","11","4","","0","0","1","0","0"
"POINT (8.545308138000053 50.099598869000033)","Unfall 173540 (2021) Kat:3, Licht: 0","173540","3","2","5","08","16","2","","0","1","1","0","0"
"POINT (8.663506078000069 50.122413036000069)","Unfall 173541 (2021) Kat:3, Licht: 0","173541","3","3","0","07","16","1","","0","0","1","0","1"
"POINT (8.677759443000070 50.114125264000052)","Unfall 173542 (2021) Kat:3, Licht: 0","173542","3","7","6","08","15","2","","0","1","0","1","0"
"POINT (8.759610926000050 50.129840636000040)","Unfall 173553 (2021) Kat:3, Licht: 0","173553","3","2","2","09","12","4","","0","0","1","0","0"
"POINT (8.576128378000021 50.082245389000036)","Unfall 173563 (2021) Kat:3, Licht: 0","173563","3","1","0","09","17","7","","0","0","0","0","1"
"POINT (8.677027203000023 50.109558062000076)","Unfall 173567 (2021) Kat:2, Licht: 0","173567","2","3","5","09","17","2","","0","1","0","0","0"
"POINT (8.651072671000065 50.136230703000081)","Unfall 173574 (2021) Kat:2, Licht: 0","173574","2","1","0","07","15","6","","0","0","0","0","1"
"POINT (8.679388399000061 50.111364566000077)","Unfall 173580 (2021) Kat:3, Licht: 0","173580","3","2","3","09","14","7","","0","1","1","0","0"
"POINT (8.678642224000043 50.115402998000036)","Unfall 173582 (2021) Kat:3, Licht: 0","173582","3","7","3","08","16","3","","0","0","1","0","0"
"POINT (8.664374166000073 50.109741207000070)","Unfall 173592 (2021) Kat:3, Licht: 0","173592","3","3","5","09","12","4","","0","1","1","0","0"
"POINT (8.604427482000062 50.126470033000032)","Unfall 173597 (2021) Kat:3, Licht: 0","173597","3","7","0","09","18","5","","0","1","0","1","0"
"POINT (8.629496388000064 50.179374797000037)","Unfall 173599 (2021) Kat:3, Licht: 0","173599","3","7","1","09","14","6","","0","1","1","0","0"
"POINT (8.623269684000036 50.124280968000051)","Unfall 173605 (2021) Kat:3, Licht: 0","173605","3","5","1","08","08","6","","0","0","1","0","0"
"POINT (8.610346869000068 50.128849524000032)","Unfall 173607 (2021) Kat:3, Licht: 0","173607","3","7","1","09","14","4","","0","1","1","0","0"
"POINT (8.625525984000035 50.131097684000054)","Unfall 173618 (2021) Kat:3, Licht: 0","173618","3","2","6","08","13","5","","0","0","1","1","0"
"POINT (8.681983325000033 50.106930066000075)","Unfall 173626 (2021) Kat:3, Licht: 0","173626","3","2","3","08","17","3","","0","0","1","0","0"
"POINT (8.676449591000051 50.132195748000072)","Unfall 173636 (2021) Kat:3, Licht: 0","173636","3","2","3","08","07","4","","0","1","1","0","0"
"POINT (8.688024907000056 50.113389156000039)","Unfall 173656 (2021) Kat:3, Licht: 0","173656","3","6","2","07","18","7","","0","0","1","0","0"
"POINT (8.650047923000045 50.116883422000058)","Unfall 173657 (2021) Kat:3, Licht: 0","173657","3","1","8","09","16","1","","0","1","1","0","0"
"POINT (8.671045844000048 50.116127772000027)","Unfall 173658 (2021) Kat:3, Licht: 2","173658","3","1","8","08","00","6","","2","0","0","0","0"
"POINT (8.630365043000040 50.084572197000057)","Unfall 173660 (2021) Kat:3, Licht: 0","173660","3","6","2","08","09","7","","0","0","0","0","1"
"POINT (8.636302996000040 50.086082146000081)","Unfall 173661 (2021) Kat:2, Licht: 0","173661","2","1","8","08","07","7","","0","0","1","0","0"
"POINT (8.674499431000072 50.131827615000077)","Unfall 173668 (2021) Kat:3, Licht: 0","173668","3","6","4","07","15","3","","0","1","0","0","0"
"POINT (8.720042871000032 50.124720351000065)","Unfall 173672 (2021) Kat:3, Licht: 0","173672","3","6","6","09","12","1","","0","1","0","1","0"
"POINT (8.606074541000055 50.124236022000048)","Unfall 173673 (2021) Kat:3, Licht: 0","173673","3","7","0","08","20","4","","0","1","1","0","0"
"POINT (8.675366361000044 50.110453687000074)","Unfall 173678 (2021) Kat:3, Licht: 2","173678","3","1","0","08","03","7","","2","0","0","0","0"
"POINT (8.685298065000040 50.114685705000056)","Unfall 173679 (2021) Kat:3, Licht: 0","173679","3","7","0","07","14","1","","0","0","0","0","0"
"POINT (8.664800394000054 50.109900874000061)","Unfall 173680 (2021) Kat:3, Licht: 0","173680","3","4","6","08","08","6","","0","0","1","1","0"
"POINT (8.639166531000058 50.119792025000038)","Unfall 173681 (2021) Kat:3, Licht: 0","173681","3","2","6","08","09","2","","0","0","1","1","0"
"POINT (8.641277590000072 50.176246907000063)","Unfall 173682 (2021) Kat:3, Licht: 2","173682","3","1","9","09","00","6","","2","0","1","0","0"
"POINT (8.697568224000065 50.125636425000039)","Unfall 173693 (2021) Kat:3, Licht: 0","173693","3","1","8","07","20","6","","0","0","0","0","0"
"POINT (8.701895657000023 50.118470769000055)","Unfall 173694 (2021) Kat:2, Licht: 1","173694","2","1","0","08","20","6","","1","1","0","0","0"
"POINT (8.743743028000040 50.139982122000049)","Unfall 173696 (2021) Kat:2, Licht: 2","173696","2","1","0","09","05","1","","2","0","0","0","0"
"POINT (8.697697792000042 50.155315064000035)","Unfall 173699 (2021) Kat:3, Licht: 0","173699","3","1","0","08","13","4","","0","1","0","0","0"
"POINT (8.615725401000077 50.128629874000069)","Unfall 173701 (2021) Kat:2, Licht: 0","173701","2","2","5","08","10","5","","0","1","1","0","0"
"POINT (8.690121303000069 50.104150212000036)","Unfall 173705 (2021) Kat:3, Licht: 2","173705","3","3","5","09","20","7","","2","1","0","0","1"
"POINT (8.687822309000069 50.109577895000029)","Unfall 173706 (2021) Kat:2, Licht: 0","173706","2","2","5","09","08","2","","0","1","1","0","0"
"POINT (8.542560462000040 50.096759966000036)","Unfall 173717 (2021) Kat:2, Licht: 0","173717","2","5","0","08","18","5","","0","1","1","0","0"
"POINT (8.648838009000031 50.120983558000034)","Unfall 173718 (2021) Kat:3, Licht: 0","173718","3","4","6","08","09","3","","0","1","0","1","0"
"POINT (8.630514557000026 50.156411699000046)","Unfall 173724 (2021) Kat:3, Licht: 0","173724","3","3","5","08","17","3","","0","1","0","0","1"
"POINT (8.571140195000055 50.086288172000081)","Unfall 173734 (2021) Kat:3, Licht: 0","173734","3","2","6","09","17","2","","0","0","1","1","0"
"POINT (8.684597209000060 50.111664882000071)","Unfall 173739 (2021) Kat:3, Licht: 0","173739","3","5","1","09","15","7","","0","1","1","0","0"
"POINT (8.593527308000034 50.086565898000060)","Unfall 173748 (2021) Kat:3, Licht: 0","173748","3","7","4","09","20","5","","0","1","0","0","0"
"POINT (8.697925413000064 50.120918404000065)","Unfall 173761 (2021) Kat:3, Licht: 0","173761","3","6","2","08","19","3","","0","1","1","0","0"
"POINT (8.684604851000074 50.128243586000053)","Unfall 173765 (2021) Kat:3, Licht: 0","173765","3","3","5","09","14","5","","0","1","0","0","0"
"POINT (8.684144971000023 50.112647973000037)","Unfall 173767 (2021) Kat:3, Licht: 0","173767","3","3","5","09","14","7","","0","0","1","0","0"
"POINT (8.575837911000065 50.052914050000027)","Unfall 173768 (2021) Kat:3, Licht: 0","173768","3","1","8","09","18","4","","0","0","1","0","0"
"POINT (8.761670231000039 50.116074231000027)","Unfall 173771 (2021) Kat:3, Licht: 0","173771","3","2","5","08","08","4","","0","0","1","0","1"
"POINT (8.693180819000077 50.182441584000060)","Unfall 173779 (2021) Kat:3, Licht: 0","173779","3","6","4","09","11","6","","0","1","0","0","0"
"POINT (8.671777776000056 50.126811606000047)","Unfall 173789 (2021) Kat:3, Licht: 0","173789","3","6","2","08","15","2","","0","0","1","0","0"
"POINT (8.662195037000060 50.110238162000030)","Unfall 173795 (2021) Kat:3, Licht: 0","173795","3","2","3","08","13","6","","0","1","1","0","0"
"POINT (8.679126977000067 50.113420112000028)","Unfall 173797 (2021) Kat:3, Licht: 1","173797","3","7","6","09","19","4","","1","0","0","1","0"
"POINT (8.578055999000071 50.082412277000060)","Unfall 173802 (2021) Kat:3, Licht: 0","173802","3","7","6","07","08","6","","0","0","0","1","0"
"POINT (8.681975884000053 50.147823781000056)","Unfall 173805 (2021) Kat:3, Licht: 0","173805","3","3","5","08","19","4","","0","0","1","0","0"
"POINT (8.667194071000040 50.201564702000042)","Unfall 173810 (2021) Kat:3, Licht: 0","173810","3","7","1","09","18","2","","0","1","1","0","0"
"POINT (8.630096420000029 50.158118153000032)","Unfall 173813 (2021) Kat:3, Licht: 0","173813","3","7","6","08","15","6","","0","0","0","1","0"
"POINT (8.665414517000045 50.108889382000029)","Unfall 173816 (2021) Kat:3, Licht: 0","173816","3","1","2","08","19","2","","0","1","1","0","0"