WKT,Name,OBJECTID,UKATEGORIE,UTYP1,UART,UMONAT,USTUNDE,UWOCHENTAG,STRZUSTAND,ULICHTVERH,ISTRAD,ISTPKW,ISTFUSS,ISTKRAD
"POINT (8.759637140000052 50.147340744000076)","Unfall 173818 (2021) Kat:3, Licht: 0","173818","3","7","0","09","16","4","","0","1","0","1","0"
"POINT (8.683192154000039 50.149822255000061)","Unfall 173827 (2021) Kat:3, Licht: 0","173827","3","7","2","08","18","1","","0","0","0","0","0"
"POINT (8.688203137000073 50.119053913000073)","Unfall 173829 (2021) Kat:3, Licht: 0","173829","3","7","0","07","14","6","","0","0","0","0","1"
"POINT (8.740119659000072 50.122356357000058)","Unfall 173830 (2021) Kat:2, Licht: 2","173830","2","3","5","09","01","1","","2","0","1","0","1"
"POINT (8.668007613000043 50.139286853000044)","Unfall 173836 (2021) Kat:3, Licht: 0","173836","3","3","5","08","11","3","","0","1","1","0","0"
"POINT (8.508614101000035 50.089652098000045)","Unfall 173838 (2021) Kat:3, Licht: 0","173838","3","3","5","09","17","4","","0","1","1","0","0"
"POINT (8.634904353000024 50.177960557000063)","Unfall 173843 (2021) Kat:3, Licht: 1","173843","3","3","5","09","19","1","","1","0","1","0","1"
"POINT (8.674064480000027 50.115730743000029)","Unfall 173844 (2021) Kat:3, Licht: 0","173844","3","6","2","08","19","5","","0","0","1","0","1"
"POINT (8.691035589000023 50.127307926000071)","Unfall 173850 (2021) Kat:2, Licht: 0","173850","2","7","4","09","08","4","","0","0","1","0","1"
"POINT (8.622368092000045 50.156328747000032)","Unfall 173857 (2021) Kat:3, Licht: 0","173857","3","3","5","07","09","6","","0","0","1","0","0"
"POINT (8.687763946000075 50.114596794000079)","Unfall 173861 (2021) Kat:3, Licht: 0","173861","3","2","3","08","08","5","","0","1","0","0","0"
"POINT (8.697421671000029 50.153011368000080)","Unfall 173866 (2021) Kat:3, Licht: 0","173866","3","7","5","08","13","3","","0","1","1","0","0"
"POINT (8.767276128000049 50.131614484000067)","Unfall 173874 (2021) Kat:2, Licht: 0","173874","2","1","0","08","19","3","","0","1","0","0","0"
"POINT (8.724804828000060 50.096195790000081)","Unfall 173875 (2021) Kat:3, Licht: 0","173875","3","7","8","09","16","7","","0","0","1","0","0"
"POINT (8.683823113000074 50.113488878000055)","Unfall 173876 (2021) Kat:3, Licht: 0","173876","3","3","5","09","17","4","","0","0","1","0","0"
"POINT (8.686829824000029 50.120023619000051)","Unfall 173882 (2021) Kat:3, Licht: 2","173882","3","1","0","07","04","7","","2","1","0","0","0"
"POINT (8.621992055000021 50.165791004000027)","Unfall 173892 (2021) Kat:3, Licht: 0","173892","3","7","1","09","13","6","","0","1","1","0","0"
"POINT (8.687754767000058 50.108600597000077)","Unfall 173900 (2021) Kat:2, Licht: 2","173900","2","1","0","09","23","6","","2","0","0","0","0"
"POINT (8.667504755000039 50.110675121000043)","Unfall 173901 (2021) Kat:3, Licht: 0","173901","3","4","6","08","14","2","","0","0","1","1","0"
"POINT (8.642849862000048 50.117124556000078)","Unfall 173916 (2021) Kat:3, Licht: 2","173916","3","6","2","08","00","1","","2","0","1","0","0"
"POINT (8.623596035000048 50.121069427000066)","Unfall 173919 (2021) Kat:3, Licht: 0","173919","3","2","4","09","09","3","","0","0","1","0","0"
"POINT (8.539131503000021 50.101859309000076)","Unfall 173922 (2021) Kat:3, Licht: 0","173922","3","4","6","08","17","6","","0","1","1","1","0"
"POINT (8.702686450000044 50.125344364000057)","Unfall 173923 (2021) Kat:3, Licht: 0","173923","3","3","5","08","12","3","","0","1","1","0","0"
"POINT (8.578303505000065 50.083040161000042)","Unfall 173925 (2021) Kat:3, Licht: 0","173925","3","3","5","08","17","4","","0","0","1","0","0"
"POINT (8.679791900000055 50.117118615000038)","Unfall 173930 (2021) Kat:2, Licht: 2","173930","2","3","5","09","22","3","","2","1","1","0","0"
"POINT (8.644234053000048 50.122062791000076)","Unfall 173932 (2021) Kat:3, Licht: 0","173932","3","7","6","08","09","4","","0","0","1","1","0"
"POINT (8.592747420000023 50.098091404000058)","Unfall 173937 (2021) Kat:3, Licht: 0","173937","3","3","5","09","12","1","","0","0","1","0","1"
"POINT (8.568348789000026 50.121863359000031)","Unfall 173939 (2021) Kat:3, Licht: 0","173939","3","7","0","09","07","6","","0","0","1","0","1"
"POINT (8.632420846000059 50.155033874000026)","Unfall 173941 (2021) Kat:3, Licht: 0","173941","3","7","0","09","15","7","","0","0","0","0","1"
"POINT (8.679421142000024 50.114495460000057)","Unfall 173945 (2021) Kat:3, Licht: 1","173945","3","7","6","08","19","3","","1","1","0","1","0"
"POINT (8.682039097000029 50.141680346000044)","Unfall 173951 (2021) Kat:3, Licht: 0","173951","3","6","0","08","16","2","","0","1","1","0","0"
"POINT (8.678828819000046 50.108327057000054)","Unfall 173968 (2021) Kat:3, Licht: 0","173968","3","6","2","08","13","5","","0","0","1","0","0"
"POINT (8.683943628000065 50.111461029000054)","Unfall 173980 (2021) Kat:3, Licht: 0","173980","3","4","6","08","16","4","","0","1","0","1","0"
"POINT (8.686198418000060 50.111845253000070)","Unfall 173981 (2021) Kat:3, Licht: 0","173981","3","7","6","09","15","7","","0","0","1","1","0"
"POINT (8.710462322000069 50.120111351000048)","Unfall 173985 (2021) Kat:3, Licht: 0","173985","3","2","5","09","10","2","","0","0","1","0","0"
"POINT (8.674674507000077 50.111723552000058)","Unfall 173987 (2021) Kat:3, Licht: 0","173987","3","3","5","09","14","5","","0","0","1","0","0"
"POINT (8.692754843000046 50.098919693000028)","Unfall 173992 (2021) Kat:3, Licht: 0","173992","3","7","0","07","07","6","","0","1","0","0","0"
"POINT (8.696289148000062 50.091776429000049)","Unfall 173995 (2021) Kat:3, Licht: 0","173995","3","3","5","09","18","7","","0","1","1","0","0"
"POINT (8.651429749000044 50.122428964000051)","Unfall 173996 (2021) Kat:3, Licht: 0","173996","3","6","3","08","06","5","","0","1","0","0","0"
"POINT (8.687371192000057 50.101888921000068)","Unfall 174002 (2021) Kat:3, Licht: 0","174002","3","6","2","07","13","4","","0","0","1","0","0"
"POINT (8.670463963000032 50.121381064000047)","Unfall 174005 (2021) Kat:2, Licht: 0","174005","2","6","2","08","12","4","","0","0","1","0","1"
"POINT (8.667831752000041 50.110352462000037)","Unfall 174007 (2021) Kat:3, Licht: 0","174007","3","7","6","09","10","6","","0","0","1","1","0"
"POINT (8.684920831000056 50.099670099000036)","Unfall 174009 (2021) Kat:3, Licht: 0","174009","3","7","0","09","13","1","","0","1","1","0","0"
"POINT (8.684206731000074 50.131530787000031)","Unfall 174016 (2021) Kat:3, Licht: 0","174016","3","2","0","08","07","2","","0","1","0","0","0"
"POINT (8.694634553000071 50.128429382000036)","Unfall 174017 (2021) Kat:2, Licht: 2","174017","2","1","0","09","03","6","","2","0","0","0","0"
"POINT (8.642729166000038 50.174862951000080)","Unfall 174021 (2021) Kat:3, Licht: 1","174021","3","3","5","09","06","3","","1","0","0","0","1"
"POINT (8.763186101000031 50.122806682000032)","Unfall 174023 (2021) Kat:3, Licht: 0","174023","3","4","6","08","12","1","","0","1","0","1","0"
"POINT (8.675937749000070 50.111017196000034)","Unfall 174025 (2021) Kat:3, Licht: 2","174025","3","4","6","07","23","5","","2","1","0","1","0"
"POINT (8.655947492000053 50.116451751000056)","Unfall 174030 (2021) Kat:3, Licht: 2","174030","3","1","8","07","00","6","","2","0","1","0","0"
"POINT (8.672996825000041 50.131727811000076)","Unfall 174038 (2021) Kat:3, Licht: 0","174038","3","2","3","09","18","2","","0","1","1","0","0"
"POINT (8.579144658000075 50.052444133000051)","Unfall 174039 (2021) Kat:3, Licht: 0","174039","3","6","3","08","08","4","","0","0","1","0","0"
"POINT (8.668636307000043 50.109559473000047)","Unfall 174040 (2021) Kat:3, Licht: 2","174040","3","5","1","07","21","4","","2","0","1","0","0"
"POINT (8.692094837000070 50.118601591000072)","Unfall 174041 (2021) Kat:3, Licht: 2","174041","3","7","0","08","01","5","","2","0","0","0","0"
"POINT (8.671495803000028 50.087692142000037)","Unfall 174049 (2021) Kat:3, Licht: 0","174049","3","3","5","08","14","2","","0","0","1","0","0"
"POINT (8.692544492000025 50.105535690000067)","Unfall 174067 (2021) Kat:3, Licht: 0","174067","3","7","6","09","16","2","","0","0","0","1","0"
"POINT (8.755897896000022 50.146033987000067)","Unfall 174072 (2021) Kat:3, Licht: 0","174072","3","1","8","07","19","1","","0","0","1","0","0"
"POINT (8.675765530000035 50.107523989000072)","Unfall 174079 (2021) Kat:3, Licht: 0","174079","3","3","5","07","10","5","","0","0","1","0","0"
"POINT (8.606093830000077 50.052238962000047)","Unfall 174085 (2021) Kat:3, Licht: 0","174085","3","1","9","07","14","6","","0","0","1","0","0"
"POINT (8.618766578000077 50.149553921000063)","Unfall 174089 (2021) Kat:3, Licht: 0","174089","3","3","5","08","08","5","","0","1","1","0","0"
"POINT (8.679136570000026 50.112942445000044)","Unfall 174092 (2021) Kat:3, Licht: 0","174092","3","6","3","09","17","4","","0","1","0","0","0"
"POINT (8.709443199000077 50.109561262000057)","Unfall 174105 (2021) Kat:3, Licht: 0","174105","3","7","6","09","11","2","","0","0","0","1","0"
"POINT (8.757286109000063 50.151492116000043)","Unfall 174113 (2021) Kat:3, Licht: 0","174113","3","3","0","09","15","1","","0","1","1","0","0"
"POINT (8.746487721000051 50.130091430000050)","Unfall 174116 (2021) Kat:3, Licht: 0","174116","3","3","5","08","09","5","","0","0","0","0","0"
"POINT (8.628732828000068 50.087784033000048)","Unfall 174117 (2021) Kat:3, Licht: 0","174117","3","6","2","09","17","7","","0","0","1","0","0"
"POINT (8.642191155000035 50.085035860000062)","Unfall 174128 (2021) Kat:3, Licht: 0","174128","3","1","1","07","17","7","","0","1","1","0","0"
"POINT (8.509115890000032 50.087392570000077)","Unfall 174129 (2021) Kat:2, Licht: 0","174129","2","1","9","09","13","1","","0","0","0","0","1"
"POINT (8.691904931000067 50.104295716000081)","Unfall 174138 (2021) Kat:3, Licht: 0","174138","3","6","2","09","14","4","","0","1","0","0","0"
"POINT (8.618838176000054 50.170748048000064)","Unfall 174147 (2021) Kat:3, Licht: 0","174147","3","6","3","09","08","5","","0","1","0","0","0"
"POINT (8.635583137000026 50.113382722000040)","Unfall 174152 (2021) Kat:3, Licht: 0","174152","3","7","1","07","17","2","","0","1","1","0","0"
"POINT (8.685716514000035 50.118335749000039)","Unfall 174163 (2021) Kat:2, Licht: 0","174163","2","2","6","09","13","3","","0","0","1","1","0"
"POINT (8.676318656000035 50.111341124000035)","Unfall 174166 (2021) Kat:3, Licht: 0","174166","3","5","1","08","19","6","","0","1","1","0","0"
"POINT (8.649214613000026 50.098814752000067)","Unfall 174179 (2021) Kat:3, Licht: 0","174179","3","1","0","09","06","2","","0","1","0","0","0"
"POINT (8.666252213000064 50.111649379000028)","Unfall 174184 (2021) Kat:3, Licht: 0","174184","3","2","3","08","17","4","","0","1","1","0","0"
"POINT (8.671433906000061 50.105277972000067)","Unfall 174185 (2021) Kat:3, Licht: 0","174185","3","6","3","08","17","7","","0","1","0","0","0"
"POINT (8.700901989000045 50.117369539000038)","Unfall 174187 (2021) Kat:3, Licht: 2","174187","3","2","3","08","19","2","","2","1","1","0","0"
"POINT (8.557972771000038 50.106912240000042)","Unfall 174188 (2021) Kat:3, Licht: 0","174188","3","6","6","09","10","1","","0","0","1","1","0"
"POINT (8.681640953000056 50.153616354000064)","Unfall 174193 (2021) Kat:3, Licht: 0","174193","3","5","1","08","11","2","","0","1","1","0","0"
"POINT (8.648951711000052 50.136601625000026)","Unfall 174194 (2021) Kat:2, Licht: 0","174194","2","3","8","09","18","3","","0","0","1","0","1"
"POINT (8.691986747000044 50.125418906000050)","Unfall 174196 (2021) Kat:3, Licht: 0","174196","3","3","5","07","08","7","","0","0","0","0","0"
"POINT (8.564163157000053 50.050786850000065)","Unfall 174199 (2021) Kat:3, Licht: 2","174199","3","6","3","09","21","5","","2","0","1","0","0"
"POINT (8.688663200000065 50.105707979000044)","Unfall 174200 (2021) Kat:3, Licht: 0","174200","3","7","4","08","16","4","","0","1","1","0","0"
"POINT (8.564989566000065 50.124869530000069)","Unfall 174202 (2021) Kat:3, Licht: 0","174202","3","7","6","09","15","6","","0","0","1","1","0"
"POINT (8.642863645000034 50.118961173000059)","Unfall 174211 (2021) Kat:3, Licht: 2","174211","3","1","8","09","20","6","","2","0","1","0","0"
"POINT (8.537825939000072 50.104621383000051)","Unfall 174212 (2021) Kat:3, Licht: 2","174212","3","3","0","07","00","7","","2","0","1","0","1"
"POINT (8.544016937000038 50.105633498000032)","Unfall 174214 (2021) Kat:3, Licht: 0","174214","3","3","5","09","17","7","","0","1","1","0","0"
"POINT (8.527955670000040 50.109910344000070)","Unfall 174215 (2021) Kat:3, Licht: 0","174215","3","5","1","08","17","7","","0","1","1","0","0"
"POINT (8.686246667000034 50.120330797000065)","Unfall 174226 (2021) Kat:2, Licht: 0","174226","2","7","0","07","18","6","","0","1","0","0","0"
"POINT (8.707353641000054 50.060611142000027)","Unfall 174229 (2021) Kat:3, Licht: 0","174229","3","7","0","09","16","7","","0","1","0","0","0"
"POINT (8.663373501000024 50.105541920000064)","Unfall 174231 (2021) Kat:3, Licht: 0","174231","3","4","6","08","11","7","","0","0","0","1","0"
"POINT (8.754395635000037 50.119947433000050)","Unfall 174236 (2021) Kat:3, Licht: 0","174236","3","2","5","07","18","3","","0","0","1","0","0"
"POINT (8.669876406000071 50.113981869000042)","Unfall 174239 (2021) Kat:3, Licht: 0","174239","3","6","2","08","15","2","","0","0","1","0","1"
"POINT (8.670508303000076 50.097187966000035)","Unfall 174242 (2021) Kat:3, Licht: 0","174242","3","6","2","08","09","1","","0","0","1","0","0"
"POINT (8.681458233000058 50.114158678000081)","Unfall 174248 (2021) Kat:3, Licht: 0","174248","3","7","6","09","16","3","","0","1","0","1","0"
"POINT (8.707463852000046 50.125960695000060)","Unfall 174265 (2021) Kat:3, Licht: 1","174265","3","7","6","08","05","4","","1","0","0","1","0"
"POINT (8.753314585000055 50.155191544000047)","Unfall 174266 (2021) Kat:3, Licht: 2","174266","3","7","6","10","01","3","","2","0","1","1","0"
"POINT (8.691972688000021 50.127445943000055)","Unfall 174268 (2021) Kat:3, Licht: 0","174268","3","2","3","10","08","3","","0","1","1","0","0"
"POINT (8.753421036000077 50.132682938000073)","Unfall 174270 (2021) Kat:3, Licht: 0","174270","3","6","2","11","15","5","","0","0","0","0","0"
"POINT (8.631852883000022 50.114777783000079)","Unfall 174277 (2021) Kat:3, Licht: 0","174277","3","6","2","10","14","7","","0","0","1","0","0"
"POINT (8.574946426000054 50.103063145000078)","Unfall 174283 (2021) Kat:3, Licht: 0","174283","3","1","0","10","12","5","","0","0","1","0","0"
"POINT (8.622428445000025 50.108062965000045)","Unfall 174285 (2021) Kat:3, Licht: 0","174285","3","3","5","10","14","4","","0","0","1","0","0"
"POINT (8.641856451000024 50.195612331000063)","Unfall 174287 (2021) Kat:2, Licht: 0","174287","2","3","5","10","16","6","","0","0","0","0","1"
"POINT (8.656762711000056 50.119750229000033)","Unfall 174290 (2021) Kat:3, Licht: 0","174290","3","3","5","11","14","7","","0","0","1","0","0"
"POINT (8.679272957000023 50.103742528000055)","Unfall 174295 (2021) Kat:3, Licht: 1","174295","3","7","3","09","19","4","","1","1","1","0","0"
"POINT (8.666932297000074 50.109260349000067)","Unfall 174296 (2021) Kat:3, Licht: 2","174296","3","3","3","11","16","7","","2","1","1","0","0"
"POINT (8.676262743000052 50.111293575000047)","Unfall 174297 (2021) Kat:3, Licht: 0","174297","3","6","3","10","13","2","","0","0","1","0","1"
"POINT (8.584757962000026 50.086834191000037)","Unfall 174299 (2021) Kat:3, Licht: 0","174299","3","4","6","11","13","5","","0","0","1","1","0"
"POINT (8.637782255000047 50.162550106000026)","Unfall 174303 (2021) Kat:3, Licht: 0","174303","3","2","5","10","13","5","","0","1","0","0","1"
"POINT (8.689448319000064 50.110222849000081)","Unfall 174306 (2021) Kat:3, Licht: 0","174306","3","6","3","10","13","6","","0","1","0","0","1"
"POINT (8.670449668000060 50.121445081000047)","Unfall 174311 (2021) Kat:3, Licht: 0","174311","3","7","1","10","09","5","","0","1","1","0","0"
"POINT (8.678599402000032 50.104509122000081)","Unfall 174313 (2021) Kat:2, Licht: 2","174313","2","1","0","11","02","1","","2","0","0","0","0"
"POINT (8.670940600000051 50.107295660000034)","Unfall 174314 (2021) Kat:2, Licht: 1","174314","2","4","6","10","07","3","","1","0","1","1","0"
"POINT (8.686356488000058 50.122996262000072)","Unfall 174322 (2021) Kat:3, Licht: 2","174322","3","2","6","11","20","2","","2","0","1","1","0"
"POINT (8.607156232000023 50.093179095000039)","Unfall 174328 (2021) Kat:3, Licht: 2","174328","3","3","5","09","00","5","","2","1","1","0","0"
"POINT (8.664708659000041 50.123350920000064)","Unfall 174331 (2021) Kat:3, Licht: 2","174331","3","2","1","11","02","7","","2","0","1","0","0"
"POINT (8.712222220000058 50.131782374000068)","Unfall 174338 (2021) Kat:3, Licht: 2","174338","3","7","1","10","01","7","","2","0","1","0","0"
"POINT (8.690095135000035 50.102712321000070)","Unfall 174340 (2021) Kat:3, Licht: 1","174340","3","5","1","11","17","5","","1","0","1","0","0"
"POINT (8.579034110000066 50.087962770000047)","Unfall 174353 (2021) Kat:3, Licht: 2","174353","3","7","6","10","04","7","","2","0","1","1","0"
"POINT (8.723621760000071 50.100903750000043)","Unfall 174358 (2021) Kat:3, Licht: 0","174358","3","6","2","10","13","1","","0","0","0","0","1"
"POINT (8.759712033000028 50.150511359000063)","Unfall 174361 (2021) Kat:3, Licht: 0","174361","3","6","2","09","17","4","","0","0","1","0","0"
"POINT (8.676582320000023 50.116334172000052)","Unfall 174367 (2021) Kat:3, Licht: 1","174367","3","4","6","10","19","7","","1","0","1","1","0"
"POINT (8.658407184000055 50.103144437000026)","Unfall 174375 (2021) Kat:3, Licht: 0","174375","3","2","3","09","19","3","","0","1","1","0","0"
"POINT (8.752934609000022 50.129989273000035)","Unfall 174382 (2021) Kat:2, Licht: 0","174382","2","2","2","10","09","3","","0","0","1","0","0"
"POINT (8.668133556000043 50.135910248000073)","Unfall 174384 (2021) Kat:3, Licht: 1","174384","3","5","0","10","17","3","","1","1","1","0","0"
"POINT (8.646368580000058 50.124290543000029)","Unfall 174391 (2021) Kat:3, Licht: 0","174391","3","5","1","09","14","3","","0","1","1","0","0"
"POINT (8.674938376000057 50.109203867000076)","Unfall 174396 (2021) Kat:3, Licht: 1","174396","3","3","5","11","19","4","","1","1","0","0","0"
"POINT (8.705346705000068 50.126245628000049)","Unfall 174401 (2021) Kat:3, Licht: 0","174401","3","7","1","11","14","3","","0","1","1","0","0"
"POINT (8.687370456000053 50.163669930000026)","Unfall 174409 (2021) Kat:3, Licht: 0","174409","3","3","5","11","10","2","","0","1","0","0","0"
"POINT (8.656486961000041 50.116414758000076)","Unfall 174411 (2021) Kat:2, Licht: 2","174411","2","7","1","10","02","1","","2","0","1","0","0"
"POINT (8.676220958000044 50.116248309000071)","Unfall 174439 (2021) Kat:3, Licht: 2","174439","3","2","3","11","18","3","","2","0","1","0","1"
"POINT (8.686307077000038 50.098080332000052)","Unfall 174441 (2021) Kat:3, Licht: 0","174441","3","6","6","10","12","1","","0","0","0","1","0"
"POINT (8.660268890000054 50.160929973000066)","Unfall 174443 (2021) Kat:3, Licht: 0","174443","3","3","5","09","15","5","","0","1","0","0","0"
"POINT (8.620409476000077 50.180489190000060)","Unfall 174448 (2021) Kat:3, Licht: 0","174448","3","3","5","10","16","3","","0","1","1","0","0"
"POINT (8.663343899000040 50.111573030000045)","Unfall 174453 (2021) Kat:3, Licht: 2","174453","3","1","9","11","19","3","","2","0","1","0","0"
"POINT (8.553441651000071 50.100993554000070)","Unfall 174455 (2021) Kat:2, Licht: 0","174455","2","3","5","10","15","1","","0","1","1","0","0"
"POINT (8.654799467000032 50.109190818000059)","Unfall 174459 (2021) Kat:3, Licht: 0","174459","3","7","5","10","10","2","","0","0","1","0","0"
"POINT (8.699930286000040 50.122297627000080)","Unfall 174462 (2021) Kat:3, Licht: 1","174462","3","5","1","11","07","2","","1","1","0","0","0"
"POINT (8.659616567000057 50.119100658000036)","Unfall 174463 (2021) Kat:3, Licht: 0","174463","3","3","5","10","16","4","","0","1","1","0","0"
"POINT (8.682700658000044 50.146190140000044)","Unfall 174466 (2021) Kat:3, Licht: 0","174466","3","3","5","09","08","4","","0","0","1","0","1"
"POINT (8.695122330000061 50.060105091000025)","Unfall 174468 (2021) Kat:2, Licht: 0","174468","2","6","2","10","13","1","","0","1","0","0","0"
"POINT (8.670274323000058 50.122113269000067)","Unfall 174471 (2021) Kat:3, Licht: 2","174471","3","5","1","10","21","6","","2","1","1","0","0"
"POINT (8.684189012000047 50.118012478000026)","Unfall 174472 (2021) Kat:3, Licht: 0","174472","3","6","2","10","11","3","","0","0","1","0","0"
"POINT (8.664361587000030 50.109736495000050)","Unfall 174480 (2021) Kat:3, Licht: 0","174480","3","3","5","11","14","3","","0","0","1","0","0"
"POINT (8.699553199000036 50.156546457000047)","Unfall 174486 (2021) Kat:3, Licht: 2","174486","3","7","0","10","03","6","","2","0","1","0","0"
"POINT (8.659200579000071 50.144889442000078)","Unfall 174487 (2021) Kat:3, Licht: 1","174487","3","1","0","11","07","3","","1","0","0","0","1"
"POINT (8.656438842000057 50.113582869000027)","Unfall 174490 (2021) Kat:3, Licht: 0","174490","3","3","5","10","08","6","","0","1","1","0","0"
"POINT (8.678632741000058 50.122154058000035)","Unfall 174494 (2021) Kat:3, Licht: 2","174494","3","3","5","11","22","7","","2","0","1","0","0"
"POINT (8.687590559000057 50.109597604000044)","Unfall 174495 (2021) Kat:3, Licht: 0","174495","3","2","4","10","14","4","","0","0","1","0","0"
"POINT (8.694277137000029 50.154825175000042)","Unfall 174496 (2021) Kat:3, Licht: 1","174496","3","6","2","11","17","2","","1","0","1","0","0"
"POINT (8.665454549000060 50.107633351000061)","Unfall 174500 (2021) Kat:3, Licht: 0","174500","3","1","6","11","16","7","","0","0","0","1","0"
"POINT (8.704135008000037 50.127806458000066)","Unfall 174508 (2021) Kat:3, Licht: 0","174508","3","3","5","10","14","3","","0","1","1","0","0"
"POINT (8.631955943000037 50.084637420000035)","Unfall 174511 (2021) Kat:3, Licht: 0","174511","3","3","5","09","15","4","","0","1","1","0","0"
"POINT (8.644433533000040 50.122978058000058)","Unfall 174516 (2021) Kat:3, Licht: 2","174516","3","3","5","10","19","6","","2","1","1","0","0"
"POINT (8.696218015000056 50.117333089000056)","Unfall 174527 (2021) Kat:2, Licht: 2","174527","2","3","5","10","18","5","","2","1","1","0","0"
"POINT (8.634485555000026 50.077971173000037)","Unfall 174534 (2021) Kat:3, Licht: 1","174534","3","1","0","10","19","6","","1","1","0","0","0"
"POINT (8.681855168000027 50.141638663000037)","Unfall 174535 (2021) Kat:3, Licht: 0","174535","3","5","0","11","09","7","","0","1","1","0","0"
"POINT (8.700596169000050 50.128956119000065)","Unfall 174539 (2021) Kat:3, Licht: 2","174539","3","3","5","10","06","4","","2","1","1","0","0"
"POINT (8.701769488000025 50.123180051000077)","Unfall 174544 (2021) Kat:3, Licht: 2","174544","3","4","0","11","18","6","","2","1","0","1","0"
"POINT (8.680725744000028 50.117250938000041)","Unfall 174545 (2021) Kat:3, Licht: 2","174545","3","6","3","10","01","7","","2","1","1","0","0"
"POINT (8.731057945000032 50.098949169000036)","Unfall 174548 (2021) Kat:3, Licht: 0","174548","3","1","0","10","16","7","","0","0","0","0","0"
"POINT (8.614974582000059 50.104363043000035)","Unfall 174550 (2021) Kat:2, Licht: 1","174550","2","5","1","10","18","2","","1","1","1","0","0"
"POINT (8.668502744000023 50.103539812000065)","Unfall 174554 (2021) Kat:3, Licht: 2","174554","3","6","3","12","18","4","","2","0","1","0","0"
"POINT (8.674151593000033 50.107579583000074)","Unfall 174556 (2021) Kat:2, Licht: 1","174556","2","1","0","11","16","3","","1","1","0","0","0"
"POINT (8.631183290000024 50.105408342000032)","Unfall 174565 (2021) Kat:3, Licht: 0","174565","3","7","6","11","13","2","","0","0","1","1","0"
"POINT (8.710074500000076 50.118292384000029)","Unfall 174566 (2021) Kat:3, Licht: 0","174566","3","3","5","10","12","6","","0","0","1","0","0"
"POINT (8.680380309000043 50.100708945000065)","Unfall 174574 (2021) Kat:3, Licht: 0","174574","3","3","5","11","10","3","","0","0","1","0","0"
"POINT (8.634035703000052 50.098960995000027)","Unfall 174578 (2021) Kat:3, Licht: 1","174578","3","2","3","10","07","2","","1","1","0","0","0"
"POINT (8.718960412000058 50.123110142000030)","Unfall 174584 (2021) Kat:3, Licht: 0","174584","3","6","0","10","15","6","","0","0","0","0","1"
"POINT (8.685796491000076 50.104530294000028)","Unfall 174591 (2021) Kat:3, Licht: 0","174591","3","7","0","10","08","3","","0","1","1","0","0"
"POINT (8.702662498000052 50.119056423000075)","Unfall 174598 (2021) Kat:3, Licht: 0","174598","3","3","5","09","11","2","","0","0","0","0","0"
"POINT (8.724123471000041 50.127085410000063)","Unfall 174601 (2021) Kat:2, Licht: 0","174601","2","3","5","10","13","7","","0","0","1","0","0"
"POINT (8.767463272000043 50.128983659000028)","Unfall 174609 (2021) Kat:3, Licht: 0","174609","3","1","0","10","15","4","","0","1","0","0","0"
"POINT (8.628538001000038 50.167799713000079)","Unfall 174619 (2021) Kat:3, Licht: 0","174619","3","1","0","10","13","1","","0","1","0","0","0"
"POINT (8.646083110000063 50.137016893000066)","Unfall 174625 (2021) Kat:3, Licht: 0","174625","3","6","3","11","12","6","","0","1","1","0","0"
"POINT (8.692993739000030 50.113172079000037)","Unfall 174629 (2021) Kat:3, Licht: 2","174629","3","7","2","11","23","5","","2","0","1","0","1"
"POINT (8.679581554000038 50.094338660000062)","Unfall 174630 (2021) Kat:3, Licht: 2","174630","3","7","0","10","19","7","","2","1","0","0","0"
"POINT (8.673379098000055 50.113067898000054)","Unfall 174635 (2021) Kat:3, Licht: 0","174635","3","3","5","09","13","4","","0","1","1","0","0"
"POINT (8.685852237000063 50.117294331000039)","Unfall 174641 (2021) Kat:3, Licht: 2","174641","3","5","1","10","23","7","","2","0","1","0","0"
"POINT (8.686973430000023 50.126723047000041)","Unfall 174645 (2021) Kat:3, Licht: 0","174645","3","6","3","10","11","7","","0","0","1","0","1"
"POINT (8.678459928000052 50.104667900000038)","Unfall 174646 (2021) Kat:2, Licht: 0","174646","2","6","0","11","13","1","","0","0","1","0","0"
"POINT (8.705653152000025 50.131471460000057)","Unfall 174649 (2021) Kat:3, Licht: 0","174649","3","6","5","09","07","2","","0","0","1","0","0"
"POINT (8.743545408000045 50.131928495000068)","Unfall 174651 (2021) Kat:3, Licht: 0","174651","3","7","6","10","14","7","","0","0","0","1","0"
"POINT (8.661139287000026 50.109744250000062)","Unfall 174653 (2021) Kat:3, Licht: 2","174653","3","6","2","10","23","3","","2","0","1","0","0"
"POINT (8.684236730000066 50.142056393000075)","Unfall 174654 (2021) Kat:3, Licht: 2","174654","3","4","6","11","18","5","","2","0","1","1","0"
"POINT (8.695635783000057 50.112085915000080)","Unfall 174655 (2021) Kat:3, Licht: 0","174655","3","1","0","10","16","4","","0","1","0","0","0"
"POINT (8.683171782000045 50.118819428000052)","Unfall 174659 (2021) Kat:3, Licht: 1","174659","3","6","2","11","16","3","","1","0","1","0","1"