WKT,Name,OBJECTID,UKATEGORIE,UTYP1,UART,UMONAT,USTUNDE,UWOCHENTAG,STRZUSTAND,ULICHTVERH,ISTRAD,ISTPKW,ISTFUSS,ISTKRAD
"POINT (8.606626545000040 50.123199124000053)","Unfall 174660 (2021) Kat:3, Licht: 2","174660","3","2","1","10","06","2","","2","0","1","0","0"
"POINT (8.668101477000050 50.119227233000061)","Unfall 174661 (2021) Kat:3, Licht: 2","174661","3","3","5","10","20","1","","2","0","1","0","0"
"POINT (8.643338019000055 50.121371342000032)","Unfall 174665 (2021) Kat:3, Licht: 2","174665","3","2","6","11","07","3","","2","0","1","1","0"
"POINT (8.681210091000025 50.094855896000070)","Unfall 174668 (2021) Kat:3, Licht: 0","174668","3","5","3","11","14","2","","0","1","1","0","0"
"POINT (8.680314803000044 50.113904511000044)","Unfall 174669 (2021) Kat:3, Licht: 0","174669","3","7","6","10","14","4","","0","0","0","1","0"
"POINT (8.675243964000060 50.113840659000061)","Unfall 174678 (2021) Kat:3, Licht: 2","174678","3","6","2","10","22","3","","2","1","1","0","0"
"POINT (8.599743933000070 50.107645876000049)","Unfall 174680 (2021) Kat:3, Licht: 2","174680","3","1","9","10","00","7","","2","0","1","0","0"
"POINT (8.695094543000039 50.118052653000063)","Unfall 174681 (2021) Kat:3, Licht: 0","174681","3","3","5","11","12","5","","0","1","0","0","1"
"POINT (8.646790698000075 50.113930061000076)","Unfall 174682 (2021) Kat:3, Licht: 2","174682","3","6","2","12","17","4","","2","0","1","0","0"
"POINT (8.646933890000071 50.136968258000081)","Unfall 174688 (2021) Kat:3, Licht: 2","174688","3","5","1","10","18","5","","2","1","1","0","0"
"POINT (8.674677218000056 50.115881415000047)","Unfall 174693 (2021) Kat:3, Licht: 2","174693","3","6","3","10","21","4","","2","0","1","0","0"
"POINT (8.698921682000048 50.130614541000057)","Unfall 174695 (2021) Kat:3, Licht: 2","174695","3","2","6","10","21","6","","2","1","0","1","0"
"POINT (8.680768967000063 50.137362237000048)","Unfall 174696 (2021) Kat:2, Licht: 1","174696","2","1","0","11","07","6","","1","1","0","0","0"
"POINT (8.632942169000046 50.108695608000062)","Unfall 174705 (2021) Kat:3, Licht: 2","174705","3","6","1","10","20","4","","2","1","1","0","0"
"POINT (8.640205237000032 50.114529001000051)","Unfall 174710 (2021) Kat:3, Licht: 0","174710","3","6","2","11","14","7","","0","0","1","0","0"
"POINT (8.692470403000073 50.109374231000061)","Unfall 174717 (2021) Kat:3, Licht: 2","174717","3","6","2","10","00","1","","2","0","1","0","0"
"POINT (8.741420679000043 50.129197529000066)","Unfall 174723 (2021) Kat:3, Licht: 0","174723","3","3","5","11","12","6","","0","1","1","0","0"
"POINT (8.689299539000046 50.109500065000077)","Unfall 174725 (2021) Kat:3, Licht: 0","174725","3","2","5","11","14","6","","0","1","1","0","0"
"POINT (8.625119907000055 50.105555337000055)","Unfall 174731 (2021) Kat:3, Licht: 1","174731","3","4","6","10","18","1","","1","0","1","1","0"
"POINT (8.687688398000034 50.102001958000074)","Unfall 174732 (2021) Kat:3, Licht: 0","174732","3","6","3","10","09","5","","0","1","1","0","0"
"POINT (8.709295215000054 50.119342338000081)","Unfall 174733 (2021) Kat:3, Licht: 2","174733","3","7","0","10","22","2","","2","0","0","0","1"
"POINT (8.545757005000041 50.100385487000040)","Unfall 174735 (2021) Kat:3, Licht: 0","174735","3","2","6","11","12","2","","0","0","1","1","0"
"POINT (8.685629630000051 50.118358442000044)","Unfall 174740 (2021) Kat:2, Licht: 2","174740","2","1","0","11","02","1","","2","0","0","0","0"
"POINT (8.624451787000055 50.078715293000073)","Unfall 174749 (2021) Kat:3, Licht: 0","174749","3","5","1","09","08","4","","0","0","1","0","0"
"POINT (8.613942430000066 50.127264931000070)","Unfall 174762 (2021) Kat:1, Licht: 0","174762","1","3","5","11","09","6","","0","1","0","0","1"
"POINT (8.550763370000027 50.101776255000061)","Unfall 174764 (2021) Kat:3, Licht: 0","174764","3","3","0","11","12","6","","0","0","0","0","0"
"POINT (8.679728623000074 50.119521079000037)","Unfall 174765 (2021) Kat:3, Licht: 0","174765","3","5","1","11","11","5","","0","1","1","0","0"
"POINT (8.652864836000049 50.081102678000036)","Unfall 174767 (2021) Kat:3, Licht: 2","174767","3","6","3","10","18","6","","2","1","1","0","0"
"POINT (8.607408787000054 50.090804272000071)","Unfall 174774 (2021) Kat:3, Licht: 2","174774","3","3","5","11","18","5","","2","0","1","0","1"
"POINT (8.675286258000028 50.110324781000031)","Unfall 174784 (2021) Kat:3, Licht: 0","174784","3","3","5","10","08","2","","0","1","1","0","0"
"POINT (8.664305409000065 50.110868344000039)","Unfall 174787 (2021) Kat:3, Licht: 0","174787","3","6","2","11","13","7","","0","0","1","0","0"
"POINT (8.664946968000038 50.109236964000047)","Unfall 174791 (2021) Kat:3, Licht: 0","174791","3","4","6","10","13","2","","0","0","0","1","0"
"POINT (8.663566270000047 50.104815955000049)","Unfall 174792 (2021) Kat:3, Licht: 2","174792","3","5","0","10","21","7","","2","1","1","0","0"
"POINT (8.660879272000045 50.109499213000049)","Unfall 174798 (2021) Kat:3, Licht: 2","174798","3","2","5","11","22","6","","2","0","1","0","0"
"POINT (8.679315811000038 50.111756398000068)","Unfall 174799 (2021) Kat:2, Licht: 2","174799","2","3","5","10","02","7","","2","0","1","0","0"
"POINT (8.692750027000045 50.111830697000073)","Unfall 174807 (2021) Kat:3, Licht: 0","174807","3","7","6","11","10","4","","0","0","1","1","0"
"POINT (8.628286608000053 50.176562087000036)","Unfall 174809 (2021) Kat:3, Licht: 2","174809","3","7","6","12","16","4","","2","0","0","1","0"
"POINT (8.682591996000042 50.109147433000032)","Unfall 174820 (2021) Kat:3, Licht: 2","174820","3","7","0","10","03","1","","2","0","0","0","0"
"POINT (8.687942776000057 50.112633333000076)","Unfall 174826 (2021) Kat:3, Licht: 0","174826","3","2","3","12","12","4","","0","1","0","0","0"
"POINT (8.687785451000025 50.114304750000031)","Unfall 174827 (2021) Kat:3, Licht: 2","174827","3","6","2","10","20","5","","2","0","1","0","0"
"POINT (8.669999910000058 50.113823014000047)","Unfall 174829 (2021) Kat:2, Licht: 0","174829","2","3","0","10","09","3","","0","1","0","0","0"
"POINT (8.702464093000060 50.122597693000046)","Unfall 174831 (2021) Kat:3, Licht: 0","174831","3","2","5","11","11","3","","0","1","0","0","0"
"POINT (8.536408928000071 50.105129901000055)","Unfall 174832 (2021) Kat:3, Licht: 0","174832","3","6","4","09","09","5","","0","1","1","0","0"
"POINT (8.584496063000074 50.133469131000027)","Unfall 174834 (2021) Kat:3, Licht: 2","174834","3","6","2","11","18","4","","2","0","1","0","0"
"POINT (8.542422519000070 50.099112927000078)","Unfall 174837 (2021) Kat:3, Licht: 2","174837","3","3","5","10","18","3","","2","1","1","0","0"
"POINT (8.639399592000075 50.120493207000038)","Unfall 174849 (2021) Kat:3, Licht: 2","174849","3","1","1","11","17","7","","2","0","1","0","0"
"POINT (8.538644435000037 50.103150021000033)","Unfall 174850 (2021) Kat:3, Licht: 0","174850","3","2","0","09","13","3","","0","0","1","0","0"
"POINT (8.693298376000030 50.151869554000029)","Unfall 174856 (2021) Kat:3, Licht: 2","174856","3","3","5","11","17","3","","2","0","1","0","0"
"POINT (8.639658829000041 50.120551631000069)","Unfall 174865 (2021) Kat:3, Licht: 0","174865","3","7","6","10","16","6","","0","0","0","1","1"
"POINT (8.642957327000033 50.091337851000048)","Unfall 174867 (2021) Kat:3, Licht: 0","174867","3","6","2","09","08","5","","0","0","1","0","0"
"POINT (8.684523309000042 50.097019510000052)","Unfall 174868 (2021) Kat:3, Licht: 2","174868","3","2","5","11","19","6","","2","1","0","0","0"
"POINT (8.551566370000046 50.115087673000062)","Unfall 174869 (2021) Kat:3, Licht: 0","174869","3","3","5","10","17","2","","0","0","1","0","0"
"POINT (8.689870167000038 50.151131807000070)","Unfall 174870 (2021) Kat:3, Licht: 0","174870","3","3","5","11","14","2","","0","0","1","0","0"
"POINT (8.620456468000043 50.084156228000040)","Unfall 174871 (2021) Kat:3, Licht: 2","174871","3","6","2","10","07","2","","2","0","1","0","0"
"POINT (8.673451336000028 50.107381686000053)","Unfall 174873 (2021) Kat:3, Licht: 2","174873","3","3","0","11","18","1","","2","0","1","0","0"
"POINT (8.688609814000074 50.105724578000036)","Unfall 174875 (2021) Kat:3, Licht: 2","174875","3","6","4","10","20","1","","2","0","1","0","0"
"POINT (8.758133004000058 50.133033022000063)","Unfall 174883 (2021) Kat:3, Licht: 0","174883","3","3","5","11","13","2","","0","1","1","0","0"
"POINT (8.717085862000033 50.130030295000040)","Unfall 174889 (2021) Kat:3, Licht: 0","174889","3","3","0","10","14","1","","0","1","1","0","0"
"POINT (8.654916392000075 50.094871897000075)","Unfall 174893 (2021) Kat:2, Licht: 0","174893","2","3","5","10","13","4","","0","1","0","0","0"
"POINT (8.676642212000047 50.114559743000029)","Unfall 174895 (2021) Kat:3, Licht: 0","174895","3","2","1","10","16","7","","0","0","1","0","0"
"POINT (8.716647034000061 50.132192327000041)","Unfall 174902 (2021) Kat:3, Licht: 1","174902","3","6","2","10","19","7","","1","0","1","0","0"
"POINT (8.656334625000056 50.154170715000078)","Unfall 174909 (2021) Kat:3, Licht: 0","174909","3","3","5","10","07","4","","0","0","1","0","1"
"POINT (8.584556201000055 50.082638212000063)","Unfall 174916 (2021) Kat:2, Licht: 2","174916","2","7","9","11","05","7","","2","0","1","0","0"
"POINT (8.680444529000056 50.096100741000043)","Unfall 174917 (2021) Kat:3, Licht: 2","174917","3","6","3","10","19","3","","2","1","0","0","0"
"POINT (8.635150082000052 50.108217952000075)","Unfall 174918 (2021) Kat:3, Licht: 0","174918","3","3","5","11","08","2","","0","1","1","0","0"
"POINT (8.669153964000031 50.197081712000056)","Unfall 174928 (2021) Kat:3, Licht: 0","174928","3","3","5","10","12","3","","0","0","1","0","0"
"POINT (8.630960961000028 50.160750240000027)","Unfall 174931 (2021) Kat:3, Licht: 2","174931","3","4","6","12","18","4","","2","0","1","1","0"
"POINT (8.684837898000069 50.116214721000063)","Unfall 174932 (2021) Kat:3, Licht: 0","174932","3","7","1","10","11","6","","0","0","1","0","0"
"POINT (8.679360614000075 50.114050535000047)","Unfall 174936 (2021) Kat:3, Licht: 2","174936","3","7","0","10","22","1","","2","0","0","0","0"
"POINT (8.635503353000047 50.157430181000052)","Unfall 174940 (2021) Kat:3, Licht: 0","174940","3","7","6","10","15","3","","0","0","1","1","0"
"POINT (8.668619775000025 50.113196276000053)","Unfall 174942 (2021) Kat:3, Licht: 2","174942","3","2","0","10","06","5","","2","1","0","0","1"
"POINT (8.689185574000021 50.150916817000052)","Unfall 174948 (2021) Kat:3, Licht: 0","174948","3","2","5","11","14","3","","0","1","1","0","0"
"POINT (8.638455955000040 50.086294611000028)","Unfall 174950 (2021) Kat:3, Licht: 2","174950","3","6","2","10","07","5","","2","1","1","0","0"
"POINT (8.592729810000037 50.082087474000048)","Unfall 174953 (2021) Kat:2, Licht: 2","174953","2","7","1","10","05","1","","2","0","1","0","0"
"POINT (8.655330920000040 50.091923536000081)","Unfall 174954 (2021) Kat:3, Licht: 0","174954","3","1","0","10","14","6","","0","0","0","0","0"
"POINT (8.675220881000030 50.110846993000052)","Unfall 174957 (2021) Kat:3, Licht: 0","174957","3","1","0","10","16","6","","0","0","0","0","1"
"POINT (8.768824908000056 50.125263838000080)","Unfall 174964 (2021) Kat:2, Licht: 0","174964","2","7","6","10","15","5","","0","0","1","1","0"
"POINT (8.652624093000043 50.079423425000073)","Unfall 174966 (2021) Kat:3, Licht: 2","174966","3","1","0","10","20","5","","2","0","0","0","0"
"POINT (8.676513182000065 50.116317742000035)","Unfall 174968 (2021) Kat:3, Licht: 2","174968","3","6","2","11","21","7","","2","0","1","0","0"
"POINT (8.633338065000032 50.102103569000064)","Unfall 174969 (2021) Kat:3, Licht: 0","174969","3","2","5","10","17","7","","0","0","1","0","0"
"POINT (8.702838394000025 50.209113400000035)","Unfall 174971 (2021) Kat:3, Licht: 0","174971","3","2","5","11","15","5","","0","0","1","0","0"
"POINT (8.686311502000024 50.115621169000065)","Unfall 174975 (2021) Kat:2, Licht: 0","174975","2","4","6","11","14","5","","0","0","0","1","0"
"POINT (8.681288892000055 50.123844661000078)","Unfall 174976 (2021) Kat:3, Licht: 0","174976","3","2","3","10","16","6","","0","1","1","0","0"
"POINT (8.621332319000032 50.165371422000078)","Unfall 174978 (2021) Kat:3, Licht: 2","174978","3","3","5","11","20","3","","2","1","1","0","0"
"POINT (8.766596660000062 50.118935770000064)","Unfall 174983 (2021) Kat:3, Licht: 0","174983","3","2","3","10","13","6","","0","1","1","0","0"
"POINT (8.542982550000033 50.114837761000047)","Unfall 174987 (2021) Kat:3, Licht: 2","174987","3","3","5","11","17","1","","2","0","1","0","1"
"POINT (8.733595288000060 50.137757402000034)","Unfall 174992 (2021) Kat:3, Licht: 0","174992","3","3","5","09","14","4","","0","0","1","0","0"
"POINT (8.654962978000071 50.077342458000032)","Unfall 175006 (2021) Kat:3, Licht: 0","175006","3","1","2","10","08","7","","0","0","1","0","0"
"POINT (8.674094247000028 50.123975561000066)","Unfall 175009 (2021) Kat:3, Licht: 2","175009","3","3","3","11","22","3","","2","0","1","0","0"
"POINT (8.674300773000027 50.128565358000060)","Unfall 175020 (2021) Kat:3, Licht: 0","175020","3","7","0","09","16","3","","0","0","1","1","0"
"POINT (8.642635573000064 50.085053710000068)","Unfall 175026 (2021) Kat:2, Licht: 0","175026","2","3","5","10","11","5","","0","1","1","0","0"
"POINT (8.670520258000067 50.099969514000065)","Unfall 175027 (2021) Kat:3, Licht: 0","175027","3","7","6","11","14","5","","0","0","0","1","0"
"POINT (8.695456265000075 50.115349096000045)","Unfall 175035 (2021) Kat:3, Licht: 0","175035","3","7","0","10","09","5","","0","0","1","0","0"
"POINT (8.664000460000068 50.117741000000080)","Unfall 175039 (2021) Kat:3, Licht: 0","175039","3","3","5","10","17","4","","0","0","1","0","1"
"POINT (8.565401142000042 50.125701686000070)","Unfall 175047 (2021) Kat:3, Licht: 1","175047","3","7","6","11","16","6","","1","0","0","1","0"
"POINT (8.697022891000074 50.118423131000043)","Unfall 175053 (2021) Kat:3, Licht: 1","175053","3","4","6","11","16","6","","1","0","1","1","0"
"POINT (8.734379876000048 50.113550568000051)","Unfall 175056 (2021) Kat:3, Licht: 0","175056","3","2","5","09","14","3","","0","1","1","0","0"
"POINT (8.644354770000064 50.118528164000054)","Unfall 175065 (2021) Kat:3, Licht: 1","175065","3","1","0","10","17","3","","1","0","0","0","1"
"POINT (8.681410216000074 50.123962750000032)","Unfall 175094 (2021) Kat:3, Licht: 2","175094","3","6","6","11","18","3","","2","1","0","1","0"
"POINT (8.576704453000048 50.105056015000059)","Unfall 175101 (2021) Kat:3, Licht: 2","175101","3","2","2","10","05","7","","2","0","1","0","0"
"POINT (8.690189365000037 50.113556645000074)","Unfall 175102 (2021) Kat:3, Licht: 0","175102","3","4","6","11","12","3","","0","0","1","1","0"
"POINT (8.662371052000026 50.113675591000060)","Unfall 175103 (2021) Kat:3, Licht: 2","175103","3","3","5","12","21","4","","2","0","1","0","0"
"POINT (8.652108071000043 50.185176766000041)","Unfall 175106 (2021) Kat:2, Licht: 1","175106","2","3","5","09","19","2","","1","1","1","0","0"
"POINT (8.663097169000025 50.109250782000061)","Unfall 175108 (2021) Kat:3, Licht: 2","175108","3","6","2","10","06","7","","2","1","1","0","0"
"POINT (8.629022766000048 50.078219320000073)","Unfall 175114 (2021) Kat:3, Licht: 0","175114","3","7","0","10","08","2","","0","0","0","1","0"
"POINT (8.604155209000055 50.080892320000032)","Unfall 175115 (2021) Kat:3, Licht: 0","175115","3","2","3","10","12","6","","0","0","1","0","0"
"POINT (8.683731178000073 50.142117661000043)","Unfall 175116 (2021) Kat:3, Licht: 0","175116","3","1","2","10","16","6","","0","1","1","0","0"
"POINT (8.754430076000062 50.120024952000051)","Unfall 175123 (2021) Kat:3, Licht: 0","175123","3","3","5","10","17","6","","0","1","1","0","0"
"POINT (8.677777737000042 50.110710919000041)","Unfall 175125 (2021) Kat:3, Licht: 2","175125","3","1","0","10","02","1","","2","0","0","0","0"
"POINT (8.663614192000068 50.117958804000068)","Unfall 175127 (2021) Kat:3, Licht: 2","175127","3","1","0","09","22","5","","2","1","0","0","0"
"POINT (8.690413823000029 50.116313585000057)","Unfall 175130 (2021) Kat:3, Licht: 2","175130","3","6","4","11","02","1","","2","0","1","0","0"
"POINT (8.650417584000024 50.193140532000029)","Unfall 175151 (2021) Kat:3, Licht: 0","175151","3","3","5","10","12","7","","0","0","1","0","1"
"POINT (8.556893437000042 50.117156289000036)","Unfall 175154 (2021) Kat:3, Licht: 0","175154","3","6","2","11","15","3","","0","0","1","0","0"
"POINT (8.573510511000052 50.051423395000029)","Unfall 175165 (2021) Kat:3, Licht: 0","175165","3","7","6","11","14","6","","0","0","1","1","0"
"POINT (8.695144234000054 50.127993347000029)","Unfall 175169 (2021) Kat:3, Licht: 2","175169","3","2","2","10","19","5","","2","0","1","0","0"
"POINT (8.687471974000061 50.159760477000077)","Unfall 175174 (2021) Kat:3, Licht: 1","175174","3","6","2","09","20","2","","1","0","1","0","0"
"POINT (8.668410935000054 50.131572775000052)","Unfall 175180 (2021) Kat:3, Licht: 2","175180","3","2","3","11","17","3","","2","1","1","0","0"
"POINT (8.686143060000063 50.120469250000042)","Unfall 175185 (2021) Kat:2, Licht: 0","175185","2","3","5","10","16","5","","0","1","1","0","0"
"POINT (8.689371574000063 50.109495361000029)","Unfall 175195 (2021) Kat:3, Licht: 0","175195","3","2","5","11","09","4","","0","1","1","0","0"
"POINT (8.688482184000065 50.130852445000073)","Unfall 175201 (2021) Kat:3, Licht: 0","175201","3","6","2","11","08","3","","0","0","1","0","0"
"POINT (8.613275462000047 50.130526101000044)","Unfall 175209 (2021) Kat:3, Licht: 0","175209","3","7","1","11","15","3","","0","1","1","0","0"
"POINT (8.670484016000046 50.198577245000081)","Unfall 175218 (2021) Kat:3, Licht: 2","175218","3","4","6","10","18","5","","2","0","1","1","0"
"POINT (8.700357466000071 50.117032738000034)","Unfall 175221 (2021) Kat:3, Licht: 2","175221","3","7","8","10","05","7","","2","0","0","0","0"
"POINT (8.665327012000034 50.136883757000078)","Unfall 175233 (2021) Kat:3, Licht: 0","175233","3","6","1","10","16","1","","0","0","1","0","0"
"POINT (8.530188440000074 50.101520074000064)","Unfall 175234 (2021) Kat:3, Licht: 1","175234","3","7","0","12","07","4","","1","0","1","0","0"
"POINT (8.691070912000043 50.127355694000073)","Unfall 175250 (2021) Kat:3, Licht: 0","175250","3","7","0","09","15","4","","0","1","0","0","0"
"POINT (8.702276829000027 50.103548925000041)","Unfall 175253 (2021) Kat:3, Licht: 0","175253","3","3","5","11","15","6","","0","1","0","0","0"
"POINT (8.745099406000065 50.148028604000046)","Unfall 175259 (2021) Kat:3, Licht: 2","175259","3","3","5","11","18","3","","2","0","1","0","0"
"POINT (8.669793520000042 50.108736680000050)","Unfall 175261 (2021) Kat:3, Licht: 0","175261","3","5","1","11","15","2","","0","1","1","0","0"
"POINT (8.614542214000039 50.113405096000065)","Unfall 175270 (2021) Kat:3, Licht: 2","175270","3","6","2","10","20","6","","2","0","1","0","0"
"POINT (8.578840684000056 50.105875740000045)","Unfall 175273 (2021) Kat:2, Licht: 0","175273","2","4","6","09","14","2","","0","0","1","1","0"
"POINT (8.597479095000040 50.101002073000075)","Unfall 175276 (2021) Kat:3, Licht: 2","175276","3","7","5","10","23","1","","2","1","1","0","0"
"POINT (8.626416418000076 50.155428285000028)","Unfall 175280 (2021) Kat:3, Licht: 0","175280","3","4","6","11","08","4","","0","0","1","1","0"
"POINT (8.694574260000024 50.120955628000047)","Unfall 175284 (2021) Kat:3, Licht: 0","175284","3","2","5","11","07","5","","0","1","1","0","0"
"POINT (8.673077125000077 50.111066396000069)","Unfall 175286 (2021) Kat:3, Licht: 2","175286","3","7","0","12","08","4","","2","1","0","0","0"
"POINT (8.692120490000036 50.117325400000027)","Unfall 175296 (2021) Kat:3, Licht: 0","175296","3","6","2","11","15","1","","0","0","1","0","0"
"POINT (8.627857880000022 50.113155821000078)","Unfall 175304 (2021) Kat:3, Licht: 2","175304","3","6","0","10","06","2","","2","0","1","0","1"
"POINT (8.664009822000025 50.105782110000064)","Unfall 175305 (2021) Kat:3, Licht: 0","175305","3","5","1","10","14","6","","0","0","1","0","0"
"POINT (8.770495787000073 50.122374384000068)","Unfall 175313 (2021) Kat:3, Licht: 0","175313","3","2","6","11","16","4","","0","0","1","1","0"
"POINT (8.614570172000072 50.113359076000052)","Unfall 175318 (2021) Kat:3, Licht: 2","175318","3","3","5","12","18","5","","2","1","1","0","0"
"POINT (8.681573917000037 50.094590032000042)","Unfall 175326 (2021) Kat:3, Licht: 0","175326","3","3","5","12","12","5","","0","1","1","0","0"
"POINT (8.687793363000026 50.114197295000054)","Unfall 175328 (2021) Kat:3, Licht: 2","175328","3","4","6","12","22","5","","2","0","1","1","0"
"POINT (8.663327613000035 50.110480009000071)","Unfall 175329 (2021) Kat:3, Licht: 0","175329","3","6","2","12","10","4","","0","0","1","0","0"
"POINT (8.683649915000046 50.142099558000041)","Unfall 175335 (2021) Kat:3, Licht: 2","175335","3","2","0","12","20","2","","2","1","1","0","0"
"POINT (8.678902871000048 50.113176837000026)","Unfall 175338 (2021) Kat:3, Licht: 2","175338","3","7","0","12","01","2","","2","0","0","0","0"
"POINT (8.683219387000065 50.128001969000081)","Unfall 175345 (2021) Kat:3, Licht: 0","175345","3","2","6","12","13","1","","0","0","1","1","0"
"POINT (8.705580135000048 50.133221998000067)","Unfall 175347 (2021) Kat:3, Licht: 2","175347","3","7","0","12","18","4","","2","0","0","0","0"
"POINT (8.665714529000070 50.186378162000040)","Unfall 175355 (2021) Kat:2, Licht: 0","175355","2","2","6","12","08","6","","0","0","1","1","0"
"POINT (8.664166459000057 50.131466480000029)","Unfall 175358 (2021) Kat:3, Licht: 2","175358","3","6","2","12","17","3","","2","0","1","0","0"
"POINT (8.701769598000055 50.118350064000026)","Unfall 175362 (2021) Kat:3, Licht: 0","175362","3","7","6","12","15","5","","0","0","1","1","0"
"POINT (8.681927318000021 50.125219255000047)","Unfall 175363 (2021) Kat:3, Licht: 0","175363","3","2","2","12","08","4","","0","1","0","0","0"
"POINT (8.646543827000073 50.118706477000046)","Unfall 175372 (2021) Kat:3, Licht: 0","175372","3","5","1","12","14","3","","0","1","1","0","0"
"POINT (8.604005109000070 50.057235374000072)","Unfall 175395 (2021) Kat:3, Licht: 0","175395","3","1","8","12","10","5","","0","0","1","0","0"
"POINT (8.723827475000064 50.103510428000050)","Unfall 175403 (2021) Kat:2, Licht: 2","175403","2","2","5","12","17","6","","2","0","1","0","0"
"POINT (8.587209466000047 50.108062596000082)","Unfall 175404 (2021) Kat:3, Licht: 0","175404","3","4","6","12","13","2","","0","0","1","1","0"
"POINT (8.663655604000041 50.108915790000026)","Unfall 175434 (2021) Kat:3, Licht: 1","175434","3","6","3","12","16","5","","1","0","1","0","0"
"POINT (8.660447023000074 50.141036538000037)","Unfall 175459 (2021) Kat:3, Licht: 0","175459","3","3","5","12","13","6","","0","0","1","0","0"
"POINT (8.666522089000068 50.152681029000064)","Unfall 175469 (2021) Kat:3, Licht: 0","175469","3","3","5","12","10","1","","0","0","1","0","0"
"POINT (8.685877743000049 50.126108556000077)","Unfall 175472 (2021) Kat:3, Licht: 2","175472","3","1","0","12","05","7","","2","0","0","0","0"
"POINT (8.719158828000047 50.093220399000074)","Unfall 175476 (2021) Kat:3, Licht: 0","175476","3","3","5","12","10","5","","0","0","1","0","0"
"POINT (8.661190395000062 50.107693184000027)","Unfall 175482 (2021) Kat:3, Licht: 2","175482","3","6","5","12","00","6","","2","1","0","0","1"
"POINT (8.659944593000034 50.116215750000038)","Unfall 175486 (2021) Kat:3, Licht: 0","175486","3","3","5","12","14","5","","0","1","1","0","0"
"POINT (8.646565726000063 50.145201978000046)","Unfall 175510 (2021) Kat:3, Licht: 0","175510","3","7","6","12","12","6","","0","0","1","1","0"
"POINT (8.628227204000041 50.096256674000074)","Unfall 175511 (2021) Kat:3, Licht: 2","175511","3","2","2","12","19","2","","2","0","1","0","0"
"POINT (8.636010896000073 50.086024248000058)","Unfall 175512 (2021) Kat:2, Licht: 1","175512","2","4","6","12","16","3","","1","0","1","1","0"
"POINT (8.671938273000023 50.131660518000047)","Unfall 175522 (2021) Kat:3, Licht: 0","175522","3","7","0","12","14","5","","0","1","0","0","0"
"POINT (8.763446984000041 50.142998102000035)","Unfall 175540 (2021) Kat:3, Licht: 0","175540","3","5","1","12","14","5","","0","1","1","0","0"
"POINT (8.707604878000041 50.199557491000064)","Unfall 175548 (2021) Kat:3, Licht: 1","175548","3","1","0","12","16","6","","1","1","0","0","0"
"POINT (8.713785594000058 50.202127894000057)","Unfall 175567 (2021) Kat:2, Licht: 0","175567","2","1","0","12","09","6","","0","1","0","0","0"
"POINT (8.514766692000023 50.085081247000062)","Unfall 175573 (2021) Kat:3, Licht: 2","175573","3","3","5","12","20","4","","2","0","1","0","0"
"POINT (8.507468782000046 50.090269741000043)","Unfall 175594 (2021) Kat:3, Licht: 2","175594","3","2","6","12","18","3","","2","0","1","1","0"
"POINT (8.660804754000026 50.109492514000067)","Unfall 175597 (2021) Kat:2, Licht: 2","175597","2","3","5","12","05","1","","2","0","1","0","0"
"POINT (8.695039952000059 50.104511001000049)","Unfall 175612 (2021) Kat:3, Licht: 2","175612","3","1","0","12","01","7","","2","0","0","0","0"
"POINT (8.548681092000038 50.113368235000053)","Unfall 175620 (2021) Kat:3, Licht: 0","175620","3","4","6","12","08","3","","0","0","1","1","0"
"POINT (8.712825921000046 50.112926966000032)","Unfall 175631 (2021) Kat:3, Licht: 2","175631","3","2","5","12","18","5","","2","1","1","0","0"
"POINT (8.695119048000038 50.059269460000053)","Unfall 175634 (2021) Kat:3, Licht: 0","175634","3","3","5","12","15","5","","0","1","1","0","0"
"POINT (8.682860662000053 50.115141252000058)","Unfall 175637 (2021) Kat:3, Licht: 2","175637","3","7","2","12","04","7","","2","1","1","0","0"
"POINT (8.684862421000048 50.115089295000075)","Unfall 175645 (2021) Kat:3, Licht: 2","175645","3","7","4","12","19","2","","2","1","1","0","0"
"POINT (8.758390310000038 50.133044793000067)","Unfall 175653 (2021) Kat:3, Licht: 2","175653","3","7","9","12","02","1","","2","0","1","0","0"
"POINT (8.662916628000062 50.150326037000070)","Unfall 175685 (2021) Kat:3, Licht: 0","175685","3","7","1","12","12","7","","0","1","1","0","0"
"POINT (8.658350772000063 50.108257504000051)","Unfall 175700 (2021) Kat:3, Licht: 0","175700","3","7","1","12","10","6","","0","0","1","0","0"
"POINT (8.693512564000059 50.119374758000049)","Unfall 175716 (2021) Kat:3, Licht: 1","175716","3","7","5","12","16","3","","1","1","1","0","0"
"POINT (8.668590858000073 50.113177384000039)","Unfall 175726 (2021) Kat:3, Licht: 2","175726","3","2","3","12","20","3","","2","1","0","0","0"
"POINT (8.687901840000052 50.109591329000068)","Unfall 175735 (2021) Kat:3, Licht: 0","175735","3","3","5","12","10","5","","0","1","1","0","0"
"POINT (8.693739066000035 50.097753891000082)","Unfall 175744 (2021) Kat:2, Licht: 0","175744","2","3","0","12","11","2","","0","0","0","0","1"