WKT,Name,OBJECTID,UKATEGORIE,UTYP1,UART,UMONAT,USTUNDE,UWOCHENTAG,STRZUSTAND,ULICHTVERH,ISTRAD,ISTPKW,ISTFUSS,ISTKRAD
"POINT (8.691555234000020 50.082922317000055)","Unfall 175749 (2021) Kat:3, Licht: 2","175749","3","3","1","12","18","5","","2","1","0","0","0"
"POINT (8.599006463000023 50.111102524000046)","Unfall 175752 (2021) Kat:3, Licht: 2","175752","3","6","2","12","18","4","","2","0","1","0","0"
"POINT (8.649351785000022 50.084127350000074)","Unfall 175780 (2021) Kat:3, Licht: 2","175780","3","3","5","12","20","4","","2","0","1","0","0"
"POINT (8.674776806000068 50.109181192000051)","Unfall 175787 (2021) Kat:3, Licht: 2","175787","3","2","2","12","17","1","","2","0","1","0","0"
"POINT (8.598881001000052 50.096535895000045)","Unfall 175788 (2021) Kat:3, Licht: 2","175788","3","2","5","12","16","6","","2","1","1","0","0"
"POINT (8.758095427000057 50.132997561000082)","Unfall 175792 (2021) Kat:3, Licht: 1","175792","3","2","5","12","16","4","","1","0","1","0","0"
"POINT (8.687816900000030 50.109571884000047)","Unfall 175795 (2021) Kat:3, Licht: 0","175795","3","2","3","12","09","6","","0","1","1","0","0"
"POINT (8.607092463000072 50.096554853000043)","Unfall 175818 (2021) Kat:3, Licht: 2","175818","3","3","5","12","17","4","","2","0","1","0","1"
"POINT (8.628731072000051 50.162775583000041)","Unfall 175838 (2021) Kat:2, Licht: 2","175838","2","4","6","12","20","1","","2","0","1","1","0"
"POINT (8.699217539000074 50.138821848000077)","Unfall 175841 (2021) Kat:3, Licht: 0","175841","3","2","6","12","13","4","","0","0","1","1","0"
"POINT (8.668998881000050 50.107548886000075)","Unfall 175846 (2021) Kat:3, Licht: 2","175846","3","2","6","12","07","4","","2","0","0","1","0"
"POINT (8.662353997000025 50.110201617000030)","Unfall 175851 (2021) Kat:3, Licht: 0","175851","3","6","0","12","11","3","","0","0","1","0","1"
"POINT (8.575175592000051 50.104631167000036)","Unfall 175892 (2021) Kat:3, Licht: 2","175892","3","1","0","12","19","3","","2","0","0","0","1"
"POINT (8.655035365000060 50.159110264000049)","Unfall 175895 (2021) Kat:3, Licht: 2","175895","3","1","0","12","00","5","","2","1","1","0","0"
"POINT (8.762007263000044 50.118400032000068)","Unfall 175905 (2021) Kat:2, Licht: 2","175905","2","7","5","12","06","3","","2","0","0","0","1"
"POINT (8.667183985000065 50.121818977000032)","Unfall 175908 (2021) Kat:3, Licht: 0","175908","3","3","5","12","13","1","","0","1","1","0","0"
"POINT (8.711063324000065 50.120325697000055)","Unfall 175919 (2021) Kat:3, Licht: 0","175919","3","3","5","12","09","5","","0","0","1","0","0"
"POINT (8.698378488000060 50.139919640000073)","Unfall 175931 (2021) Kat:3, Licht: 0","175931","3","3","6","12","07","2","","0","0","1","1","0"
"POINT (8.671478907000051 50.088282805000063)","Unfall 175933 (2021) Kat:3, Licht: 2","175933","3","7","1","12","17","7","","2","0","1","0","0"
"POINT (8.668688972000041 50.155868996000038)","Unfall 175935 (2021) Kat:3, Licht: 0","175935","3","7","0","12","12","2","","0","0","1","0","0"
"POINT (8.680725205000044 50.093468675000054)","Unfall 175945 (2021) Kat:3, Licht: 0","175945","3","6","3","12","07","6","","0","1","1","0","0"
"POINT (8.621615378000058 50.120135861000051)","Unfall 175965 (2021) Kat:3, Licht: 2","175965","3","3","5","12","18","2","","2","1","1","0","0"
"POINT (8.599377969000045 50.080095645000029)","Unfall 175977 (2021) Kat:3, Licht: 2","175977","3","2","5","12","16","2","","2","1","1","0","0"
"POINT (8.598664024000072 50.111014375000082)","Unfall 176017 (2021) Kat:3, Licht: 0","176017","3","6","2","12","15","4","","0","0","1","0","0"
"POINT (8.660981850000042 50.109685342000034)","Unfall 176039 (2021) Kat:3, Licht: 0","176039","3","6","2","12","13","7","","0","0","1","0","0"
"POINT (8.644305765000070 50.083749408000074)","Unfall 176052 (2021) Kat:2, Licht: 0","176052","2","7","6","12","16","4","","0","0","0","1","0"
"POINT (8.659761050000043 50.101484844000026)","Unfall 176071 (2021) Kat:3, Licht: 2","176071","3","3","5","12","18","6","","2","1","1","0","0"
"POINT (8.713051199000063 50.133671476000075)","Unfall 176074 (2021) Kat:3, Licht: 0","176074","3","3","5","12","15","6","","0","0","1","0","0"
"POINT (8.671418253000070 50.091477555000040)","Unfall 176078 (2021) Kat:3, Licht: 1","176078","3","4","6","12","07","6","","1","0","1","1","0"
"POINT (8.659150507000049 50.190546944000062)","Unfall 176092 (2021) Kat:3, Licht: 2","176092","3","3","5","12","20","4","","2","0","1","0","0"
"POINT (8.633510958000045 50.082285906000038)","Unfall 176099 (2021) Kat:3, Licht: 0","176099","3","4","6","12","08","3","","0","0","1","1","0"
"POINT (8.685748522000040 50.113433307000037)","Unfall 176106 (2021) Kat:3, Licht: 0","176106","3","7","1","12","15","2","","0","0","1","0","0"
"POINT (8.694417551000072 50.139027214000066)","Unfall 176136 (2021) Kat:3, Licht: 0","176136","3","3","5","12","13","2","","0","0","1","0","0"
"POINT (8.687203276000048 50.098582203000035)","Unfall 176152 (2021) Kat:2, Licht: 0","176152","2","1","8","12","13","3","","0","0","1","1","0"
"POINT (8.677117227000053 50.110136744000044)","Unfall 176162 (2021) Kat:3, Licht: 0","176162","3","4","0","12","11","5","","0","0","1","1","0"
"POINT (8.657190250000042 50.110871358000054)","Unfall 176210 (2021) Kat:3, Licht: 2","176210","3","3","5","12","18","4","","2","0","1","0","0"
"POINT (8.681362719000049 50.123812990000033)","Unfall 176217 (2021) Kat:3, Licht: 2","176217","3","2","5","12","19","1","","2","1","1","0","0"
"POINT (8.703730572000040 50.143413723000037)","Unfall 176225 (2021) Kat:3, Licht: 1","176225","3","6","2","12","17","5","","1","0","1","0","0"
"POINT (8.765015849000065 50.126397653000026)","Unfall 176233 (2021) Kat:3, Licht: 2","176233","3","6","2","12","19","4","","2","0","1","0","0"
"POINT (8.548335262000023 50.114712040000029)","Unfall 176236 (2021) Kat:3, Licht: 2","176236","3","3","5","12","21","2","","2","0","1","0","0"
"POINT (8.690978234000056 50.122207957000057)","Unfall 176255 (2021) Kat:3, Licht: 0","176255","3","6","2","12","14","4","","0","0","1","0","0"
"POINT (8.636405336000053 50.087761187000069)","Unfall 176258 (2021) Kat:3, Licht: 0","176258","3","7","1","12","13","3","","0","1","0","0","0"
"POINT (8.721790452000050 50.145204759000080)","Unfall 176272 (2021) Kat:3, Licht: 2","176272","3","1","3","12","17","4","","2","0","1","0","1"
"POINT (8.693568399000071 50.119315046000054)","Unfall 176274 (2021) Kat:2, Licht: 0","176274","2","2","6","12","09","4","","0","0","1","1","0"
"POINT (8.647394756000040 50.115425851000055)","Unfall 176287 (2021) Kat:3, Licht: 2","176287","3","3","5","12","18","6","","2","1","1","0","0"
"POINT (8.659481267000047 50.160264465000068)","Unfall 176298 (2021) Kat:2, Licht: 0","176298","2","1","0","12","13","4","","0","1","0","0","0"
"POINT (8.709860680000077 50.133585044000029)","Unfall 176300 (2021) Kat:3, Licht: 0","176300","3","7","1","12","09","6","","0","1","1","0","0"
"POINT (8.680116223000027 50.141244458000074)","Unfall 176312 (2021) Kat:3, Licht: 2","176312","3","6","2","12","17","3","","2","0","1","0","0"
"POINT (8.699596017000033 50.120629242000064)","Unfall 176314 (2021) Kat:3, Licht: 0","176314","3","2","0","12","15","2","","0","0","0","0","1"
"POINT (8.633930708000037 50.098919685000055)","Unfall 176333 (2021) Kat:2, Licht: 2","176333","2","3","5","12","20","7","","2","1","1","0","0"
"POINT (8.680478954000023 50.121684406000043)","Unfall 176347 (2021) Kat:2, Licht: 0","176347","2","4","6","12","13","6","","0","0","1","1","0"
"POINT (8.554303040000036 50.105670662000080)","Unfall 176352 (2021) Kat:3, Licht: 0","176352","3","7","6","12","08","5","","0","0","0","1","0"
"POINT (8.675223923000033 50.098131350000074)","Unfall 176354 (2021) Kat:3, Licht: 2","176354","3","2","6","12","17","5","","2","0","1","1","0"
"POINT (8.680374567000058 50.128196734000028)","Unfall 176385 (2021) Kat:3, Licht: 0","176385","3","6","3","12","12","5","","0","1","1","0","0"
"POINT (8.605523468000058 50.087984132000031)","Unfall 235024 (2021) Kat:2, Licht: 0","235024","2","1","0","02","15","7","","0","1","0","0","0"
"POINT (8.689124220000053 50.109207765000065)","Unfall 235035 (2021) Kat:3, Licht: 0","235035","3","6","4","02","17","4","","0","1","0","0","0"
"POINT (8.715459452000061 50.105663025000069)","Unfall 235039 (2021) Kat:3, Licht: 0","235039","3","7","6","03","17","2","","0","1","0","1","0"
"POINT (8.490955428000063 50.091985032000082)","Unfall 235044 (2021) Kat:3, Licht: 0","235044","3","7","6","03","13","5","","0","1","0","1","0"
"POINT (8.670049627000026 50.101786783000080)","Unfall 235046 (2021) Kat:3, Licht: 0","235046","3","6","4","03","18","4","","0","1","0","0","0"
"POINT (8.652719005000051 50.171318380000059)","Unfall 235073 (2021) Kat:3, Licht: 0","235073","3","1","4","04","15","1","","0","1","0","0","0"
"POINT (8.609978972000022 50.119635265000056)","Unfall 235079 (2021) Kat:3, Licht: 0","235079","3","7","6","05","18","1","","0","1","0","1","0"
"POINT (8.560224305000077 50.096910815000058)","Unfall 235082 (2021) Kat:3, Licht: 0","235082","3","6","2","05","11","7","","0","1","0","0","0"
"POINT (8.633520075000035 50.160659583000040)","Unfall 235092 (2021) Kat:3, Licht: 0","235092","3","3","5","05","14","1","","0","1","0","0","0"
"POINT (8.679907650000075 50.060490508000044)","Unfall 235095 (2021) Kat:3, Licht: 0","235095","3","7","0","05","16","3","","0","1","0","0","0"
"POINT (8.568000334000033 50.097816544000068)","Unfall 235098 (2021) Kat:3, Licht: 0","235098","3","7","1","05","16","1","","0","1","1","0","0"
"POINT (8.617441113000041 50.136783415000082)","Unfall 235108 (2021) Kat:3, Licht: 0","235108","3","6","2","05","13","1","","0","1","0","0","0"
"POINT (8.641253995000056 50.183779601000026)","Unfall 235109 (2021) Kat:3, Licht: 0","235109","3","6","6","05","12","1","","0","1","0","1","0"
"POINT (8.564731018000032 50.101021866000053)","Unfall 235122 (2021) Kat:3, Licht: 0","235122","3","6","3","06","20","7","","0","1","0","0","0"
"POINT (8.670235786000035 50.103758950000042)","Unfall 235128 (2021) Kat:3, Licht: 0","235128","3","6","4","06","19","4","","0","1","0","0","0"
"POINT (8.634277061000034 50.136594694000053)","Unfall 235130 (2021) Kat:2, Licht: 0","235130","2","3","5","06","19","6","","0","1","0","0","0"
"POINT (8.611210712000059 50.120275721000041)","Unfall 235142 (2021) Kat:3, Licht: 0","235142","3","6","6","06","19","2","","0","1","0","1","0"
"POINT (8.732180878000065 50.080115458000080)","Unfall 235147 (2021) Kat:3, Licht: 0","235147","3","6","6","06","09","4","","0","1","0","1","0"
"POINT (8.690710451000029 50.068983265000043)","Unfall 235148 (2021) Kat:3, Licht: 0","235148","3","7","0","06","19","5","","0","1","0","0","0"
"POINT (8.632376788000045 50.148400599000070)","Unfall 235155 (2021) Kat:3, Licht: 0","235155","3","6","6","06","14","1","","0","1","0","1","0"
"POINT (8.589002931000039 50.077907050000078)","Unfall 235161 (2021) Kat:3, Licht: 0","235161","3","6","9","06","19","7","","0","1","0","0","0"
"POINT (8.621052653000049 50.132617936000031)","Unfall 235170 (2021) Kat:3, Licht: 0","235170","3","1","0","07","16","7","","0","1","0","0","0"
"POINT (8.613512921000051 50.123417568000036)","Unfall 235178 (2021) Kat:3, Licht: 0","235178","3","6","6","07","20","1","","0","1","0","1","0"
"POINT (8.706602904000022 50.146121266000080)","Unfall 235181 (2021) Kat:3, Licht: 0","235181","3","1","5","07","17","7","","0","1","0","0","0"
"POINT (8.672905286000059 50.108949346000031)","Unfall 235188 (2021) Kat:3, Licht: 2","235188","3","6","4","07","22","5","","2","1","0","0","0"
"POINT (8.738442318000068 50.100991640000075)","Unfall 235195 (2021) Kat:3, Licht: 0","235195","3","7","4","07","16","3","","0","1","0","0","1"
"POINT (8.715535494000051 50.105662420000044)","Unfall 235198 (2021) Kat:3, Licht: 0","235198","3","6","4","07","17","5","","0","1","0","0","0"
"POINT (8.693903348000049 50.107035207000081)","Unfall 235215 (2021) Kat:2, Licht: 0","235215","2","1","0","08","07","5","","0","1","0","0","0"
"POINT (8.609974406000049 50.164475429000049)","Unfall 235216 (2021) Kat:3, Licht: 1","235216","3","6","0","08","20","5","","1","1","1","0","0"
"POINT (8.481033632000049 50.096299827000053)","Unfall 235217 (2021) Kat:3, Licht: 0","235217","3","6","4","08","17","5","","0","1","0","0","0"
"POINT (8.712861771000064 50.089650566000046)","Unfall 235229 (2021) Kat:3, Licht: 0","235229","3","7","0","08","19","7","","0","1","0","0","0"
"POINT (8.682553888000029 50.107435953000049)","Unfall 235235 (2021) Kat:3, Licht: 0","235235","3","7","6","08","15","3","","0","1","0","1","0"
"POINT (8.768585448000067 50.159990442000037)","Unfall 235243 (2021) Kat:3, Licht: 0","235243","3","1","0","09","14","1","","0","1","0","0","0"
"POINT (8.659876880000070 50.175752701000079)","Unfall 235246 (2021) Kat:3, Licht: 0","235246","3","6","4","09","16","1","","0","1","0","0","0"
"POINT (8.720798797000043 50.106156450000071)","Unfall 235256 (2021) Kat:3, Licht: 0","235256","3","3","9","09","18","4","","0","1","0","1","0"
"POINT (8.578527766000036 50.095368808000046)","Unfall 235263 (2021) Kat:2, Licht: 0","235263","2","1","4","09","09","6","","0","1","0","0","0"
"POINT (8.593380155000034 50.113974611000060)","Unfall 235267 (2021) Kat:2, Licht: 0","235267","2","6","4","09","08","3","","0","1","0","0","0"
"POINT (8.695297480000022 50.106889921000061)","Unfall 235281 (2021) Kat:2, Licht: 0","235281","2","6","6","09","17","4","","0","1","0","1","0"
"POINT (8.720227809000050 50.136447642000064)","Unfall 235282 (2021) Kat:2, Licht: 0","235282","2","6","4","09","09","5","","0","1","0","0","0"
"POINT (8.668466865000028 50.100933094000027)","Unfall 235298 (2021) Kat:2, Licht: 0","235298","2","5","1","11","09","3","","0","1","0","0","0"
"POINT (8.630345216000023 50.090099299000030)","Unfall 235303 (2021) Kat:2, Licht: 2","235303","2","1","9","11","01","3","","2","1","0","0","0"
"POINT (8.616670637000031 50.092552037000097)","Unfall 58652 (2022) Kat:2, Licht: 2","58652","2","6","2","01","18","7","","2","0","1","0","0"
"POINT (8.684115955000040 50.135262070000103)","Unfall 58653 (2022) Kat:3, Licht: 2","58653","3","3","5","01","17","5","","2","0","0","0","1"
"POINT (8.656746500000050 50.107894235000103)","Unfall 58657 (2022) Kat:3, Licht: 2","58657","3","6","3","01","19","1","","2","1","1","0","0"
"POINT (8.678015971000040 50.093492710000099)","Unfall 58677 (2022) Kat:3, Licht: 0","58677","3","6","2","02","12","7","","0","0","1","0","0"
"POINT (8.659757801000071 50.088204191000003)","Unfall 58688 (2022) Kat:2, Licht: 2","58688","2","6","2","01","04","5","","2","0","1","0","0"
"POINT (8.582200116000021 50.132685182000003)","Unfall 58702 (2022) Kat:3, Licht: 2","58702","3","3","5","02","21","4","","2","0","1","0","0"
"POINT (8.646040319000059 50.134801549000002)","Unfall 58723 (2022) Kat:3, Licht: 2","58723","3","3","5","01","22","2","","2","1","1","0","0"
"POINT (8.616371907000030 50.093140988000101)","Unfall 58741 (2022) Kat:3, Licht: 1","58741","3","6","2","01","07","5","","1","0","1","0","0"
"POINT (8.621975127000040 50.150366362000099)","Unfall 58747 (2022) Kat:3, Licht: 0","58747","3","2","3","01","10","6","","0","1","1","0","0"
"POINT (8.707519825000080 50.118320007000101)","Unfall 58755 (2022) Kat:3, Licht: 1","58755","3","3","5","01","07","3","","1","0","1","0","0"
"POINT (8.587065134000060 50.135060328000101)","Unfall 58760 (2022) Kat:3, Licht: 0","58760","3","6","4","02","15","4","","0","0","1","0","0"
"POINT (8.666373684000060 50.101264798999999)","Unfall 58763 (2022) Kat:3, Licht: 2","58763","3","6","2","01","18","3","","2","0","1","0","0"
"POINT (8.613707472000041 50.176053027000101)","Unfall 58772 (2022) Kat:3, Licht: 0","58772","3","6","2","01","15","6","","0","0","1","0","0"
"POINT (8.676999946000020 50.132171343000003)","Unfall 58779 (2022) Kat:3, Licht: 2","58779","3","6","2","01","17","7","","2","0","1","0","0"
"POINT (8.543058995000020 50.106649839000099)","Unfall 58796 (2022) Kat:2, Licht: 2","58796","2","3","5","01","21","4","","2","0","1","0","0"
"POINT (8.663869440000040 50.103649797999999)","Unfall 58803 (2022) Kat:3, Licht: 0","58803","3","6","3","02","10","6","","0","0","1","0","1"
"POINT (8.665172018000019 50.105743452000098)","Unfall 58812 (2022) Kat:3, Licht: 2","58812","3","6","2","01","18","4","","2","0","1","0","0"
"POINT (8.589991530000081 50.132731096000001)","Unfall 58815 (2022) Kat:3, Licht: 1","58815","3","6","2","01","17","2","","1","0","1","0","0"
"POINT (8.752908150000049 50.120539041000001)","Unfall 58828 (2022) Kat:3, Licht: 0","58828","3","6","2","01","13","6","","0","0","1","0","0"
"POINT (8.682540609000061 50.107062756000097)","Unfall 58849 (2022) Kat:3, Licht: 2","58849","3","4","6","01","21","7","","2","0","1","1","0"
"POINT (8.582432038000039 50.054010353000102)","Unfall 58879 (2022) Kat:3, Licht: 1","58879","3","3","5","01","07","2","","1","0","1","0","0"
"POINT (8.735123091000050 50.111807958000000)","Unfall 58936 (2022) Kat:3, Licht: 0","58936","3","6","2","02","08","3","","0","0","1","0","0"
"POINT (8.540972870000081 50.117935478000000)","Unfall 58968 (2022) Kat:3, Licht: 2","58968","3","6","8","02","19","5","","2","0","1","0","0"
"POINT (8.590000595000051 50.131957507999999)","Unfall 59001 (2022) Kat:3, Licht: 0","59001","3","3","5","01","14","3","","0","0","1","0","0"
"POINT (8.701349033000040 50.123089809000099)","Unfall 59026 (2022) Kat:3, Licht: 0","59026","3","6","2","01","11","4","","0","0","1","0","0"
"POINT (8.672071569000019 50.131924961000003)","Unfall 59059 (2022) Kat:3, Licht: 0","59059","3","2","5","01","12","6","","0","1","0","0","0"
"POINT (8.652379174000030 50.205232448000103)","Unfall 59094 (2022) Kat:3, Licht: 0","59094","3","6","2","02","13","7","","0","0","1","0","0"
"POINT (8.586056933000069 50.132902552000097)","Unfall 59161 (2022) Kat:3, Licht: 0","59161","3","1","9","01","15","2","","0","0","1","0","0"
"POINT (8.642998781000070 50.102915060000001)","Unfall 59168 (2022) Kat:3, Licht: 0","59168","3","6","2","01","12","2","","0","0","1","0","0"
"POINT (8.639669846000061 50.197665421000103)","Unfall 59174 (2022) Kat:3, Licht: 0","59174","3","6","2","01","14","7","","0","0","1","0","0"
"POINT (8.564272411000051 50.051404791000003)","Unfall 59195 (2022) Kat:1, Licht: 2","59195","1","6","3","01","21","5","","2","0","1","0","0"
"POINT (8.658501660000070 50.146291502000103)","Unfall 59207 (2022) Kat:3, Licht: 2","59207","3","6","3","01","22","5","","2","1","1","0","0"
"POINT (8.588216062000070 50.123328597000103)","Unfall 59210 (2022) Kat:2, Licht: 2","59210","2","2","5","01","21","2","","2","0","1","0","1"
"POINT (8.715140859000030 50.063942628000099)","Unfall 59218 (2022) Kat:3, Licht: 2","59218","3","6","2","02","18","6","","2","0","1","0","0"
"POINT (8.698919188000049 50.140739265000001)","Unfall 59222 (2022) Kat:3, Licht: 0","59222","3","6","3","01","15","4","","0","1","0","0","0"
"POINT (8.672395502000031 50.090408658000101)","Unfall 59237 (2022) Kat:3, Licht: 2","59237","3","4","6","01","20","3","","2","0","0","1","0"
"POINT (8.670036720000040 50.139975581999998)","Unfall 59252 (2022) Kat:3, Licht: 2","59252","3","5","0","01","02","1","","2","0","1","0","0"
"POINT (8.552126447000029 50.107513236999999)","Unfall 59259 (2022) Kat:3, Licht: 1","59259","3","7","1","02","07","5","","1","0","0","0","1"
"POINT (8.651918108000070 50.105985656000001)","Unfall 59292 (2022) Kat:3, Licht: 2","59292","3","6","2","01","17","3","","2","0","1","0","0"
"POINT (8.647908691000049 50.061378193000102)","Unfall 59306 (2022) Kat:3, Licht: 1","59306","3","1","8","01","16","7","","1","0","1","0","0"
"POINT (8.742495019000049 50.100817789000097)","Unfall 59344 (2022) Kat:3, Licht: 0","59344","3","1","8","02","10","3","","0","0","1","0","0"
"POINT (8.498038497000040 50.102580193999998)","Unfall 59365 (2022) Kat:3, Licht: 2","59365","3","6","3","01","19","2","","2","0","1","0","0"
"POINT (8.690671005000070 50.102631666000001)","Unfall 59387 (2022) Kat:3, Licht: 0","59387","3","3","5","01","14","7","","0","0","1","0","0"
"POINT (8.665046546000040 50.104108250000102)","Unfall 59395 (2022) Kat:3, Licht: 2","59395","3","2","3","02","19","6","","2","1","1","0","0"
"POINT (8.662748075000019 50.090892138000100)","Unfall 59405 (2022) Kat:3, Licht: 2","59405","3","6","3","02","00","4","","2","0","1","0","0"
"POINT (8.732860473000070 50.131065391999996)","Unfall 59416 (2022) Kat:3, Licht: 0","59416","3","2","3","01","10","3","","0","1","1","0","0"
"POINT (8.665908865000061 50.131545742000100)","Unfall 59429 (2022) Kat:3, Licht: 0","59429","3","3","5","02","12","6","","0","1","1","0","0"
"POINT (8.720547883000050 50.123103293000000)","Unfall 59447 (2022) Kat:3, Licht: 0","59447","3","5","1","02","14","6","","0","1","0","0","0"
"POINT (8.647845192000030 50.199152138000002)","Unfall 59450 (2022) Kat:3, Licht: 2","59450","3","6","2","01","18","6","","2","0","1","0","0"
"POINT (8.767334978000060 50.132987623000098)","Unfall 59456 (2022) Kat:3, Licht: 0","59456","3","7","5","02","12","4","","0","1","1","0","0"
"POINT (8.680535916000050 50.106521525000097)","Unfall 59468 (2022) Kat:3, Licht: 2","59468","3","7","0","01","00","7","","2","0","1","0","0"
"POINT (8.639178089000040 50.102561078000100)","Unfall 59510 (2022) Kat:3, Licht: 2","59510","3","3","5","01","18","3","","2","0","1","0","0"
"POINT (8.667136993000041 50.100614576000098)","Unfall 59514 (2022) Kat:3, Licht: 2","59514","3","6","2","01","19","7","","2","0","1","0","0"
"POINT (8.647179778000069 50.104110845999998)","Unfall 59536 (2022) Kat:3, Licht: 2","59536","3","4","6","01","06","6","","2","0","1","1","0"
"POINT (8.659689301000070 50.088060308000102)","Unfall 59543 (2022) Kat:3, Licht: 0","59543","3","3","5","02","12","4","","0","0","1","0","0"
"POINT (8.629513346000071 50.116117187000000)","Unfall 59576 (2022) Kat:3, Licht: 0","59576","3","6","3","01","16","6","","0","0","1","0","0"
"POINT (8.675771148000020 50.149821000000003)","Unfall 59609 (2022) Kat:3, Licht: 0","59609","3","3","5","01","10","5","","0","0","1","0","0"
"POINT (8.765655431000029 50.132307073000000)","Unfall 59619 (2022) Kat:3, Licht: 2","59619","3","1","8","01","21","7","","2","0","1","0","0"
"POINT (8.616983728000040 50.091453729000101)","Unfall 59624 (2022) Kat:3, Licht: 2","59624","3","6","2","01","07","5","","2","0","1","0","0"
"POINT (8.586697411000049 50.123483202000003)","Unfall 59652 (2022) Kat:2, Licht: 2","59652","2","6","3","02","23","7","","2","0","1","0","0"
"POINT (8.564827253000029 50.129824960000100)","Unfall 59667 (2022) Kat:3, Licht: 0","59667","3","1","8","01","12","4","","0","0","1","0","0"
"POINT (8.720351143000070 50.114342984000103)","Unfall 59682 (2022) Kat:3, Licht: 1","59682","3","2","3","01","17","3","","1","0","1","0","0"
"POINT (8.592875693000050 50.138709732000102)","Unfall 59684 (2022) Kat:3, Licht: 2","59684","3","6","2","01","20","6","","2","0","1","0","0"
"POINT (8.678673941000060 50.105757766000103)","Unfall 59693 (2022) Kat:2, Licht: 0","59693","2","6","4","01","12","2","","0","0","1","0","0"
"POINT (8.666022279000060 50.148028866000097)","Unfall 59704 (2022) Kat:2, Licht: 0","59704","2","3","5","01","16","6","","0","1","1","0","0"
"POINT (8.730935968000040 50.118153745000001)","Unfall 59717 (2022) Kat:3, Licht: 0","59717","3","3","5","02","16","4","","0","0","1","0","0"
"POINT (8.592603695000040 50.115513186999998)","Unfall 59735 (2022) Kat:3, Licht: 0","59735","3","7","9","01","08","2","","0","0","1","0","0"
"POINT (8.579250669000031 50.123560720999997)","Unfall 59755 (2022) Kat:3, Licht: 2","59755","3","3","5","02","18","5","","2","1","1","0","0"
"POINT (8.639933790000040 50.102631082000102)","Unfall 59762 (2022) Kat:3, Licht: 2","59762","3","6","3","01","01","1","","2","0","1","0","0"
"POINT (8.617987022000021 50.080792184000103)","Unfall 59771 (2022) Kat:3, Licht: 2","59771","3","6","9","01","20","4","","2","0","1","0","0"
"POINT (8.642950577000020 50.102910592999997)","Unfall 59797 (2022) Kat:3, Licht: 0","59797","3","6","2","01","11","3","","0","0","1","0","0"
"POINT (8.646092201000039 50.119545961000000)","Unfall 59831 (2022) Kat:3, Licht: 0","59831","3","3","5","02","10","4","","0","0","1","0","0"
"POINT (8.629323631000030 50.115440089000103)","Unfall 59834 (2022) Kat:3, Licht: 0","59834","3","3","5","01","14","2","","0","0","1","0","0"
"POINT (8.745338237000061 50.124480212000002)","Unfall 59842 (2022) Kat:3, Licht: 2","59842","3","6","3","01","21","6","","2","0","1","0","0"
"POINT (8.664970174000080 50.104603645000097)","Unfall 59884 (2022) Kat:3, Licht: 0","59884","3","6","2","01","14","5","","0","0","1","0","0"
"POINT (8.610920114000070 50.116205374000103)","Unfall 59906 (2022) Kat:3, Licht: 0","59906","3","6","2","01","08","4","","0","0","1","0","0"
"POINT (8.601785706000040 50.110793184999999)","Unfall 59908 (2022) Kat:3, Licht: 2","59908","3","3","0","02","17","6","","2","0","1","0","0"
"POINT (8.626747939000040 50.101383411000000)","Unfall 59922 (2022) Kat:3, Licht: 0","59922","3","6","2","01","12","5","","0","0","1","0","0"
"POINT (8.706160655000080 50.145923993000103)","Unfall 59963 (2022) Kat:3, Licht: 0","59963","3","6","2","01","12","3","","0","0","1","0","0"
"POINT (8.654581830000041 50.112872249000098)","Unfall 59981 (2022) Kat:3, Licht: 1","59981","3","6","8","01","17","5","","1","1","1","0","0"
"POINT (8.681128491000040 50.106742758999999)","Unfall 59983 (2022) Kat:3, Licht: 0","59983","3","6","2","01","15","3","","0","0","1","0","0"
"POINT (8.605730557000070 50.104710255000001)","Unfall 59990 (2022) Kat:3, Licht: 0","59990","3","6","3","02","08","2","","0","0","1","0","0"
"POINT (8.730126064000050 50.117916165000103)","Unfall 60005 (2022) Kat:3, Licht: 2","60005","3","6","0","01","17","7","","2","0","1","0","0"
"POINT (8.739558041000070 50.096387501999999)","Unfall 60009 (2022) Kat:2, Licht: 2","60009","2","6","4","02","23","3","","2","0","1","0","0"
"POINT (8.593190059000049 50.123760305000097)","Unfall 60029 (2022) Kat:3, Licht: 0","60029","3","6","2","01","08","6","","0","0","1","0","0"
"POINT (8.767402709000070 50.133184164000099)","Unfall 60037 (2022) Kat:3, Licht: 2","60037","3","6","2","01","07","3","","2","0","1","0","0"
"POINT (8.650751769000070 50.105524547000101)","Unfall 60041 (2022) Kat:3, Licht: 1","60041","3","7","6","02","17","7","","1","0","1","1","0"
"POINT (8.711226065000060 50.105204698000101)","Unfall 60044 (2022) Kat:3, Licht: 2","60044","3","6","2","02","01","7","","2","0","1","0","0"
"POINT (8.609654158000071 50.101133492000002)","Unfall 60050 (2022) Kat:2, Licht: 2","60050","2","6","4","01","19","7","","2","0","1","0","0"
"POINT (8.742606218000050 50.149137654000100)","Unfall 60053 (2022) Kat:3, Licht: 0","60053","3","6","2","02","16","4","","0","1","1","0","0"
"POINT (8.692128735000040 50.106907307000000)","Unfall 60079 (2022) Kat:3, Licht: 2","60079","3","4","6","01","19","7","","2","0","1","1","0"
"POINT (8.653884107000071 50.120823662000099)","Unfall 60159 (2022) Kat:3, Licht: 1","60159","3","6","2","01","16","7","","1","0","1","0","0"