WKT,Name,OBJECTID,UKATEGORIE,UTYP1,UART,UMONAT,USTUNDE,UWOCHENTAG,STRZUSTAND,ULICHTVERH,ISTRAD,ISTPKW,ISTFUSS,ISTKRAD
"POINT (8.751409413000030 50.144885800000097)","Unfall 60164 (2022) Kat:3, Licht: 1","60164","3","7","0","01","16","4","","1","1","1","0","0"
"POINT (8.605422725000039 50.105033976000101)","Unfall 60206 (2022) Kat:3, Licht: 0","60206","3","6","2","02","17","7","","0","0","1","0","0"
"POINT (8.668111445000021 50.144475151999998)","Unfall 60216 (2022) Kat:3, Licht: 2","60216","3","5","1","01","21","4","","2","1","0","0","0"
"POINT (8.698209516000080 50.138953033000099)","Unfall 60231 (2022) Kat:3, Licht: 0","60231","3","6","2","02","15","5","","0","0","1","0","0"
"POINT (8.758455479000080 50.112524628000102)","Unfall 60265 (2022) Kat:2, Licht: 2","60265","2","6","2","03","18","5","","2","0","1","0","0"
"POINT (8.616011411000040 50.100229668000097)","Unfall 60279 (2022) Kat:3, Licht: 0","60279","3","6","2","02","16","3","","0","0","1","0","0"
"POINT (8.690884207000069 50.094693462000102)","Unfall 60299 (2022) Kat:3, Licht: 0","60299","3","6","2","03","15","3","","0","0","1","0","0"
"POINT (8.666602021000070 50.192160629000099)","Unfall 60306 (2022) Kat:3, Licht: 0","60306","3","6","2","04","14","6","","0","0","1","0","0"
"POINT (8.673234591000041 50.149423560999999)","Unfall 60311 (2022) Kat:3, Licht: 0","60311","3","2","3","02","16","4","","0","1","1","0","0"
"POINT (8.580423276000030 50.131845089000102)","Unfall 60324 (2022) Kat:3, Licht: 0","60324","3","3","5","04","19","7","","0","0","1","0","0"
"POINT (8.561347637000040 50.052367181000101)","Unfall 60338 (2022) Kat:3, Licht: 0","60338","3","6","2","03","16","6","","0","0","1","0","0"
"POINT (8.671262605000040 50.089461653000100)","Unfall 60354 (2022) Kat:3, Licht: 0","60354","3","2","0","03","16","4","","0","1","1","0","0"
"POINT (8.671107556000040 50.131644719000100)","Unfall 60355 (2022) Kat:2, Licht: 0","60355","2","1","0","03","15","5","","0","0","0","0","1"
"POINT (8.626916182000061 50.190510054000100)","Unfall 60365 (2022) Kat:2, Licht: 0","60365","2","1","3","02","10","1","","0","0","1","0","0"
"POINT (8.671010920000070 50.149007998999998)","Unfall 60366 (2022) Kat:3, Licht: 1","60366","3","6","2","03","06","5","","1","0","1","0","0"
"POINT (8.633305154000031 50.088426835000099)","Unfall 60374 (2022) Kat:3, Licht: 0","60374","3","6","2","03","13","6","","0","0","1","0","0"
"POINT (8.570600960000039 50.098822675000100)","Unfall 60382 (2022) Kat:3, Licht: 2","60382","3","3","5","03","21","7","","2","0","1","0","0"
"POINT (8.635847564000070 50.056161912999997)","Unfall 60396 (2022) Kat:3, Licht: 2","60396","3","6","2","02","04","6","","2","0","1","0","0"
"POINT (8.607123576000051 50.128144894000101)","Unfall 60423 (2022) Kat:3, Licht: 0","60423","3","6","2","02","14","1","","0","0","1","0","0"
"POINT (8.613979362000070 50.097541368000101)","Unfall 60438 (2022) Kat:2, Licht: 2","60438","2","1","8","04","01","7","","2","0","1","0","0"
"POINT (8.619498732000070 50.134569279000097)","Unfall 60443 (2022) Kat:3, Licht: 2","60443","3","6","2","03","18","3","","2","0","1","0","0"
"POINT (8.604102471000029 50.052819002000000)","Unfall 60445 (2022) Kat:3, Licht: 0","60445","3","1","9","03","09","1","","0","0","1","0","0"
"POINT (8.665575878000030 50.104314401000103)","Unfall 60446 (2022) Kat:3, Licht: 0","60446","3","6","2","04","14","1","","0","0","1","0","0"
"POINT (8.686048080000029 50.131134236999998)","Unfall 60463 (2022) Kat:3, Licht: 0","60463","3","6","3","03","11","2","","0","0","1","0","0"
"POINT (8.640203960000060 50.056238239999999)","Unfall 60467 (2022) Kat:3, Licht: 0","60467","3","6","2","03","09","5","","0","0","1","0","0"
"POINT (8.670879662000059 50.148981370000101)","Unfall 60470 (2022) Kat:3, Licht: 0","60470","3","6","1","04","09","4","","0","0","1","0","0"
"POINT (8.638799269000060 50.094617247000002)","Unfall 60471 (2022) Kat:3, Licht: 1","60471","3","6","2","02","18","2","","1","0","1","0","0"
"POINT (8.624482563000070 50.188863239000099)","Unfall 60482 (2022) Kat:3, Licht: 1","60482","3","1","9","04","06","3","","1","0","1","0","0"
"POINT (8.555305303000070 50.102222773000101)","Unfall 60495 (2022) Kat:3, Licht: 0","60495","3","6","2","04","14","1","","0","0","1","0","0"
"POINT (8.648550487000019 50.058816983000000)","Unfall 60498 (2022) Kat:3, Licht: 0","60498","3","6","3","02","09","4","","0","0","1","0","0"
"POINT (8.657464384000040 50.208313302000100)","Unfall 60510 (2022) Kat:3, Licht: 2","60510","3","6","2","03","22","4","","2","0","1","0","0"
"POINT (8.597449842000060 50.100109954000096)","Unfall 60519 (2022) Kat:3, Licht: 0","60519","3","3","5","02","13","7","","0","0","1","0","0"
"POINT (8.551857906000070 50.046960474999999)","Unfall 60520 (2022) Kat:3, Licht: 0","60520","3","3","5","03","14","5","","0","0","1","0","0"
"POINT (8.707519932000030 50.120737238000103)","Unfall 60527 (2022) Kat:3, Licht: 0","60527","3","5","1","02","16","2","","0","1","1","0","0"
"POINT (8.683936887000071 50.131734322000099)","Unfall 60541 (2022) Kat:3, Licht: 0","60541","3","3","5","03","11","1","","0","1","1","0","0"
"POINT (8.557588580000070 50.048329855000098)","Unfall 60553 (2022) Kat:3, Licht: 2","60553","3","6","2","04","23","2","","2","0","1","0","0"
"POINT (8.540171571000030 50.099639171000000)","Unfall 60565 (2022) Kat:3, Licht: 0","60565","3","6","2","03","14","6","","0","0","1","0","0"
"POINT (8.691029501000060 50.088034841000102)","Unfall 60579 (2022) Kat:3, Licht: 0","60579","3","1","8","03","11","1","","0","0","1","0","0"
"POINT (8.662921872000030 50.103267873999997)","Unfall 60580 (2022) Kat:3, Licht: 0","60580","3","2","6","03","16","5","","0","0","1","1","0"
"POINT (8.593011354000049 50.087223585000103)","Unfall 60586 (2022) Kat:3, Licht: 2","60586","3","6","3","03","18","4","","2","0","1","0","0"
"POINT (8.708224692000041 50.111338465000102)","Unfall 60592 (2022) Kat:2, Licht: 2","60592","2","6","2","03","21","1","","2","0","1","0","0"
"POINT (8.540152446000040 50.109243397999997)","Unfall 60607 (2022) Kat:3, Licht: 0","60607","3","2","3","02","11","3","","0","1","1","0","0"
"POINT (8.557268810000039 50.051618286000100)","Unfall 60616 (2022) Kat:3, Licht: 0","60616","3","6","3","03","17","4","","0","0","1","0","0"
"POINT (8.692466529000059 50.106959171000000)","Unfall 60619 (2022) Kat:3, Licht: 0","60619","3","1","0","04","13","6","","0","0","0","0","0"
"POINT (8.664985049000050 50.104454546000099)","Unfall 60632 (2022) Kat:3, Licht: 0","60632","3","6","2","03","16","3","","0","0","1","0","0"
"POINT (8.530557881000050 50.098979455000098)","Unfall 60656 (2022) Kat:3, Licht: 2","60656","3","7","7","03","21","1","","2","0","1","0","0"
"POINT (8.517181776000029 50.109360013000099)","Unfall 60662 (2022) Kat:3, Licht: 2","60662","3","1","8","02","18","5","","2","0","1","0","0"
"POINT (8.652896083000030 50.139952227999999)","Unfall 60668 (2022) Kat:3, Licht: 0","60668","3","1","0","03","14","7","","0","0","0","0","1"
"POINT (8.674517074000050 50.104073456999998)","Unfall 60684 (2022) Kat:3, Licht: 2","60684","3","6","2","03","19","2","","2","0","1","0","1"
"POINT (8.680428656000061 50.066115822000000)","Unfall 60693 (2022) Kat:3, Licht: 2","60693","3","1","8","04","20","6","","2","0","1","0","0"
"POINT (8.618160879000071 50.183963194999997)","Unfall 60695 (2022) Kat:3, Licht: 2","60695","3","1","8","04","21","6","","2","0","1","0","0"
"POINT (8.591840330000030 50.137272510999999)","Unfall 60700 (2022) Kat:3, Licht: 1","60700","3","6","2","03","16","3","","1","0","1","0","0"
"POINT (8.647147212000050 50.104097627000002)","Unfall 60705 (2022) Kat:3, Licht: 2","60705","3","6","2","03","20","2","","2","0","1","0","0"
"POINT (8.612170891000060 50.132665995000103)","Unfall 60707 (2022) Kat:3, Licht: 0","60707","3","1","9","04","15","6","","0","0","0","0","1"
"POINT (8.688935808000050 50.130312354000097)","Unfall 60708 (2022) Kat:3, Licht: 2","60708","3","1","0","02","02","6","","2","0","0","0","0"
"POINT (8.655930905000050 50.107571838000098)","Unfall 60713 (2022) Kat:3, Licht: 0","60713","3","2","5","04","07","5","","0","1","0","0","0"
"POINT (8.666022279000060 50.148028866000097)","Unfall 60716 (2022) Kat:3, Licht: 0","60716","3","3","5","03","16","2","","0","1","0","1","0"
"POINT (8.610766068000030 50.170721484000097)","Unfall 60730 (2022) Kat:3, Licht: 0","60730","3","6","3","02","08","1","","0","0","1","0","0"
"POINT (8.752306687000040 50.142152035000002)","Unfall 60737 (2022) Kat:3, Licht: 0","60737","3","6","2","03","09","5","","0","0","1","0","0"
"POINT (8.731678587000030 50.118515066999997)","Unfall 60761 (2022) Kat:3, Licht: 0","60761","3","6","2","03","13","3","","0","0","1","0","0"
"POINT (8.612063195000079 50.146732891000099)","Unfall 60766 (2022) Kat:3, Licht: 0","60766","3","3","5","02","12","2","","0","0","1","0","0"
"POINT (8.671954639000029 50.090167190999999)","Unfall 60776 (2022) Kat:3, Licht: 0","60776","3","1","2","03","16","1","","0","0","1","0","0"
"POINT (8.603089825000040 50.100184620999997)","Unfall 60777 (2022) Kat:3, Licht: 0","60777","3","6","2","04","11","3","","0","0","1","0","0"
"POINT (8.563283156000070 50.127729129000002)","Unfall 60784 (2022) Kat:3, Licht: 0","60784","3","1","9","02","09","2","","0","0","1","0","0"
"POINT (8.594082205000060 50.053274492000099)","Unfall 60791 (2022) Kat:3, Licht: 0","60791","3","6","2","02","11","3","","0","0","1","0","0"
"POINT (8.755149377000070 50.143006935000102)","Unfall 60793 (2022) Kat:3, Licht: 0","60793","3","3","5","03","11","6","","0","0","1","0","0"
"POINT (8.672105518000020 50.133314939000101)","Unfall 60800 (2022) Kat:3, Licht: 0","60800","3","6","2","03","16","1","","0","0","1","0","0"
"POINT (8.617226294000030 50.079522644000100)","Unfall 60807 (2022) Kat:3, Licht: 2","60807","3","5","1","03","21","5","","2","0","1","0","0"
"POINT (8.540298125000049 50.099446336000000)","Unfall 60813 (2022) Kat:2, Licht: 0","60813","2","6","3","03","12","7","","0","1","1","0","0"
"POINT (8.661523991000021 50.183198142000002)","Unfall 60818 (2022) Kat:3, Licht: 2","60818","3","2","5","02","19","4","","2","1","1","0","0"
"POINT (8.691897161000041 50.129353176000102)","Unfall 60823 (2022) Kat:3, Licht: 2","60823","3","6","2","03","20","2","","2","0","1","0","0"
"POINT (8.558848943000040 50.102060895000101)","Unfall 60829 (2022) Kat:3, Licht: 2","60829","3","3","5","03","20","3","","2","1","1","0","0"
"POINT (8.676467792000039 50.132142987000101)","Unfall 60840 (2022) Kat:3, Licht: 0","60840","3","2","5","02","08","2","","0","1","1","0","0"
"POINT (8.687641507000020 50.106972425999999)","Unfall 60850 (2022) Kat:2, Licht: 2","60850","2","7","5","03","23","6","","2","1","1","0","0"
"POINT (8.668489844000019 50.099332858000103)","Unfall 60873 (2022) Kat:3, Licht: 0","60873","3","3","5","02","11","1","","0","1","1","0","0"
"POINT (8.646375816000051 50.200206520999998)","Unfall 60925 (2022) Kat:3, Licht: 0","60925","3","1","9","04","15","6","","0","0","1","0","0"
"POINT (8.571904208000030 50.095733988000099)","Unfall 60937 (2022) Kat:3, Licht: 0","60937","3","1","8","04","10","6","","0","0","0","0","1"
"POINT (8.687769011000061 50.107192939000100)","Unfall 60944 (2022) Kat:2, Licht: 0","60944","2","3","5","03","11","2","","0","0","1","0","0"
"POINT (8.725192744000029 50.125141703000097)","Unfall 60957 (2022) Kat:3, Licht: 2","60957","3","6","2","02","20","4","","2","0","1","0","0"
"POINT (8.595971247000019 50.122743153000002)","Unfall 60965 (2022) Kat:3, Licht: 0","60965","3","6","5","03","14","2","","0","0","1","0","0"
"POINT (8.586015502000070 50.123552593000099)","Unfall 60974 (2022) Kat:3, Licht: 0","60974","3","3","5","04","18","5","","0","0","1","0","0"
"POINT (8.629831809000050 50.101679371000003)","Unfall 60977 (2022) Kat:3, Licht: 0","60977","3","1","0","03","13","1","","0","1","0","1","0"
"POINT (8.757745381000060 50.129100618000102)","Unfall 60992 (2022) Kat:2, Licht: 0","60992","2","1","0","03","15","4","","0","1","0","0","0"
"POINT (8.668039961000030 50.131568769000097)","Unfall 60993 (2022) Kat:3, Licht: 0","60993","3","6","2","03","17","6","","0","0","1","0","0"
"POINT (8.705912264000061 50.111398643000001)","Unfall 61007 (2022) Kat:3, Licht: 0","61007","3","6","2","03","14","2","","0","0","1","0","0"
"POINT (8.601453563000060 50.153771847000002)","Unfall 61009 (2022) Kat:3, Licht: 0","61009","3","6","2","04","12","6","","0","0","1","0","0"
"POINT (8.584344174000019 50.123722706000102)","Unfall 61031 (2022) Kat:3, Licht: 0","61031","3","2","5","04","18","4","","0","1","1","0","0"
"POINT (8.725671979000030 50.127562668000103)","Unfall 61060 (2022) Kat:3, Licht: 0","61060","3","3","5","03","17","5","","0","0","1","0","1"
"POINT (8.646959861000029 50.139612101000097)","Unfall 61067 (2022) Kat:3, Licht: 0","61067","3","6","2","03","16","6","","0","0","1","0","1"
"POINT (8.534551264000070 50.116255232000100)","Unfall 61069 (2022) Kat:2, Licht: 1","61069","2","1","9","04","06","7","","1","0","1","0","0"
"POINT (8.535329982000061 50.116279393000099)","Unfall 61074 (2022) Kat:3, Licht: 2","61074","3","1","8","03","01","3","","2","0","1","0","0"
"POINT (8.692838441000051 50.128992304000100)","Unfall 61075 (2022) Kat:3, Licht: 0","61075","3","3","5","03","15","3","","0","0","1","0","0"
"POINT (8.539084617000070 50.101327884000099)","Unfall 61077 (2022) Kat:3, Licht: 2","61077","3","2","4","04","22","1","","2","0","1","0","0"
"POINT (8.670604319000059 50.097606415000001)","Unfall 61108 (2022) Kat:2, Licht: 2","61108","2","2","5","04","22","6","","2","0","1","0","0"
"POINT (8.695404698000059 50.109144782000001)","Unfall 61118 (2022) Kat:2, Licht: 0","61118","2","6","6","03","08","4","","0","0","0","1","0"
"POINT (8.752632494000069 50.122707793000103)","Unfall 61120 (2022) Kat:3, Licht: 0","61120","3","6","1","04","16","6","","0","0","1","0","0"
"POINT (8.672447035000060 50.131683634000098)","Unfall 61123 (2022) Kat:3, Licht: 2","61123","3","6","2","03","19","3","","2","0","1","0","0"
"POINT (8.616461160000030 50.093108815000100)","Unfall 61132 (2022) Kat:3, Licht: 0","61132","3","6","3","02","09","7","","0","0","1","0","0"
"POINT (8.632990499000069 50.101980402000002)","Unfall 61155 (2022) Kat:3, Licht: 2","61155","3","6","2","02","22","6","","2","0","1","0","1"
"POINT (8.684547184000049 50.136576585000100)","Unfall 61163 (2022) Kat:3, Licht: 2","61163","3","1","9","02","04","2","","2","0","1","0","0"
"POINT (8.569361697000030 50.097175327000102)","Unfall 61189 (2022) Kat:3, Licht: 1","61189","3","3","5","04","18","2","","1","0","1","0","0"
"POINT (8.753855633000059 50.120227763999999)","Unfall 61194 (2022) Kat:3, Licht: 0","61194","3","6","2","04","13","6","","0","0","1","0","0"
"POINT (8.695151251000031 50.132799419000001)","Unfall 61197 (2022) Kat:3, Licht: 0","61197","3","2","5","03","08","3","","0","1","1","0","0"
"POINT (8.767185996000020 50.132901355000101)","Unfall 61208 (2022) Kat:2, Licht: 0","61208","2","1","0","03","13","6","","0","1","0","0","0"
"POINT (8.719514296000060 50.123288870000103)","Unfall 61217 (2022) Kat:3, Licht: 0","61217","3","2","3","04","14","2","","0","0","1","0","0"
"POINT (8.530037435000050 50.101474950000103)","Unfall 61218 (2022) Kat:2, Licht: 0","61218","2","1","0","04","13","7","","0","1","0","0","0"
"POINT (8.594114580000049 50.134576512000102)","Unfall 61231 (2022) Kat:3, Licht: 2","61231","3","1","2","03","18","7","","2","0","1","0","0"
"POINT (8.647381143000080 50.200072865000003)","Unfall 61234 (2022) Kat:3, Licht: 0","61234","3","1","8","02","12","1","","0","0","1","0","0"
"POINT (8.666252613000040 50.148139376000103)","Unfall 61249 (2022) Kat:2, Licht: 0","61249","2","1","9","04","12","3","","0","0","1","0","0"
"POINT (8.648311959000070 50.178787747000101)","Unfall 61257 (2022) Kat:3, Licht: 0","61257","3","6","2","02","11","3","","0","0","1","0","0"
"POINT (8.593197032000029 50.123749445000001)","Unfall 61262 (2022) Kat:3, Licht: 0","61262","3","6","2","03","13","4","","0","0","0","0","0"
"POINT (8.670508815000060 50.138698820999998)","Unfall 61265 (2022) Kat:3, Licht: 0","61265","3","2","6","03","16","6","","0","0","1","1","0"
"POINT (8.689724800000020 50.159341078000097)","Unfall 61266 (2022) Kat:2, Licht: 2","61266","2","7","1","03","20","7","","2","0","1","0","0"
"POINT (8.551641300000030 50.108671671000103)","Unfall 61285 (2022) Kat:3, Licht: 0","61285","3","3","5","03","11","3","","0","0","1","0","0"
"POINT (8.694305736000050 50.109111798000100)","Unfall 61289 (2022) Kat:3, Licht: 2","61289","3","1","0","02","21","7","","2","0","0","0","0"
"POINT (8.729311254000040 50.129579174000099)","Unfall 61305 (2022) Kat:3, Licht: 0","61305","3","3","5","03","14","5","","0","1","1","0","0"
"POINT (8.538054938000069 50.111114649999998)","Unfall 61309 (2022) Kat:3, Licht: 0","61309","3","6","3","02","16","7","","0","0","1","0","1"
"POINT (8.679010539000050 50.167135940999998)","Unfall 61313 (2022) Kat:3, Licht: 2","61313","3","6","2","03","20","3","","2","0","1","0","0"
"POINT (8.622367299000080 50.100940436000002)","Unfall 61323 (2022) Kat:3, Licht: 2","61323","3","6","3","03","23","6","","2","0","1","0","0"
"POINT (8.653306882000040 50.139650007000100)","Unfall 61343 (2022) Kat:3, Licht: 0","61343","3","1","0","04","16","4","","0","0","0","0","1"
"POINT (8.668702717000031 50.088327783000103)","Unfall 61349 (2022) Kat:2, Licht: 0","61349","2","2","5","02","17","4","","0","0","0","0","0"
"POINT (8.656407595000079 50.134911602999999)","Unfall 61351 (2022) Kat:3, Licht: 0","61351","3","6","3","03","09","2","","0","0","1","0","0"
"POINT (8.650950435000031 50.197297953000003)","Unfall 61354 (2022) Kat:3, Licht: 0","61354","3","6","3","03","11","1","","0","0","1","0","0"
"POINT (8.747209670000069 50.139467187999998)","Unfall 61355 (2022) Kat:3, Licht: 0","61355","3","6","2","03","12","3","","0","0","1","0","0"
"POINT (8.649786763000071 50.098384379999999)","Unfall 61375 (2022) Kat:2, Licht: 0","61375","2","2","0","04","16","2","","0","0","0","0","1"
"POINT (8.616886865000030 50.092777624000099)","Unfall 61381 (2022) Kat:3, Licht: 0","61381","3","1","8","04","07","7","","0","0","1","0","0"
"POINT (8.484492200000030 50.096487164999999)","Unfall 61384 (2022) Kat:3, Licht: 2","61384","3","1","3","04","19","6","","2","0","1","0","0"
"POINT (8.611329959000050 50.172238055999998)","Unfall 61386 (2022) Kat:3, Licht: 0","61386","3","7","8","02","07","5","","0","0","0","0","0"
"POINT (8.547971817000080 50.120583720000099)","Unfall 61398 (2022) Kat:3, Licht: 0","61398","3","6","3","03","09","3","","0","0","1","0","0"
"POINT (8.599507351000060 50.150237785000101)","Unfall 61428 (2022) Kat:3, Licht: 0","61428","3","6","2","04","07","3","","0","0","1","0","0"
"POINT (8.719278533000020 50.113978256999999)","Unfall 61440 (2022) Kat:3, Licht: 0","61440","3","4","6","03","07","4","","0","0","0","1","0"
"POINT (8.596966815000030 50.100292568000000)","Unfall 61448 (2022) Kat:3, Licht: 2","61448","3","1","9","03","22","1","","2","0","1","1","0"
"POINT (8.507941914000069 50.105976718000100)","Unfall 61452 (2022) Kat:2, Licht: 2","61452","2","1","8","02","23","7","","2","0","1","0","0"
"POINT (8.650991335000070 50.098754962999998)","Unfall 61465 (2022) Kat:3, Licht: 2","61465","3","7","3","02","19","7","","2","0","0","0","1"
"POINT (8.659674132000021 50.109087648000099)","Unfall 61469 (2022) Kat:3, Licht: 2","61469","3","6","0","02","20","5","","2","1","1","0","0"
"POINT (8.691038881000051 50.093285371999997)","Unfall 61501 (2022) Kat:3, Licht: 0","61501","3","6","3","03","09","7","","0","1","0","0","0"
"POINT (8.650794362000060 50.113935699000102)","Unfall 61504 (2022) Kat:3, Licht: 0","61504","3","6","2","04","11","6","","0","0","1","0","0"
"POINT (8.648376732000029 50.178876392000099)","Unfall 61505 (2022) Kat:3, Licht: 0","61505","3","6","2","02","13","2","","0","0","1","0","0"
"POINT (8.682291336000050 50.104287018000001)","Unfall 61511 (2022) Kat:3, Licht: 0","61511","3","3","5","03","07","6","","0","0","1","0","1"
"POINT (8.662730767000030 50.147303448000102)","Unfall 61512 (2022) Kat:3, Licht: 0","61512","3","6","3","04","15","1","","0","1","1","0","0"
"POINT (8.748976080000030 50.161008645000003)","Unfall 61515 (2022) Kat:2, Licht: 2","61515","2","1","4","02","19","4","","2","0","1","0","0"
"POINT (8.624646302000031 50.078054365000099)","Unfall 61533 (2022) Kat:3, Licht: 2","61533","3","2","5","03","19","3","","2","0","1","0","0"
"POINT (8.706004956000070 50.145739300999999)","Unfall 61544 (2022) Kat:3, Licht: 2","61544","3","1","8","02","01","7","","2","0","1","0","0"
"POINT (8.671037197000031 50.149013329000098)","Unfall 61546 (2022) Kat:2, Licht: 0","61546","2","7","1","03","14","5","","0","0","1","0","0"
"POINT (8.546437450000040 50.103634734000103)","Unfall 61547 (2022) Kat:3, Licht: 0","61547","3","3","5","04","18","7","","0","0","1","0","0"
"POINT (8.650583392000041 50.063966299000100)","Unfall 61567 (2022) Kat:3, Licht: 2","61567","3","1","9","02","05","2","","2","0","1","0","0"
"POINT (8.701908688000060 50.122484975000098)","Unfall 61589 (2022) Kat:3, Licht: 0","61589","3","6","2","02","16","2","","0","0","1","0","1"
"POINT (8.682458499000060 50.144843661000003)","Unfall 61601 (2022) Kat:2, Licht: 0","61601","2","3","5","04","13","7","","0","0","1","0","0"
"POINT (8.639922797000050 50.146571483000102)","Unfall 61609 (2022) Kat:3, Licht: 0","61609","3","6","2","03","16","7","","0","0","1","0","0"
"POINT (8.729194826000031 50.122205769000097)","Unfall 61612 (2022) Kat:3, Licht: 0","61612","3","6","3","03","14","7","","0","0","1","0","1"
"POINT (8.617705755000030 50.132660901000101)","Unfall 61613 (2022) Kat:3, Licht: 0","61613","3","6","2","04","19","1","","0","0","1","0","0"
"POINT (8.699912247000039 50.110348619000000)","Unfall 61631 (2022) Kat:2, Licht: 2","61631","2","4","6","03","19","6","","2","0","1","1","0"
"POINT (8.603024938000029 50.108174916000102)","Unfall 61642 (2022) Kat:3, Licht: 1","61642","3","6","3","04","06","3","","1","0","1","0","0"
"POINT (8.618873566000049 50.149490420000099)","Unfall 61643 (2022) Kat:3, Licht: 0","61643","3","3","0","03","12","6","","0","1","1","0","0"
"POINT (8.668955091000040 50.098930204000098)","Unfall 61690 (2022) Kat:3, Licht: 2","61690","3","4","6","02","22","4","","2","0","0","1","0"
"POINT (8.743730784000039 50.137298063999999)","Unfall 61705 (2022) Kat:3, Licht: 0","61705","3","7","0","04","11","5","","0","0","0","0","0"
"POINT (8.667663494000070 50.145965066000002)","Unfall 61707 (2022) Kat:3, Licht: 2","61707","3","1","0","02","22","2","","2","1","0","0","0"
"POINT (8.682914594000071 50.144058616000102)","Unfall 61719 (2022) Kat:3, Licht: 1","61719","3","3","5","03","17","2","","1","1","1","0","0"
"POINT (8.619121383000049 50.088108988000002)","Unfall 61732 (2022) Kat:3, Licht: 0","61732","3","6","2","04","15","2","","0","0","1","0","0"
"POINT (8.708942968000031 50.111444854000098)","Unfall 61740 (2022) Kat:3, Licht: 0","61740","3","4","6","03","08","3","","0","0","1","1","0"
"POINT (8.674740385000060 50.091683740000100)","Unfall 61753 (2022) Kat:3, Licht: 2","61753","3","1","0","03","01","1","","2","1","0","0","0"
"POINT (8.628286030000030 50.116325906999997)","Unfall 61758 (2022) Kat:3, Licht: 0","61758","3","3","5","03","13","7","","0","0","1","0","0"
"POINT (8.636328310000071 50.195933230999998)","Unfall 61765 (2022) Kat:3, Licht: 0","61765","3","6","3","03","08","3","","0","0","1","0","0"
"POINT (8.647259528000060 50.056833031000103)","Unfall 61774 (2022) Kat:3, Licht: 0","61774","3","6","2","03","14","3","","0","0","1","0","0"
"POINT (8.706618173000040 50.146448819000099)","Unfall 61785 (2022) Kat:3, Licht: 0","61785","3","6","3","03","08","5","","0","0","1","0","0"
"POINT (8.504718939000041 50.097159012000098)","Unfall 61786 (2022) Kat:2, Licht: 0","61786","2","4","6","02","16","3","","0","0","1","1","0"
"POINT (8.617229980000049 50.079531660000001)","Unfall 61799 (2022) Kat:2, Licht: 0","61799","2","7","0","02","14","3","","0","0","1","0","0"
"POINT (8.648027039000061 50.055487737000099)","Unfall 61800 (2022) Kat:3, Licht: 0","61800","3","6","2","03","11","5","","0","0","1","0","0"
"POINT (8.688680606000050 50.150769982000000)","Unfall 61802 (2022) Kat:3, Licht: 2","61802","3","3","6","03","06","3","","2","0","1","1","0"
"POINT (8.616424269000049 50.093856445000000)","Unfall 61803 (2022) Kat:3, Licht: 2","61803","3","7","0","03","20","4","","2","0","1","0","0"
"POINT (8.601745199000050 50.047933151000102)","Unfall 61807 (2022) Kat:3, Licht: 2","61807","3","7","0","06","23","5","","2","0","1","0","1"
"POINT (8.715520861000069 50.064002311000102)","Unfall 61824 (2022) Kat:3, Licht: 0","61824","3","6","2","07","18","3","","0","0","1","0","0"
"POINT (8.650703921000060 50.113855429000097)","Unfall 61827 (2022) Kat:3, Licht: 0","61827","3","3","5","05","18","6","","0","0","1","0","0"
"POINT (8.610264532000031 50.125948291000000)","Unfall 61828 (2022) Kat:3, Licht: 0","61828","3","6","0","06","14","7","","0","0","1","0","1"
"POINT (8.633922898000041 50.161687800000003)","Unfall 61845 (2022) Kat:3, Licht: 0","61845","3","6","2","06","17","3","","0","0","1","0","0"
"POINT (8.577887164000060 50.099879112000103)","Unfall 61848 (2022) Kat:3, Licht: 0","61848","3","4","6","05","08","5","","0","0","1","1","0"
"POINT (8.622489424000040 50.156352804999997)","Unfall 61864 (2022) Kat:3, Licht: 0","61864","3","2","4","06","15","3","","0","1","1","0","0"
"POINT (8.688107862000040 50.158115604000002)","Unfall 61869 (2022) Kat:3, Licht: 0","61869","3","3","5","04","18","5","","0","0","1","0","1"
"POINT (8.582487737000060 50.123880293000099)","Unfall 61872 (2022) Kat:3, Licht: 0","61872","3","6","0","05","20","1","","0","1","0","0","1"
"POINT (8.686528242000071 50.107340830000098)","Unfall 61880 (2022) Kat:3, Licht: 0","61880","3","6","4","06","21","5","","0","1","0","0","0"
"POINT (8.687706621000070 50.107195830000101)","Unfall 61902 (2022) Kat:3, Licht: 0","61902","3","2","0","05","18","2","","0","1","1","0","0"
"POINT (8.671934009000040 50.134272462000098)","Unfall 61907 (2022) Kat:3, Licht: 0","61907","3","3","5","06","08","4","","0","1","1","0","0"
"POINT (8.612094663000050 50.146744386000101)","Unfall 61910 (2022) Kat:3, Licht: 0","61910","3","2","5","04","10","2","","0","1","1","0","0"
"POINT (8.613324500000029 50.071009152000002)","Unfall 61925 (2022) Kat:3, Licht: 2","61925","3","6","3","05","04","1","","2","0","1","0","0"
"POINT (8.694686235000059 50.128403595000101)","Unfall 61929 (2022) Kat:3, Licht: 0","61929","3","6","3","06","07","6","","0","0","1","0","0"
"POINT (8.604156424000051 50.053262857999997)","Unfall 61932 (2022) Kat:3, Licht: 0","61932","3","6","3","06","19","7","","0","0","1","0","0"
"POINT (8.694304830000020 50.130854597000102)","Unfall 61946 (2022) Kat:3, Licht: 0","61946","3","6","0","06","08","2","","0","0","1","0","1"
"POINT (8.697275796000040 50.126878855000001)","Unfall 61962 (2022) Kat:3, Licht: 0","61962","3","2","5","07","21","4","","0","0","1","0","0"