WKT,Name,OBJECTID,UKATEGORIE,UTYP1,UART,UMONAT,USTUNDE,UWOCHENTAG,STRZUSTAND,ULICHTVERH,ISTRAD,ISTPKW,ISTFUSS,ISTKRAD
"POINT (8.703679251000040 50.146449376000099)","Unfall 61969 (2022) Kat:3, Licht: 0","61969","3","6","2","06","15","2","","0","0","1","0","0"
"POINT (8.639202569000080 50.102563347000100)","Unfall 61978 (2022) Kat:3, Licht: 0","61978","3","3","5","07","15","6","","0","0","1","0","0"
"POINT (8.698822414000061 50.140500909000103)","Unfall 61985 (2022) Kat:3, Licht: 0","61985","3","6","0","06","11","6","","0","0","1","0","0"
"POINT (8.641239083000070 50.102752008000003)","Unfall 61998 (2022) Kat:2, Licht: 0","61998","2","6","3","05","18","1","","0","0","0","0","0"
"POINT (8.730515177000029 50.118767345000002)","Unfall 62003 (2022) Kat:3, Licht: 0","62003","3","6","2","06","16","1","","0","0","1","0","0"
"POINT (8.671976889000060 50.134071519000003)","Unfall 62004 (2022) Kat:2, Licht: 0","62004","2","6","1","05","10","3","","0","0","1","0","0"
"POINT (8.616256399000060 50.100421352000097)","Unfall 62005 (2022) Kat:3, Licht: 2","62005","3","1","0","06","23","2","","2","0","0","0","0"
"POINT (8.580444568000081 50.121897584000102)","Unfall 62012 (2022) Kat:3, Licht: 0","62012","3","6","4","07","15","7","","0","0","1","0","0"
"POINT (8.673051644000051 50.131732215000099)","Unfall 62035 (2022) Kat:3, Licht: 0","62035","3","6","3","05","20","7","","0","0","1","0","0"
"POINT (8.540843846000030 50.110373433000099)","Unfall 62037 (2022) Kat:3, Licht: 0","62037","3","7","6","05","10","2","","0","0","0","1","0"
"POINT (8.697624958000061 50.102244349000003)","Unfall 62038 (2022) Kat:3, Licht: 2","62038","3","7","0","07","23","6","","2","1","0","1","0"
"POINT (8.668168604000069 50.131570158000002)","Unfall 62043 (2022) Kat:3, Licht: 1","62043","3","2","5","04","05","5","","1","1","1","0","0"
"POINT (8.675756396000050 50.092032630000098)","Unfall 62064 (2022) Kat:3, Licht: 0","62064","3","5","1","05","11","6","","0","1","1","0","0"
"POINT (8.620835226000050 50.172716663000102)","Unfall 62075 (2022) Kat:3, Licht: 0","62075","3","6","4","06","16","2","","0","0","1","0","0"
"POINT (8.691001546000050 50.097513257999999)","Unfall 62082 (2022) Kat:2, Licht: 0","62082","2","2","5","06","07","2","","0","1","1","0","0"
"POINT (8.730803123000040 50.118651826000097)","Unfall 62099 (2022) Kat:3, Licht: 0","62099","3","6","3","07","12","4","","0","0","1","0","1"
"POINT (8.773276389000049 50.136392708000102)","Unfall 62108 (2022) Kat:2, Licht: 0","62108","2","3","5","06","20","6","","0","1","0","0","0"
"POINT (8.544121101000030 50.105702018000002)","Unfall 62112 (2022) Kat:3, Licht: 0","62112","3","3","5","05","15","3","","0","0","0","0","0"
"POINT (8.628554887000060 50.191465710000003)","Unfall 62126 (2022) Kat:3, Licht: 0","62126","3","6","2","07","09","4","","0","0","1","0","0"
"POINT (8.712623787000039 50.137810981000001)","Unfall 62130 (2022) Kat:2, Licht: 0","62130","2","1","8","06","18","7","","0","0","0","0","1"
"POINT (8.650524672000071 50.105434743000004)","Unfall 62134 (2022) Kat:3, Licht: 0","62134","3","3","5","04","17","4","","0","0","1","0","0"
"POINT (8.715958967000059 50.123729456000000)","Unfall 62148 (2022) Kat:3, Licht: 0","62148","3","6","2","06","17","2","","0","0","1","0","0"
"POINT (8.694498807000061 50.131260380000100)","Unfall 62156 (2022) Kat:3, Licht: 0","62156","3","1","0","06","07","3","","0","1","0","0","0"
"POINT (8.732322987000030 50.117617250000102)","Unfall 62163 (2022) Kat:3, Licht: 0","62163","3","6","3","04","07","3","","0","0","1","0","0"
"POINT (8.690631612000059 50.102904190000103)","Unfall 62173 (2022) Kat:3, Licht: 0","62173","3","3","5","06","08","2","","0","1","1","0","0"
"POINT (8.707019873000039 50.199180095000003)","Unfall 62177 (2022) Kat:3, Licht: 0","62177","3","6","1","05","13","6","","0","0","1","0","0"
"POINT (8.540195388000029 50.117988859999997)","Unfall 62185 (2022) Kat:2, Licht: 0","62185","2","6","3","07","16","2","","0","0","1","0","0"
"POINT (8.716068696000040 50.123894574000097)","Unfall 62192 (2022) Kat:2, Licht: 0","62192","2","7","6","05","12","3","","0","0","1","1","0"
"POINT (8.666008643000049 50.148041867000103)","Unfall 62202 (2022) Kat:3, Licht: 2","62202","3","3","5","06","21","1","","2","0","1","0","0"
"POINT (8.708599883000030 50.111336793000099)","Unfall 62227 (2022) Kat:3, Licht: 0","62227","3","2","4","04","08","3","","0","1","1","0","0"
"POINT (8.603241224000040 50.100356329000100)","Unfall 62233 (2022) Kat:3, Licht: 0","62233","3","6","3","06","10","5","","0","0","1","0","0"
"POINT (8.662713835000030 50.108563521000100)","Unfall 62249 (2022) Kat:3, Licht: 0","62249","3","1","6","06","15","7","","0","1","0","1","0"
"POINT (8.592128190000039 50.100065569000002)","Unfall 62263 (2022) Kat:3, Licht: 0","62263","3","2","5","06","09","4","","0","0","1","0","0"
"POINT (8.668533056000060 50.144042917000000)","Unfall 62275 (2022) Kat:2, Licht: 0","62275","2","2","6","06","14","5","","0","0","1","1","0"
"POINT (8.623628471000069 50.052256323999998)","Unfall 62283 (2022) Kat:3, Licht: 2","62283","3","6","1","05","00","7","","2","0","0","0","0"
"POINT (8.642954886000039 50.199794007000001)","Unfall 62289 (2022) Kat:2, Licht: 0","62289","2","6","3","05","18","2","","0","0","1","0","0"
"POINT (8.677785873000060 50.105395842000100)","Unfall 62303 (2022) Kat:3, Licht: 0","62303","3","6","4","06","16","6","","0","1","0","0","0"
"POINT (8.603266571000059 50.052124825000099)","Unfall 62311 (2022) Kat:3, Licht: 0","62311","3","3","5","05","19","6","","0","0","1","0","1"
"POINT (8.676353833000061 50.092576731000101)","Unfall 62313 (2022) Kat:3, Licht: 0","62313","3","6","2","04","08","7","","0","0","1","0","0"
"POINT (8.682433209000070 50.144874150000099)","Unfall 62318 (2022) Kat:3, Licht: 0","62318","3","3","5","05","12","7","","0","0","1","0","0"
"POINT (8.633399745000080 50.102019495999997)","Unfall 62333 (2022) Kat:2, Licht: 0","62333","2","3","5","06","13","5","","0","0","1","0","1"
"POINT (8.614452029000059 50.137106230000001)","Unfall 62335 (2022) Kat:3, Licht: 0","62335","3","2","4","06","16","4","","0","1","0","0","0"
"POINT (8.557462371000041 50.102433992999998)","Unfall 62342 (2022) Kat:3, Licht: 0","62342","3","2","4","04","18","4","","0","1","1","0","0"
"POINT (8.652203158000081 50.196477612000102)","Unfall 62351 (2022) Kat:2, Licht: 0","62351","2","3","5","04","11","7","","0","0","1","0","0"
"POINT (8.651342902000071 50.113295531000098)","Unfall 62358 (2022) Kat:3, Licht: 2","62358","3","1","0","05","04","7","","2","0","0","0","0"
"POINT (8.612042659000050 50.173042481000003)","Unfall 62377 (2022) Kat:3, Licht: 0","62377","3","6","2","06","11","6","","0","0","1","0","0"
"POINT (8.695919770000049 50.109200109000000)","Unfall 62387 (2022) Kat:3, Licht: 1","62387","3","5","1","07","21","7","","1","0","0","0","1"
"POINT (8.610660680000020 50.115547313000000)","Unfall 62391 (2022) Kat:3, Licht: 0","62391","3","1","9","06","15","6","","0","0","1","0","0"
"POINT (8.540845834000040 50.098812716000097)","Unfall 62396 (2022) Kat:3, Licht: 0","62396","3","5","1","07","13","3","","0","1","1","0","0"
"POINT (8.606928267000059 50.052694940000002)","Unfall 62410 (2022) Kat:3, Licht: 1","62410","3","6","3","06","21","5","","1","0","1","0","0"
"POINT (8.654966790000060 50.111852657000000)","Unfall 62429 (2022) Kat:3, Licht: 0","62429","3","2","0","05","13","1","","0","0","1","0","0"
"POINT (8.752070319000040 50.144586621000002)","Unfall 62436 (2022) Kat:3, Licht: 0","62436","3","2","3","06","17","4","","0","1","1","0","0"
"POINT (8.766008522000050 50.132606081000098)","Unfall 62465 (2022) Kat:3, Licht: 0","62465","3","6","2","04","10","3","","0","0","1","0","0"
"POINT (8.739233040000039 50.101550549000102)","Unfall 62468 (2022) Kat:3, Licht: 0","62468","3","6","2","06","12","3","","0","0","1","0","0"
"POINT (8.677944102000030 50.093453345999997)","Unfall 62472 (2022) Kat:2, Licht: 0","62472","2","4","6","05","15","1","","0","0","1","1","0"
"POINT (8.694960181000059 50.132258928000098)","Unfall 62478 (2022) Kat:3, Licht: 0","62478","3","2","5","06","09","4","","0","1","1","0","0"
"POINT (8.682509075000040 50.164073679000097)","Unfall 62483 (2022) Kat:3, Licht: 0","62483","3","2","5","07","06","3","","0","1","1","0","0"
"POINT (8.657951713000051 50.146055699000001)","Unfall 62484 (2022) Kat:3, Licht: 0","62484","3","6","2","04","15","7","","0","0","1","0","0"
"POINT (8.538903859000071 50.112102106000101)","Unfall 62512 (2022) Kat:3, Licht: 0","62512","3","7","6","05","10","3","","0","0","1","1","0"
"POINT (8.710353053000061 50.131852252000002)","Unfall 62525 (2022) Kat:3, Licht: 0","62525","3","2","3","07","08","2","","0","1","1","0","0"
"POINT (8.673102523000070 50.149404892000099)","Unfall 62529 (2022) Kat:2, Licht: 0","62529","2","3","5","05","16","2","","0","0","1","0","1"
"POINT (8.642277002000069 50.102848182999999)","Unfall 62532 (2022) Kat:3, Licht: 0","62532","3","6","2","05","08","5","","0","0","1","0","0"
"POINT (8.683291066000040 50.142787593999998)","Unfall 62535 (2022) Kat:3, Licht: 0","62535","3","7","1","05","13","6","","0","0","1","0","0"
"POINT (8.617961532000040 50.132724893000002)","Unfall 62548 (2022) Kat:3, Licht: 0","62548","3","3","5","06","16","4","","0","1","1","0","0"
"POINT (8.695141433000060 50.132771644999998)","Unfall 62556 (2022) Kat:3, Licht: 0","62556","3","2","3","07","06","2","","0","1","1","0","0"
"POINT (8.764105396000049 50.135794251000000)","Unfall 62563 (2022) Kat:3, Licht: 0","62563","3","4","6","05","17","6","","0","0","1","1","0"
"POINT (8.653737698000040 50.119765373000099)","Unfall 62564 (2022) Kat:2, Licht: 0","62564","2","3","5","06","11","7","","0","1","1","0","0"
"POINT (8.665092240000041 50.107500646000098)","Unfall 62568 (2022) Kat:3, Licht: 0","62568","3","6","2","05","14","1","","0","0","1","0","0"
"POINT (8.599812436000040 50.113131035999999)","Unfall 62571 (2022) Kat:3, Licht: 0","62571","3","6","2","06","19","1","","0","0","1","0","0"
"POINT (8.485842203000059 50.096313232000099)","Unfall 62582 (2022) Kat:3, Licht: 0","62582","3","6","2","06","18","4","","0","0","1","0","0"
"POINT (8.761298389000050 50.130441089000001)","Unfall 62585 (2022) Kat:3, Licht: 0","62585","3","3","5","05","16","3","","0","1","1","0","0"
"POINT (8.589956292000069 50.131294281000102)","Unfall 62596 (2022) Kat:3, Licht: 2","62596","3","6","2","07","22","1","","2","0","1","0","0"
"POINT (8.715485259000049 50.112690869000097)","Unfall 62605 (2022) Kat:3, Licht: 0","62605","3","6","4","07","11","4","","0","1","0","0","0"
"POINT (8.647761874000031 50.176038785999999)","Unfall 62608 (2022) Kat:3, Licht: 0","62608","3","7","9","05","17","5","","0","0","1","0","0"
"POINT (8.535793156000070 50.113116736999999)","Unfall 62621 (2022) Kat:3, Licht: 0","62621","3","2","5","07","16","6","","0","1","1","0","0"
"POINT (8.642971906000071 50.102912570000100)","Unfall 62623 (2022) Kat:3, Licht: 2","62623","3","6","3","04","23","6","","2","0","1","0","0"
"POINT (8.600030048000059 50.151672733000098)","Unfall 62647 (2022) Kat:1, Licht: 0","62647","1","6","3","07","13","6","","0","0","1","0","1"
"POINT (8.670553250000070 50.097986703000103)","Unfall 62648 (2022) Kat:3, Licht: 0","62648","3","3","5","06","18","3","","0","1","1","0","0"
"POINT (8.755096178000031 50.143043051000099)","Unfall 62651 (2022) Kat:3, Licht: 0","62651","3","3","5","06","09","4","","0","0","1","0","1"
"POINT (8.590961924000061 50.100047462000099)","Unfall 62652 (2022) Kat:3, Licht: 0","62652","3","7","9","06","18","4","","0","0","1","0","0"
"POINT (8.593329358000060 50.100084139000003)","Unfall 62655 (2022) Kat:3, Licht: 0","62655","3","3","5","05","15","3","","0","1","1","0","0"
"POINT (8.563589997000070 50.050201996000098)","Unfall 62679 (2022) Kat:3, Licht: 0","62679","3","1","9","07","16","7","","0","0","1","0","0"
"POINT (8.766685771000031 50.132625507999997)","Unfall 62702 (2022) Kat:3, Licht: 2","62702","3","6","2","06","22","6","","2","0","1","0","0"
"POINT (8.712482352000050 50.111671567000002)","Unfall 62703 (2022) Kat:2, Licht: 0","62703","2","3","5","04","12","3","","0","1","1","0","0"
"POINT (8.727497431000071 50.116865915000098)","Unfall 62708 (2022) Kat:2, Licht: 0","62708","2","2","3","05","14","4","","0","1","0","0","0"
"POINT (8.619015650000049 50.090689320000102)","Unfall 62710 (2022) Kat:3, Licht: 0","62710","3","6","3","05","16","6","","0","0","1","0","1"
"POINT (8.571073311000021 50.098880788000002)","Unfall 62712 (2022) Kat:3, Licht: 0","62712","3","3","5","05","16","1","","0","0","1","0","1"
"POINT (8.639511568000049 50.197573071000100)","Unfall 62713 (2022) Kat:3, Licht: 0","62713","3","6","2","07","14","6","","0","0","1","0","0"
"POINT (8.698565097000030 50.140496790999997)","Unfall 62714 (2022) Kat:3, Licht: 0","62714","3","2","3","06","18","7","","0","1","1","0","0"
"POINT (8.694158031000031 50.109152649000102)","Unfall 62718 (2022) Kat:3, Licht: 0","62718","3","6","2","07","11","2","","0","0","1","0","0"
"POINT (8.527730784000029 50.113244395000002)","Unfall 62730 (2022) Kat:3, Licht: 0","62730","3","6","3","04","16","4","","0","0","1","0","0"
"POINT (8.507247163000050 50.097150405000001)","Unfall 62740 (2022) Kat:2, Licht: 0","62740","2","4","6","06","14","4","","0","0","1","1","0"
"POINT (8.708447225000040 50.062681274000099)","Unfall 62742 (2022) Kat:3, Licht: 0","62742","3","6","2","05","16","3","","0","0","1","0","0"
"POINT (8.596119690000020 50.133792724999999)","Unfall 62744 (2022) Kat:3, Licht: 0","62744","3","6","3","04","09","4","","0","0","1","0","0"
"POINT (8.643598071000040 50.057205107000101)","Unfall 62751 (2022) Kat:3, Licht: 0","62751","3","6","2","04","09","4","","0","0","0","0","0"
"POINT (8.539134453000029 50.111896618999999)","Unfall 62769 (2022) Kat:3, Licht: 0","62769","3","3","5","04","17","2","","0","0","1","0","0"
"POINT (8.543474006000050 50.108029635999998)","Unfall 62775 (2022) Kat:3, Licht: 2","62775","3","3","5","05","22","4","","2","0","1","0","0"
"POINT (8.670539738000061 50.097210625999999)","Unfall 62795 (2022) Kat:3, Licht: 0","62795","3","2","3","06","15","2","","0","1","1","0","0"
"POINT (8.627727691000080 50.101475565999998)","Unfall 62799 (2022) Kat:3, Licht: 0","62799","3","6","2","05","20","3","","0","0","1","0","0"
"POINT (8.545923852000040 50.105846004000099)","Unfall 62817 (2022) Kat:3, Licht: 0","62817","3","1","9","06","16","5","","0","0","1","0","0"
"POINT (8.626728975000050 50.101381774000103)","Unfall 62827 (2022) Kat:3, Licht: 2","62827","3","3","5","05","22","3","","2","0","1","0","1"
"POINT (8.647619605000051 50.119805520000099)","Unfall 62830 (2022) Kat:3, Licht: 0","62830","3","3","5","05","17","2","","0","0","1","0","0"
"POINT (8.684211993000080 50.131632765000099)","Unfall 62834 (2022) Kat:3, Licht: 0","62834","3","2","3","04","12","3","","0","1","1","0","0"
"POINT (8.594472772000071 50.115518330000000)","Unfall 62845 (2022) Kat:3, Licht: 2","62845","3","1","8","05","22","5","","2","0","1","0","0"
"POINT (8.753060975000039 50.127373949999999)","Unfall 62850 (2022) Kat:3, Licht: 0","62850","3","7","5","05","06","4","","0","0","1","0","1"
"POINT (8.740566492000029 50.132862721999999)","Unfall 62853 (2022) Kat:3, Licht: 0","62853","3","6","2","04","16","3","","0","0","1","0","0"
"POINT (8.600892269000040 50.153237935000000)","Unfall 62855 (2022) Kat:2, Licht: 0","62855","2","7","0","06","09","6","","0","0","1","0","0"
"POINT (8.711446167000080 50.105188038000101)","Unfall 62859 (2022) Kat:3, Licht: 0","62859","3","6","2","07","17","3","","0","0","1","0","0"
"POINT (8.715672754000019 50.112632175000002)","Unfall 62864 (2022) Kat:2, Licht: 0","62864","2","1","8","07","19","7","","0","0","0","0","0"
"POINT (8.621294232000031 50.159397478000102)","Unfall 62870 (2022) Kat:3, Licht: 0","62870","3","3","5","06","15","3","","0","0","1","1","0"
"POINT (8.501981625000040 50.097074585000001)","Unfall 62890 (2022) Kat:3, Licht: 0","62890","3","5","1","05","14","1","","0","0","1","0","0"
"POINT (8.636055399000041 50.123808365000102)","Unfall 62893 (2022) Kat:3, Licht: 0","62893","3","2","5","07","12","7","","0","0","1","0","1"
"POINT (8.700153408000061 50.110304929000101)","Unfall 62900 (2022) Kat:3, Licht: 0","62900","3","1","9","05","08","1","","0","0","1","0","0"
"POINT (8.695246226000050 50.103593187000101)","Unfall 62913 (2022) Kat:3, Licht: 0","62913","3","6","2","06","18","5","","0","1","1","0","0"
"POINT (8.760066092000050 50.129937922000103)","Unfall 62914 (2022) Kat:3, Licht: 0","62914","3","6","3","06","17","5","","0","0","1","0","0"
"POINT (8.663708748000030 50.091686774999999)","Unfall 62917 (2022) Kat:3, Licht: 0","62917","3","2","5","07","09","3","","0","0","1","0","0"
"POINT (8.649496851000039 50.120124444000098)","Unfall 62933 (2022) Kat:3, Licht: 0","62933","3","5","1","07","09","6","","0","0","1","0","0"
"POINT (8.687479426000040 50.107206321000000)","Unfall 62941 (2022) Kat:3, Licht: 0","62941","3","4","6","06","18","4","","0","0","0","1","0"
"POINT (8.697583436000061 50.138015473000102)","Unfall 62952 (2022) Kat:3, Licht: 0","62952","3","2","5","05","16","5","","0","1","1","0","0"
"POINT (8.662774254000061 50.108536528000101)","Unfall 62960 (2022) Kat:3, Licht: 2","62960","3","4","6","04","04","7","","2","0","1","1","0"
"POINT (8.714627439000029 50.063861986000099)","Unfall 62963 (2022) Kat:3, Licht: 0","62963","3","6","2","05","08","3","","0","0","1","0","0"
"POINT (8.677012729000070 50.109668067000001)","Unfall 62965 (2022) Kat:3, Licht: 2","62965","3","6","2","05","03","7","","2","0","1","0","0"
"POINT (8.609111072000079 50.126712333000100)","Unfall 62982 (2022) Kat:3, Licht: 0","62982","3","2","5","04","08","6","","0","1","1","0","0"
"POINT (8.687142453000041 50.061141358999997)","Unfall 62983 (2022) Kat:2, Licht: 1","62983","2","1","8","06","21","5","","1","0","1","0","0"
"POINT (8.681922311000051 50.106946202000103)","Unfall 62987 (2022) Kat:3, Licht: 0","62987","3","3","5","05","07","4","","0","1","0","0","0"
"POINT (8.541960627000041 50.107629955000000)","Unfall 63027 (2022) Kat:3, Licht: 0","63027","3","4","6","06","19","7","","0","0","0","1","0"
"POINT (8.607329604000030 50.164419377000101)","Unfall 63037 (2022) Kat:3, Licht: 2","63037","3","1","8","06","01","1","","2","0","1","0","0"
"POINT (8.707367719000050 50.113071554000001)","Unfall 63041 (2022) Kat:2, Licht: 0","63041","2","1","0","07","15","2","","0","1","0","0","0"
"POINT (8.705135068000059 50.144242138000003)","Unfall 63058 (2022) Kat:3, Licht: 0","63058","3","6","2","07","18","2","","0","0","1","0","0"
"POINT (8.746126685000039 50.159821843000003)","Unfall 63068 (2022) Kat:3, Licht: 0","63068","3","6","2","05","11","1","","0","0","1","0","1"
"POINT (8.699654325000040 50.152717328999998)","Unfall 63082 (2022) Kat:3, Licht: 0","63082","3","1","0","06","14","4","","0","1","0","0","0"
"POINT (8.692329142000061 50.143796662000099)","Unfall 63083 (2022) Kat:3, Licht: 0","63083","3","6","2","04","13","4","","0","0","1","0","0"
"POINT (8.662340328000029 50.131312208000097)","Unfall 63097 (2022) Kat:3, Licht: 0","63097","3","2","4","04","09","3","","0","1","1","0","0"
"POINT (8.595443519000071 50.100262319000102)","Unfall 63112 (2022) Kat:3, Licht: 0","63112","3","6","4","06","14","3","","0","1","0","0","0"
"POINT (8.501791469000070 50.092356686000102)","Unfall 63124 (2022) Kat:3, Licht: 0","63124","3","3","5","06","18","5","","0","1","1","0","0"
"POINT (8.661967147000039 50.108897112000101)","Unfall 63128 (2022) Kat:3, Licht: 0","63128","3","1","0","06","08","5","","0","0","0","0","0"
"POINT (8.664657323000030 50.104821485000102)","Unfall 63133 (2022) Kat:2, Licht: 0","63133","2","3","5","05","16","6","","0","0","1","0","0"
"POINT (8.665001993000031 50.105908430000099)","Unfall 63140 (2022) Kat:2, Licht: 0","63140","2","4","6","05","08","6","","0","1","0","1","0"
"POINT (8.725488915000030 50.116090069000101)","Unfall 63149 (2022) Kat:3, Licht: 0","63149","3","2","5","05","07","2","","0","1","0","0","1"
"POINT (8.723841283000070 50.159471076000003)","Unfall 63156 (2022) Kat:3, Licht: 2","63156","3","6","2","04","23","5","","2","0","1","0","0"
"POINT (8.526243988000029 50.100128349999999)","Unfall 63162 (2022) Kat:3, Licht: 0","63162","3","2","5","07","09","2","","0","0","1","0","1"
"POINT (8.694018990000069 50.109147518999997)","Unfall 63168 (2022) Kat:3, Licht: 1","63168","3","3","5","04","20","4","","1","1","1","0","0"
"POINT (8.616702079000049 50.093232521000097)","Unfall 63182 (2022) Kat:3, Licht: 2","63182","3","6","3","05","22","1","","2","0","1","0","0"
"POINT (8.632940320000049 50.078162030999998)","Unfall 63210 (2022) Kat:3, Licht: 0","63210","3","3","5","07","15","4","","0","0","0","0","0"
"POINT (8.593594996000039 50.123129671000100)","Unfall 63213 (2022) Kat:3, Licht: 0","63213","3","6","2","05","15","4","","0","0","0","0","0"
"POINT (8.733251283000071 50.119630559000001)","Unfall 63217 (2022) Kat:3, Licht: 0","63217","3","1","7","06","06","1","","0","1","0","0","0"
"POINT (8.656688359000039 50.107871255000099)","Unfall 63223 (2022) Kat:3, Licht: 2","63223","3","7","0","05","03","1","","2","1","0","0","0"
"POINT (8.752808956000020 50.142094160000099)","Unfall 63227 (2022) Kat:3, Licht: 0","63227","3","1","0","06","18","5","","0","0","0","0","1"
"POINT (8.652250795000040 50.193641368000002)","Unfall 63242 (2022) Kat:3, Licht: 0","63242","3","6","3","06","15","2","","0","0","1","0","0"
"POINT (8.694995874000030 50.132359895999997)","Unfall 63244 (2022) Kat:3, Licht: 0","63244","3","2","3","05","13","7","","0","1","1","0","0"
"POINT (8.652102396000030 50.196421819000101)","Unfall 63253 (2022) Kat:3, Licht: 0","63253","3","6","1","07","12","5","","0","0","1","0","0"
"POINT (8.733801516000030 50.119687417000101)","Unfall 63261 (2022) Kat:3, Licht: 0","63261","3","6","3","06","12","4","","0","0","1","0","1"
"POINT (8.716036135000021 50.138620760999999)","Unfall 63264 (2022) Kat:3, Licht: 0","63264","3","2","3","06","14","5","","0","1","0","0","0"
"POINT (8.685917466000030 50.112388916000000)","Unfall 63283 (2022) Kat:3, Licht: 0","63283","3","3","5","05","14","7","","0","0","1","0","1"
"POINT (8.620559712000039 50.115217319000102)","Unfall 63294 (2022) Kat:3, Licht: 0","63294","3","7","8","06","12","5","","0","0","1","0","0"
"POINT (8.643858235000041 50.142194625999998)","Unfall 63312 (2022) Kat:3, Licht: 2","63312","3","6","2","05","00","6","","2","0","1","0","0"
"POINT (8.623226668000029 50.153299430000096)","Unfall 63331 (2022) Kat:3, Licht: 0","63331","3","3","5","06","16","6","","0","0","1","0","1"
"POINT (8.704571629000039 50.104366083999999)","Unfall 63347 (2022) Kat:3, Licht: 0","63347","3","1","9","07","20","4","","0","0","0","0","1"
"POINT (8.716168153000069 50.154005487000099)","Unfall 63353 (2022) Kat:3, Licht: 0","63353","3","3","5","06","10","3","","0","1","1","0","0"
"POINT (8.695022318000040 50.132434699000001)","Unfall 63355 (2022) Kat:3, Licht: 0","63355","3","4","5","06","15","1","","0","1","0","1","0"
"POINT (8.689880424000020 50.148333416000099)","Unfall 63358 (2022) Kat:2, Licht: 2","63358","2","6","2","04","05","5","","2","0","1","0","0"
"POINT (8.621417425000059 50.121232172000099)","Unfall 63361 (2022) Kat:3, Licht: 0","63361","3","2","5","05","07","6","","0","0","1","0","0"
"POINT (8.695066207000020 50.106187743000099)","Unfall 63371 (2022) Kat:3, Licht: 0","63371","3","1","7","06","13","4","","0","1","0","0","0"
"POINT (8.611019971000079 50.146350605000102)","Unfall 63389 (2022) Kat:3, Licht: 0","63389","3","6","2","05","13","1","","0","0","1","0","0"
"POINT (8.679197801000040 50.105971302000100)","Unfall 63390 (2022) Kat:3, Licht: 0","63390","3","4","6","07","18","6","","0","1","0","1","0"
"POINT (8.652527587000071 50.106226602000000)","Unfall 63397 (2022) Kat:3, Licht: 0","63397","3","2","3","06","07","4","","0","1","1","0","0"
"POINT (8.759740326000040 50.129804901999997)","Unfall 63398 (2022) Kat:3, Licht: 0","63398","3","7","3","06","16","4","","0","0","1","0","0"
"POINT (8.679057843000070 50.103187554000002)","Unfall 63402 (2022) Kat:3, Licht: 0","63402","3","1","0","05","20","4","","0","0","0","0","0"
"POINT (8.636798372000040 50.080775733999999)","Unfall 63417 (2022) Kat:3, Licht: 0","63417","3","4","0","06","13","5","","0","0","0","1","0"
"POINT (8.665843737000049 50.148199089999999)","Unfall 63418 (2022) Kat:3, Licht: 0","63418","3","6","2","06","19","7","","0","0","1","0","0"
"POINT (8.540981453000031 50.118095132000100)","Unfall 63427 (2022) Kat:3, Licht: 0","63427","3","6","2","06","11","4","","0","0","1","0","1"
"POINT (8.645311048000050 50.103523046000099)","Unfall 63435 (2022) Kat:3, Licht: 0","63435","3","6","2","06","20","4","","0","0","1","0","0"
"POINT (8.666595680000061 50.147426580999998)","Unfall 63450 (2022) Kat:3, Licht: 0","63450","3","7","1","04","14","4","","0","1","1","0","0"
"POINT (8.616097377000070 50.087877138000103)","Unfall 63453 (2022) Kat:3, Licht: 0","63453","3","6","2","04","17","3","","0","0","1","0","0"
"POINT (8.715419670000070 50.112546297999998)","Unfall 63460 (2022) Kat:3, Licht: 0","63460","3","2","5","06","14","5","","0","1","1","0","0"
"POINT (8.731020838000060 50.117972425000097)","Unfall 63464 (2022) Kat:3, Licht: 0","63464","3","6","2","05","17","1","","0","0","1","0","0"
"POINT (8.721290014000029 50.064595519000100)","Unfall 63468 (2022) Kat:3, Licht: 0","63468","3","6","2","04","08","5","","0","0","1","0","0"
"POINT (8.589819528000019 50.132874769000097)","Unfall 63474 (2022) Kat:3, Licht: 0","63474","3","6","2","05","15","4","","0","0","1","0","0"
"POINT (8.590032427000040 50.132374484000103)","Unfall 63485 (2022) Kat:3, Licht: 0","63485","3","6","2","04","11","7","","0","0","1","0","0"
"POINT (8.741197962000060 50.122775164000103)","Unfall 63496 (2022) Kat:1, Licht: 2","63496","1","4","6","05","01","4","","2","0","0","1","0"
"POINT (8.719396890000040 50.123092968000002)","Unfall 63507 (2022) Kat:3, Licht: 0","63507","3","2","3","05","16","6","","0","1","1","0","0"
"POINT (8.709697165000019 50.131358865000003)","Unfall 63518 (2022) Kat:3, Licht: 0","63518","3","6","2","06","14","5","","0","0","1","0","0"
"POINT (8.665968487000040 50.148019245999997)","Unfall 63519 (2022) Kat:3, Licht: 0","63519","3","6","2","06","16","4","","0","0","1","0","0"
"POINT (8.684221795000040 50.131706893000100)","Unfall 63525 (2022) Kat:3, Licht: 0","63525","3","2","3","05","10","5","","0","0","1","0","0"
"POINT (8.582044905000030 50.132410933000102)","Unfall 63534 (2022) Kat:3, Licht: 0","63534","3","6","2","05","15","6","","0","0","1","0","0"
"POINT (8.682938214000050 50.107146677000102)","Unfall 63541 (2022) Kat:2, Licht: 0","63541","2","1","8","05","20","1","","0","0","0","0","1"
"POINT (8.655926363000050 50.107570042000098)","Unfall 63547 (2022) Kat:3, Licht: 0","63547","3","2","3","06","18","3","","0","1","1","0","0"
"POINT (8.714602543000071 50.137618858000103)","Unfall 63561 (2022) Kat:3, Licht: 0","63561","3","6","2","05","07","5","","0","0","1","0","0"