WKT,Name,OBJECTID,UKATEGORIE,UTYP1,UART,UMONAT,USTUNDE,UWOCHENTAG,STRZUSTAND,ULICHTVERH,ISTRAD,ISTPKW,ISTFUSS,ISTKRAD
"POINT (8.664265032000060 50.149689363999997)","Unfall 63563 (2022) Kat:3, Licht: 2","63563","3","1","8","06","01","6","","2","0","1","0","0"
"POINT (8.734822944000030 50.100369865000097)","Unfall 63570 (2022) Kat:3, Licht: 2","63570","3","6","2","05","22","7","","2","0","1","0","0"
"POINT (8.719477640000040 50.123091207000101)","Unfall 63571 (2022) Kat:2, Licht: 0","63571","2","2","5","07","14","1","","0","1","1","0","0"
"POINT (8.704601835000060 50.099190733000100)","Unfall 63578 (2022) Kat:3, Licht: 0","63578","3","1","0","05","15","2","","0","0","0","0","1"
"POINT (8.537326183000060 50.111761098999999)","Unfall 63585 (2022) Kat:3, Licht: 0","63585","3","3","5","06","16","5","","0","0","1","0","1"
"POINT (8.573023197000049 50.090241593000002)","Unfall 63593 (2022) Kat:3, Licht: 0","63593","3","6","2","07","14","3","","0","0","1","0","0"
"POINT (8.567346605000070 50.085837909000098)","Unfall 63595 (2022) Kat:3, Licht: 0","63595","3","6","2","05","15","3","","0","0","1","0","0"
"POINT (8.692508211000071 50.100988303000101)","Unfall 63616 (2022) Kat:2, Licht: 0","63616","2","6","3","04","18","5","","0","0","1","0","1"
"POINT (8.740132144000031 50.100037022000002)","Unfall 63619 (2022) Kat:3, Licht: 0","63619","3","6","3","06","09","5","","0","0","1","0","0"
"POINT (8.585719103000031 50.053836900000100)","Unfall 63622 (2022) Kat:3, Licht: 0","63622","3","6","3","04","08","4","","0","0","1","0","0"
"POINT (8.708487132000069 50.111474307000002)","Unfall 63628 (2022) Kat:3, Licht: 0","63628","3","2","0","06","11","4","","0","0","1","0","1"
"POINT (8.739847949000019 50.100699407000000)","Unfall 63632 (2022) Kat:3, Licht: 0","63632","3","6","2","05","18","5","","0","0","1","0","0"
"POINT (8.698864832000030 50.140656391999997)","Unfall 63641 (2022) Kat:3, Licht: 0","63641","3","6","2","06","15","7","","0","0","1","0","0"
"POINT (8.682193136000020 50.106998224000101)","Unfall 63644 (2022) Kat:3, Licht: 0","63644","3","6","4","04","16","6","","0","1","0","0","0"
"POINT (8.615793038000049 50.180279038999998)","Unfall 63662 (2022) Kat:3, Licht: 0","63662","3","1","9","05","08","6","","0","0","1","0","0"
"POINT (8.621576190000040 50.125401953999997)","Unfall 63669 (2022) Kat:3, Licht: 0","63669","3","3","5","06","18","7","","0","1","0","0","0"
"POINT (8.724967800000060 50.115912881000000)","Unfall 63671 (2022) Kat:3, Licht: 0","63671","3","3","5","05","17","7","","0","0","1","0","0"
"POINT (8.489618182000070 50.099490652999997)","Unfall 63672 (2022) Kat:3, Licht: 0","63672","3","6","2","07","12","3","","0","0","1","0","0"
"POINT (8.595803167000041 50.131300032000098)","Unfall 63674 (2022) Kat:3, Licht: 0","63674","3","3","5","05","17","5","","0","1","1","0","0"
"POINT (8.754457741000071 50.127835382999997)","Unfall 63679 (2022) Kat:2, Licht: 0","63679","2","3","5","06","14","1","","0","0","1","0","0"
"POINT (8.767899168000040 50.133286516000098)","Unfall 63698 (2022) Kat:3, Licht: 0","63698","3","3","5","04","15","3","","0","0","1","0","1"
"POINT (8.737762642000060 50.161297591000100)","Unfall 63700 (2022) Kat:3, Licht: 0","63700","3","6","2","07","16","7","","0","0","1","0","0"
"POINT (8.664990469000029 50.107627411000102)","Unfall 63710 (2022) Kat:2, Licht: 2","63710","2","4","6","05","00","7","","2","0","1","1","0"
"POINT (8.628111507000030 50.133165199000103)","Unfall 63718 (2022) Kat:3, Licht: 0","63718","3","6","2","05","13","2","","0","0","1","0","1"
"POINT (8.679444770000030 50.158813520000102)","Unfall 63732 (2022) Kat:3, Licht: 0","63732","3","2","5","04","17","7","","0","0","1","0","0"
"POINT (8.551583553000061 50.046988147000000)","Unfall 63749 (2022) Kat:3, Licht: 0","63749","3","1","9","04","10","2","","0","0","1","0","0"
"POINT (8.514677275000050 50.085095963000100)","Unfall 63752 (2022) Kat:3, Licht: 0","63752","3","3","5","06","18","1","","0","0","1","0","0"
"POINT (8.555350419000041 50.113966363000003)","Unfall 63757 (2022) Kat:2, Licht: 2","63757","2","1","8","06","01","3","","2","1","0","0","0"
"POINT (8.699551082000029 50.084074958000002)","Unfall 63759 (2022) Kat:2, Licht: 1","63759","2","6","2","06","20","4","","1","0","1","0","0"
"POINT (8.724941741000070 50.115904021000098)","Unfall 63765 (2022) Kat:3, Licht: 0","63765","3","3","5","06","18","3","","0","0","1","0","1"
"POINT (8.639580230000041 50.121453727000102)","Unfall 63772 (2022) Kat:3, Licht: 0","63772","3","5","1","04","12","3","","0","1","1","0","0"
"POINT (8.706202296000070 50.062442173000100)","Unfall 63786 (2022) Kat:3, Licht: 0","63786","3","6","3","04","09","5","","0","0","1","0","0"
"POINT (8.561874629000039 50.099750129000000)","Unfall 63788 (2022) Kat:3, Licht: 0","63788","3","6","0","06","13","4","","0","0","1","0","1"
"POINT (8.631695803000071 50.101856718000100)","Unfall 63792 (2022) Kat:3, Licht: 0","63792","3","6","2","05","15","4","","0","0","1","0","0"
"POINT (8.753001366000030 50.142156063000101)","Unfall 63798 (2022) Kat:3, Licht: 0","63798","3","3","5","06","17","7","","0","0","1","0","0"
"POINT (8.657300505000020 50.111267613999999)","Unfall 63806 (2022) Kat:3, Licht: 0","63806","3","3","5","05","09","4","","0","1","1","0","0"
"POINT (8.671675024000020 50.134177317000102)","Unfall 63820 (2022) Kat:3, Licht: 0","63820","3","6","3","07","13","6","","0","1","1","0","0"
"POINT (8.622437402000060 50.100948025000001)","Unfall 63833 (2022) Kat:3, Licht: 0","63833","3","6","3","05","19","4","","0","1","1","0","0"
"POINT (8.694948843000081 50.132226854000102)","Unfall 63858 (2022) Kat:3, Licht: 0","63858","3","2","2","05","09","3","","0","1","1","0","0"
"POINT (8.687746255000039 50.107193994000099)","Unfall 63860 (2022) Kat:3, Licht: 0","63860","3","2","5","04","14","5","","0","0","1","0","1"
"POINT (8.738847489000021 50.121979707999998)","Unfall 63876 (2022) Kat:3, Licht: 0","63876","3","3","5","05","20","2","","0","0","1","0","0"
"POINT (8.648487982000059 50.055808840000097)","Unfall 63880 (2022) Kat:2, Licht: 0","63880","2","6","3","06","09","6","","0","0","1","0","1"
"POINT (8.656883326000070 50.081080774000000)","Unfall 63893 (2022) Kat:3, Licht: 0","63893","3","6","2","06","16","4","","0","0","1","0","0"
"POINT (8.620299792000029 50.100740356000102)","Unfall 63896 (2022) Kat:3, Licht: 0","63896","3","2","5","06","08","3","","0","1","1","0","0"
"POINT (8.670783123000041 50.131638547000101)","Unfall 63917 (2022) Kat:3, Licht: 0","63917","3","6","2","06","19","6","","0","0","1","0","0"
"POINT (8.706629064000030 50.111522284999999)","Unfall 63919 (2022) Kat:3, Licht: 1","63919","3","7","0","06","21","5","","1","0","0","0","1"
"POINT (8.653919768000041 50.120216990000102)","Unfall 63920 (2022) Kat:3, Licht: 0","63920","3","4","6","06","12","7","","0","0","1","1","0"
"POINT (8.709732660000039 50.105324461000102)","Unfall 63922 (2022) Kat:3, Licht: 0","63922","3","6","3","07","19","5","","0","1","0","0","1"
"POINT (8.677943731000029 50.110613649000101)","Unfall 63923 (2022) Kat:2, Licht: 1","63923","2","1","0","05","04","7","","1","0","0","0","0"
"POINT (8.680291518000050 50.106420785000097)","Unfall 63929 (2022) Kat:3, Licht: 0","63929","3","4","6","05","17","3","","0","1","0","1","0"
"POINT (8.656567825000019 50.081641244000103)","Unfall 63936 (2022) Kat:3, Licht: 1","63936","3","6","2","06","21","6","","1","0","1","0","0"
"POINT (8.714620477000040 50.063860892000001)","Unfall 63938 (2022) Kat:3, Licht: 0","63938","3","6","2","05","14","5","","0","0","1","0","0"
"POINT (8.773232674000040 50.136372089000098)","Unfall 63946 (2022) Kat:2, Licht: 0","63946","2","3","5","06","07","5","","0","1","0","0","0"
"POINT (8.712378484000061 50.111636290000000)","Unfall 63949 (2022) Kat:3, Licht: 0","63949","3","6","2","06","19","5","","0","0","1","0","0"
"POINT (8.682436033000039 50.107042943000103)","Unfall 63963 (2022) Kat:3, Licht: 2","63963","3","7","2","05","02","1","","2","0","1","0","0"
"POINT (8.670744789000031 50.097781271000002)","Unfall 63969 (2022) Kat:3, Licht: 2","63969","3","3","5","07","23","7","","2","1","0","0","1"
"POINT (8.603583440000021 50.107314949000099)","Unfall 63975 (2022) Kat:3, Licht: 0","63975","3","7","9","06","19","4","","0","0","1","0","0"
"POINT (8.738550041000050 50.131417503000101)","Unfall 63976 (2022) Kat:3, Licht: 0","63976","3","6","2","06","07","5","","0","0","1","0","0"
"POINT (8.635012503000040 50.102173599000103)","Unfall 64024 (2022) Kat:3, Licht: 0","64024","3","6","2","06","13","2","","0","0","1","0","1"
"POINT (8.642762954000030 50.096196433000003)","Unfall 64037 (2022) Kat:3, Licht: 0","64037","3","6","2","07","08","2","","0","0","1","0","0"
"POINT (8.659891143000040 50.153918099000101)","Unfall 64041 (2022) Kat:3, Licht: 0","64041","3","3","3","04","08","2","","0","1","1","0","0"
"POINT (8.703148964000039 50.100004478000102)","Unfall 64045 (2022) Kat:3, Licht: 0","64045","3","6","2","05","16","3","","0","0","1","0","1"
"POINT (8.644272096000069 50.119236796000102)","Unfall 64047 (2022) Kat:3, Licht: 0","64047","3","3","5","05","13","4","","0","0","1","0","0"
"POINT (8.690897134000069 50.102107412000102)","Unfall 64053 (2022) Kat:3, Licht: 0","64053","3","1","0","04","17","4","","0","0","1","0","1"
"POINT (8.635219005000071 50.195068304000102)","Unfall 64078 (2022) Kat:3, Licht: 0","64078","3","6","3","05","12","4","","0","0","1","0","0"
"POINT (8.657537365000049 50.110718147000100)","Unfall 64083 (2022) Kat:3, Licht: 0","64083","3","6","3","06","16","6","","0","0","1","0","1"
"POINT (8.635496679000029 50.088717461999998)","Unfall 64101 (2022) Kat:3, Licht: 0","64101","3","6","2","06","15","7","","0","0","1","0","0"
"POINT (8.505448160000070 50.097182418999999)","Unfall 64114 (2022) Kat:2, Licht: 0","64114","2","4","6","06","11","4","","0","0","0","1","1"
"POINT (8.709395207000060 50.149126197000001)","Unfall 64132 (2022) Kat:3, Licht: 0","64132","3","6","2","07","08","2","","0","0","1","0","0"
"POINT (8.696550436000051 50.135471127000102)","Unfall 64133 (2022) Kat:3, Licht: 0","64133","3","6","2","05","14","1","","0","0","1","0","1"
"POINT (8.707242522000060 50.111485932999997)","Unfall 64136 (2022) Kat:3, Licht: 0","64136","3","6","2","06","18","7","","0","0","1","0","0"
"POINT (8.599837992000060 50.113091646999997)","Unfall 64158 (2022) Kat:3, Licht: 0","64158","3","6","2","06","10","7","","0","0","1","0","0"
"POINT (8.614200318000030 50.097277661000099)","Unfall 64165 (2022) Kat:3, Licht: 0","64165","3","1","9","04","11","7","","0","0","1","0","0"
"POINT (8.705399738000040 50.120125651000102)","Unfall 64169 (2022) Kat:3, Licht: 0","64169","3","2","3","05","13","5","","0","1","0","0","0"
"POINT (8.677459687000070 50.105263906000097)","Unfall 64188 (2022) Kat:3, Licht: 0","64188","3","6","2","06","18","2","","0","0","1","0","0"
"POINT (8.705709415000060 50.111384842000099)","Unfall 64190 (2022) Kat:3, Licht: 0","64190","3","6","2","06","16","3","","0","0","1","0","0"
"POINT (8.688629713000070 50.062149136000102)","Unfall 64191 (2022) Kat:3, Licht: 0","64191","3","2","5","04","13","1","","0","1","0","0","0"
"POINT (8.748547498000050 50.146254454000001)","Unfall 64205 (2022) Kat:3, Licht: 0","64205","3","6","2","05","11","5","","0","0","1","0","0"
"POINT (8.611355783000020 50.067067420999997)","Unfall 64212 (2022) Kat:3, Licht: 0","64212","3","6","2","05","12","3","","0","0","1","0","0"
"POINT (8.790207090000020 50.159862001000100)","Unfall 64221 (2022) Kat:3, Licht: 0","64221","3","6","4","06","15","3","","0","0","1","0","0"
"POINT (8.614319891000040 50.100352701000098)","Unfall 64229 (2022) Kat:3, Licht: 2","64229","3","7","9","07","21","6","","2","0","1","0","0"
"POINT (8.567524957000050 50.098371268000101)","Unfall 64230 (2022) Kat:3, Licht: 0","64230","3","4","6","06","11","5","","0","0","1","1","0"
"POINT (8.732935495000049 50.131073993000001)","Unfall 64243 (2022) Kat:3, Licht: 0","64243","3","3","0","07","13","7","","0","0","0","0","0"
"POINT (8.710621131000041 50.150019192999999)","Unfall 64245 (2022) Kat:3, Licht: 0","64245","3","6","2","04","16","3","","0","0","1","0","0"
"POINT (8.711453263000070 50.111308993000101)","Unfall 64246 (2022) Kat:3, Licht: 0","64246","3","1","0","06","18","1","","0","0","0","0","0"
"POINT (8.666167451000041 50.087060332000100)","Unfall 64255 (2022) Kat:3, Licht: 0","64255","3","2","5","05","10","7","","0","1","1","0","0"
"POINT (8.708844519000021 50.148618020000100)","Unfall 64259 (2022) Kat:3, Licht: 0","64259","3","7","0","04","09","5","","0","1","0","0","0"
"POINT (8.602600628000060 50.155854671999997)","Unfall 64260 (2022) Kat:3, Licht: 0","64260","3","6","2","07","12","6","","0","0","1","0","0"
"POINT (8.648561172000029 50.119965483000001)","Unfall 64262 (2022) Kat:3, Licht: 0","64262","3","3","5","06","16","4","","0","1","0","0","0"
"POINT (8.708242399000030 50.117286409000002)","Unfall 64292 (2022) Kat:3, Licht: 0","64292","3","2","5","07","16","2","","0","1","1","0","0"
"POINT (8.621478898000021 50.090860198000001)","Unfall 64300 (2022) Kat:2, Licht: 2","64300","2","6","6","05","23","4","","2","0","1","1","0"
"POINT (8.599492161000059 50.086744886000098)","Unfall 64301 (2022) Kat:3, Licht: 0","64301","3","3","5","05","17","2","","0","1","1","0","0"
"POINT (8.712043064000060 50.063390303000098)","Unfall 64332 (2022) Kat:3, Licht: 0","64332","3","6","2","07","13","7","","0","0","1","0","0"
"POINT (8.706262030000060 50.112867535000099)","Unfall 64335 (2022) Kat:3, Licht: 0","64335","3","6","3","06","12","4","","0","0","1","0","0"
"POINT (8.665577242000040 50.102107287000102)","Unfall 64338 (2022) Kat:3, Licht: 0","64338","3","6","2","04","12","2","","0","0","1","0","0"
"POINT (8.553367937000081 50.101581007000000)","Unfall 64374 (2022) Kat:3, Licht: 0","64374","3","7","0","06","18","5","","0","0","0","0","0"
"POINT (8.625216816000030 50.101215746000001)","Unfall 64379 (2022) Kat:3, Licht: 0","64379","3","6","2","05","18","6","","0","0","1","0","0"
"POINT (8.532345834000070 50.040632178000102)","Unfall 64401 (2022) Kat:2, Licht: 0","64401","2","1","3","06","15","4","","0","0","0","0","0"
"POINT (8.600055494000060 50.151719517000103)","Unfall 64423 (2022) Kat:3, Licht: 0","64423","3","6","3","06","06","1","","0","0","1","0","0"
"POINT (8.708728775000051 50.111462313000096)","Unfall 64436 (2022) Kat:3, Licht: 0","64436","3","2","0","04","13","7","","0","0","1","0","0"
"POINT (8.764156194000069 50.131614247000101)","Unfall 64446 (2022) Kat:3, Licht: 0","64446","3","3","5","05","12","7","","0","1","1","0","0"
"POINT (8.725120213000030 50.127265031000000)","Unfall 64451 (2022) Kat:2, Licht: 0","64451","2","6","2","04","13","7","","0","0","1","0","0"
"POINT (8.760790183000040 50.138405278000100)","Unfall 64462 (2022) Kat:3, Licht: 2","64462","3","7","8","04","21","4","","2","0","1","0","0"
"POINT (8.744239897000060 50.157328934000098)","Unfall 64463 (2022) Kat:3, Licht: 0","64463","3","6","2","06","08","2","","0","0","1","0","0"
"POINT (8.605526269000050 50.100258345000000)","Unfall 64471 (2022) Kat:3, Licht: 0","64471","3","7","5","04","15","5","","0","0","1","0","0"
"POINT (8.711184457000060 50.105207847000003)","Unfall 64490 (2022) Kat:3, Licht: 0","64490","3","2","5","05","13","7","","0","0","1","0","0"
"POINT (8.691230532000080 50.089623082000102)","Unfall 64498 (2022) Kat:3, Licht: 0","64498","3","3","5","06","08","1","","0","1","1","0","0"
"POINT (8.612265023000020 50.115948856999999)","Unfall 64499 (2022) Kat:3, Licht: 0","64499","3","7","6","07","13","6","","0","0","1","1","0"
"POINT (8.680129279000029 50.166156749999999)","Unfall 64507 (2022) Kat:3, Licht: 0","64507","3","1","8","05","16","3","","0","0","0","0","1"
"POINT (8.572355970000050 50.124017498000100)","Unfall 64509 (2022) Kat:3, Licht: 0","64509","3","6","3","05","18","4","","0","0","1","0","0"
"POINT (8.584588697000070 50.123697817999997)","Unfall 64510 (2022) Kat:3, Licht: 0","64510","3","3","5","05","11","2","","0","1","0","0","0"
"POINT (8.665087526000040 50.107507388000002)","Unfall 64512 (2022) Kat:3, Licht: 0","64512","3","4","6","05","20","4","","0","1","0","1","0"
"POINT (8.665691282000070 50.131540864999998)","Unfall 64522 (2022) Kat:3, Licht: 0","64522","3","7","6","05","12","6","","0","0","0","1","0"
"POINT (8.552612160000020 50.106464276000104)","Unfall 64532 (2022) Kat:3, Licht: 2","64532","3","7","2","05","01","6","","2","0","1","0","0"
"POINT (8.624478460000031 50.139857712999998)","Unfall 64533 (2022) Kat:3, Licht: 0","64533","3","7","1","05","12","7","","0","0","0","0","0"
"POINT (8.656810170000030 50.081293846000101)","Unfall 64536 (2022) Kat:3, Licht: 0","64536","3","6","2","07","19","6","","0","0","1","0","0"
"POINT (8.670596611000059 50.138289423000103)","Unfall 64543 (2022) Kat:3, Licht: 0","64543","3","5","1","06","17","5","","0","0","1","0","0"
"POINT (8.668663497000070 50.131580372000002)","Unfall 64550 (2022) Kat:2, Licht: 0","64550","2","3","2","06","13","3","","0","0","1","0","1"
"POINT (8.664020690000029 50.149906362000102)","Unfall 64566 (2022) Kat:3, Licht: 0","64566","3","6","2","07","15","5","","0","0","1","0","0"
"POINT (8.699167748000040 50.110029255000001)","Unfall 64580 (2022) Kat:3, Licht: 0","64580","3","6","2","06","15","6","","0","0","1","0","0"
"POINT (8.697986714000020 50.139016990000101)","Unfall 64583 (2022) Kat:3, Licht: 0","64583","3","2","2","06","12","6","","0","0","1","0","0"
"POINT (8.715936912000069 50.104815997000102)","Unfall 64584 (2022) Kat:3, Licht: 0","64584","3","3","5","04","12","6","","0","1","1","0","0"
"POINT (8.657945065000041 50.146052849000100)","Unfall 64586 (2022) Kat:3, Licht: 0","64586","3","3","5","07","18","7","","0","0","1","0","1"
"POINT (8.629233979000050 50.128907370000000)","Unfall 64594 (2022) Kat:3, Licht: 0","64594","3","4","6","06","09","5","","0","0","1","1","0"
"POINT (8.705348526000019 50.120132427999998)","Unfall 64598 (2022) Kat:3, Licht: 0","64598","3","3","5","05","10","6","","0","0","1","0","0"
"POINT (8.698364178000080 50.139890209000001)","Unfall 64605 (2022) Kat:2, Licht: 2","64605","2","3","5","05","22","3","","2","0","1","0","0"
"POINT (8.653502619000051 50.074941319000096)","Unfall 64632 (2022) Kat:3, Licht: 0","64632","3","6","2","05","13","7","","0","0","1","0","0"
"POINT (8.642195085000029 50.198940731999997)","Unfall 64641 (2022) Kat:3, Licht: 0","64641","3","6","2","07","17","6","","0","0","1","0","0"
"POINT (8.536797510000040 50.116565881000000)","Unfall 64642 (2022) Kat:2, Licht: 0","64642","2","6","2","06","16","4","","0","0","1","0","0"
"POINT (8.666289075000069 50.148076492000001)","Unfall 64648 (2022) Kat:3, Licht: 2","64648","3","3","5","06","22","3","","2","0","1","0","0"
"POINT (8.669579136000040 50.096680898999999)","Unfall 64651 (2022) Kat:3, Licht: 0","64651","3","6","2","07","09","2","","0","0","1","0","1"
"POINT (8.725035934000060 50.126985843000099)","Unfall 64655 (2022) Kat:3, Licht: 0","64655","3","6","2","05","18","4","","0","0","1","0","0"
"POINT (8.606310788000030 50.162593091000097)","Unfall 64659 (2022) Kat:2, Licht: 0","64659","2","1","8","06","16","1","","0","0","1","0","0"
"POINT (8.684770748000060 50.162093841000100)","Unfall 64667 (2022) Kat:3, Licht: 0","64667","3","6","2","06","08","5","","0","1","1","0","0"
"POINT (8.602638260000051 50.108769883000001)","Unfall 64668 (2022) Kat:3, Licht: 2","64668","3","3","5","06","00","1","","2","0","1","0","0"
"POINT (8.636973030000039 50.133963273000099)","Unfall 64695 (2022) Kat:3, Licht: 0","64695","3","6","2","05","18","5","","0","0","1","0","0"
"POINT (8.641078647000031 50.198486307000103)","Unfall 64712 (2022) Kat:3, Licht: 2","64712","3","1","9","05","05","1","","2","0","1","0","0"
"POINT (8.743090035000019 50.123762777000103)","Unfall 64714 (2022) Kat:3, Licht: 0","64714","3","1","0","07","12","7","","0","0","1","0","1"
"POINT (8.616198614000041 50.100416803000002)","Unfall 64718 (2022) Kat:3, Licht: 2","64718","3","1","0","06","02","1","","2","0","0","0","0"
"POINT (8.647097219000051 50.056687480000100)","Unfall 64725 (2022) Kat:3, Licht: 0","64725","3","3","5","06","11","3","","0","0","1","0","0"
"POINT (8.706047347000039 50.111640432999998)","Unfall 64739 (2022) Kat:3, Licht: 0","64739","3","1","9","04","11","3","","0","0","0","0","1"
"POINT (8.514045229000031 50.087062525000100)","Unfall 64744 (2022) Kat:2, Licht: 0","64744","2","3","5","05","18","2","","0","0","1","0","0"
"POINT (8.704874797000061 50.120503945000102)","Unfall 64748 (2022) Kat:3, Licht: 0","64748","3","1","0","04","18","3","","0","0","0","0","0"
"POINT (8.576837707000040 50.099733772000000)","Unfall 64762 (2022) Kat:2, Licht: 0","64762","2","2","3","06","10","4","","0","0","1","0","0"
"POINT (8.671668673000060 50.098431200000100)","Unfall 64777 (2022) Kat:3, Licht: 1","64777","3","6","2","06","21","1","","1","0","1","0","1"
"POINT (8.604079657000060 50.052820004000097)","Unfall 64783 (2022) Kat:2, Licht: 1","64783","2","1","8","05","05","7","","1","0","1","0","0"
"POINT (8.670542007000050 50.138479323000098)","Unfall 64822 (2022) Kat:3, Licht: 2","64822","3","6","2","04","21","3","","2","0","1","0","0"
"POINT (8.636262723000071 50.102290899000103)","Unfall 64826 (2022) Kat:2, Licht: 0","64826","2","3","5","04","16","6","","0","1","1","0","0"
"POINT (8.653826207000071 50.192443496000102)","Unfall 64830 (2022) Kat:3, Licht: 0","64830","3","1","9","06","13","3","","0","0","0","0","1"
"POINT (8.662443020000071 50.090640101000098)","Unfall 64836 (2022) Kat:3, Licht: 0","64836","3","2","5","06","10","4","","0","0","1","0","0"
"POINT (8.704621456000041 50.120166836000102)","Unfall 64841 (2022) Kat:3, Licht: 0","64841","3","6","2","07","17","3","","0","0","1","0","0"
"POINT (8.633294847000061 50.102009475000003)","Unfall 64845 (2022) Kat:3, Licht: 0","64845","3","3","5","05","09","2","","0","0","1","0","1"
"POINT (8.666119983000041 50.087077201000099)","Unfall 64849 (2022) Kat:3, Licht: 0","64849","3","3","5","05","19","5","","0","0","0","0","0"
"POINT (8.699207763000061 50.160080528999998)","Unfall 64860 (2022) Kat:3, Licht: 0","64860","3","6","2","06","08","2","","0","0","1","0","0"
"POINT (8.659564820000069 50.207902990999997)","Unfall 64918 (2022) Kat:3, Licht: 0","64918","3","6","1","09","17","4","","0","0","1","0","0"
"POINT (8.664901315000071 50.103062956000002)","Unfall 64931 (2022) Kat:3, Licht: 0","64931","3","2","2","07","09","2","","0","0","1","0","0"
"POINT (8.697846156000031 50.104522934999999)","Unfall 64946 (2022) Kat:3, Licht: 2","64946","3","4","6","09","04","5","","2","0","1","1","0"
"POINT (8.605888757000059 50.104888555000102)","Unfall 64960 (2022) Kat:3, Licht: 2","64960","3","6","2","12","18","5","","2","0","1","0","0"
"POINT (8.577943423000020 50.099886819000098)","Unfall 64996 (2022) Kat:1, Licht: 0","64996","1","4","6","11","07","4","","0","0","0","1","0"
"POINT (8.596404222000050 50.145086898000002)","Unfall 65006 (2022) Kat:3, Licht: 0","65006","3","6","2","09","07","3","","0","0","1","0","0"
"POINT (8.652531835000049 50.115017195000100)","Unfall 65019 (2022) Kat:3, Licht: 0","65019","3","3","5","07","13","7","","0","1","1","0","0"
"POINT (8.618297949000070 50.082020184999998)","Unfall 65026 (2022) Kat:3, Licht: 2","65026","3","6","2","11","04","1","","2","0","1","0","0"
"POINT (8.664876396000070 50.103118150999997)","Unfall 65049 (2022) Kat:3, Licht: 1","65049","3","1","0","07","07","3","","1","1","0","0","0"
"POINT (8.656729439000060 50.107887491000000)","Unfall 65053 (2022) Kat:3, Licht: 0","65053","3","6","2","07","09","4","","0","0","1","0","0"
"POINT (8.652133146000040 50.106070660999997)","Unfall 65058 (2022) Kat:3, Licht: 2","65058","3","3","5","09","19","3","","2","1","1","0","0"
"POINT (8.714700499000060 50.063873462000103)","Unfall 65070 (2022) Kat:3, Licht: 1","65070","3","6","2","11","16","4","","1","0","1","0","0"
"POINT (8.609984781000040 50.064322457999999)","Unfall 65073 (2022) Kat:3, Licht: 0","65073","3","6","3","08","16","4","","0","0","1","0","0"
"POINT (8.675266591000019 50.104376686000101)","Unfall 65079 (2022) Kat:3, Licht: 2","65079","3","6","2","08","22","7","","2","0","1","0","0"
"POINT (8.544370070000070 50.105479865000099)","Unfall 65080 (2022) Kat:3, Licht: 0","65080","3","7","6","07","17","5","","0","0","1","1","0"
"POINT (8.671296651000031 50.161825176999997)","Unfall 65096 (2022) Kat:2, Licht: 1","65096","2","1","0","07","21","1","","1","0","0","0","1"
"POINT (8.519833304000031 50.110516752000102)","Unfall 65130 (2022) Kat:3, Licht: 0","65130","3","6","2","08","16","6","","0","0","1","0","0"
"POINT (8.663909379000071 50.108202043000098)","Unfall 65137 (2022) Kat:3, Licht: 2","65137","3","6","3","09","00","5","","2","0","1","0","0"
"POINT (8.653057189000039 50.073533224000101)","Unfall 65149 (2022) Kat:3, Licht: 0","65149","3","6","2","11","13","5","","0","0","1","0","0"
"POINT (8.703344818000060 50.143760405000101)","Unfall 65155 (2022) Kat:3, Licht: 0","65155","3","6","2","08","17","7","","0","0","1","0","0"
"POINT (8.732010951000060 50.118701311000102)","Unfall 65159 (2022) Kat:3, Licht: 0","65159","3","6","2","08","10","2","","0","0","1","0","0"
"POINT (8.527646859000070 50.106625968000102)","Unfall 65162 (2022) Kat:3, Licht: 0","65162","3","2","5","10","13","7","","0","0","1","0","0"
"POINT (8.604080587000061 50.053319988000098)","Unfall 65163 (2022) Kat:3, Licht: 1","65163","3","1","5","10","07","3","","1","0","1","0","0"
"POINT (8.589886683000030 50.132817257000099)","Unfall 65176 (2022) Kat:3, Licht: 2","65176","3","6","2","08","23","5","","2","0","1","0","0"
"POINT (8.729094361000019 50.117639179000001)","Unfall 65186 (2022) Kat:3, Licht: 0","65186","3","1","0","09","11","4","","0","1","0","0","0"
"POINT (8.718633990000059 50.064408272000001)","Unfall 65190 (2022) Kat:3, Licht: 1","65190","3","6","2","11","16","5","","1","0","1","0","0"
"POINT (8.663662983000050 50.108259553000003)","Unfall 65198 (2022) Kat:3, Licht: 0","65198","3","6","2","10","08","2","","0","1","1","0","0"
"POINT (8.698758887000050 50.140901771000102)","Unfall 65214 (2022) Kat:3, Licht: 0","65214","3","6","2","09","08","3","","0","0","1","0","0"
"POINT (8.727064475000081 50.144714391999997)","Unfall 65238 (2022) Kat:3, Licht: 2","65238","3","3","5","12","16","3","","2","0","1","0","0"
"POINT (8.601344601000051 50.153573970000103)","Unfall 65250 (2022) Kat:3, Licht: 0","65250","3","6","2","08","14","5","","0","0","1","0","0"
"POINT (8.581578013000071 50.132190123999997)","Unfall 65253 (2022) Kat:3, Licht: 1","65253","3","6","2","12","16","6","","1","0","1","0","0"
"POINT (8.710103389000039 50.125610316000099)","Unfall 65268 (2022) Kat:2, Licht: 0","65268","2","2","0","10","17","6","","0","0","1","0","1"
"POINT (8.698561332000050 50.140476323000001)","Unfall 65272 (2022) Kat:3, Licht: 0","65272","3","2","3","07","18","4","","0","1","1","0","0"
"POINT (8.603590201000030 50.100172602000001)","Unfall 65277 (2022) Kat:3, Licht: 2","65277","3","4","0","09","20","7","","2","0","0","1","0"