WKT,Name,OBJECTID,UKATEGORIE,UTYP1,UART,UMONAT,USTUNDE,UWOCHENTAG,STRZUSTAND,ULICHTVERH,ISTRAD,ISTPKW,ISTFUSS,ISTKRAD
"POINT (8.691018017000030 50.097726369999997)","Unfall 65280 (2022) Kat:3, Licht: 0","65280","3","2","5","08","07","3","","0","1","1","0","0"
"POINT (8.693387561000071 50.129048392000101)","Unfall 65292 (2022) Kat:3, Licht: 2","65292","3","3","5","10","21","6","","2","0","1","0","0"
"POINT (8.597912554000059 50.147341210999997)","Unfall 65302 (2022) Kat:3, Licht: 0","65302","3","6","2","10","15","3","","0","0","1","0","0"
"POINT (8.692419005000030 50.106879741999997)","Unfall 65311 (2022) Kat:3, Licht: 0","65311","3","3","9","07","14","5","","0","1","0","0","0"
"POINT (8.560578254000060 50.125771960000101)","Unfall 65312 (2022) Kat:3, Licht: 0","65312","3","6","2","07","06","6","","0","0","1","0","0"
"POINT (8.701360388000071 50.061511604000003)","Unfall 65321 (2022) Kat:3, Licht: 0","65321","3","6","2","09","14","7","","0","0","1","0","0"
"POINT (8.635444208000020 50.160476144000000)","Unfall 65325 (2022) Kat:3, Licht: 0","65325","3","3","3","08","12","2","","0","0","1","0","0"
"POINT (8.625179205000050 50.091308175000101)","Unfall 65334 (2022) Kat:3, Licht: 1","65334","3","6","2","09","06","7","","1","0","1","0","0"
"POINT (8.602618520000020 50.155887157000102)","Unfall 65347 (2022) Kat:3, Licht: 0","65347","3","6","2","10","15","3","","0","0","1","0","0"
"POINT (8.606384313000040 50.097696289000098)","Unfall 65349 (2022) Kat:3, Licht: 2","65349","3","2","4","10","19","1","","2","0","1","0","0"
"POINT (8.696643839000050 50.136047341000101)","Unfall 65359 (2022) Kat:3, Licht: 0","65359","3","7","0","07","13","5","","0","0","1","0","0"
"POINT (8.578708890000030 50.130889713000002)","Unfall 65366 (2022) Kat:3, Licht: 2","65366","3","6","3","10","17","2","","2","0","1","0","0"
"POINT (8.605411385000020 50.144150835000097)","Unfall 65367 (2022) Kat:3, Licht: 0","65367","3","2","3","09","10","5","","0","1","1","0","0"
"POINT (8.649022046000031 50.198237583000001)","Unfall 65404 (2022) Kat:3, Licht: 2","65404","3","1","8","08","04","5","","2","0","1","0","0"
"POINT (8.595723387000019 50.057935085000103)","Unfall 65416 (2022) Kat:2, Licht: 2","65416","2","6","2","09","20","4","","2","0","1","0","0"
"POINT (8.730580954000059 50.118068295000100)","Unfall 65425 (2022) Kat:3, Licht: 0","65425","3","6","3","11","15","5","","0","0","1","0","0"
"POINT (8.666208543000041 50.187887260000103)","Unfall 65426 (2022) Kat:3, Licht: 1","65426","3","3","5","11","07","5","","1","0","1","0","0"
"POINT (8.667251871000079 50.146856071000101)","Unfall 65429 (2022) Kat:3, Licht: 0","65429","3","4","6","10","08","3","","0","1","0","1","0"
"POINT (8.623542676000060 50.152509407000103)","Unfall 65433 (2022) Kat:3, Licht: 0","65433","3","3","5","07","08","6","","0","1","1","0","0"
"POINT (8.552590018000050 50.106512100000003)","Unfall 65436 (2022) Kat:3, Licht: 1","65436","3","3","5","09","08","4","","1","0","1","0","0"
"POINT (8.655415965000030 50.136440250000099)","Unfall 65447 (2022) Kat:3, Licht: 0","65447","3","6","3","10","15","2","","0","0","1","0","0"
"POINT (8.487634504000029 50.096415933000102)","Unfall 65459 (2022) Kat:3, Licht: 0","65459","3","3","5","10","17","5","","0","0","1","0","0"
"POINT (8.592638063000040 50.053347580999997)","Unfall 65478 (2022) Kat:3, Licht: 2","65478","3","6","3","12","23","6","","2","0","1","0","0"
"POINT (8.536332918000030 50.116581676000102)","Unfall 65479 (2022) Kat:3, Licht: 2","65479","3","6","2","11","17","7","","2","0","1","0","0"
"POINT (8.598286023000069 50.133578694000100)","Unfall 65505 (2022) Kat:3, Licht: 0","65505","3","6","2","10","08","2","","0","0","1","0","0"
"POINT (8.600898722000069 50.132807818000103)","Unfall 65508 (2022) Kat:3, Licht: 0","65508","3","6","2","09","11","1","","0","0","1","0","0"
"POINT (8.588527617000070 50.117112415000101)","Unfall 65529 (2022) Kat:3, Licht: 0","65529","3","6","3","11","10","4","","0","0","1","0","0"
"POINT (8.554666924000060 50.047616949000002)","Unfall 65546 (2022) Kat:2, Licht: 1","65546","2","1","0","10","18","1","","1","0","1","0","0"
"POINT (8.599360409000040 50.130957436000102)","Unfall 65550 (2022) Kat:3, Licht: 0","65550","3","1","8","09","16","6","","0","0","1","0","0"
"POINT (8.648818037000069 50.104760027000097)","Unfall 65559 (2022) Kat:3, Licht: 2","65559","3","6","2","12","18","1","","2","0","1","0","0"
"POINT (8.638904461000040 50.197218841999998)","Unfall 65573 (2022) Kat:3, Licht: 0","65573","3","6","2","08","18","3","","0","0","1","0","0"
"POINT (8.647312216000049 50.104164601999997)","Unfall 65600 (2022) Kat:3, Licht: 0","65600","3","2","3","12","15","1","","0","0","1","0","0"
"POINT (8.686890166000071 50.130877621000103)","Unfall 65605 (2022) Kat:3, Licht: 0","65605","3","5","1","09","12","6","","0","1","1","0","0"
"POINT (8.620998717000020 50.100807958000097)","Unfall 65621 (2022) Kat:3, Licht: 2","65621","3","6","2","11","18","2","","2","0","1","0","0"
"POINT (8.703346212000040 50.143759445999997)","Unfall 65624 (2022) Kat:3, Licht: 0","65624","3","6","2","10","09","3","","0","0","1","0","0"
"POINT (8.696258726000050 50.135302500000101)","Unfall 65634 (2022) Kat:3, Licht: 1","65634","3","6","2","12","08","3","","1","0","1","0","0"
"POINT (8.744535365000051 50.124135514000002)","Unfall 65671 (2022) Kat:2, Licht: 0","65671","2","3","5","10","17","2","","0","0","1","0","0"
"POINT (8.672076470000039 50.133576854000097)","Unfall 65672 (2022) Kat:2, Licht: 0","65672","2","4","6","09","17","6","","0","0","1","1","0"
"POINT (8.592455022000021 50.138034654000101)","Unfall 65701 (2022) Kat:3, Licht: 0","65701","3","6","2","07","15","6","","0","0","1","0","0"
"POINT (8.671094950000050 50.097701456999999)","Unfall 65705 (2022) Kat:3, Licht: 0","65705","3","3","5","08","15","6","","0","0","1","0","0"
"POINT (8.646625941000019 50.056070066000103)","Unfall 65736 (2022) Kat:3, Licht: 1","65736","3","6","2","11","17","3","","1","0","1","0","0"
"POINT (8.646334161000031 50.119587121999999)","Unfall 65739 (2022) Kat:3, Licht: 0","65739","3","2","5","08","19","2","","0","0","1","0","0"
"POINT (8.740390553000051 50.159466264000102)","Unfall 65753 (2022) Kat:3, Licht: 0","65753","3","6","2","10","14","7","","0","0","1","0","0"
"POINT (8.658385218000030 50.108549545000102)","Unfall 65762 (2022) Kat:3, Licht: 0","65762","3","6","2","12","10","6","","0","0","1","0","0"
"POINT (8.559092004000041 50.116037609999999)","Unfall 65782 (2022) Kat:3, Licht: 0","65782","3","1","9","07","07","7","","0","0","1","0","0"
"POINT (8.657924456000050 50.145876374000103)","Unfall 65791 (2022) Kat:3, Licht: 0","65791","3","6","2","11","13","2","","0","0","1","0","0"
"POINT (8.617027956000070 50.087897612000098)","Unfall 65803 (2022) Kat:3, Licht: 0","65803","3","3","5","10","15","1","","0","0","1","0","0"
"POINT (8.670520773000019 50.138614711000102)","Unfall 65805 (2022) Kat:3, Licht: 0","65805","3","2","0","08","17","2","","0","0","0","0","0"
"POINT (8.740610555000050 50.094079920000098)","Unfall 65807 (2022) Kat:3, Licht: 0","65807","3","6","8","10","18","4","","0","0","0","0","1"
"POINT (8.594944451000060 50.053402655000099)","Unfall 65811 (2022) Kat:2, Licht: 1","65811","2","1","9","07","04","4","","1","0","1","0","0"
"POINT (8.724416411000050 50.127024319999997)","Unfall 65814 (2022) Kat:2, Licht: 0","65814","2","2","3","09","14","3","","0","1","0","0","0"
"POINT (8.546662948000060 50.120312886000100)","Unfall 65830 (2022) Kat:3, Licht: 2","65830","3","6","2","11","18","6","","2","0","1","0","0"
"POINT (8.711549248000040 50.123458228000104)","Unfall 65837 (2022) Kat:3, Licht: 0","65837","3","6","1","08","15","7","","0","0","1","0","0"
"POINT (8.489698279000040 50.099520005000002)","Unfall 65840 (2022) Kat:3, Licht: 2","65840","3","6","2","07","01","1","","2","0","1","0","0"
"POINT (8.518261175000021 50.113160122000103)","Unfall 65843 (2022) Kat:3, Licht: 1","65843","3","6","4","10","17","6","","1","1","0","0","0"
"POINT (8.740217258000030 50.092935846000003)","Unfall 65876 (2022) Kat:2, Licht: 0","65876","2","7","2","09","16","6","","0","0","1","0","1"
"POINT (8.573499112000039 50.094873289000098)","Unfall 65881 (2022) Kat:2, Licht: 1","65881","2","3","5","10","20","3","","1","1","1","0","0"
"POINT (8.663891970000069 50.107975766000003)","Unfall 65896 (2022) Kat:3, Licht: 0","65896","3","6","3","09","15","6","","0","0","1","0","0"
"POINT (8.604541957000039 50.100149702000103)","Unfall 65928 (2022) Kat:3, Licht: 2","65928","3","7","6","09","21","2","","2","0","1","1","0"
"POINT (8.752787677000070 50.142350223999998)","Unfall 65939 (2022) Kat:3, Licht: 0","65939","3","7","0","09","11","5","","0","0","1","0","0"
"POINT (8.733486415000071 50.131123023000001)","Unfall 65941 (2022) Kat:3, Licht: 0","65941","3","6","2","09","08","5","","0","0","1","0","0"
"POINT (8.644355852000050 50.083517764000099)","Unfall 65951 (2022) Kat:3, Licht: 2","65951","3","2","6","12","17","6","","2","0","1","1","0"
"POINT (8.602519416000060 50.108952085000098)","Unfall 65978 (2022) Kat:3, Licht: 2","65978","3","1","8","09","19","3","","2","0","1","0","0"
"POINT (8.720299539000051 50.139261890000100)","Unfall 65979 (2022) Kat:3, Licht: 1","65979","3","3","5","11","17","2","","1","0","1","0","1"
"POINT (8.600766989000020 50.045877386000001)","Unfall 65981 (2022) Kat:3, Licht: 0","65981","3","6","3","09","17","5","","0","0","1","0","0"
"POINT (8.670929395000030 50.089622334000097)","Unfall 65982 (2022) Kat:3, Licht: 0","65982","3","6","2","11","13","5","","0","0","1","0","0"
"POINT (8.753386503000060 50.127484187999997)","Unfall 65987 (2022) Kat:3, Licht: 0","65987","3","6","2","10","16","5","","0","0","1","0","0"
"POINT (8.553352227000060 50.112017975000100)","Unfall 66015 (2022) Kat:3, Licht: 0","66015","3","6","2","09","14","7","","0","0","1","0","0"
"POINT (8.692389376000049 50.143615361000101)","Unfall 66023 (2022) Kat:3, Licht: 0","66023","3","2","3","07","19","4","","0","0","1","0","0"
"POINT (8.502403479000071 50.092134734000098)","Unfall 66042 (2022) Kat:2, Licht: 0","66042","2","7","0","08","16","4","","0","1","0","0","0"
"POINT (8.659575094000051 50.101678450000101)","Unfall 66055 (2022) Kat:2, Licht: 0","66055","2","3","5","11","09","1","","0","0","1","0","0"
"POINT (8.689775407000070 50.159494972000097)","Unfall 66076 (2022) Kat:2, Licht: 0","66076","2","6","1","11","07","2","","0","0","1","0","0"
"POINT (8.587128077000051 50.117654280000103)","Unfall 66085 (2022) Kat:3, Licht: 0","66085","3","6","2","08","18","2","","0","0","1","0","0"
"POINT (8.558505789000041 50.051729688000101)","Unfall 66094 (2022) Kat:3, Licht: 0","66094","3","6","2","07","16","5","","0","0","1","0","1"
"POINT (8.657128326000080 50.162531493000103)","Unfall 66106 (2022) Kat:3, Licht: 0","66106","3","6","2","08","13","4","","0","1","0","0","0"
"POINT (8.685911342000050 50.112388336999999)","Unfall 66109 (2022) Kat:3, Licht: 2","66109","3","3","5","12","19","5","","2","0","1","0","0"
"POINT (8.666332972000021 50.148066751000002)","Unfall 66116 (2022) Kat:3, Licht: 0","66116","3","3","5","10","08","3","","0","1","0","0","0"
"POINT (8.528356388000081 50.113660100000097)","Unfall 66123 (2022) Kat:3, Licht: 2","66123","3","6","1","11","19","1","","2","0","1","0","0"
"POINT (8.636229530000040 50.102287824000001)","Unfall 66127 (2022) Kat:3, Licht: 0","66127","3","2","3","11","12","1","","0","1","1","0","0"
"POINT (8.559888336000030 50.101748221999998)","Unfall 66128 (2022) Kat:2, Licht: 0","66128","2","3","5","10","16","2","","0","0","1","0","1"
"POINT (8.692683921000031 50.109287575000103)","Unfall 66133 (2022) Kat:3, Licht: 0","66133","3","6","2","10","17","3","","0","0","1","0","1"
"POINT (8.665595342000071 50.093258953000003)","Unfall 66161 (2022) Kat:3, Licht: 0","66161","3","6","3","08","11","3","","0","0","1","0","0"
"POINT (8.679523005000020 50.158370687999998)","Unfall 66168 (2022) Kat:3, Licht: 0","66168","3","6","2","07","14","6","","0","0","1","0","0"
"POINT (8.731050091000039 50.100459042000097)","Unfall 66180 (2022) Kat:3, Licht: 0","66180","3","6","0","10","15","5","","0","0","1","0","0"
"POINT (8.695502170000051 50.109139478000003)","Unfall 66186 (2022) Kat:3, Licht: 2","66186","3","2","5","09","22","5","","2","0","1","0","0"
"POINT (8.514826713000049 50.085101214000098)","Unfall 66196 (2022) Kat:3, Licht: 0","66196","3","3","5","10","15","4","","0","1","1","0","0"
"POINT (8.689862008000031 50.061553107000101)","Unfall 66204 (2022) Kat:3, Licht: 2","66204","3","6","2","11","17","2","","2","0","1","0","0"
"POINT (8.601922206000040 50.154622894000099)","Unfall 66235 (2022) Kat:3, Licht: 0","66235","3","6","2","10","16","4","","0","0","1","0","0"
"POINT (8.707752911000060 50.111359505999999)","Unfall 66240 (2022) Kat:3, Licht: 2","66240","3","6","2","08","22","1","","2","0","1","0","0"
"POINT (8.683876090000069 50.162877000000002)","Unfall 66243 (2022) Kat:3, Licht: 2","66243","3","3","3","12","23","6","","2","0","1","0","0"
"POINT (8.702585355000050 50.112876917000101)","Unfall 66245 (2022) Kat:3, Licht: 2","66245","3","6","3","11","17","7","","2","0","1","0","0"
"POINT (8.705908527000080 50.141656681000001)","Unfall 66274 (2022) Kat:3, Licht: 0","66274","3","7","9","09","14","4","","0","0","1","0","0"
"POINT (8.663737348000041 50.091710618000000)","Unfall 66293 (2022) Kat:3, Licht: 0","66293","3","3","5","09","17","6","","0","0","1","0","1"
"POINT (8.712097788000049 50.135294201000100)","Unfall 66316 (2022) Kat:3, Licht: 0","66316","3","6","5","10","15","4","","0","0","1","0","1"
"POINT (8.626827885000070 50.101390313000103)","Unfall 66320 (2022) Kat:3, Licht: 2","66320","3","6","3","11","17","3","","2","0","1","0","1"
"POINT (8.740129170000049 50.100043954000100)","Unfall 66327 (2022) Kat:3, Licht: 0","66327","3","6","2","08","15","3","","0","0","1","0","0"
"POINT (8.691339210000020 50.101082357000102)","Unfall 66336 (2022) Kat:2, Licht: 0","66336","2","6","0","09","09","3","","0","1","1","0","0"
"POINT (8.684149133000060 50.131613229000003)","Unfall 66346 (2022) Kat:3, Licht: 0","66346","3","6","2","08","15","2","","0","0","1","0","0"
"POINT (8.744387189000070 50.124109992999998)","Unfall 66348 (2022) Kat:3, Licht: 0","66348","3","3","5","07","05","1","","0","0","1","0","0"
"POINT (8.753708703000029 50.142687653999999)","Unfall 66361 (2022) Kat:3, Licht: 0","66361","3","7","0","08","12","7","","0","0","0","1","0"
"POINT (8.573885852000050 50.089745155000102)","Unfall 66363 (2022) Kat:3, Licht: 0","66363","3","6","2","07","10","7","","0","0","1","0","0"
"POINT (8.671057093000060 50.089451779000100)","Unfall 66364 (2022) Kat:3, Licht: 2","66364","3","3","5","07","23","7","","2","0","1","0","0"
"POINT (8.611344166000039 50.116274978000000)","Unfall 66416 (2022) Kat:3, Licht: 1","66416","3","1","8","09","08","5","","1","0","1","0","0"
"POINT (8.671322822000040 50.131648812999998)","Unfall 66442 (2022) Kat:3, Licht: 0","66442","3","6","2","08","08","4","","0","0","1","0","0"
"POINT (8.764222381000019 50.135798610999998)","Unfall 66454 (2022) Kat:3, Licht: 1","66454","3","6","2","11","16","4","","1","0","1","0","0"
"POINT (8.715438604000040 50.112552723000100)","Unfall 66462 (2022) Kat:3, Licht: 0","66462","3","3","5","12","13","5","","0","0","1","0","0"
"POINT (8.540931008000030 50.098679226000101)","Unfall 66487 (2022) Kat:2, Licht: 2","66487","2","4","6","10","06","2","","2","0","1","1","0"
"POINT (8.648843148000029 50.198394042000103)","Unfall 66498 (2022) Kat:3, Licht: 2","66498","3","7","0","10","22","5","","2","0","1","0","0"
"POINT (8.726756028000070 50.116520893000001)","Unfall 66507 (2022) Kat:3, Licht: 0","66507","3","6","3","11","10","4","","0","0","1","0","0"
"POINT (8.553793443000069 50.101721963000003)","Unfall 66525 (2022) Kat:2, Licht: 2","66525","2","6","8","09","20","6","","2","0","1","1","0"
"POINT (8.734186928000041 50.147895609000003)","Unfall 66538 (2022) Kat:3, Licht: 2","66538","3","1","0","09","02","7","","2","0","0","0","0"
"POINT (8.646433793000030 50.097346485000102)","Unfall 66550 (2022) Kat:3, Licht: 0","66550","3","6","0","10","15","1","","0","1","1","0","0"
"POINT (8.633358351000030 50.102015541000100)","Unfall 66555 (2022) Kat:3, Licht: 2","66555","3","3","5","11","18","4","","2","0","1","0","0"
"POINT (8.603356943000049 50.100358159999999)","Unfall 66580 (2022) Kat:3, Licht: 0","66580","3","3","5","09","14","5","","0","1","1","0","0"
"POINT (8.559988445000039 50.101626119999999)","Unfall 66581 (2022) Kat:3, Licht: 0","66581","3","3","5","07","10","7","","0","1","1","0","0"
"POINT (8.626864110000040 50.116902431000000)","Unfall 66595 (2022) Kat:3, Licht: 1","66595","3","6","2","11","17","2","","1","0","1","0","0"
"POINT (8.691588412000041 50.104040301000097)","Unfall 66599 (2022) Kat:3, Licht: 0","66599","3","6","3","11","11","2","","0","0","1","0","0"
"POINT (8.603998616000069 50.107163012000100)","Unfall 66603 (2022) Kat:3, Licht: 2","66603","3","6","1","11","17","4","","2","0","1","0","0"
"POINT (8.565136150000059 50.126750256000001)","Unfall 66615 (2022) Kat:3, Licht: 1","66615","3","6","2","11","07","3","","1","0","1","0","0"
"POINT (8.611096636000070 50.146380984000103)","Unfall 66635 (2022) Kat:3, Licht: 0","66635","3","2","0","08","20","6","","0","0","1","0","1"
"POINT (8.624772121000030 50.136133910000098)","Unfall 66648 (2022) Kat:3, Licht: 0","66648","3","6","2","11","13","3","","0","0","1","0","1"
"POINT (8.655509391000070 50.206869322000003)","Unfall 66655 (2022) Kat:3, Licht: 0","66655","3","1","9","09","08","7","","0","0","1","0","0"
"POINT (8.739995301000020 50.096516665000102)","Unfall 66672 (2022) Kat:2, Licht: 2","66672","2","1","9","09","20","3","","2","0","1","0","0"
"POINT (8.551339565000029 50.100901883000098)","Unfall 66673 (2022) Kat:3, Licht: 2","66673","3","7","2","11","20","2","","2","1","1","0","0"
"POINT (8.641207338000070 50.095692902000103)","Unfall 66689 (2022) Kat:3, Licht: 0","66689","3","3","5","11","11","5","","0","0","1","0","1"
"POINT (8.634299047000070 50.160250824999999)","Unfall 66691 (2022) Kat:3, Licht: 0","66691","3","6","2","11","11","6","","0","0","1","0","0"
"POINT (8.633337396000060 50.102013538999998)","Unfall 66692 (2022) Kat:3, Licht: 2","66692","3","2","0","10","06","3","","2","1","1","0","0"
"POINT (8.683988051000030 50.132119288000098)","Unfall 66697 (2022) Kat:3, Licht: 0","66697","3","6","0","07","18","6","","0","0","1","0","1"
"POINT (8.660201716000071 50.153941273000001)","Unfall 66711 (2022) Kat:3, Licht: 0","66711","3","3","5","09","14","6","","0","0","1","0","0"
"POINT (8.672022325000061 50.131662116000001)","Unfall 66733 (2022) Kat:3, Licht: 0","66733","3","2","3","11","15","5","","0","1","1","0","0"
"POINT (8.545882012000050 50.105883292999998)","Unfall 66749 (2022) Kat:3, Licht: 0","66749","3","3","5","09","14","5","","0","1","0","0","1"
"POINT (8.722228706000070 50.135738793000002)","Unfall 66760 (2022) Kat:3, Licht: 0","66760","3","1","3","07","20","4","","0","0","1","0","1"
"POINT (8.648310019000061 50.161454021000097)","Unfall 66772 (2022) Kat:3, Licht: 0","66772","3","2","5","11","16","3","","0","1","1","0","0"
"POINT (8.622367299000080 50.100940436000002)","Unfall 66791 (2022) Kat:3, Licht: 2","66791","3","1","0","08","06","6","","2","1","0","0","0"
"POINT (8.722155076000041 50.100522558000101)","Unfall 66797 (2022) Kat:3, Licht: 0","66797","3","7","6","10","14","7","","0","0","0","1","0"
"POINT (8.652111999000059 50.106062300000097)","Unfall 66819 (2022) Kat:3, Licht: 2","66819","3","2","4","11","18","2","","2","1","1","0","0"
"POINT (8.551031185000060 50.121702912000003)","Unfall 66826 (2022) Kat:3, Licht: 2","66826","3","1","8","10","05","3","","2","0","1","0","0"
"POINT (8.536752057000060 50.116549278999997)","Unfall 66855 (2022) Kat:3, Licht: 0","66855","3","1","9","11","08","5","","0","0","1","0","0"
"POINT (8.704099644000051 50.120599063999997)","Unfall 66873 (2022) Kat:3, Licht: 0","66873","3","6","2","09","12","6","","0","0","1","0","0"
"POINT (8.762198897000079 50.114813380000001)","Unfall 66880 (2022) Kat:3, Licht: 0","66880","3","3","5","12","11","2","","0","0","1","0","0"
"POINT (8.728507628000051 50.117363990000101)","Unfall 66889 (2022) Kat:3, Licht: 2","66889","3","6","2","10","19","5","","2","0","1","0","0"
"POINT (8.604913988000019 50.105956372000001)","Unfall 66895 (2022) Kat:3, Licht: 0","66895","3","6","2","09","16","5","","0","0","1","0","0"
"POINT (8.699345094000019 50.141029876000097)","Unfall 66906 (2022) Kat:3, Licht: 0","66906","3","6","2","09","17","2","","0","0","1","0","0"
"POINT (8.684244820000060 50.131631738000102)","Unfall 66910 (2022) Kat:3, Licht: 0","66910","3","2","3","09","17","3","","0","1","1","0","0"
"POINT (8.734505736000070 50.100371522000003)","Unfall 66917 (2022) Kat:3, Licht: 2","66917","3","3","5","10","01","1","","2","0","1","0","1"
"POINT (8.529858145000050 50.101421372000097)","Unfall 66929 (2022) Kat:3, Licht: 0","66929","3","6","2","09","15","6","","0","0","1","0","0"
"POINT (8.608059005000030 50.143922458000098)","Unfall 66933 (2022) Kat:3, Licht: 2","66933","3","6","2","10","06","4","","2","0","1","0","0"
"POINT (8.659164506000019 50.060957917000103)","Unfall 66936 (2022) Kat:3, Licht: 0","66936","3","1","9","08","07","1","","0","0","1","0","0"
"POINT (8.631728233000050 50.101859816000101)","Unfall 66943 (2022) Kat:3, Licht: 2","66943","3","7","3","11","17","3","","2","0","0","0","0"
"POINT (8.722222371000040 50.158518924000099)","Unfall 66949 (2022) Kat:3, Licht: 0","66949","3","6","2","10","16","3","","0","0","1","0","0"
"POINT (8.655268333000040 50.157154842000097)","Unfall 66954 (2022) Kat:3, Licht: 0","66954","3","6","4","07","18","5","","0","1","0","0","0"
"POINT (8.626370797000050 50.055375883000103)","Unfall 66961 (2022) Kat:3, Licht: 2","66961","3","6","2","11","17","4","","2","0","1","0","0"
"POINT (8.616466718000030 50.092484722999998)","Unfall 66979 (2022) Kat:2, Licht: 0","66979","2","1","8","10","08","1","","0","0","1","0","0"
"POINT (8.709008170000059 50.130942412000103)","Unfall 66992 (2022) Kat:3, Licht: 2","66992","3","2","4","12","19","1","","2","0","1","0","0"
"POINT (8.706119574000070 50.111412747000003)","Unfall 66994 (2022) Kat:3, Licht: 2","66994","3","4","0","11","19","7","","2","0","1","1","0"
"POINT (8.574293100000030 50.094447210000098)","Unfall 66998 (2022) Kat:3, Licht: 0","66998","3","6","2","09","16","7","","0","0","1","0","0"
"POINT (8.645896109000031 50.137001517999998)","Unfall 67000 (2022) Kat:3, Licht: 0","67000","3","2","3","08","17","7","","0","0","1","0","0"
"POINT (8.739527841000040 50.100854026999997)","Unfall 67026 (2022) Kat:3, Licht: 2","67026","3","6","2","11","17","4","","2","0","1","0","0"
"POINT (8.547450340000070 50.102342600999997)","Unfall 67031 (2022) Kat:3, Licht: 0","67031","3","3","5","08","14","2","","0","0","1","0","0"
"POINT (8.536502818000031 50.116643578999998)","Unfall 67041 (2022) Kat:3, Licht: 0","67041","3","6","2","09","16","7","","0","0","1","0","0"
"POINT (8.665026723000040 50.105983437000098)","Unfall 67043 (2022) Kat:2, Licht: 2","67043","2","1","0","08","00","7","","2","0","0","0","0"
"POINT (8.731986846000041 50.118677040000101)","Unfall 67047 (2022) Kat:3, Licht: 0","67047","3","6","2","07","18","1","","0","0","1","0","0"
"POINT (8.720007374000030 50.100090044000098)","Unfall 67049 (2022) Kat:3, Licht: 0","67049","3","6","2","11","15","2","","0","0","1","0","0"
"POINT (8.647966307000051 50.161548785999997)","Unfall 67063 (2022) Kat:3, Licht: 1","67063","3","2","2","07","20","3","","1","0","1","0","0"
"POINT (8.706402250000050 50.127397268000003)","Unfall 67078 (2022) Kat:3, Licht: 0","67078","3","2","3","10","12","3","","0","1","1","0","0"
"POINT (8.635922992000079 50.123891673000102)","Unfall 67080 (2022) Kat:3, Licht: 0","67080","3","2","3","09","17","4","","0","1","1","0","0"
"POINT (8.582655518000021 50.121338784000002)","Unfall 67085 (2022) Kat:3, Licht: 2","67085","3","4","6","11","01","4","","2","0","1","1","0"
"POINT (8.646127307000031 50.103683641000003)","Unfall 67103 (2022) Kat:3, Licht: 2","67103","3","2","3","11","17","3","","2","0","1","0","1"
"POINT (8.692993739000030 50.113172079000002)","Unfall 67104 (2022) Kat:3, Licht: 0","67104","3","3","5","09","11","6","","0","0","1","0","0"
"POINT (8.653198883000069 50.193645990000100)","Unfall 67108 (2022) Kat:3, Licht: 0","67108","3","6","2","08","14","2","","0","0","1","0","0"
"POINT (8.703701078000050 50.099680843999998)","Unfall 67113 (2022) Kat:3, Licht: 0","67113","3","5","1","09","09","6","","0","1","1","0","0"
"POINT (8.716116019000030 50.137528030000098)","Unfall 67125 (2022) Kat:3, Licht: 0","67125","3","6","2","09","08","4","","0","0","1","0","0"
"POINT (8.619021196000061 50.087906469000103)","Unfall 67137 (2022) Kat:3, Licht: 0","67137","3","6","2","08","17","5","","0","0","1","0","0"
"POINT (8.549485248000050 50.079058272000097)","Unfall 67159 (2022) Kat:3, Licht: 0","67159","3","2","5","07","07","6","","0","0","1","0","0"
"POINT (8.537351863000030 50.023469652000102)","Unfall 67165 (2022) Kat:3, Licht: 2","67165","3","6","3","11","20","5","","2","1","0","0","0"
"POINT (8.687033970000069 50.160151546000101)","Unfall 67173 (2022) Kat:3, Licht: 0","67173","3","3","5","08","15","2","","0","0","1","0","0"
"POINT (8.660511608000039 50.109428406000099)","Unfall 67180 (2022) Kat:3, Licht: 2","67180","3","2","5","09","22","2","","2","0","1","0","0"
"POINT (8.650408391000040 50.132396849000003)","Unfall 67185 (2022) Kat:2, Licht: 0","67185","2","6","2","07","17","3","","0","0","1","0","0"
"POINT (8.742881690000051 50.123679094000103)","Unfall 67195 (2022) Kat:3, Licht: 0","67195","3","2","3","09","09","4","","0","1","1","0","0"
"POINT (8.691186160000029 50.092132777000103)","Unfall 67206 (2022) Kat:2, Licht: 0","67206","2","6","2","10","17","3","","0","0","1","0","0"
"POINT (8.647594693000030 50.141496426000103)","Unfall 67207 (2022) Kat:3, Licht: 0","67207","3","6","2","11","16","6","","0","0","1","0","0"
"POINT (8.651914979000029 50.069926677000097)","Unfall 67216 (2022) Kat:3, Licht: 2","67216","3","6","2","11","17","7","","2","0","1","0","0"
"POINT (8.711458710000040 50.125248796000101)","Unfall 67217 (2022) Kat:3, Licht: 0","67217","3","2","3","10","16","6","","0","1","1","0","0"
"POINT (8.542957753000049 50.106740184000003)","Unfall 67227 (2022) Kat:3, Licht: 2","67227","3","3","6","10","06","2","","2","0","1","1","0"
"POINT (8.638308573000071 50.196871150000000)","Unfall 67228 (2022) Kat:3, Licht: 0","67228","3","6","2","09","16","7","","0","0","1","0","0"
"POINT (8.691639697000030 50.129456235000099)","Unfall 67235 (2022) Kat:3, Licht: 2","67235","3","6","0","12","17","2","","2","0","0","0","1"
"POINT (8.649716086000071 50.120161689000000)","Unfall 67237 (2022) Kat:3, Licht: 2","67237","3","6","3","11","00","7","","2","0","1","0","0"