WKT,Name,OBJECTID,UKATEGORIE,UTYP1,UART,UMONAT,USTUNDE,UWOCHENTAG,STRZUSTAND,ULICHTVERH,ISTRAD,ISTPKW,ISTFUSS,ISTKRAD
"POINT (8.713580627000059 50.137682116000100)","Unfall 67244 (2022) Kat:3, Licht: 0","67244","3","6","2","09","07","4","","0","0","1","0","0"
"POINT (8.666529391000040 50.147874123000101)","Unfall 67258 (2022) Kat:2, Licht: 0","67258","2","1","0","09","17","3","","0","1","0","0","0"
"POINT (8.597725190000061 50.124296401999999)","Unfall 67270 (2022) Kat:3, Licht: 2","67270","3","6","3","11","19","7","","2","0","1","0","0"
"POINT (8.643700414000021 50.102946217000103)","Unfall 67272 (2022) Kat:3, Licht: 0","67272","3","1","0","08","11","7","","0","0","1","0","1"
"POINT (8.642330632000039 50.096056527000002)","Unfall 67273 (2022) Kat:3, Licht: 0","67273","3","6","2","07","13","5","","0","0","1","0","0"
"POINT (8.597098206000060 50.100295176000003)","Unfall 67277 (2022) Kat:3, Licht: 0","67277","3","4","6","07","18","6","","0","0","0","1","0"
"POINT (8.677446448000071 50.132181862000003)","Unfall 67281 (2022) Kat:3, Licht: 0","67281","3","6","3","08","11","1","","0","0","1","0","1"
"POINT (8.650863366000070 50.066710692000100)","Unfall 67288 (2022) Kat:2, Licht: 0","67288","2","6","3","08","18","1","","0","0","1","0","1"
"POINT (8.638843010000070 50.094639213000100)","Unfall 67304 (2022) Kat:2, Licht: 1","67304","2","3","5","10","17","6","","1","0","0","0","0"
"POINT (8.669513552000071 50.098446811000002)","Unfall 67317 (2022) Kat:3, Licht: 0","67317","3","6","2","09","11","3","","0","0","1","0","0"
"POINT (8.680078631000070 50.106333033000098)","Unfall 67323 (2022) Kat:3, Licht: 0","67323","3","5","1","07","11","5","","0","0","1","0","0"
"POINT (8.716177410000061 50.104814506000103)","Unfall 67330 (2022) Kat:3, Licht: 2","67330","3","1","0","11","21","6","","2","0","0","0","0"
"POINT (8.550442895000060 50.078381960000101)","Unfall 67333 (2022) Kat:3, Licht: 0","67333","3","1","9","09","16","7","","0","0","1","0","0"
"POINT (8.700265110000030 50.112905728000001)","Unfall 67338 (2022) Kat:3, Licht: 0","67338","3","1","0","08","08","3","","0","1","0","0","0"
"POINT (8.617153328000031 50.121632326000103)","Unfall 67342 (2022) Kat:3, Licht: 0","67342","3","5","1","08","13","3","","0","1","1","0","0"
"POINT (8.684237944000071 50.131829020000097)","Unfall 67351 (2022) Kat:3, Licht: 2","67351","3","2","6","11","20","2","","2","0","1","1","0"
"POINT (8.579389858000070 50.096278611000102)","Unfall 67358 (2022) Kat:2, Licht: 2","67358","2","6","3","11","22","3","","2","0","1","0","0"
"POINT (8.647234667000021 50.132744066999997)","Unfall 67361 (2022) Kat:3, Licht: 0","67361","3","6","2","10","18","3","","0","0","1","0","0"
"POINT (8.694348083000021 50.128237976000001)","Unfall 67368 (2022) Kat:3, Licht: 0","67368","3","6","4","08","19","5","","0","1","0","0","0"
"POINT (8.517495444000080 50.109660958000099)","Unfall 67375 (2022) Kat:3, Licht: 0","67375","3","1","9","08","16","6","","0","0","0","0","0"
"POINT (8.661032521000040 50.089474553000102)","Unfall 67378 (2022) Kat:3, Licht: 2","67378","3","1","9","10","22","6","","2","0","1","0","0"
"POINT (8.689910592000050 50.148270660999998)","Unfall 67410 (2022) Kat:3, Licht: 0","67410","3","4","6","10","15","7","","0","0","1","1","0"
"POINT (8.615519811000070 50.095510265000001)","Unfall 67422 (2022) Kat:2, Licht: 2","67422","2","6","3","09","19","3","","2","0","1","0","1"
"POINT (8.765977047000041 50.132571346000098)","Unfall 67427 (2022) Kat:3, Licht: 0","67427","3","1","2","10","11","6","","0","0","1","0","0"
"POINT (8.688960903000069 50.158417313000001)","Unfall 67433 (2022) Kat:3, Licht: 0","67433","3","3","5","08","19","4","","0","1","1","0","0"
"POINT (8.631685535000029 50.127635898000101)","Unfall 67447 (2022) Kat:3, Licht: 0","67447","3","2","5","07","19","6","","0","1","1","0","0"
"POINT (8.720399707000070 50.064496964000099)","Unfall 67450 (2022) Kat:3, Licht: 1","67450","3","6","3","11","17","1","","1","0","1","0","0"
"POINT (8.653172791000030 50.182078410000003)","Unfall 67456 (2022) Kat:2, Licht: 0","67456","2","6","2","10","16","2","","0","0","1","0","0"
"POINT (8.589982453000060 50.132738501000098)","Unfall 67485 (2022) Kat:3, Licht: 0","67485","3","6","2","08","10","6","","0","0","1","0","0"
"POINT (8.647267700000040 50.056840360000102)","Unfall 67486 (2022) Kat:3, Licht: 0","67486","3","6","2","08","16","6","","0","0","1","0","0"
"POINT (8.708755104000030 50.062742448999998)","Unfall 67499 (2022) Kat:3, Licht: 0","67499","3","6","2","10","18","2","","0","0","1","0","0"
"POINT (8.592782558000071 50.138541900000099)","Unfall 67515 (2022) Kat:3, Licht: 0","67515","3","6","2","10","16","5","","0","0","1","0","0"
"POINT (8.555419341000061 50.102260547000100)","Unfall 67523 (2022) Kat:3, Licht: 2","67523","3","6","0","11","21","2","","2","0","1","0","0"
"POINT (8.721034965000060 50.114452962000001)","Unfall 67548 (2022) Kat:3, Licht: 0","67548","3","3","5","08","17","5","","0","0","1","0","0"
"POINT (8.593004786000050 50.138942353000097)","Unfall 67561 (2022) Kat:3, Licht: 2","67561","3","6","2","11","17","3","","2","0","1","0","0"
"POINT (8.516044780000071 50.113885341000099)","Unfall 67563 (2022) Kat:3, Licht: 0","67563","3","2","4","10","16","1","","0","0","1","0","1"
"POINT (8.723962596000041 50.100333579000100)","Unfall 67565 (2022) Kat:3, Licht: 0","67565","3","4","6","10","10","5","","0","0","1","1","0"
"POINT (8.665748956000069 50.104381805999999)","Unfall 67567 (2022) Kat:3, Licht: 2","67567","3","6","2","07","00","1","","2","0","1","0","0"
"POINT (8.664928743000081 50.183467606000100)","Unfall 67574 (2022) Kat:2, Licht: 0","67574","2","6","2","09","18","7","","0","1","1","0","0"
"POINT (8.698455957000020 50.139444545000103)","Unfall 67579 (2022) Kat:3, Licht: 0","67579","3","4","6","11","15","2","","0","0","0","1","0"
"POINT (8.602589887000020 50.108843993999997)","Unfall 67593 (2022) Kat:3, Licht: 2","67593","3","1","8","09","23","2","","2","0","1","0","0"
"POINT (8.551434030000051 50.100933059000099)","Unfall 67596 (2022) Kat:3, Licht: 0","67596","3","2","5","08","14","6","","0","1","1","0","0"
"POINT (8.605491056000060 50.180794931000001)","Unfall 67599 (2022) Kat:2, Licht: 0","67599","2","3","5","07","15","5","","0","0","1","0","0"
"POINT (8.493085795000070 50.097175544999999)","Unfall 67605 (2022) Kat:3, Licht: 0","67605","3","3","4","10","13","6","","0","1","1","0","0"
"POINT (8.709730993000051 50.115195621000098)","Unfall 67606 (2022) Kat:3, Licht: 0","67606","3","7","0","10","14","2","","0","0","1","0","1"
"POINT (8.640401644000059 50.198092390000099)","Unfall 67608 (2022) Kat:2, Licht: 2","67608","2","6","3","10","22","7","","2","0","1","0","0"
"POINT (8.657935964000050 50.146048946000100)","Unfall 67612 (2022) Kat:3, Licht: 0","67612","3","3","5","07","12","7","","0","0","1","0","1"
"POINT (8.690723592000040 50.102509757000099)","Unfall 67613 (2022) Kat:3, Licht: 2","67613","3","6","2","07","23","7","","2","0","1","0","0"
"POINT (8.662812394000071 50.108519488000098)","Unfall 67614 (2022) Kat:3, Licht: 2","67614","3","5","1","12","19","1","","2","1","1","0","0"
"POINT (8.767112186000080 50.132858575999997)","Unfall 67629 (2022) Kat:3, Licht: 2","67629","3","6","0","07","02","1","","2","0","1","0","1"
"POINT (8.539056053000021 50.110221528000103)","Unfall 67630 (2022) Kat:3, Licht: 0","67630","3","2","3","08","19","3","","0","1","1","0","0"
"POINT (8.664231696000060 50.092122663000097)","Unfall 67641 (2022) Kat:3, Licht: 2","67641","3","1","0","09","02","7","","2","0","0","0","0"
"POINT (8.590937427000030 50.053433636000101)","Unfall 67646 (2022) Kat:2, Licht: 0","67646","2","6","2","07","09","3","","0","0","0","0","0"
"POINT (8.714136435000061 50.063773316000002)","Unfall 67652 (2022) Kat:3, Licht: 0","67652","3","6","2","09","10","5","","0","0","1","0","0"
"POINT (8.653919650000031 50.120224194000102)","Unfall 67665 (2022) Kat:2, Licht: 0","67665","2","6","2","11","09","5","","0","0","1","0","0"
"POINT (8.691551132000029 50.086112561999997)","Unfall 67667 (2022) Kat:2, Licht: 0","67667","2","4","6","11","10","7","","0","0","1","1","0"
"POINT (8.697590590000059 50.138033260000000)","Unfall 67687 (2022) Kat:3, Licht: 0","67687","3","3","5","10","09","2","","0","1","1","0","0"
"POINT (8.577751147000070 50.123543874000099)","Unfall 67693 (2022) Kat:3, Licht: 2","67693","3","7","6","07","00","2","","2","0","1","1","0"
"POINT (8.535824335000029 50.116396372000096)","Unfall 67701 (2022) Kat:3, Licht: 0","67701","3","6","3","09","17","3","","0","0","1","0","0"
"POINT (8.571634961000029 50.129316084999999)","Unfall 67708 (2022) Kat:3, Licht: 2","67708","3","6","2","11","19","4","","2","0","1","0","0"
"POINT (8.666439612000030 50.147962155000101)","Unfall 67721 (2022) Kat:3, Licht: 0","67721","3","2","3","08","19","6","","0","0","1","0","0"
"POINT (8.664941404000050 50.102552189999997)","Unfall 67724 (2022) Kat:3, Licht: 2","67724","3","6","2","10","06","1","","2","0","1","0","0"
"POINT (8.553912030000051 50.051454892000002)","Unfall 67725 (2022) Kat:3, Licht: 2","67725","3","6","4","11","17","3","","2","0","1","0","0"
"POINT (8.708195738000031 50.117320005000103)","Unfall 67728 (2022) Kat:2, Licht: 0","67728","2","2","3","09","15","5","","0","1","1","0","0"
"POINT (8.664589860000040 50.104035627000002)","Unfall 67739 (2022) Kat:3, Licht: 1","67739","3","7","3","11","18","6","","1","0","1","0","0"
"POINT (8.759288130000069 50.113027602999999)","Unfall 67743 (2022) Kat:3, Licht: 2","67743","3","6","2","11","18","2","","2","0","1","0","0"
"POINT (8.604762533000040 50.100144393999997)","Unfall 67745 (2022) Kat:3, Licht: 0","67745","3","3","6","10","08","4","","0","0","1","1","0"
"POINT (8.559950442000060 50.101672473000100)","Unfall 67746 (2022) Kat:3, Licht: 2","67746","3","1","9","08","03","7","","2","0","1","0","0"
"POINT (8.485233304000079 50.096271590000100)","Unfall 67751 (2022) Kat:3, Licht: 2","67751","3","6","2","08","21","2","","2","0","1","0","1"
"POINT (8.669444111000081 50.140522949999998)","Unfall 67763 (2022) Kat:3, Licht: 0","67763","3","5","1","07","10","5","","0","1","1","0","0"
"POINT (8.678310358000029 50.132178568000000)","Unfall 67768 (2022) Kat:3, Licht: 0","67768","3","5","5","09","16","4","","0","1","0","0","0"
"POINT (8.564581999000040 50.118178372999999)","Unfall 67780 (2022) Kat:3, Licht: 0","67780","3","6","2","12","13","6","","0","0","1","0","0"
"POINT (8.691566056000060 50.100506321000097)","Unfall 67782 (2022) Kat:3, Licht: 2","67782","3","6","2","11","19","5","","2","1","0","0","0"
"POINT (8.665092157000061 50.102322713000000)","Unfall 67791 (2022) Kat:3, Licht: 0","67791","3","6","2","08","14","7","","0","0","1","0","0"
"POINT (8.745169205000019 50.147918189000102)","Unfall 67804 (2022) Kat:3, Licht: 2","67804","3","7","9","08","05","1","","2","0","0","0","0"
"POINT (8.630559067000039 50.115789319999998)","Unfall 67810 (2022) Kat:3, Licht: 2","67810","3","2","5","08","23","4","","2","0","1","0","1"
"POINT (8.603677753000060 50.057357308000100)","Unfall 67818 (2022) Kat:3, Licht: 2","67818","3","1","9","09","00","4","","2","0","1","0","0"
"POINT (8.645924653000071 50.058436142000097)","Unfall 67823 (2022) Kat:3, Licht: 2","67823","3","6","9","10","01","6","","2","0","0","0","0"
"POINT (8.713339680000050 50.124707739000002)","Unfall 67825 (2022) Kat:3, Licht: 2","67825","3","1","0","08","01","4","","2","1","0","0","0"
"POINT (8.650586827000041 50.113679852000097)","Unfall 67835 (2022) Kat:3, Licht: 0","67835","3","6","3","10","16","3","","0","0","1","0","0"
"POINT (8.733301523000019 50.131110907000000)","Unfall 67838 (2022) Kat:2, Licht: 2","67838","2","7","0","08","02","1","","2","0","0","0","0"
"POINT (8.732872604000020 50.116424254000002)","Unfall 67857 (2022) Kat:3, Licht: 2","67857","3","1","0","08","01","7","","2","0","0","0","1"
"POINT (8.639330575000031 50.081502945000103)","Unfall 67858 (2022) Kat:2, Licht: 0","67858","2","2","5","08","10","1","","0","1","1","0","0"
"POINT (8.695729312000029 50.102067598000097)","Unfall 67864 (2022) Kat:3, Licht: 2","67864","3","1","0","08","03","1","","2","1","0","0","0"
"POINT (8.695266687000069 50.103835695999997)","Unfall 67865 (2022) Kat:3, Licht: 0","67865","3","6","3","10","18","7","","0","0","1","0","0"
"POINT (8.603783798000050 50.086927056999997)","Unfall 67914 (2022) Kat:3, Licht: 0","67914","3","1","0","11","08","3","","0","0","0","0","1"
"POINT (8.600052714000070 50.151714405000099)","Unfall 67930 (2022) Kat:3, Licht: 0","67930","3","6","2","10","16","6","","0","0","1","0","0"
"POINT (8.662126107000059 50.152216824000000)","Unfall 67933 (2022) Kat:3, Licht: 0","67933","3","3","5","10","08","5","","0","0","1","0","0"
"POINT (8.683851496000051 50.160995819000000)","Unfall 67935 (2022) Kat:3, Licht: 2","67935","3","6","2","11","18","4","","2","0","1","0","0"
"POINT (8.630247381000061 50.088122317000099)","Unfall 67943 (2022) Kat:3, Licht: 0","67943","3","6","2","09","10","2","","0","0","1","0","0"
"POINT (8.723439558000051 50.159117051000102)","Unfall 67944 (2022) Kat:3, Licht: 0","67944","3","2","3","08","07","6","","0","1","1","0","0"
"POINT (8.622616277000080 50.150918113000003)","Unfall 67957 (2022) Kat:3, Licht: 0","67957","3","6","2","09","17","4","","0","1","1","0","0"
"POINT (8.604079657000060 50.052820004000097)","Unfall 67964 (2022) Kat:3, Licht: 2","67964","3","1","8","12","00","1","","2","0","1","0","0"
"POINT (8.612480450000019 50.115863529000102)","Unfall 67975 (2022) Kat:3, Licht: 1","67975","3","1","8","09","18","1","","1","0","1","0","0"
"POINT (8.574097157000040 50.128728156000101)","Unfall 67977 (2022) Kat:3, Licht: 0","67977","3","1","8","08","06","1","","0","0","1","0","0"
"POINT (8.660361076000070 50.109367169000102)","Unfall 67978 (2022) Kat:3, Licht: 2","67978","3","3","5","11","18","3","","2","1","1","0","0"
"POINT (8.563195716000051 50.126918273999998)","Unfall 67980 (2022) Kat:3, Licht: 0","67980","3","6","2","11","07","3","","0","0","1","0","0"
"POINT (8.728823160000051 50.117273378999997)","Unfall 67998 (2022) Kat:2, Licht: 0","67998","2","3","5","08","09","5","","0","0","1","0","0"
"POINT (8.616413383000070 50.092706063000001)","Unfall 68001 (2022) Kat:3, Licht: 2","68001","3","1","8","10","04","7","","2","0","1","0","0"
"POINT (8.695062905000039 50.132140663000001)","Unfall 68011 (2022) Kat:3, Licht: 2","68011","3","6","2","09","23","6","","2","0","1","0","0"
"POINT (8.597920318000041 50.147355314000002)","Unfall 68016 (2022) Kat:3, Licht: 0","68016","3","6","3","11","15","1","","0","0","1","0","0"
"POINT (8.756988087000019 50.125014473000100)","Unfall 68027 (2022) Kat:3, Licht: 2","68027","3","7","0","10","20","1","","2","0","1","0","0"
"POINT (8.682380513000060 50.104314240000100)","Unfall 68031 (2022) Kat:3, Licht: 1","68031","3","3","5","10","06","2","","1","0","1","0","1"
"POINT (8.590950726000070 50.135723360000000)","Unfall 68048 (2022) Kat:3, Licht: 0","68048","3","1","8","11","13","5","","0","0","1","0","0"
"POINT (8.513348237000059 50.107956459999997)","Unfall 68056 (2022) Kat:3, Licht: 2","68056","3","6","3","12","19","5","","2","0","1","0","0"
"POINT (8.695263421000050 50.132719160000100)","Unfall 68057 (2022) Kat:3, Licht: 0","68057","3","6","2","09","12","5","","0","0","1","0","1"
"POINT (8.698771430000020 50.140066363000102)","Unfall 68063 (2022) Kat:3, Licht: 1","68063","3","2","3","09","19","3","","1","1","1","0","0"
"POINT (8.601588954000020 50.132811762000102)","Unfall 68070 (2022) Kat:3, Licht: 0","68070","3","1","9","12","11","6","","0","0","1","0","0"
"POINT (8.756995847000040 50.141536133000002)","Unfall 68072 (2022) Kat:3, Licht: 2","68072","3","7","8","10","23","6","","2","0","0","0","0"
"POINT (8.672352105000069 50.090124197000101)","Unfall 68076 (2022) Kat:3, Licht: 2","68076","3","7","6","10","04","1","","2","0","0","1","0"
"POINT (8.645721845000031 50.114015125000002)","Unfall 68085 (2022) Kat:2, Licht: 0","68085","2","4","6","07","19","2","","0","1","0","1","0"
"POINT (8.687752221000039 50.107193717000001)","Unfall 68108 (2022) Kat:3, Licht: 0","68108","3","2","5","10","13","1","","0","0","1","0","0"
"POINT (8.539614113000029 50.117777101999998)","Unfall 68122 (2022) Kat:3, Licht: 0","68122","3","6","2","11","15","7","","0","0","1","0","0"
"POINT (8.607351793000021 50.144687115000103)","Unfall 68126 (2022) Kat:3, Licht: 2","68126","3","6","2","10","18","7","","2","0","1","0","0"
"POINT (8.675712412000051 50.132065683000100)","Unfall 68127 (2022) Kat:3, Licht: 0","68127","3","2","3","09","17","5","","0","1","1","0","0"
"POINT (8.528102702000069 50.113380890000002)","Unfall 68129 (2022) Kat:3, Licht: 0","68129","3","6","2","08","15","3","","0","0","1","0","0"
"POINT (8.627013473000030 50.077910084000102)","Unfall 68142 (2022) Kat:3, Licht: 2","68142","3","6","2","10","23","4","","2","0","1","0","0"
"POINT (8.556763137000081 50.102684688000103)","Unfall 68149 (2022) Kat:3, Licht: 0","68149","3","4","0","10","18","2","","0","0","0","1","0"
"POINT (8.657852713000070 50.187421069999999)","Unfall 68150 (2022) Kat:3, Licht: 2","68150","3","6","2","11","18","3","","2","0","1","0","0"
"POINT (8.647727629000030 50.113855546000103)","Unfall 68154 (2022) Kat:3, Licht: 0","68154","3","3","5","10","16","3","","0","1","1","0","0"
"POINT (8.644582069000020 50.113853771999999)","Unfall 68158 (2022) Kat:3, Licht: 0","68158","3","7","0","07","14","2","","0","1","0","0","0"
"POINT (8.652792345000019 50.072696988000096)","Unfall 68212 (2022) Kat:3, Licht: 2","68212","3","6","2","10","23","4","","2","0","1","0","1"
"POINT (8.710193745000030 50.122373246999999)","Unfall 68215 (2022) Kat:3, Licht: 0","68215","3","3","5","08","14","1","","0","1","1","0","0"
"POINT (8.597917400000030 50.147350015000001)","Unfall 68232 (2022) Kat:3, Licht: 0","68232","3","7","2","07","16","3","","0","0","1","0","0"
"POINT (8.742617344000051 50.149139634999997)","Unfall 68233 (2022) Kat:2, Licht: 0","68233","2","2","6","07","14","5","","0","0","0","1","0"
"POINT (8.602757100000080 50.109044515000100)","Unfall 68236 (2022) Kat:2, Licht: 1","68236","2","6","2","11","17","3","","1","0","1","0","0"
"POINT (8.691463385000080 50.100794504000099)","Unfall 68242 (2022) Kat:3, Licht: 0","68242","3","6","3","09","11","4","","0","1","1","0","0"
"POINT (8.720172309000080 50.064544436000098)","Unfall 68252 (2022) Kat:3, Licht: 0","68252","3","6","2","11","09","5","","0","0","1","0","0"
"POINT (8.640254594000060 50.121023053999998)","Unfall 68258 (2022) Kat:3, Licht: 0","68258","3","3","5","08","09","1","","0","0","1","0","0"
"POINT (8.694435196000031 50.109160777000099)","Unfall 68259 (2022) Kat:3, Licht: 0","68259","3","2","5","07","18","6","","0","1","0","0","0"
"POINT (8.675498250000031 50.150287014000099)","Unfall 68272 (2022) Kat:3, Licht: 0","68272","3","6","2","09","08","7","","0","0","1","0","0"
"POINT (8.572762832000020 50.129306384000103)","Unfall 68277 (2022) Kat:3, Licht: 0","68277","3","1","9","08","06","4","","0","0","1","0","0"
"POINT (8.730887991000030 50.118194840999998)","Unfall 68299 (2022) Kat:3, Licht: 2","68299","3","3","5","08","22","4","","2","0","1","0","0"
"POINT (8.657288095000069 50.111275446000000)","Unfall 68304 (2022) Kat:3, Licht: 0","68304","3","7","5","08","10","6","","0","0","1","0","0"
"POINT (8.646024689000059 50.131575118000100)","Unfall 68312 (2022) Kat:3, Licht: 0","68312","3","2","5","09","13","6","","0","0","1","0","0"
"POINT (8.667440208000070 50.100356275000102)","Unfall 68329 (2022) Kat:3, Licht: 0","68329","3","7","6","09","21","7","","0","1","0","1","0"
"POINT (8.702808317000059 50.100204136000102)","Unfall 68330 (2022) Kat:3, Licht: 2","68330","3","1","0","11","19","6","","2","1","0","0","0"
"POINT (8.657815687000040 50.100841478000099)","Unfall 68336 (2022) Kat:3, Licht: 0","68336","3","6","2","08","15","1","","0","0","1","0","1"
"POINT (8.671121661000029 50.136527628000103)","Unfall 68352 (2022) Kat:2, Licht: 0","68352","2","6","2","07","16","4","","0","0","1","0","0"
"POINT (8.628238926000050 50.116318939000102)","Unfall 68359 (2022) Kat:3, Licht: 0","68359","3","3","5","10","14","6","","0","0","1","0","0"
"POINT (8.625770627000071 50.116068748000004)","Unfall 68363 (2022) Kat:3, Licht: 0","68363","3","6","2","09","09","5","","0","0","1","0","0"
"POINT (8.666480991000070 50.147921541000102)","Unfall 68365 (2022) Kat:3, Licht: 0","68365","3","3","5","08","18","2","","0","0","1","0","1"
"POINT (8.711666445000050 50.063517642000100)","Unfall 68368 (2022) Kat:3, Licht: 1","68368","3","6","3","12","07","2","","1","0","1","0","0"
"POINT (8.658315690000050 50.209055483999997)","Unfall 68369 (2022) Kat:3, Licht: 0","68369","3","7","8","08","15","3","","0","0","1","0","0"
"POINT (8.717562463000039 50.064477544000098)","Unfall 68384 (2022) Kat:2, Licht: 2","68384","2","6","2","11","06","2","","2","0","1","0","0"
"POINT (8.732994579000041 50.131080759000000)","Unfall 68386 (2022) Kat:2, Licht: 0","68386","2","6","2","08","11","2","","0","0","1","0","1"
"POINT (8.672099321000079 50.133370589999998)","Unfall 68404 (2022) Kat:3, Licht: 0","68404","3","6","2","08","18","5","","0","0","1","0","0"
"POINT (8.657520083000071 50.111134221999997)","Unfall 68419 (2022) Kat:3, Licht: 1","68419","3","6","2","11","07","5","","1","0","1","0","1"
"POINT (8.662427720000039 50.147394202000001)","Unfall 68425 (2022) Kat:3, Licht: 0","68425","3","5","1","08","15","1","","0","0","1","0","1"
"POINT (8.690946341000030 50.103282477999997)","Unfall 68427 (2022) Kat:3, Licht: 0","68427","3","6","2","07","21","6","","0","0","0","0","1"
"POINT (8.656574609000071 50.107824974000003)","Unfall 68448 (2022) Kat:3, Licht: 0","68448","3","6","0","08","13","2","","0","0","0","0","0"
"POINT (8.659803711000050 50.088300621000002)","Unfall 68449 (2022) Kat:3, Licht: 0","68449","3","6","2","10","16","1","","0","0","1","0","0"
"POINT (8.539284630000051 50.100977974000003)","Unfall 68458 (2022) Kat:3, Licht: 0","68458","3","6","3","08","07","5","","0","0","1","0","0"
"POINT (8.701826279000040 50.142486503999997)","Unfall 68467 (2022) Kat:3, Licht: 0","68467","3","6","2","11","15","5","","0","0","1","0","0"
"POINT (8.670193869000061 50.139132759000098)","Unfall 68475 (2022) Kat:3, Licht: 0","68475","3","7","6","09","07","4","","0","0","0","1","0"
"POINT (8.616511202000030 50.181579223000000)","Unfall 68480 (2022) Kat:3, Licht: 2","68480","3","6","3","11","06","5","","2","0","1","0","0"
"POINT (8.551633969000020 50.104967070999997)","Unfall 68488 (2022) Kat:3, Licht: 0","68488","3","6","2","07","13","6","","0","1","1","0","0"
"POINT (8.740939729000051 50.133208621000101)","Unfall 68503 (2022) Kat:2, Licht: 0","68503","2","6","2","09","15","7","","0","0","1","0","0"
"POINT (8.647662482000040 50.085103011999998)","Unfall 68504 (2022) Kat:3, Licht: 0","68504","3","3","5","08","13","3","","0","0","1","0","0"
"POINT (8.650850862000031 50.132346740999999)","Unfall 68514 (2022) Kat:3, Licht: 2","68514","3","6","2","11","18","3","","2","0","1","0","0"
"POINT (8.656479303000030 50.207554076000100)","Unfall 68518 (2022) Kat:3, Licht: 2","68518","3","6","3","12","16","5","","2","0","1","0","0"
"POINT (8.652408196000071 50.059518319000098)","Unfall 68520 (2022) Kat:3, Licht: 0","68520","3","1","9","11","15","4","","0","0","1","0","0"
"POINT (8.641514800000040 50.198646686000103)","Unfall 68531 (2022) Kat:2, Licht: 0","68531","2","6","2","07","17","5","","0","0","1","0","0"
"POINT (8.635977172000031 50.123857583000103)","Unfall 68545 (2022) Kat:2, Licht: 0","68545","2","6","2","08","17","3","","0","0","1","0","1"
"POINT (8.621443724000070 50.121531300000100)","Unfall 68555 (2022) Kat:3, Licht: 0","68555","3","7","1","11","15","6","","0","0","1","0","0"
"POINT (8.685174466000030 50.107446670000101)","Unfall 68557 (2022) Kat:3, Licht: 0","68557","3","6","2","11","15","6","","0","0","1","0","0"
"POINT (8.714289563000021 50.112285026000102)","Unfall 68564 (2022) Kat:3, Licht: 0","68564","3","3","5","11","15","3","","0","1","1","0","0"
"POINT (8.600966378000070 50.152887200000102)","Unfall 68577 (2022) Kat:3, Licht: 0","68577","3","6","2","08","11","7","","0","0","1","0","0"
"POINT (8.602607546000060 50.109442467000100)","Unfall 68602 (2022) Kat:3, Licht: 0","68602","3","6","2","09","16","3","","0","0","1","0","0"
"POINT (8.670917808000070 50.089615933000097)","Unfall 68616 (2022) Kat:3, Licht: 2","68616","3","4","6","11","20","2","","2","0","1","1","0"
"POINT (8.664602386000070 50.107570928000001)","Unfall 68627 (2022) Kat:3, Licht: 2","68627","3","6","2","09","00","1","","2","0","1","0","0"
"POINT (8.666705600000061 50.100982060000000)","Unfall 68629 (2022) Kat:3, Licht: 0","68629","3","6","2","07","17","4","","0","0","1","0","0"
"POINT (8.695077804000050 50.106243967000097)","Unfall 68654 (2022) Kat:3, Licht: 0","68654","3","5","3","08","17","7","","0","0","1","0","0"
"POINT (8.697654607000061 50.102244998000103)","Unfall 68655 (2022) Kat:3, Licht: 0","68655","3","2","5","07","12","5","","0","1","1","0","0"
"POINT (8.704858476000030 50.111813149000099)","Unfall 68656 (2022) Kat:3, Licht: 2","68656","3","2","5","07","21","6","","2","1","1","0","0"
"POINT (8.719082645000070 50.064451097000102)","Unfall 68660 (2022) Kat:3, Licht: 0","68660","3","6","2","10","15","7","","0","0","1","0","0"
"POINT (8.665307888000029 50.102358656000000)","Unfall 68662 (2022) Kat:3, Licht: 0","68662","3","3","5","09","17","6","","0","0","1","0","0"
"POINT (8.669910865000080 50.139711217000098)","Unfall 68666 (2022) Kat:3, Licht: 0","68666","3","3","0","11","09","3","","0","0","1","0","1"
"POINT (8.594857607000050 50.134322607000101)","Unfall 68676 (2022) Kat:2, Licht: 2","68676","2","6","3","12","22","3","","2","0","1","0","0"
"POINT (8.657057255000041 50.133051895999998)","Unfall 68686 (2022) Kat:3, Licht: 0","68686","3","6","2","09","14","5","","0","0","1","0","0"
"POINT (8.622300091000060 50.115843244000096)","Unfall 68689 (2022) Kat:3, Licht: 0","68689","3","6","2","11","10","4","","0","0","1","0","0"
"POINT (8.694790823000060 50.131852563999999)","Unfall 68710 (2022) Kat:3, Licht: 0","68710","3","6","3","08","07","3","","0","1","0","0","0"
"POINT (8.607383675000049 50.164518552000096)","Unfall 68714 (2022) Kat:3, Licht: 0","68714","3","6","2","09","17","6","","0","0","1","0","0"
"POINT (8.632277615000021 50.193621806000102)","Unfall 68716 (2022) Kat:2, Licht: 1","68716","2","6","3","07","21","4","","1","0","1","0","0"
"POINT (8.653736319000069 50.075182507000100)","Unfall 68719 (2022) Kat:3, Licht: 0","68719","3","6","2","11","10","7","","0","0","1","0","0"
"POINT (8.596158110000029 50.053169501000099)","Unfall 68720 (2022) Kat:3, Licht: 2","68720","3","1","8","09","02","4","","2","0","1","0","0"
"POINT (8.688917107000069 50.158458005999996)","Unfall 68736 (2022) Kat:3, Licht: 1","68736","3","3","5","10","07","5","","1","1","1","0","0"
"POINT (8.611309354000070 50.172200921000098)","Unfall 68737 (2022) Kat:3, Licht: 1","68737","3","6","2","11","17","3","","1","0","1","0","0"