WKT,Name,OBJECTID,UKATEGORIE,UTYP1,UART,UMONAT,USTUNDE,UWOCHENTAG,STRZUSTAND,ULICHTVERH,ISTRAD,ISTPKW,ISTFUSS,ISTKRAD
"POINT (8.586587624000060 50.118152625000100)","Unfall 68741 (2022) Kat:3, Licht: 2","68741","3","6","2","11","18","4","","2","0","1","0","0"
"POINT (8.708876065000030 50.111329080000097)","Unfall 68744 (2022) Kat:3, Licht: 2","68744","3","1","8","10","22","2","","2","0","1","0","0"
"POINT (8.705349025000030 50.120162104000002)","Unfall 68746 (2022) Kat:3, Licht: 2","68746","3","3","5","10","21","2","","2","0","1","0","0"
"POINT (8.699353752000039 50.113106455000000)","Unfall 68771 (2022) Kat:2, Licht: 0","68771","2","3","5","08","14","3","","0","0","1","0","0"
"POINT (8.601671734000041 50.110266951000000)","Unfall 68781 (2022) Kat:3, Licht: 0","68781","3","6","3","10","09","5","","0","0","1","0","0"
"POINT (8.519307944000049 50.097318457000000)","Unfall 68785 (2022) Kat:3, Licht: 2","68785","3","3","0","07","00","5","","2","1","1","0","0"
"POINT (8.690797768000040 50.107045665999998)","Unfall 68790 (2022) Kat:3, Licht: 2","68790","3","6","3","10","23","7","","2","0","1","0","0"
"POINT (8.714612013000020 50.063859563000101)","Unfall 68791 (2022) Kat:3, Licht: 0","68791","3","6","2","08","17","2","","0","0","1","0","0"
"POINT (8.640856918000051 50.120652260000000)","Unfall 68812 (2022) Kat:3, Licht: 0","68812","3","6","2","10","13","7","","0","0","1","0","0"
"POINT (8.645816151000080 50.162127100000099)","Unfall 68827 (2022) Kat:3, Licht: 0","68827","3","3","6","08","19","7","","0","0","1","1","0"
"POINT (8.691065036000049 50.101718302000101)","Unfall 68831 (2022) Kat:3, Licht: 0","68831","3","2","3","07","11","6","","0","0","1","0","0"
"POINT (8.717863456000030 50.104965992000103)","Unfall 68860 (2022) Kat:3, Licht: 2","68860","3","1","0","11","00","3","","2","0","0","0","0"
"POINT (8.557188090000070 50.115569589000103)","Unfall 68873 (2022) Kat:2, Licht: 0","68873","2","4","6","10","13","3","","0","0","0","1","0"
"POINT (8.707005666000040 50.112782399000103)","Unfall 68885 (2022) Kat:3, Licht: 1","68885","3","6","3","09","19","6","","1","0","1","0","0"
"POINT (8.602095445000030 50.110059210000003)","Unfall 68891 (2022) Kat:3, Licht: 0","68891","3","6","2","09","14","6","","0","0","1","0","0"
"POINT (8.670489472000041 50.148897611999999)","Unfall 68904 (2022) Kat:2, Licht: 1","68904","2","6","2","10","08","5","","1","0","1","0","1"
"POINT (8.657184607000030 50.100648315999997)","Unfall 68918 (2022) Kat:3, Licht: 0","68918","3","3","5","08","16","5","","0","1","1","0","0"
"POINT (8.659358880000070 50.169147436000102)","Unfall 68921 (2022) Kat:3, Licht: 0","68921","3","6","2","09","16","2","","0","0","1","0","0"
"POINT (8.719474634000051 50.123091273000099)","Unfall 68922 (2022) Kat:3, Licht: 0","68922","3","2","5","07","16","4","","0","1","1","0","0"
"POINT (8.522027903000041 50.111133758000101)","Unfall 68923 (2022) Kat:3, Licht: 0","68923","3","6","3","07","19","6","","0","0","1","0","0"
"POINT (8.611464502000050 50.171998415000097)","Unfall 68924 (2022) Kat:3, Licht: 0","68924","3","6","2","12","16","5","","0","0","1","0","0"
"POINT (8.658728537000060 50.108697002000000)","Unfall 68951 (2022) Kat:3, Licht: 0","68951","3","6","2","10","18","4","","0","1","1","0","0"
"POINT (8.656222251000029 50.111298637000097)","Unfall 68976 (2022) Kat:3, Licht: 0","68976","3","6","2","10","16","6","","0","0","1","0","0"
"POINT (8.666456246000051 50.147945812000003)","Unfall 68978 (2022) Kat:3, Licht: 2","68978","3","2","5","09","19","4","","2","0","1","0","1"
"POINT (8.528700364000031 50.107755220000101)","Unfall 68981 (2022) Kat:3, Licht: 1","68981","3","1","0","12","16","7","","1","0","0","0","1"
"POINT (8.749832144000040 50.121551826000001)","Unfall 68991 (2022) Kat:3, Licht: 0","68991","3","2","4","10","17","4","","0","1","0","0","0"
"POINT (8.669956524000041 50.140120796000097)","Unfall 68992 (2022) Kat:2, Licht: 0","68992","2","3","5","08","17","7","","0","0","1","0","0"
"POINT (8.666163790000040 50.087061633000097)","Unfall 69018 (2022) Kat:3, Licht: 0","69018","3","2","4","09","16","1","","0","1","1","0","0"
"POINT (8.642766893000040 50.056968346000097)","Unfall 69022 (2022) Kat:3, Licht: 2","69022","3","6","2","11","07","3","","2","0","1","0","0"
"POINT (8.549052306000020 50.121145092000098)","Unfall 69026 (2022) Kat:3, Licht: 1","69026","3","6","2","11","16","3","","1","0","1","0","0"
"POINT (8.502130659000040 50.092232841000097)","Unfall 69027 (2022) Kat:2, Licht: 0","69027","2","3","5","10","07","6","","0","0","1","0","0"
"POINT (8.693667056000040 50.109134534000098)","Unfall 69034 (2022) Kat:2, Licht: 0","69034","2","6","3","09","14","7","","0","0","1","0","1"
"POINT (8.486393652000061 50.084112728999997)","Unfall 69039 (2022) Kat:3, Licht: 2","69039","3","6","2","11","19","3","","2","0","1","0","0"
"POINT (8.597701549000019 50.147443439000000)","Unfall 69044 (2022) Kat:3, Licht: 2","69044","3","6","2","11","18","4","","2","0","1","0","0"
"POINT (8.733400044000060 50.114778135999998)","Unfall 69063 (2022) Kat:3, Licht: 0","69063","3","6","2","08","17","2","","0","0","1","0","0"
"POINT (8.669400244000030 50.141128040000098)","Unfall 69065 (2022) Kat:3, Licht: 0","69065","3","6","2","07","15","1","","0","1","1","0","0"
"POINT (8.617948772000030 50.132736276000102)","Unfall 69067 (2022) Kat:3, Licht: 0","69067","3","3","5","11","09","2","","0","1","1","0","0"
"POINT (8.622723038000061 50.151205634000100)","Unfall 69070 (2022) Kat:3, Licht: 2","69070","3","3","3","10","01","7","","2","1","0","0","0"
"POINT (8.748757916000050 50.146152295000000)","Unfall 69074 (2022) Kat:3, Licht: 0","69074","3","2","6","10","09","3","","0","0","1","1","0"
"POINT (8.695157141000040 50.106628597000103)","Unfall 69077 (2022) Kat:3, Licht: 2","69077","3","6","3","09","00","7","","2","0","1","0","0"
"POINT (8.549917979000041 50.102832042999999)","Unfall 69081 (2022) Kat:3, Licht: 0","69081","3","6","0","07","12","3","","0","1","1","0","0"
"POINT (8.608059213000050 50.060468162000099)","Unfall 69089 (2022) Kat:3, Licht: 2","69089","3","6","2","08","21","4","","2","0","1","0","0"
"POINT (8.647594078000051 50.119801183000000)","Unfall 69096 (2022) Kat:3, Licht: 0","69096","3","5","1","10","14","3","","0","1","1","0","0"
"POINT (8.731796204000030 50.118517622000098)","Unfall 69100 (2022) Kat:3, Licht: 0","69100","3","2","2","11","14","4","","0","0","1","0","0"
"POINT (8.590248048000030 50.131470436000001)","Unfall 69101 (2022) Kat:3, Licht: 0","69101","3","6","2","09","14","6","","0","0","1","0","0"
"POINT (8.721806386000029 50.114837871000098)","Unfall 69116 (2022) Kat:2, Licht: 1","69116","2","2","5","10","18","5","","1","0","1","0","1"
"POINT (8.700738002000040 50.101471953999997)","Unfall 69120 (2022) Kat:3, Licht: 0","69120","3","6","2","10","08","2","","0","0","1","0","0"
"POINT (8.724130020000080 50.159608814000102)","Unfall 69121 (2022) Kat:3, Licht: 0","69121","3","6","2","11","09","3","","0","0","1","0","0"
"POINT (8.687213802000031 50.112492338000003)","Unfall 69125 (2022) Kat:3, Licht: 0","69125","3","6","3","10","12","3","","0","0","1","0","1"
"POINT (8.722837636000071 50.158826459000103)","Unfall 69168 (2022) Kat:2, Licht: 0","69168","2","6","3","10","16","1","","0","1","1","0","0"
"POINT (8.621132841000080 50.151388549000004)","Unfall 69191 (2022) Kat:3, Licht: 0","69191","3","3","5","08","15","2","","0","0","1","0","0"
"POINT (8.667742966000050 50.100098361999997)","Unfall 69192 (2022) Kat:3, Licht: 2","69192","3","6","2","10","01","1","","2","0","1","0","0"
"POINT (8.724416411000050 50.127024319999997)","Unfall 69193 (2022) Kat:3, Licht: 2","69193","3","3","5","11","22","2","","2","0","1","0","0"
"POINT (8.548071470000020 50.120803480000099)","Unfall 69205 (2022) Kat:3, Licht: 2","69205","3","6","2","12","17","4","","2","0","1","0","0"
"POINT (8.596722193000060 50.100098703000100)","Unfall 69216 (2022) Kat:3, Licht: 2","69216","3","3","5","12","18","6","","2","0","1","0","0"
"POINT (8.710658129000020 50.063120551000097)","Unfall 69221 (2022) Kat:3, Licht: 2","69221","3","1","9","09","04","6","","2","0","1","0","0"
"POINT (8.666317798000019 50.148081610000098)","Unfall 69238 (2022) Kat:3, Licht: 0","69238","3","2","3","11","13","7","","0","0","1","0","0"
"POINT (8.759248850000059 50.113003872000000)","Unfall 69239 (2022) Kat:3, Licht: 0","69239","3","6","3","07","17","5","","0","0","1","0","1"
"POINT (8.645037173000050 50.200773579000000)","Unfall 69241 (2022) Kat:3, Licht: 2","69241","3","6","2","10","06","2","","2","0","1","0","0"
"POINT (8.694448472000030 50.108609604999998)","Unfall 69258 (2022) Kat:3, Licht: 0","69258","3","6","2","10","08","5","","0","0","1","0","0"
"POINT (8.710307860000061 50.149578075000100)","Unfall 69263 (2022) Kat:3, Licht: 2","69263","3","3","5","11","17","4","","2","1","1","0","0"
"POINT (8.595965212000070 50.123704027000002)","Unfall 69281 (2022) Kat:3, Licht: 0","69281","3","3","5","11","08","6","","0","1","1","0","0"
"POINT (8.484702976000049 50.097039303000003)","Unfall 69282 (2022) Kat:3, Licht: 0","69282","3","1","8","10","09","1","","0","0","1","0","0"
"POINT (8.607275880000030 50.058350777999998)","Unfall 69283 (2022) Kat:3, Licht: 0","69283","3","6","2","11","13","3","","0","0","1","0","0"
"POINT (8.551716865000060 50.102944194000003)","Unfall 69293 (2022) Kat:3, Licht: 0","69293","3","1","0","07","17","1","","0","0","0","0","1"
"POINT (8.652871982000020 50.193984340000000)","Unfall 69309 (2022) Kat:3, Licht: 0","69309","3","6","2","08","16","3","","0","0","1","0","0"
"POINT (8.565435802000019 50.051134961999999)","Unfall 69319 (2022) Kat:3, Licht: 2","69319","3","6","1","11","19","4","","2","0","1","0","0"
"POINT (8.691012197000020 50.097651065000001)","Unfall 69320 (2022) Kat:3, Licht: 2","69320","3","5","1","10","23","6","","2","1","1","0","0"
"POINT (8.667983727000030 50.100109050000100)","Unfall 69324 (2022) Kat:3, Licht: 2","69324","3","3","5","10","19","3","","2","1","0","0","0"
"POINT (8.668546463000039 50.142491386000103)","Unfall 69338 (2022) Kat:2, Licht: 0","69338","2","4","6","07","14","5","","0","0","1","1","0"
"POINT (8.541899393000049 50.118429806000101)","Unfall 69355 (2022) Kat:3, Licht: 0","69355","3","6","3","07","16","3","","0","0","1","0","0"
"POINT (8.619213749000039 50.087908839000100)","Unfall 69368 (2022) Kat:2, Licht: 2","69368","2","2","5","10","21","5","","2","0","1","0","0"
"POINT (8.646089776000050 50.162065490000003)","Unfall 69381 (2022) Kat:3, Licht: 0","69381","3","2","5","09","08","2","","0","1","1","0","0"
"POINT (8.529728350000029 50.101382585000103)","Unfall 69383 (2022) Kat:2, Licht: 0","69383","2","7","6","08","16","5","","0","0","1","1","0"
"POINT (8.651371925000030 50.114326413000100)","Unfall 69386 (2022) Kat:2, Licht: 0","69386","2","1","0","07","11","4","","0","0","0","0","1"
"POINT (8.539062511000051 50.101334038000097)","Unfall 69389 (2022) Kat:3, Licht: 0","69389","3","3","4","09","11","3","","0","0","1","0","0"
"POINT (8.587414651000071 50.053906782000098)","Unfall 69390 (2022) Kat:3, Licht: 0","69390","3","6","2","08","16","6","","0","0","1","0","0"
"POINT (8.708309941000040 50.062653996000101)","Unfall 69392 (2022) Kat:3, Licht: 2","69392","3","6","2","11","18","6","","2","0","1","0","0"
"POINT (8.647165994000030 50.140484282000003)","Unfall 69393 (2022) Kat:3, Licht: 0","69393","3","6","2","10","14","6","","0","0","1","0","0"
"POINT (8.586359645000069 50.099928611999999)","Unfall 69398 (2022) Kat:3, Licht: 0","69398","3","3","5","10","16","4","","0","1","1","0","0"
"POINT (8.645608284000049 50.058674156000102)","Unfall 69402 (2022) Kat:3, Licht: 2","69402","3","1","9","12","02","1","","2","0","1","0","0"
"POINT (8.505132521000061 50.097172288000102)","Unfall 69405 (2022) Kat:2, Licht: 0","69405","2","4","6","07","18","6","","0","0","1","1","0"
"POINT (8.649016717000050 50.120042875000102)","Unfall 69412 (2022) Kat:3, Licht: 0","69412","3","5","1","10","14","4","","0","1","1","0","0"
"POINT (8.649888288000060 50.197407691000102)","Unfall 69434 (2022) Kat:2, Licht: 0","69434","2","6","2","07","17","3","","0","0","1","0","0"
"POINT (8.736282805000030 50.120752197999998)","Unfall 69447 (2022) Kat:3, Licht: 0","69447","3","6","2","12","13","6","","0","0","1","0","0"
"POINT (8.552790653000050 50.105865026000103)","Unfall 69448 (2022) Kat:3, Licht: 0","69448","3","2","6","08","13","4","","0","0","1","1","0"
"POINT (8.604562869000061 50.114432384000096)","Unfall 69453 (2022) Kat:3, Licht: 0","69453","3","1","8","11","10","5","","0","0","1","0","0"
"POINT (8.671813780000040 50.134836200000102)","Unfall 69467 (2022) Kat:3, Licht: 2","69467","3","7","1","08","22","1","","2","0","1","0","0"
"POINT (8.545336616000039 50.104702875000001)","Unfall 69475 (2022) Kat:3, Licht: 0","69475","3","3","5","10","17","2","","0","1","1","0","0"
"POINT (8.545921027000080 50.078088074999997)","Unfall 69479 (2022) Kat:3, Licht: 0","69479","3","6","7","08","07","4","","0","0","1","0","0"
"POINT (8.654726499000050 50.112806464000101)","Unfall 69509 (2022) Kat:3, Licht: 0","69509","3","6","2","09","15","6","","0","0","1","0","0"
"POINT (8.633386009000050 50.102018184000002)","Unfall 69510 (2022) Kat:3, Licht: 2","69510","3","7","8","11","18","6","","2","0","1","0","0"
"POINT (8.615251791000050 50.095924285000102)","Unfall 69514 (2022) Kat:3, Licht: 2","69514","3","1","9","10","23","2","","2","0","1","0","0"
"POINT (8.698331025000069 50.139822021000001)","Unfall 69516 (2022) Kat:3, Licht: 0","69516","3","2","3","10","11","5","","0","1","1","0","0"
"POINT (8.623724503000060 50.055642333000002)","Unfall 69565 (2022) Kat:3, Licht: 2","69565","3","6","2","07","21","7","","2","0","1","0","0"
"POINT (8.727299007000060 50.116735673000100)","Unfall 69569 (2022) Kat:3, Licht: 0","69569","3","6","2","09","16","5","","0","0","1","0","0"
"POINT (8.607088438000060 50.096591437000001)","Unfall 69586 (2022) Kat:3, Licht: 0","69586","3","3","5","08","19","1","","0","1","1","0","0"
"POINT (8.520928580000030 50.110917661000002)","Unfall 69620 (2022) Kat:3, Licht: 0","69620","3","6","3","08","16","6","","0","0","1","0","0"
"POINT (8.660752831000019 50.109298743000103)","Unfall 69621 (2022) Kat:2, Licht: 0","69621","2","2","6","09","19","5","","0","0","0","1","0"
"POINT (8.675882987000019 50.149672062000000)","Unfall 69632 (2022) Kat:3, Licht: 2","69632","3","3","5","12","18","1","","2","0","1","0","0"
"POINT (8.607072168000061 50.144673286000099)","Unfall 69635 (2022) Kat:3, Licht: 0","69635","3","7","0","07","15","7","","0","0","1","0","0"
"POINT (8.706633917000030 50.127540714000098)","Unfall 69637 (2022) Kat:3, Licht: 0","69637","3","4","0","09","08","6","","0","0","0","1","1"
"POINT (8.729203816000050 50.070351593000098)","Unfall 69684 (2022) Kat:3, Licht: 0","69684","3","1","8","10","07","2","","0","0","1","0","0"
"POINT (8.676549106000040 50.132147320000101)","Unfall 69686 (2022) Kat:3, Licht: 0","69686","3","2","5","10","12","3","","0","1","1","0","0"
"POINT (8.595135500000030 50.140638664999997)","Unfall 69693 (2022) Kat:3, Licht: 0","69693","3","1","8","09","12","4","","0","0","1","0","0"
"POINT (8.647963939000020 50.055436198999999)","Unfall 69703 (2022) Kat:3, Licht: 0","69703","3","6","2","09","13","6","","0","0","1","0","0"
"POINT (8.696982045000031 50.109396011000101)","Unfall 69705 (2022) Kat:2, Licht: 0","69705","2","4","6","09","17","6","","0","1","0","1","0"
"POINT (8.659570652000070 50.207432248000003)","Unfall 69714 (2022) Kat:3, Licht: 0","69714","3","6","2","11","12","7","","0","0","1","0","0"
"POINT (8.665184278000030 50.184211060999999)","Unfall 69722 (2022) Kat:2, Licht: 2","69722","2","7","1","09","02","5","","2","1","1","0","0"
"POINT (8.655692822000050 50.206999471000103)","Unfall 69731 (2022) Kat:2, Licht: 1","69731","2","6","9","08","04","6","","1","0","1","0","0"
"POINT (8.646217050000081 50.201678241000103)","Unfall 69735 (2022) Kat:3, Licht: 2","69735","3","6","2","12","17","5","","2","0","1","0","0"
"POINT (8.756858794000040 50.141647898000002)","Unfall 69738 (2022) Kat:3, Licht: 0","69738","3","6","2","08","11","1","","0","0","1","0","0"
"POINT (8.670714809000060 50.148946778000003)","Unfall 69756 (2022) Kat:2, Licht: 2","69756","2","6","2","11","20","7","","2","0","1","0","0"
"POINT (8.586593316000060 50.134149186000101)","Unfall 69766 (2022) Kat:3, Licht: 2","69766","3","6","2","11","16","3","","2","0","1","0","0"
"POINT (8.681935505000069 50.111760517000100)","Unfall 69767 (2022) Kat:3, Licht: 2","69767","3","6","3","10","20","7","","2","1","1","0","0"
"POINT (8.519812063000071 50.022636034000101)","Unfall 69768 (2022) Kat:3, Licht: 0","69768","3","1","0","08","19","1","","0","1","0","0","0"
"POINT (8.672238702000071 50.131703205000100)","Unfall 69792 (2022) Kat:3, Licht: 0","69792","3","3","5","07","11","7","","0","0","1","0","0"
"POINT (8.721073655000049 50.114588694000098)","Unfall 69797 (2022) Kat:3, Licht: 2","69797","3","7","3","12","19","6","","2","0","1","0","0"
"POINT (8.551796670000041 50.046946127000098)","Unfall 69807 (2022) Kat:3, Licht: 0","69807","3","3","5","08","14","6","","0","0","0","0","1"
"POINT (8.621458094000049 50.052150812000001)","Unfall 69831 (2022) Kat:3, Licht: 2","69831","3","6","3","12","19","3","","2","0","1","0","0"
"POINT (8.601235980000070 50.052450258000100)","Unfall 69832 (2022) Kat:3, Licht: 0","69832","3","1","9","09","14","2","","0","0","1","0","0"
"POINT (8.593730064000059 50.100090330999997)","Unfall 69851 (2022) Kat:3, Licht: 0","69851","3","2","3","08","09","4","","0","1","1","0","0"
"POINT (8.704424239000049 50.111300864999997)","Unfall 69859 (2022) Kat:3, Licht: 2","69859","3","2","6","11","18","7","","2","0","1","1","0"
"POINT (8.648545275000060 50.062470288999997)","Unfall 69877 (2022) Kat:2, Licht: 2","69877","2","1","8","07","23","1","","2","0","1","0","0"
"POINT (8.710596849000069 50.111280970999999)","Unfall 69895 (2022) Kat:2, Licht: 2","69895","2","2","4","11","20","5","","2","0","1","0","1"
"POINT (8.642660463000031 50.102883712999997)","Unfall 69936 (2022) Kat:2, Licht: 0","69936","2","7","1","12","09","3","","0","0","1","0","0"
"POINT (8.668891148000061 50.142506997000098)","Unfall 69964 (2022) Kat:3, Licht: 0","69964","3","4","6","12","15","2","","0","0","0","1","0"
"POINT (8.751062099000020 50.126794721000103)","Unfall 69965 (2022) Kat:3, Licht: 0","69965","3","6","3","12","10","3","","0","0","1","0","0"
"POINT (8.585536953000030 50.123601297000100)","Unfall 69977 (2022) Kat:3, Licht: 0","69977","3","2","2","12","14","3","","0","0","1","0","0"
"POINT (8.696640971000020 50.135660268999999)","Unfall 70028 (2022) Kat:3, Licht: 2","70028","3","3","5","12","18","2","","2","0","1","0","0"
"POINT (8.727899045000070 50.123002686000099)","Unfall 70106 (2022) Kat:3, Licht: 2","70106","3","6","2","12","18","6","","2","0","1","0","0"
"POINT (8.635164409000030 50.195036442999999)","Unfall 70166 (2022) Kat:3, Licht: 2","70166","3","6","2","12","18","3","","2","0","1","0","0"
"POINT (8.736775629000020 50.100359567000098)","Unfall 70199 (2022) Kat:3, Licht: 0","70199","3","4","6","12","08","4","","0","0","1","1","0"
"POINT (8.541063808000050 50.118305216000103)","Unfall 70217 (2022) Kat:3, Licht: 0","70217","3","6","2","12","14","5","","0","0","1","0","0"
"POINT (8.647006445000050 50.119701346000099)","Unfall 70224 (2022) Kat:3, Licht: 0","70224","3","4","6","12","10","3","","0","0","0","1","0"
"POINT (8.659563006000040 50.101672699000098)","Unfall 70231 (2022) Kat:3, Licht: 0","70231","3","3","5","12","14","7","","0","0","1","0","0"
"POINT (8.603300641000031 50.100357269000000)","Unfall 70272 (2022) Kat:3, Licht: 0","70272","3","2","3","12","11","6","","0","1","1","0","0"
"POINT (8.664949030000059 50.102957386000099)","Unfall 70290 (2022) Kat:3, Licht: 0","70290","3","6","3","12","13","7","","0","1","1","0","0"
"POINT (8.549362598000069 50.121253240999998)","Unfall 70295 (2022) Kat:3, Licht: 1","70295","3","6","2","12","17","5","","1","0","1","0","0"
"POINT (8.630537555000050 50.115796062000101)","Unfall 70333 (2022) Kat:3, Licht: 2","70333","3","3","3","12","17","3","","2","1","1","0","0"
"POINT (8.646223611000041 50.084399118000100)","Unfall 70428 (2022) Kat:3, Licht: 0","70428","3","6","2","12","12","5","","0","0","1","0","0"
"POINT (8.629103945000050 50.116201701000101)","Unfall 70466 (2022) Kat:2, Licht: 0","70466","2","3","5","12","11","2","","0","0","1","0","0"
"POINT (8.524903606000070 50.099439591000099)","Unfall 70470 (2022) Kat:3, Licht: 2","70470","3","6","2","12","23","3","","2","0","1","0","0"
"POINT (8.724017782000031 50.100193327000099)","Unfall 70490 (2022) Kat:3, Licht: 0","70490","3","3","5","12","14","2","","0","1","1","0","0"
"POINT (8.527489083000029 50.097564607999999)","Unfall 70492 (2022) Kat:3, Licht: 2","70492","3","6","1","12","17","3","","2","0","1","0","0"
"POINT (8.529290841000030 50.114003115999999)","Unfall 70523 (2022) Kat:3, Licht: 2","70523","3","3","5","12","18","5","","2","0","1","0","0"
"POINT (8.647393508000050 50.140851808999997)","Unfall 70532 (2022) Kat:3, Licht: 2","70532","3","2","4","12","18","2","","2","1","1","0","0"
"POINT (8.736463072000049 50.131213896000098)","Unfall 70594 (2022) Kat:3, Licht: 0","70594","3","6","2","12","12","4","","0","0","1","0","0"
"POINT (8.662101202000031 50.102880095000003)","Unfall 70642 (2022) Kat:3, Licht: 2","70642","3","6","2","12","20","4","","2","1","1","0","0"
"POINT (8.671551106000040 50.131653155000002)","Unfall 70712 (2022) Kat:3, Licht: 1","70712","3","6","2","12","16","3","","1","0","1","0","0"
"POINT (8.692524765000030 50.107197515000102)","Unfall 70745 (2022) Kat:3, Licht: 2","70745","3","6","0","12","17","6","","2","0","1","0","1"
"POINT (8.690651958000050 50.102675813000097)","Unfall 70770 (2022) Kat:3, Licht: 1","70770","3","6","0","12","16","3","","1","0","1","0","0"
"POINT (8.611309354000070 50.172200921000098)","Unfall 70838 (2022) Kat:2, Licht: 2","70838","2","1","9","12","00","4","","2","0","1","0","0"
"POINT (8.646329193000041 50.138375697000100)","Unfall 70849 (2022) Kat:2, Licht: 1","70849","2","4","6","12","08","5","","1","0","1","1","0"
"POINT (8.683517337000071 50.160827505000000)","Unfall 70866 (2022) Kat:3, Licht: 2","70866","3","6","1","12","18","5","","2","0","1","0","0"
"POINT (8.655666079000071 50.107467122999999)","Unfall 70880 (2022) Kat:3, Licht: 0","70880","3","2","4","12","15","7","","0","0","1","0","0"
"POINT (8.733856964000040 50.113721532000099)","Unfall 70885 (2022) Kat:3, Licht: 0","70885","3","6","3","12","07","4","","0","0","0","0","0"
"POINT (8.648938010000050 50.098119431999997)","Unfall 70887 (2022) Kat:3, Licht: 0","70887","3","2","4","12","07","4","","0","0","1","0","0"
"POINT (8.663083244000060 50.131370264000097)","Unfall 70921 (2022) Kat:3, Licht: 1","70921","3","2","5","12","07","4","","1","0","1","0","0"
"POINT (8.561334657000030 50.052183771000003)","Unfall 70930 (2022) Kat:2, Licht: 2","70930","2","6","2","12","21","7","","2","0","1","0","0"
"POINT (8.669955642000049 50.140122392000102)","Unfall 70980 (2022) Kat:3, Licht: 0","70980","3","7","6","12","13","3","","0","0","1","1","0"
"POINT (8.712060617000080 50.105046582999996)","Unfall 70999 (2022) Kat:3, Licht: 2","70999","3","1","8","12","23","7","","2","1","1","0","0"
"POINT (8.649644457000020 50.140888931000099)","Unfall 71063 (2022) Kat:3, Licht: 2","71063","3","1","9","12","23","4","","2","0","1","0","0"
"POINT (8.565487870000030 50.125994581000000)","Unfall 71141 (2022) Kat:3, Licht: 2","71141","3","2","4","12","16","6","","2","0","1","0","1"
"POINT (8.633340641000069 50.102092394000103)","Unfall 185297 (2022) Kat:3, Licht: 1","185297","3","3","5","02","07","5","","1","1","1","0","0"
"POINT (8.667870511000050 50.107063300999997)","Unfall 185306 (2022) Kat:3, Licht: 2","185306","3","4","6","03","04","7","","2","0","1","1","0"
"POINT (8.581138838000070 50.082758214000101)","Unfall 185316 (2022) Kat:3, Licht: 0","185316","3","5","1","03","10","3","","0","0","1","0","1"
"POINT (8.683865004000040 50.129979521999999)","Unfall 185325 (2022) Kat:3, Licht: 2","185325","3","2","5","01","03","2","","2","1","1","0","0"
"POINT (8.533323544000041 50.109661228000000)","Unfall 185328 (2022) Kat:3, Licht: 0","185328","3","3","5","03","12","4","","0","1","1","0","0"
"POINT (8.661660579000060 50.104911852999997)","Unfall 185334 (2022) Kat:3, Licht: 0","185334","3","2","0","02","14","1","","0","1","1","0","0"
"POINT (8.635941949000030 50.099712775999997)","Unfall 185351 (2022) Kat:2, Licht: 0","185351","2","4","6","02","14","2","","0","0","1","1","0"
"POINT (8.686058827000069 50.142661650000001)","Unfall 185354 (2022) Kat:3, Licht: 0","185354","3","6","6","01","08","3","","0","1","0","1","0"
"POINT (8.665854505000031 50.131394452999999)","Unfall 185356 (2022) Kat:3, Licht: 2","185356","3","3","5","02","20","3","","2","1","1","0","0"
"POINT (8.674097451000019 50.119016621000100)","Unfall 185368 (2022) Kat:3, Licht: 0","185368","3","2","5","03","08","6","","0","1","1","0","0"
"POINT (8.699169116000061 50.124962703000101)","Unfall 185378 (2022) Kat:2, Licht: 0","185378","2","3","5","02","16","1","","0","1","0","0","0"
"POINT (8.666420960000041 50.111744420000001)","Unfall 185380 (2022) Kat:3, Licht: 0","185380","3","2","3","02","08","5","","0","1","0","0","0"
"POINT (8.690427873000029 50.120738936000102)","Unfall 185390 (2022) Kat:3, Licht: 0","185390","3","6","2","02","08","3","","0","0","1","0","0"
"POINT (8.667612422000049 50.114345051000001)","Unfall 185430 (2022) Kat:3, Licht: 1","185430","3","6","4","02","07","3","","1","0","1","0","0"
"POINT (8.643092950000041 50.174369351999999)","Unfall 185431 (2022) Kat:3, Licht: 0","185431","3","1","0","03","08","4","","0","0","0","0","1"
"POINT (8.714511859000030 50.118791313000003)","Unfall 185434 (2022) Kat:3, Licht: 2","185434","3","7","6","01","17","6","","2","0","1","1","0"
"POINT (8.642484381000029 50.104632709000001)","Unfall 185436 (2022) Kat:3, Licht: 0","185436","3","1","7","01","12","2","","0","0","1","1","0"
"POINT (8.666189876000031 50.111764779000097)","Unfall 185440 (2022) Kat:3, Licht: 2","185440","3","4","2","03","20","3","","2","0","1","1","0"
"POINT (8.680880097000060 50.095061065000003)","Unfall 185441 (2022) Kat:3, Licht: 0","185441","3","6","0","03","09","2","","0","1","0","0","0"
"POINT (8.641426893000069 50.128025211000100)","Unfall 185455 (2022) Kat:2, Licht: 0","185455","2","2","3","02","11","5","","0","1","1","0","0"
"POINT (8.617437229000069 50.107612478000100)","Unfall 185456 (2022) Kat:3, Licht: 0","185456","3","3","5","02","15","2","","0","1","1","0","0"
"POINT (8.665084074000051 50.111175222000000)","Unfall 185459 (2022) Kat:3, Licht: 2","185459","3","6","2","03","20","5","","2","0","1","0","0"
"POINT (8.547330317000050 50.107245109000097)","Unfall 185460 (2022) Kat:3, Licht: 0","185460","3","2","6","01","14","4","","0","0","1","1","0"
"POINT (8.725432459000050 50.125026101000103)","Unfall 185471 (2022) Kat:3, Licht: 2","185471","3","6","8","01","05","4","","2","0","1","0","0"