WKT,Name,OBJECTID,UKATEGORIE,UTYP1,UART,UMONAT,USTUNDE,UWOCHENTAG,STRZUSTAND,ULICHTVERH,ISTRAD,ISTPKW,ISTFUSS,ISTKRAD
"POINT (8.630847032000080 50.174240332000103)","Unfall 185472 (2022) Kat:3, Licht: 0","185472","3","3","5","02","13","5","","0","0","1","0","0"
"POINT (8.621315822000041 50.165391663000001)","Unfall 185474 (2022) Kat:3, Licht: 0","185474","3","6","2","03","16","3","","0","0","1","0","0"
"POINT (8.670254143000021 50.115551443000101)","Unfall 185480 (2022) Kat:3, Licht: 0","185480","3","7","0","02","08","2","","0","0","1","0","0"
"POINT (8.682224136000061 50.125921805000097)","Unfall 185487 (2022) Kat:3, Licht: 2","185487","3","7","0","02","04","7","","2","0","0","0","0"
"POINT (8.668709392000039 50.123380288000099)","Unfall 185498 (2022) Kat:3, Licht: 1","185498","3","3","5","01","16","5","","1","1","1","0","0"
"POINT (8.692099712000070 50.114678787999999)","Unfall 185500 (2022) Kat:3, Licht: 0","185500","3","5","1","03","14","1","","0","1","1","0","0"
"POINT (8.665830040000060 50.131544889000097)","Unfall 185508 (2022) Kat:3, Licht: 0","185508","3","6","2","03","12","5","","0","0","1","0","0"
"POINT (8.623102521000019 50.127610263000101)","Unfall 185510 (2022) Kat:3, Licht: 1","185510","3","3","6","02","08","3","","1","0","1","1","0"
"POINT (8.683073989000039 50.127982043000003)","Unfall 185514 (2022) Kat:3, Licht: 0","185514","3","3","5","03","16","2","","0","0","1","0","0"
"POINT (8.613865949000060 50.163393735000099)","Unfall 185516 (2022) Kat:3, Licht: 0","185516","3","7","1","01","16","3","","0","0","1","0","0"
"POINT (8.684206466000029 50.131506419000097)","Unfall 185523 (2022) Kat:3, Licht: 0","185523","3","2","5","03","11","2","","0","1","0","0","0"
"POINT (8.658133302000071 50.092186384000101)","Unfall 185524 (2022) Kat:3, Licht: 0","185524","3","7","6","03","11","6","","0","0","1","0","0"
"POINT (8.770196141000040 50.122270888999999)","Unfall 185527 (2022) Kat:3, Licht: 2","185527","3","5","1","02","19","6","","2","0","1","0","0"
"POINT (8.684486720000050 50.097065823999998)","Unfall 185529 (2022) Kat:3, Licht: 0","185529","3","7","0","03","15","3","","0","1","0","0","0"
"POINT (8.697504546000060 50.152766294999999)","Unfall 185533 (2022) Kat:3, Licht: 1","185533","3","7","1","03","17","5","","1","0","1","0","0"
"POINT (8.704274076000051 50.119906079000003)","Unfall 185537 (2022) Kat:3, Licht: 2","185537","3","6","2","03","01","4","","2","0","1","0","0"
"POINT (8.618476462000050 50.160668912000098)","Unfall 185545 (2022) Kat:3, Licht: 0","185545","3","3","5","03","13","1","","0","1","1","0","0"
"POINT (8.646075797000041 50.125503275000000)","Unfall 185546 (2022) Kat:3, Licht: 2","185546","3","2","5","03","21","7","","2","0","1","0","1"
"POINT (8.643409927000050 50.116068849999998)","Unfall 185547 (2022) Kat:2, Licht: 2","185547","2","3","5","01","19","6","","2","1","1","0","0"
"POINT (8.684675914000019 50.163186873000001)","Unfall 185554 (2022) Kat:3, Licht: 0","185554","3","3","0","01","14","2","","0","1","1","0","0"
"POINT (8.665907332000071 50.119551961000099)","Unfall 185559 (2022) Kat:3, Licht: 0","185559","3","4","6","02","13","3","","0","0","1","1","0"
"POINT (8.645913222000051 50.161925043000103)","Unfall 185569 (2022) Kat:3, Licht: 0","185569","3","6","2","02","14","4","","0","1","1","0","0"
"POINT (8.635933549000070 50.103795087999998)","Unfall 185571 (2022) Kat:2, Licht: 2","185571","2","7","0","03","01","5","","2","0","0","0","0"
"POINT (8.686056729000031 50.112028051000003)","Unfall 185572 (2022) Kat:2, Licht: 2","185572","2","7","0","03","20","3","","2","0","1","0","0"
"POINT (8.646471829000060 50.122362557000002)","Unfall 185580 (2022) Kat:2, Licht: 2","185580","2","2","6","03","22","6","","2","0","1","1","0"
"POINT (8.697661113000040 50.115814500000099)","Unfall 185584 (2022) Kat:3, Licht: 0","185584","3","2","5","02","16","4","","0","1","1","0","0"
"POINT (8.680467673000070 50.102168996000003)","Unfall 185585 (2022) Kat:3, Licht: 0","185585","3","6","2","02","11","3","","0","0","1","0","0"
"POINT (8.534670469000050 50.109410240999999)","Unfall 185594 (2022) Kat:3, Licht: 1","185594","3","4","6","03","17","2","","1","0","1","1","0"
"POINT (8.670146734000070 50.115581417999998)","Unfall 185598 (2022) Kat:2, Licht: 0","185598","2","6","3","02","08","2","","0","1","1","0","0"
"POINT (8.666411755000070 50.137274968000000)","Unfall 185600 (2022) Kat:3, Licht: 0","185600","3","6","2","01","08","2","","0","0","1","0","0"
"POINT (8.734197483000059 50.128931827000002)","Unfall 185607 (2022) Kat:3, Licht: 2","185607","3","3","5","03","00","2","","2","1","1","0","0"
"POINT (8.690414153000059 50.103344481000100)","Unfall 185612 (2022) Kat:3, Licht: 1","185612","3","6","3","01","16","5","","1","1","1","0","0"
"POINT (8.671819272000050 50.087959675999997)","Unfall 185616 (2022) Kat:3, Licht: 0","185616","3","3","5","03","17","6","","0","1","1","0","0"
"POINT (8.695108843000069 50.118043699000097)","Unfall 185619 (2022) Kat:3, Licht: 2","185619","3","7","1","02","01","7","","2","0","1","0","0"
"POINT (8.704574226000030 50.126009418000102)","Unfall 185628 (2022) Kat:3, Licht: 0","185628","3","3","5","02","15","3","","0","0","1","0","0"
"POINT (8.681355008000031 50.149465607000103)","Unfall 185639 (2022) Kat:3, Licht: 0","185639","3","5","1","03","16","3","","0","1","1","0","0"
"POINT (8.692226396000020 50.143800672000097)","Unfall 185640 (2022) Kat:3, Licht: 0","185640","3","6","3","03","11","2","","0","0","1","0","0"
"POINT (8.726951729000060 50.144140360000101)","Unfall 185641 (2022) Kat:2, Licht: 2","185641","2","1","0","03","06","5","","2","1","0","0","0"
"POINT (8.668474851000040 50.131385723000101)","Unfall 185665 (2022) Kat:3, Licht: 0","185665","3","2","3","03","09","6","","0","0","1","0","0"
"POINT (8.692099299000059 50.127425154000001)","Unfall 185668 (2022) Kat:3, Licht: 2","185668","3","2","6","02","20","5","","2","0","1","1","0"
"POINT (8.655786591000041 50.147438020000003)","Unfall 185678 (2022) Kat:3, Licht: 0","185678","3","2","5","02","08","4","","0","1","1","0","0"
"POINT (8.688599975000050 50.114784227000001)","Unfall 185684 (2022) Kat:3, Licht: 1","185684","3","2","6","01","16","6","","1","0","1","1","0"
"POINT (8.548213920000020 50.106833338999998)","Unfall 185702 (2022) Kat:3, Licht: 1","185702","3","2","5","02","07","4","","1","1","1","0","0"
"POINT (8.667140548000020 50.121769376000003)","Unfall 185703 (2022) Kat:3, Licht: 2","185703","3","3","5","02","06","3","","2","1","1","0","0"
"POINT (8.633132860000050 50.118544012000001)","Unfall 185706 (2022) Kat:3, Licht: 0","185706","3","5","1","03","13","5","","0","0","1","0","0"
"POINT (8.586278272000071 50.099925612000000)","Unfall 185717 (2022) Kat:3, Licht: 2","185717","3","3","5","01","23","4","","2","0","1","0","0"
"POINT (8.682534063000050 50.101172636000101)","Unfall 185718 (2022) Kat:3, Licht: 2","185718","3","1","0","03","23","7","","2","1","0","0","0"
"POINT (8.568396173000050 50.121964348000098)","Unfall 185724 (2022) Kat:3, Licht: 1","185724","3","3","5","02","17","2","","1","0","1","0","0"
"POINT (8.667985267000059 50.122245304000003)","Unfall 185738 (2022) Kat:3, Licht: 0","185738","3","3","5","01","11","2","","0","0","1","0","0"
"POINT (8.670795940000060 50.110539795000101)","Unfall 185747 (2022) Kat:3, Licht: 2","185747","3","3","5","01","21","7","","2","0","1","0","0"
"POINT (8.694734546000060 50.124611645000101)","Unfall 185749 (2022) Kat:3, Licht: 0","185749","3","4","6","02","15","5","","0","0","1","1","0"
"POINT (8.638179003000060 50.101376377000101)","Unfall 185750 (2022) Kat:3, Licht: 2","185750","3","1","0","02","18","4","","2","1","0","0","0"
"POINT (8.514787377000060 50.085044229000097)","Unfall 185775 (2022) Kat:3, Licht: 0","185775","3","3","2","01","09","2","","0","0","1","0","0"
"POINT (8.508141431000070 50.089320387000001)","Unfall 185778 (2022) Kat:3, Licht: 0","185778","3","2","6","01","15","5","","0","0","1","1","0"
"POINT (8.687567827000070 50.115917801000101)","Unfall 185781 (2022) Kat:3, Licht: 0","185781","3","6","2","03","10","2","","0","0","1","0","0"
"POINT (8.644490728000051 50.118421753000099)","Unfall 185785 (2022) Kat:3, Licht: 2","185785","3","6","3","01","01","6","","2","0","1","0","0"
"POINT (8.754768168000060 50.145026861000098)","Unfall 185791 (2022) Kat:3, Licht: 0","185791","3","2","6","01","12","5","","0","0","1","1","0"
"POINT (8.634276127000019 50.114090341000100)","Unfall 185799 (2022) Kat:3, Licht: 0","185799","3","1","1","02","14","4","","0","1","1","0","0"
"POINT (8.675804105000051 50.133916509000102)","Unfall 185814 (2022) Kat:3, Licht: 0","185814","3","3","5","01","10","6","","0","1","1","0","0"
"POINT (8.678675783000070 50.115601511000101)","Unfall 185815 (2022) Kat:3, Licht: 0","185815","3","3","5","01","16","7","","0","1","1","0","0"
"POINT (8.671867856000061 50.113365922000099)","Unfall 185816 (2022) Kat:3, Licht: 2","185816","3","7","0","01","20","4","","2","0","1","0","0"
"POINT (8.645865287000049 50.176563153000103)","Unfall 185817 (2022) Kat:3, Licht: 0","185817","3","6","2","02","15","6","","0","0","1","0","1"
"POINT (8.691305966000071 50.100544306000103)","Unfall 185818 (2022) Kat:3, Licht: 0","185818","3","2","5","02","14","6","","0","1","1","0","0"
"POINT (8.768126678000041 50.124679517000096)","Unfall 185821 (2022) Kat:3, Licht: 0","185821","3","4","6","01","12","6","","0","0","1","1","0"
"POINT (8.752881552000080 50.132638835000101)","Unfall 185823 (2022) Kat:3, Licht: 2","185823","3","1","8","02","05","7","","2","0","1","0","0"
"POINT (8.610242439000050 50.125920663000002)","Unfall 185825 (2022) Kat:3, Licht: 1","185825","3","2","6","01","16","1","","1","0","1","1","0"
"POINT (8.748370573000050 50.132312018999997)","Unfall 185826 (2022) Kat:3, Licht: 0","185826","3","3","5","01","14","5","","0","0","1","0","0"
"POINT (8.669258371000071 50.121897021000102)","Unfall 185827 (2022) Kat:3, Licht: 0","185827","3","3","5","03","13","6","","0","1","1","0","0"
"POINT (8.677553092000039 50.090167149000102)","Unfall 185832 (2022) Kat:3, Licht: 2","185832","3","4","6","03","19","4","","2","1","0","1","0"
"POINT (8.613200856000050 50.151672368000000)","Unfall 185833 (2022) Kat:3, Licht: 0","185833","3","7","1","02","15","4","","0","1","1","0","0"
"POINT (8.698912939000021 50.120120075000003)","Unfall 185834 (2022) Kat:3, Licht: 0","185834","3","3","5","03","15","7","","0","1","1","0","0"
"POINT (8.638903432000060 50.100887780000100)","Unfall 185839 (2022) Kat:3, Licht: 2","185839","3","3","5","01","19","1","","2","0","1","0","0"
"POINT (8.676806431000051 50.115353005000003)","Unfall 185843 (2022) Kat:3, Licht: 0","185843","3","2","6","02","16","4","","0","0","1","1","0"
"POINT (8.679939839000040 50.120499516000102)","Unfall 185844 (2022) Kat:2, Licht: 0","185844","2","6","3","02","15","4","","0","1","1","0","0"
"POINT (8.634859668000050 50.158493493000002)","Unfall 185848 (2022) Kat:3, Licht: 0","185848","3","6","3","01","12","7","","0","0","1","0","0"
"POINT (8.700481369000039 50.128892053000101)","Unfall 185850 (2022) Kat:2, Licht: 0","185850","2","1","0","01","14","1","","0","0","0","0","1"
"POINT (8.649439875000040 50.098524590000103)","Unfall 185855 (2022) Kat:3, Licht: 1","185855","3","1","9","03","18","2","","1","0","1","0","0"
"POINT (8.654113780000049 50.119931250999997)","Unfall 185860 (2022) Kat:3, Licht: 1","185860","3","2","5","01","17","5","","1","0","1","0","0"
"POINT (8.667461542000069 50.107224530000103)","Unfall 185869 (2022) Kat:3, Licht: 2","185869","3","1","0","01","20","1","","2","0","0","0","0"
"POINT (8.548944666000070 50.101366513000102)","Unfall 185875 (2022) Kat:3, Licht: 0","185875","3","7","6","03","11","5","","0","0","0","1","0"
"POINT (8.674831380000059 50.110389095000102)","Unfall 185881 (2022) Kat:3, Licht: 0","185881","3","6","2","02","15","4","","0","0","1","0","0"
"POINT (8.688332438000030 50.109563215000001)","Unfall 185884 (2022) Kat:3, Licht: 2","185884","3","6","2","01","18","6","","2","0","1","0","0"
"POINT (8.677543063000030 50.111771617000002)","Unfall 185900 (2022) Kat:3, Licht: 0","185900","3","7","1","03","11","2","","0","0","1","0","0"
"POINT (8.686565482000050 50.101731540999999)","Unfall 185901 (2022) Kat:3, Licht: 0","185901","3","7","6","03","14","7","","0","0","0","1","0"
"POINT (8.668476583000031 50.124168375000103)","Unfall 185908 (2022) Kat:3, Licht: 0","185908","3","4","6","02","12","6","","0","0","1","1","0"
"POINT (8.671995360000039 50.113771598000000)","Unfall 185926 (2022) Kat:3, Licht: 0","185926","3","6","2","02","14","2","","0","0","1","0","0"
"POINT (8.556333982000069 50.116250242000000)","Unfall 185928 (2022) Kat:3, Licht: 0","185928","3","7","6","03","15","4","","0","0","1","1","0"
"POINT (8.649402217000040 50.126841036000002)","Unfall 185940 (2022) Kat:3, Licht: 1","185940","3","6","4","03","07","6","","1","0","0","0","1"
"POINT (8.635975846000060 50.104170549999999)","Unfall 185944 (2022) Kat:3, Licht: 0","185944","3","4","6","02","14","1","","0","0","1","1","0"
"POINT (8.602159362000069 50.093193577000100)","Unfall 185950 (2022) Kat:3, Licht: 0","185950","3","3","5","03","13","5","","0","0","1","0","0"
"POINT (8.642929321000050 50.114346619000102)","Unfall 185956 (2022) Kat:3, Licht: 0","185956","3","3","5","03","17","7","","0","1","1","0","0"
"POINT (8.691424948000080 50.150150007000001)","Unfall 185971 (2022) Kat:3, Licht: 0","185971","3","2","6","01","15","5","","0","0","1","1","0"
"POINT (8.641554091000049 50.101939776000101)","Unfall 185987 (2022) Kat:3, Licht: 0","185987","3","6","3","01","10","7","","0","0","1","0","0"
"POINT (8.673154321000030 50.128200243999999)","Unfall 185996 (2022) Kat:3, Licht: 2","185996","3","6","4","02","19","5","","2","1","0","0","0"
"POINT (8.616111332000060 50.148360120000099)","Unfall 185998 (2022) Kat:3, Licht: 0","185998","3","2","5","02","15","4","","0","1","1","0","0"
"POINT (8.667398195000031 50.143112231000003)","Unfall 185999 (2022) Kat:3, Licht: 0","185999","3","2","5","02","10","3","","0","1","1","0","0"
"POINT (8.530804298000019 50.101672674000000)","Unfall 186010 (2022) Kat:3, Licht: 0","186010","3","6","2","03","16","2","","0","0","1","0","0"
"POINT (8.547304839000050 50.105619742000002)","Unfall 186015 (2022) Kat:3, Licht: 0","186015","3","7","6","01","10","5","","0","0","0","1","0"
"POINT (8.684367371000061 50.119151586999998)","Unfall 186017 (2022) Kat:2, Licht: 2","186017","2","6","3","01","18","5","","2","0","1","0","0"
"POINT (8.572600873000059 50.099071440000003)","Unfall 186024 (2022) Kat:3, Licht: 0","186024","3","3","5","02","15","3","","0","1","1","0","0"
"POINT (8.719406485000039 50.123092759000002)","Unfall 186026 (2022) Kat:3, Licht: 2","186026","3","2","3","02","22","7","","2","0","1","0","0"
"POINT (8.551492116000080 50.108599851000101)","Unfall 186027 (2022) Kat:3, Licht: 0","186027","3","3","5","03","09","3","","0","0","1","0","0"
"POINT (8.608368412000059 50.085179091999997)","Unfall 186035 (2022) Kat:2, Licht: 2","186035","2","1","0","02","19","6","","2","0","1","0","1"
"POINT (8.722249617000051 50.146967098000097)","Unfall 186042 (2022) Kat:3, Licht: 0","186042","3","3","4","03","09","3","","0","0","1","0","0"
"POINT (8.663724774000061 50.097603837000101)","Unfall 186044 (2022) Kat:3, Licht: 2","186044","3","6","3","01","17","1","","2","0","1","0","0"
"POINT (8.644962011000080 50.165180290000102)","Unfall 186045 (2022) Kat:3, Licht: 0","186045","3","4","6","01","16","3","","0","0","0","1","0"
"POINT (8.622422927000059 50.108086401999998)","Unfall 186050 (2022) Kat:2, Licht: 0","186050","2","6","2","02","09","3","","0","0","1","0","0"
"POINT (8.660579636000019 50.112820930000098)","Unfall 186057 (2022) Kat:3, Licht: 2","186057","3","1","0","03","23","3","","2","0","0","0","0"
"POINT (8.668040279000021 50.108428506999999)","Unfall 186058 (2022) Kat:3, Licht: 0","186058","3","7","6","01","14","2","","0","0","1","1","0"
"POINT (8.642434894000081 50.116708166000102)","Unfall 186059 (2022) Kat:3, Licht: 0","186059","3","3","5","02","09","3","","0","0","1","0","1"
"POINT (8.587917860000060 50.083278872999998)","Unfall 186061 (2022) Kat:3, Licht: 0","186061","3","3","5","02","14","1","","0","1","0","0","0"
"POINT (8.766198556000059 50.123178395000103)","Unfall 186063 (2022) Kat:2, Licht: 0","186063","2","4","6","03","14","1","","0","0","1","1","0"
"POINT (8.648611633000030 50.100066862000098)","Unfall 186064 (2022) Kat:2, Licht: 0","186064","2","1","0","03","11","5","","0","1","0","0","0"
"POINT (8.692087888000060 50.127345482000102)","Unfall 186073 (2022) Kat:3, Licht: 2","186073","3","2","6","02","19","5","","2","0","1","1","0"
"POINT (8.683297488000051 50.098943366000100)","Unfall 186074 (2022) Kat:3, Licht: 0","186074","3","1","0","03","11","1","","0","0","0","0","0"
"POINT (8.643779640000050 50.139119950000101)","Unfall 186075 (2022) Kat:3, Licht: 0","186075","3","3","5","02","13","7","","0","0","1","0","0"
"POINT (8.625292252000071 50.105101482000101)","Unfall 186083 (2022) Kat:2, Licht: 2","186083","2","6","0","03","00","7","","2","0","0","0","0"
"POINT (8.628064887000050 50.178926139000097)","Unfall 186090 (2022) Kat:3, Licht: 0","186090","3","3","5","02","14","5","","0","1","1","0","0"
"POINT (8.548522276000030 50.101670229000000)","Unfall 186094 (2022) Kat:3, Licht: 0","186094","3","7","6","03","12","7","","0","0","1","1","0"
"POINT (8.661927635000040 50.193124021000102)","Unfall 186095 (2022) Kat:3, Licht: 0","186095","3","3","5","01","09","4","","0","1","1","0","0"
"POINT (8.612608551000051 50.126530000999999)","Unfall 186097 (2022) Kat:2, Licht: 0","186097","2","4","6","02","16","3","","0","0","1","1","0"
"POINT (8.646014709000040 50.162102676000103)","Unfall 186101 (2022) Kat:3, Licht: 0","186101","3","2","5","02","12","4","","0","0","1","0","0"
"POINT (8.683839005000040 50.126271660999997)","Unfall 186105 (2022) Kat:2, Licht: 2","186105","2","1","1","01","17","7","","2","0","1","0","0"
"POINT (8.614126044000050 50.114215170000101)","Unfall 186108 (2022) Kat:3, Licht: 2","186108","3","3","5","02","19","7","","2","0","1","0","0"
"POINT (8.691920250000070 50.082902982000100)","Unfall 186109 (2022) Kat:3, Licht: 0","186109","3","6","2","03","12","3","","0","0","1","0","0"
"POINT (8.662192782000030 50.110241768000002)","Unfall 186111 (2022) Kat:3, Licht: 0","186111","3","2","3","03","14","1","","0","1","1","0","0"
"POINT (8.718907825000031 50.100677532000098)","Unfall 186118 (2022) Kat:3, Licht: 0","186118","3","3","5","01","14","5","","0","1","1","0","0"
"POINT (8.687721768000070 50.102013848000098)","Unfall 186121 (2022) Kat:3, Licht: 0","186121","3","7","6","03","12","2","","0","0","1","1","0"
"POINT (8.660048435000020 50.150152669000100)","Unfall 186123 (2022) Kat:3, Licht: 2","186123","3","4","6","03","20","5","","2","0","1","1","0"
"POINT (8.637757672000021 50.172059913000098)","Unfall 186125 (2022) Kat:3, Licht: 0","186125","3","2","2","02","09","4","","0","0","1","0","0"
"POINT (8.688636000000029 50.109543394000099)","Unfall 186147 (2022) Kat:3, Licht: 2","186147","3","6","4","01","04","6","","2","0","1","0","0"
"POINT (8.609273002000069 50.086141289000103)","Unfall 186150 (2022) Kat:3, Licht: 0","186150","3","6","4","03","15","4","","0","0","1","0","0"
"POINT (8.691168242000060 50.150909398000103)","Unfall 186157 (2022) Kat:3, Licht: 2","186157","3","7","1","02","18","5","","2","1","1","0","0"
"POINT (8.664118020000050 50.108223152999997)","Unfall 186161 (2022) Kat:3, Licht: 0","186161","3","6","2","03","16","4","","0","0","1","0","0"
"POINT (8.678527715000030 50.114677347000097)","Unfall 186170 (2022) Kat:3, Licht: 1","186170","3","7","6","03","18","7","","1","1","0","1","0"
"POINT (8.650213402000080 50.124841307000104)","Unfall 186177 (2022) Kat:3, Licht: 0","186177","3","7","0","01","14","2","","0","1","0","0","0"
"POINT (8.681221887000049 50.122903880000102)","Unfall 186181 (2022) Kat:3, Licht: 0","186181","3","5","1","02","10","3","","0","1","1","0","0"
"POINT (8.631486673000040 50.122690061000100)","Unfall 186183 (2022) Kat:3, Licht: 0","186183","3","3","5","03","10","3","","0","0","1","0","0"
"POINT (8.692835176000070 50.099496654000099)","Unfall 186184 (2022) Kat:2, Licht: 1","186184","2","1","0","03","18","1","","1","1","0","0","0"
"POINT (8.684247307000019 50.118025990000000)","Unfall 186196 (2022) Kat:3, Licht: 2","186196","3","4","6","02","23","6","","2","0","0","1","0"
"POINT (8.595426371000030 50.096451135000102)","Unfall 186198 (2022) Kat:3, Licht: 0","186198","3","3","5","03","13","3","","0","0","1","0","0"
"POINT (8.615985802000070 50.166200803999999)","Unfall 186199 (2022) Kat:2, Licht: 1","186199","2","2","6","01","07","4","","1","0","1","1","0"
"POINT (8.682932160000060 50.103249845000100)","Unfall 186201 (2022) Kat:3, Licht: 0","186201","3","2","3","01","11","4","","0","1","0","0","0"
"POINT (8.706303771000020 50.125350976999997)","Unfall 186203 (2022) Kat:3, Licht: 0","186203","3","7","1","01","13","5","","0","1","1","0","0"
"POINT (8.566721112000041 50.123912281000102)","Unfall 186215 (2022) Kat:3, Licht: 0","186215","3","7","1","02","09","3","","0","1","0","0","0"
"POINT (8.685823027000030 50.118148310999999)","Unfall 186220 (2022) Kat:3, Licht: 0","186220","3","2","3","01","14","2","","0","1","1","0","0"
"POINT (8.697542226000049 50.128350685999997)","Unfall 186223 (2022) Kat:3, Licht: 0","186223","3","7","6","02","13","3","","0","0","1","1","0"
"POINT (8.671713969000050 50.109491984000002)","Unfall 186225 (2022) Kat:3, Licht: 2","186225","3","6","2","02","03","7","","2","0","1","0","0"
"POINT (8.692115182000069 50.127535609000098)","Unfall 186237 (2022) Kat:3, Licht: 0","186237","3","6","2","03","16","5","","0","0","1","0","0"
"POINT (8.688427284000060 50.117626295999997)","Unfall 186243 (2022) Kat:3, Licht: 2","186243","3","2","5","01","17","2","","2","1","1","0","0"
"POINT (8.717148433000030 50.123584573000102)","Unfall 186245 (2022) Kat:3, Licht: 2","186245","3","2","5","03","06","6","","2","1","1","0","0"
"POINT (8.675783014000050 50.133913726999999)","Unfall 186247 (2022) Kat:3, Licht: 2","186247","3","2","5","02","18","3","","2","1","1","0","0"
"POINT (8.609753063000030 50.086388032000102)","Unfall 186248 (2022) Kat:3, Licht: 0","186248","3","4","6","02","15","3","","0","0","0","1","0"
"POINT (8.694330747000039 50.157299489000103)","Unfall 186249 (2022) Kat:2, Licht: 0","186249","2","4","6","02","15","4","","0","0","1","1","0"
"POINT (8.691856166000040 50.126217962000098)","Unfall 186251 (2022) Kat:3, Licht: 0","186251","3","3","5","02","14","2","","0","1","1","0","0"
"POINT (8.659635736000039 50.108929515000099)","Unfall 186256 (2022) Kat:3, Licht: 0","186256","3","2","6","03","15","3","","0","0","1","1","0"
"POINT (8.660345776000041 50.092712388000102)","Unfall 186257 (2022) Kat:2, Licht: 0","186257","2","4","6","01","08","2","","0","1","0","1","0"
"POINT (8.572964419000069 50.051498696000102)","Unfall 186258 (2022) Kat:3, Licht: 0","186258","3","5","1","01","12","1","","0","0","1","0","0"
"POINT (8.590087041000061 50.116348074000001)","Unfall 186261 (2022) Kat:3, Licht: 0","186261","3","1","8","03","10","4","","0","0","1","0","0"
"POINT (8.624756100000070 50.153972465999999)","Unfall 186265 (2022) Kat:2, Licht: 0","186265","2","7","6","02","14","6","","0","0","1","1","0"
"POINT (8.654849840000050 50.108764576000098)","Unfall 186269 (2022) Kat:3, Licht: 0","186269","3","2","5","03","09","4","","0","0","1","0","0"
"POINT (8.678607476000019 50.104499931000099)","Unfall 186272 (2022) Kat:3, Licht: 0","186272","3","6","3","02","14","2","","0","0","1","0","0"
"POINT (8.661405750000030 50.121047650999998)","Unfall 186284 (2022) Kat:3, Licht: 2","186284","3","2","6","02","18","5","","2","0","1","1","0"
"POINT (8.684631263000030 50.116524988000002)","Unfall 186289 (2022) Kat:3, Licht: 0","186289","3","5","1","02","12","5","","0","1","1","0","0"
"POINT (8.759298300000070 50.130233236000002)","Unfall 186292 (2022) Kat:3, Licht: 0","186292","3","7","5","01","11","5","","0","0","1","0","0"
"POINT (8.631521717000060 50.168859345000001)","Unfall 186293 (2022) Kat:1, Licht: 2","186293","1","4","6","03","01","7","","2","0","1","1","0"
"POINT (8.638216636000040 50.086282375000103)","Unfall 186294 (2022) Kat:2, Licht: 2","186294","2","2","6","01","17","4","","2","0","1","1","0"
"POINT (8.692862300000060 50.128736671000098)","Unfall 186297 (2022) Kat:3, Licht: 2","186297","3","6","2","02","22","4","","2","0","1","0","0"
"POINT (8.549318144000040 50.106584338000097)","Unfall 186301 (2022) Kat:3, Licht: 2","186301","3","1","0","01","21","6","","2","0","1","0","0"
"POINT (8.607063285000040 50.097947142000102)","Unfall 186310 (2022) Kat:3, Licht: 0","186310","3","3","5","03","18","4","","0","1","1","0","0"
"POINT (8.625134762000069 50.105605468000100)","Unfall 186311 (2022) Kat:3, Licht: 2","186311","3","3","5","01","07","3","","2","1","1","0","0"
"POINT (8.614103745000021 50.114216089000102)","Unfall 186313 (2022) Kat:3, Licht: 0","186313","3","3","5","02","16","7","","0","0","1","0","0"
"POINT (8.670880912000030 50.118800201000099)","Unfall 186315 (2022) Kat:3, Licht: 1","186315","3","2","5","01","16","3","","1","1","1","0","0"
"POINT (8.617894162000029 50.104920092999997)","Unfall 186330 (2022) Kat:3, Licht: 0","186330","3","6","3","03","11","2","","0","1","0","0","0"
"POINT (8.663680664000029 50.109037518000001)","Unfall 186334 (2022) Kat:3, Licht: 0","186334","3","5","1","04","19","2","","0","1","1","0","0"
"POINT (8.672503279000070 50.114581727000001)","Unfall 186338 (2022) Kat:3, Licht: 1","186338","3","6","2","03","18","7","","1","0","1","0","1"
"POINT (8.678893551000041 50.140964932000003)","Unfall 186339 (2022) Kat:3, Licht: 0","186339","3","1","0","05","19","2","","0","1","0","0","0"
"POINT (8.724083964000039 50.127105585999999)","Unfall 186340 (2022) Kat:3, Licht: 0","186340","3","3","0","04","15","3","","0","0","1","0","0"
"POINT (8.692110154000030 50.127500732000001)","Unfall 186345 (2022) Kat:3, Licht: 2","186345","3","3","2","04","03","7","","2","0","1","0","0"
"POINT (8.675341660000070 50.116039263000097)","Unfall 186357 (2022) Kat:3, Licht: 0","186357","3","6","3","04","12","3","","0","1","1","0","0"
"POINT (8.696275737000059 50.142777373000101)","Unfall 186359 (2022) Kat:3, Licht: 0","186359","3","2","5","05","18","3","","0","1","1","0","0"
"POINT (8.586803184000081 50.052508226999997)","Unfall 186361 (2022) Kat:3, Licht: 0","186361","3","6","1","04","14","5","","0","0","1","0","0"
"POINT (8.706155267000041 50.125806897000103)","Unfall 186372 (2022) Kat:3, Licht: 0","186372","3","7","1","05","16","4","","0","1","1","0","0"
"POINT (8.662644614000040 50.118171502000102)","Unfall 186382 (2022) Kat:3, Licht: 0","186382","3","3","5","05","11","6","","0","1","1","0","0"
"POINT (8.599232934000041 50.091193544000099)","Unfall 186386 (2022) Kat:3, Licht: 0","186386","3","3","5","04","07","2","","0","0","1","0","0"