WKT,Name,OBJECTID,UKATEGORIE,UTYP1,UART,UMONAT,USTUNDE,UWOCHENTAG,STRZUSTAND,ULICHTVERH,ISTRAD,ISTPKW,ISTFUSS,ISTKRAD
"POINT (8.681987486000031 50.153696852000103)","Unfall 186400 (2022) Kat:3, Licht: 0","186400","3","3","5","05","15","5","","0","0","1","0","0"
"POINT (8.548271932000031 50.104705244000101)","Unfall 186404 (2022) Kat:2, Licht: 0","186404","2","2","5","05","19","7","","0","0","1","0","0"
"POINT (8.655831429000051 50.164125560999999)","Unfall 186407 (2022) Kat:2, Licht: 0","186407","2","2","5","03","13","2","","0","1","0","0","0"
"POINT (8.636022660000039 50.170680081000100)","Unfall 186408 (2022) Kat:3, Licht: 0","186408","3","7","2","04","16","1","","0","0","1","0","0"
"POINT (8.534625395000029 50.109391592000101)","Unfall 186423 (2022) Kat:3, Licht: 0","186423","3","6","2","05","16","6","","0","0","1","0","0"
"POINT (8.610989150000020 50.092352963000103)","Unfall 186426 (2022) Kat:3, Licht: 0","186426","3","3","5","04","19","3","","0","1","1","0","0"
"POINT (8.699476796000059 50.122074117000103)","Unfall 186444 (2022) Kat:3, Licht: 0","186444","3","2","2","05","12","4","","0","1","0","0","0"
"POINT (8.623377348000080 50.174771751000002)","Unfall 186445 (2022) Kat:3, Licht: 0","186445","3","2","5","05","13","7","","0","1","1","0","0"
"POINT (8.679180329000079 50.138973716000102)","Unfall 186449 (2022) Kat:2, Licht: 0","186449","2","7","0","03","16","4","","0","1","0","0","0"
"POINT (8.675860094000029 50.107548690000002)","Unfall 186451 (2022) Kat:3, Licht: 0","186451","3","2","0","04","18","6","","0","1","0","0","0"
"POINT (8.688144921000060 50.112540371000101)","Unfall 186454 (2022) Kat:3, Licht: 0","186454","3","2","5","03","08","1","","0","0","1","0","0"
"POINT (8.669325282000051 50.112216063000098)","Unfall 186463 (2022) Kat:3, Licht: 0","186463","3","2","2","04","09","6","","0","0","1","0","1"
"POINT (8.671442609000049 50.087718514000102)","Unfall 186464 (2022) Kat:3, Licht: 0","186464","3","3","5","04","13","4","","0","0","1","0","0"
"POINT (8.692643847000060 50.118877206999997)","Unfall 186476 (2022) Kat:3, Licht: 0","186476","3","6","4","03","11","6","","0","1","0","0","0"
"POINT (8.575058772000030 50.104511522999999)","Unfall 186477 (2022) Kat:3, Licht: 0","186477","3","1","2","05","15","2","","0","0","1","0","1"
"POINT (8.598042879000049 50.133634166000000)","Unfall 186480 (2022) Kat:3, Licht: 0","186480","3","6","2","05","08","4","","0","0","1","0","0"
"POINT (8.667300424000080 50.109107424000101)","Unfall 186482 (2022) Kat:2, Licht: 2","186482","2","4","6","05","23","2","","2","0","1","1","0"
"POINT (8.686060514000079 50.114695840000103)","Unfall 186488 (2022) Kat:3, Licht: 0","186488","3","6","4","04","16","1","","0","1","0","0","0"
"POINT (8.683486391000031 50.092639957000102)","Unfall 186490 (2022) Kat:3, Licht: 0","186490","3","3","5","05","20","7","","0","1","1","0","0"
"POINT (8.708598169000030 50.111348392000103)","Unfall 186505 (2022) Kat:2, Licht: 2","186505","2","1","0","05","00","6","","2","0","0","0","0"
"POINT (8.627568399000040 50.111324181000001)","Unfall 186506 (2022) Kat:3, Licht: 0","186506","3","2","0","05","13","1","","0","0","1","0","0"
"POINT (8.617767958000060 50.084128899000099)","Unfall 186509 (2022) Kat:3, Licht: 0","186509","3","3","5","04","13","1","","0","0","1","0","0"
"POINT (8.658742228000049 50.095750541000001)","Unfall 186510 (2022) Kat:3, Licht: 0","186510","3","6","2","05","14","5","","0","0","1","0","1"
"POINT (8.717162153000061 50.141758398000000)","Unfall 186512 (2022) Kat:3, Licht: 2","186512","3","7","0","04","00","7","","2","1","0","0","0"
"POINT (8.675853837000030 50.116161030000100)","Unfall 186515 (2022) Kat:2, Licht: 0","186515","2","6","3","05","11","4","","0","0","1","0","1"
"POINT (8.697300015000049 50.128374478000097)","Unfall 186518 (2022) Kat:3, Licht: 0","186518","3","6","2","04","09","3","","0","0","1","0","1"
"POINT (8.679906884000051 50.120352480000101)","Unfall 186529 (2022) Kat:3, Licht: 0","186529","3","1","0","04","15","7","","0","1","1","0","0"
"POINT (8.687801449000061 50.114087474000002)","Unfall 186544 (2022) Kat:3, Licht: 0","186544","3","4","6","05","20","7","","0","0","0","1","0"
"POINT (8.689130911000060 50.099695461000103)","Unfall 186552 (2022) Kat:3, Licht: 0","186552","3","6","2","05","14","6","","0","0","1","0","0"
"POINT (8.745107659000039 50.148033292000001)","Unfall 186558 (2022) Kat:3, Licht: 0","186558","3","3","5","05","14","6","","0","1","1","0","0"
"POINT (8.666673604000040 50.112020610000101)","Unfall 186561 (2022) Kat:2, Licht: 0","186561","2","1","3","04","10","3","","0","0","1","0","0"
"POINT (8.627980489000040 50.096222780000097)","Unfall 186562 (2022) Kat:3, Licht: 0","186562","3","2","4","04","18","2","","0","1","1","0","0"
"POINT (8.643235135000049 50.170021020000000)","Unfall 186565 (2022) Kat:3, Licht: 0","186565","3","1","4","04","14","6","","0","0","1","0","1"
"POINT (8.668166327000050 50.100022647999999)","Unfall 186569 (2022) Kat:3, Licht: 0","186569","3","2","5","05","19","5","","0","1","1","0","0"
"POINT (8.689766730000031 50.104861305000000)","Unfall 186572 (2022) Kat:3, Licht: 0","186572","3","2","6","04","09","2","","0","0","1","1","0"
"POINT (8.665143372000051 50.110661077000003)","Unfall 186578 (2022) Kat:3, Licht: 0","186578","3","6","3","04","17","4","","0","1","1","0","0"
"POINT (8.640921094000021 50.101688593000098)","Unfall 186580 (2022) Kat:3, Licht: 2","186580","3","7","8","03","02","7","","2","0","1","0","0"
"POINT (8.687796960000069 50.109549726000097)","Unfall 186595 (2022) Kat:3, Licht: 2","186595","3","2","2","05","21","3","","2","0","0","0","0"
"POINT (8.687294828000059 50.181951339000101)","Unfall 186596 (2022) Kat:3, Licht: 0","186596","3","1","6","03","16","3","","0","0","0","1","0"
"POINT (8.668637806000049 50.113228479999997)","Unfall 186597 (2022) Kat:3, Licht: 0","186597","3","6","2","04","09","3","","0","0","1","0","0"
"POINT (8.511097637000031 50.088346657999999)","Unfall 186603 (2022) Kat:3, Licht: 0","186603","3","3","5","03","19","1","","0","1","1","0","0"
"POINT (8.671028371000030 50.115462050000097)","Unfall 186622 (2022) Kat:3, Licht: 2","186622","3","3","5","04","20","2","","2","1","1","0","0"
"POINT (8.626954503000039 50.180319838999999)","Unfall 186626 (2022) Kat:2, Licht: 0","186626","2","7","0","04","14","6","","0","1","1","0","0"
"POINT (8.537586939000050 50.110616427000103)","Unfall 186633 (2022) Kat:3, Licht: 0","186633","3","7","0","04","16","2","","0","0","1","1","0"
"POINT (8.675798778000059 50.107532673999998)","Unfall 186643 (2022) Kat:3, Licht: 0","186643","3","1","0","04","15","7","","0","1","0","0","0"
"POINT (8.697914331000050 50.171859282000099)","Unfall 186651 (2022) Kat:2, Licht: 2","186651","2","4","6","03","19","7","","2","0","0","1","1"
"POINT (8.673475169000030 50.097282327000102)","Unfall 186653 (2022) Kat:3, Licht: 0","186653","3","6","0","05","14","5","","0","1","0","0","0"
"POINT (8.644884234000070 50.126214807000103)","Unfall 186654 (2022) Kat:3, Licht: 0","186654","3","3","5","03","15","6","","0","1","1","0","1"
"POINT (8.702822660000040 50.125224988000099)","Unfall 186656 (2022) Kat:3, Licht: 0","186656","3","3","5","04","13","2","","0","0","1","0","0"
"POINT (8.719445851000049 50.123091901000102)","Unfall 186657 (2022) Kat:2, Licht: 0","186657","2","2","6","04","15","7","","0","0","0","1","0"
"POINT (8.664084169000031 50.136231039000101)","Unfall 186663 (2022) Kat:3, Licht: 0","186663","3","4","6","04","08","2","","0","0","1","1","0"
"POINT (8.636523162000060 50.088862980000002)","Unfall 186666 (2022) Kat:3, Licht: 0","186666","3","7","0","04","11","6","","0","0","1","0","0"
"POINT (8.622264517000080 50.107844386000103)","Unfall 186672 (2022) Kat:3, Licht: 0","186672","3","3","5","05","13","4","","0","1","1","0","0"
"POINT (8.608001477000069 50.137811352000000)","Unfall 186690 (2022) Kat:3, Licht: 0","186690","3","1","0","03","16","6","","0","1","0","0","0"
"POINT (8.626163490000071 50.104879980000099)","Unfall 186698 (2022) Kat:3, Licht: 0","186698","3","4","0","04","18","4","","0","0","0","1","0"
"POINT (8.526420228000060 50.110109570000098)","Unfall 186704 (2022) Kat:3, Licht: 0","186704","3","3","5","05","12","1","","0","0","1","0","0"
"POINT (8.533046602000070 50.108046901000101)","Unfall 186711 (2022) Kat:3, Licht: 0","186711","3","6","4","04","17","3","","0","0","1","0","0"
"POINT (8.684241039000030 50.100436944000101)","Unfall 186712 (2022) Kat:3, Licht: 0","186712","3","1","9","04","13","5","","0","1","1","0","0"
"POINT (8.648437885000019 50.114868717000000)","Unfall 186714 (2022) Kat:3, Licht: 0","186714","3","3","5","04","14","7","","0","0","1","0","0"
"POINT (8.611771106000051 50.125681464000102)","Unfall 186719 (2022) Kat:3, Licht: 0","186719","3","5","1","05","11","7","","0","1","1","0","0"
"POINT (8.638077279000070 50.125462278999997)","Unfall 186723 (2022) Kat:3, Licht: 2","186723","3","1","1","03","19","3","","2","0","1","0","0"
"POINT (8.669505108000070 50.115715207999997)","Unfall 186727 (2022) Kat:3, Licht: 2","186727","3","7","3","05","02","6","","2","0","1","0","1"
"POINT (8.537306474000051 50.110500453000000)","Unfall 186734 (2022) Kat:3, Licht: 0","186734","3","7","6","04","12","5","","0","1","0","1","0"
"POINT (8.671821559000019 50.109369815000001)","Unfall 186738 (2022) Kat:3, Licht: 0","186738","3","6","0","05","17","5","","0","0","1","0","1"
"POINT (8.639248591000070 50.081474020000002)","Unfall 186743 (2022) Kat:3, Licht: 0","186743","3","7","0","05","13","3","","0","0","0","1","0"
"POINT (8.669369721000070 50.094589366000001)","Unfall 186744 (2022) Kat:3, Licht: 0","186744","3","7","5","05","13","6","","0","1","1","0","0"
"POINT (8.670704192000070 50.121498756999998)","Unfall 186745 (2022) Kat:3, Licht: 2","186745","3","1","0","05","23","2","","2","0","0","0","1"
"POINT (8.682200152000060 50.126899772999998)","Unfall 186746 (2022) Kat:3, Licht: 0","186746","3","3","5","03","12","5","","0","1","1","0","0"
"POINT (8.671551381000031 50.127164151000002)","Unfall 186750 (2022) Kat:2, Licht: 2","186750","2","2","5","03","20","5","","2","0","0","0","0"
"POINT (8.622035801000040 50.127585330000002)","Unfall 186756 (2022) Kat:3, Licht: 1","186756","3","3","6","05","20","3","","1","0","1","1","0"
"POINT (8.711884863000019 50.131589505000100)","Unfall 186757 (2022) Kat:3, Licht: 0","186757","3","6","4","03","08","3","","0","1","0","0","0"
"POINT (8.710730926000050 50.111227591999999)","Unfall 186759 (2022) Kat:3, Licht: 0","186759","3","1","8","05","06","4","","0","0","0","0","0"
"POINT (8.641817406000030 50.102044262000000)","Unfall 186765 (2022) Kat:3, Licht: 0","186765","3","6","3","05","08","1","","0","1","1","0","0"
"POINT (8.697936293000049 50.105200110000098)","Unfall 186777 (2022) Kat:2, Licht: 0","186777","2","4","6","05","19","6","","0","1","0","1","0"
"POINT (8.692074115000031 50.125398582999999)","Unfall 186779 (2022) Kat:3, Licht: 2","186779","3","3","0","05","21","1","","2","1","0","0","0"
"POINT (8.665642867000029 50.107681222000103)","Unfall 186780 (2022) Kat:3, Licht: 0","186780","3","7","6","04","18","3","","0","1","0","1","0"
"POINT (8.696502117000019 50.137301271000098)","Unfall 186798 (2022) Kat:3, Licht: 0","186798","3","7","6","04","11","3","","0","0","1","1","0"
"POINT (8.624287613000041 50.112529189999997)","Unfall 186810 (2022) Kat:2, Licht: 0","186810","2","5","1","04","18","4","","0","1","1","0","0"
"POINT (8.681125254000049 50.112811905000100)","Unfall 186811 (2022) Kat:3, Licht: 0","186811","3","3","5","04","18","3","","0","1","1","0","0"
"POINT (8.659951951000039 50.123136268000103)","Unfall 186825 (2022) Kat:3, Licht: 0","186825","3","4","6","04","16","4","","0","1","0","1","0"
"POINT (8.663045700000049 50.155315713999997)","Unfall 186833 (2022) Kat:2, Licht: 0","186833","2","3","5","03","18","2","","0","1","1","0","0"
"POINT (8.535836154000039 50.102352306999997)","Unfall 186836 (2022) Kat:2, Licht: 0","186836","2","7","0","03","17","3","","0","1","0","0","0"
"POINT (8.670817059000060 50.104907893000103)","Unfall 186838 (2022) Kat:3, Licht: 0","186838","3","6","2","04","12","6","","0","1","1","0","0"
"POINT (8.548409251000070 50.114774673000099)","Unfall 186839 (2022) Kat:3, Licht: 0","186839","3","3","5","04","17","4","","0","0","1","0","0"
"POINT (8.652857614000030 50.072903117000102)","Unfall 186842 (2022) Kat:3, Licht: 0","186842","3","7","7","04","16","5","","0","0","1","0","0"
"POINT (8.663769047000070 50.109466833000099)","Unfall 186843 (2022) Kat:3, Licht: 0","186843","3","6","0","05","11","7","","0","0","1","0","1"
"POINT (8.600102160000059 50.111385316000103)","Unfall 186851 (2022) Kat:3, Licht: 2","186851","3","7","0","03","20","5","","2","0","0","0","1"
"POINT (8.690587094000019 50.116515407000101)","Unfall 186860 (2022) Kat:3, Licht: 0","186860","3","2","3","04","16","4","","0","0","1","0","0"
"POINT (8.624554685000019 50.107524413000100)","Unfall 186861 (2022) Kat:3, Licht: 0","186861","3","2","3","04","10","2","","0","1","1","0","0"
"POINT (8.640705314000060 50.115595892000002)","Unfall 186865 (2022) Kat:3, Licht: 0","186865","3","3","5","04","18","3","","0","1","1","0","0"
"POINT (8.674119938000050 50.109939203000103)","Unfall 186867 (2022) Kat:2, Licht: 0","186867","2","7","0","03","12","6","","0","0","1","1","0"
"POINT (8.617479291000050 50.107803238000002)","Unfall 186870 (2022) Kat:3, Licht: 0","186870","3","3","5","04","13","1","","0","1","1","0","0"
"POINT (8.690815994000049 50.121429056000103)","Unfall 186876 (2022) Kat:3, Licht: 0","186876","3","6","3","04","15","2","","0","1","1","0","0"
"POINT (8.668698043000060 50.138220425000000)","Unfall 186877 (2022) Kat:3, Licht: 0","186877","3","2","5","05","16","3","","0","1","1","0","0"
"POINT (8.752744060000049 50.132627595000002)","Unfall 186878 (2022) Kat:3, Licht: 2","186878","3","7","0","03","23","5","","2","0","0","0","0"
"POINT (8.670195847000061 50.145690496000000)","Unfall 186879 (2022) Kat:3, Licht: 0","186879","3","7","1","04","15","7","","0","0","1","0","0"
"POINT (8.770238747000059 50.116862347999998)","Unfall 186880 (2022) Kat:3, Licht: 0","186880","3","3","0","04","13","7","","0","0","1","0","1"
"POINT (8.669840031000041 50.124261036000100)","Unfall 186884 (2022) Kat:3, Licht: 0","186884","3","2","3","05","10","7","","0","0","1","0","0"
"POINT (8.674101329000051 50.139743795000101)","Unfall 186886 (2022) Kat:3, Licht: 0","186886","3","3","5","04","16","2","","0","1","0","0","0"
"POINT (8.651685629000040 50.160209330000001)","Unfall 186892 (2022) Kat:3, Licht: 0","186892","3","7","0","05","15","6","","0","1","0","0","0"
"POINT (8.594661190000069 50.055042508000000)","Unfall 186900 (2022) Kat:3, Licht: 0","186900","3","5","0","04","08","6","","0","0","1","0","0"
"POINT (8.698060265000040 50.111293066000002)","Unfall 186902 (2022) Kat:3, Licht: 0","186902","3","5","1","04","11","3","","0","1","1","0","0"
"POINT (8.691759374000069 50.124502700000100)","Unfall 186904 (2022) Kat:3, Licht: 0","186904","3","7","0","03","17","6","","0","1","0","0","0"
"POINT (8.713602645000041 50.127350247999999)","Unfall 186905 (2022) Kat:3, Licht: 2","186905","3","7","1","04","23","7","","2","0","1","0","0"
"POINT (8.691438438000031 50.120683319000101)","Unfall 186906 (2022) Kat:3, Licht: 0","186906","3","3","5","03","19","1","","0","0","1","0","0"
"POINT (8.688376414000061 50.117690445000100)","Unfall 186910 (2022) Kat:3, Licht: 0","186910","3","7","5","04","14","2","","0","0","1","0","0"
"POINT (8.676280375000029 50.116262435000102)","Unfall 186916 (2022) Kat:3, Licht: 0","186916","3","2","3","05","14","5","","0","0","1","0","1"
"POINT (8.683210242000030 50.116453158000098)","Unfall 186917 (2022) Kat:2, Licht: 0","186917","2","2","5","03","14","6","","0","1","1","0","0"
"POINT (8.601802532000020 50.095209580000102)","Unfall 186918 (2022) Kat:3, Licht: 0","186918","3","3","5","05","07","2","","0","1","1","0","0"
"POINT (8.695511982000030 50.120205998000102)","Unfall 186919 (2022) Kat:3, Licht: 0","186919","3","3","5","04","14","2","","0","1","1","0","0"
"POINT (8.679913596000061 50.116813073000102)","Unfall 186925 (2022) Kat:2, Licht: 2","186925","2","6","2","04","04","3","","2","1","0","0","0"
"POINT (8.676086266000031 50.133248926000100)","Unfall 186933 (2022) Kat:3, Licht: 0","186933","3","7","1","05","09","4","","0","1","1","0","0"
"POINT (8.686389599000050 50.115390853000100)","Unfall 186934 (2022) Kat:3, Licht: 0","186934","3","7","5","05","13","7","","0","0","0","0","1"
"POINT (8.709464943000061 50.124194213000102)","Unfall 186949 (2022) Kat:3, Licht: 0","186949","3","3","5","05","17","6","","0","1","1","0","0"
"POINT (8.546583939000071 50.105286348000000)","Unfall 186969 (2022) Kat:3, Licht: 0","186969","3","7","0","05","15","7","","0","0","1","0","1"
"POINT (8.689375569000051 50.109533249999998)","Unfall 186971 (2022) Kat:3, Licht: 0","186971","3","2","4","04","08","3","","0","1","1","0","0"
"POINT (8.636242308000019 50.152643124000100)","Unfall 186983 (2022) Kat:3, Licht: 0","186983","3","1","2","04","17","4","","0","0","1","0","1"
"POINT (8.671188297000070 50.109091329000101)","Unfall 186985 (2022) Kat:3, Licht: 2","186985","3","6","4","05","01","7","","2","0","1","0","0"
"POINT (8.622403578000050 50.156623600000003)","Unfall 186992 (2022) Kat:3, Licht: 0","186992","3","2","2","05","08","6","","0","0","1","0","0"
"POINT (8.698296727000070 50.138980262000103)","Unfall 187004 (2022) Kat:3, Licht: 0","187004","3","6","2","03","13","6","","0","0","1","0","1"
"POINT (8.705863372000071 50.125140149000103)","Unfall 187009 (2022) Kat:3, Licht: 0","187009","3","4","6","05","19","4","","0","1","0","1","0"
"POINT (8.576303381000059 50.125798680999999)","Unfall 187021 (2022) Kat:3, Licht: 0","187021","3","5","1","03","12","7","","0","1","1","0","0"
"POINT (8.694115337000030 50.120720546000001)","Unfall 187028 (2022) Kat:3, Licht: 0","187028","3","6","4","03","10","2","","0","1","1","0","0"
"POINT (8.685825531000029 50.118145523000102)","Unfall 187029 (2022) Kat:3, Licht: 0","187029","3","6","3","04","19","3","","0","0","1","0","0"
"POINT (8.763287656000051 50.143005473000102)","Unfall 187032 (2022) Kat:3, Licht: 2","187032","3","7","1","05","22","1","","2","1","1","0","0"
"POINT (8.610149217000069 50.092374220000103)","Unfall 187039 (2022) Kat:3, Licht: 0","187039","3","3","5","04","16","3","","0","1","1","0","0"
"POINT (8.683431071000030 50.114615503000003)","Unfall 187042 (2022) Kat:3, Licht: 0","187042","3","7","6","03","15","1","","0","1","0","1","0"
"POINT (8.638285765000029 50.086276197000103)","Unfall 187049 (2022) Kat:3, Licht: 0","187049","3","3","5","05","19","6","","0","0","1","0","0"
"POINT (8.610023334000060 50.090740976000099)","Unfall 187056 (2022) Kat:3, Licht: 2","187056","3","7","1","04","01","6","","2","0","1","0","0"
"POINT (8.685800444000050 50.118173457000097)","Unfall 187059 (2022) Kat:3, Licht: 0","187059","3","2","3","05","13","5","","0","1","1","0","0"
"POINT (8.671745581000041 50.093551754000003)","Unfall 187066 (2022) Kat:3, Licht: 0","187066","3","7","1","04","07","6","","0","0","0","0","0"
"POINT (8.661758398000069 50.095919315000103)","Unfall 187067 (2022) Kat:3, Licht: 0","187067","3","7","6","04","12","4","","0","0","1","1","0"
"POINT (8.667749705000061 50.103156725000098)","Unfall 187068 (2022) Kat:3, Licht: 0","187068","3","7","1","05","08","6","","0","0","0","0","0"
"POINT (8.626494613000030 50.129382079999999)","Unfall 187076 (2022) Kat:3, Licht: 0","187076","3","2","2","05","07","6","","0","0","1","0","0"
"POINT (8.676662431000070 50.106588721000001)","Unfall 187079 (2022) Kat:3, Licht: 0","187079","3","6","2","04","11","3","","0","0","1","0","0"
"POINT (8.621062516000050 50.111087095000101)","Unfall 187087 (2022) Kat:3, Licht: 0","187087","3","7","6","05","10","1","","0","1","0","1","0"
"POINT (8.691272109000071 50.122308093000100)","Unfall 187088 (2022) Kat:3, Licht: 0","187088","3","5","0","03","16","4","","0","1","0","0","0"
"POINT (8.643805828000040 50.106550482000003)","Unfall 187089 (2022) Kat:3, Licht: 0","187089","3","2","2","04","15","4","","0","1","1","0","0"
"POINT (8.753303625000060 50.132673340000103)","Unfall 187092 (2022) Kat:2, Licht: 0","187092","2","4","6","03","13","6","","0","0","1","1","0"
"POINT (8.660350302000040 50.193506458000101)","Unfall 187093 (2022) Kat:3, Licht: 0","187093","3","7","4","04","14","7","","0","0","1","0","0"
"POINT (8.645629053000050 50.160445234000100)","Unfall 187095 (2022) Kat:3, Licht: 0","187095","3","7","6","04","08","5","","0","1","0","1","0"
"POINT (8.628613207000059 50.155117684000103)","Unfall 187098 (2022) Kat:3, Licht: 0","187098","3","7","0","05","09","7","","0","1","0","0","0"
"POINT (8.679506363000030 50.115184943000003)","Unfall 187104 (2022) Kat:3, Licht: 2","187104","3","1","0","03","02","5","","2","0","0","0","0"
"POINT (8.626717597000040 50.151736628000002)","Unfall 187106 (2022) Kat:3, Licht: 0","187106","3","3","5","04","11","2","","0","1","1","0","0"
"POINT (8.652390576000069 50.196509130000003)","Unfall 187109 (2022) Kat:3, Licht: 0","187109","3","3","5","04","17","5","","0","0","1","0","0"
"POINT (8.677194376000051 50.117927174000002)","Unfall 187116 (2022) Kat:3, Licht: 0","187116","3","1","9","05","18","4","","0","0","1","0","0"
"POINT (8.605735471000060 50.112659127000001)","Unfall 187118 (2022) Kat:3, Licht: 0","187118","3","6","2","04","08","6","","0","0","1","0","0"
"POINT (8.670608506000059 50.108021178000101)","Unfall 187119 (2022) Kat:3, Licht: 2","187119","3","7","6","04","00","6","","2","1","0","1","0"
"POINT (8.690590713000059 50.151206076999998)","Unfall 187121 (2022) Kat:3, Licht: 0","187121","3","3","5","05","07","6","","0","1","1","0","0"
"POINT (8.687968783000031 50.114097471000001)","Unfall 187125 (2022) Kat:3, Licht: 0","187125","3","4","6","04","13","4","","0","1","0","1","0"
"POINT (8.696157543000030 50.117327027000002)","Unfall 187130 (2022) Kat:3, Licht: 0","187130","3","3","5","04","13","7","","0","1","1","0","0"
"POINT (8.612218035000071 50.144903237999998)","Unfall 187136 (2022) Kat:3, Licht: 0","187136","3","4","6","05","18","2","","0","1","0","1","0"
"POINT (8.702677030000070 50.114524866000103)","Unfall 187143 (2022) Kat:3, Licht: 0","187143","3","2","5","04","08","3","","0","1","1","0","0"
"POINT (8.681336695000031 50.094628446999998)","Unfall 187145 (2022) Kat:3, Licht: 0","187145","3","3","5","05","09","3","","0","1","1","0","0"
"POINT (8.679632184000070 50.097165910000101)","Unfall 187149 (2022) Kat:2, Licht: 0","187149","2","4","6","05","18","1","","0","1","0","1","0"
"POINT (8.672822419000060 50.125286486000000)","Unfall 187150 (2022) Kat:3, Licht: 0","187150","3","6","2","05","07","4","","0","1","0","0","0"
"POINT (8.677893060000031 50.112559879999999)","Unfall 187152 (2022) Kat:3, Licht: 0","187152","3","7","1","03","16","3","","0","1","1","0","0"
"POINT (8.534747452000030 50.111447454000000)","Unfall 187155 (2022) Kat:3, Licht: 0","187155","3","6","4","05","09","3","","0","1","1","0","1"
"POINT (8.612868521000051 50.147043526000097)","Unfall 187156 (2022) Kat:3, Licht: 2","187156","3","6","4","03","21","3","","2","0","1","0","0"
"POINT (8.647118712000060 50.079449568000001)","Unfall 187162 (2022) Kat:3, Licht: 0","187162","3","7","0","05","14","2","","0","1","0","0","0"
"POINT (8.545778765000019 50.080174491999998)","Unfall 187168 (2022) Kat:3, Licht: 0","187168","3","3","5","04","17","6","","0","1","1","0","0"
"POINT (8.749445232000030 50.154864611000100)","Unfall 187170 (2022) Kat:3, Licht: 1","187170","3","2","2","03","18","4","","1","1","1","0","0"
"POINT (8.679610280000080 50.097400826000097)","Unfall 187173 (2022) Kat:3, Licht: 0","187173","3","2","5","04","20","4","","0","1","1","0","0"
"POINT (8.638072289000039 50.169944231000002)","Unfall 187174 (2022) Kat:3, Licht: 0","187174","3","7","0","05","09","6","","0","1","0","0","0"
"POINT (8.712877996000030 50.134320678000101)","Unfall 187177 (2022) Kat:3, Licht: 0","187177","3","2","5","04","18","3","","0","1","1","0","0"
"POINT (8.699223492000041 50.120384702000102)","Unfall 187178 (2022) Kat:3, Licht: 2","187178","3","2","5","04","00","7","","2","1","0","0","0"
"POINT (8.659097253000031 50.139981116000101)","Unfall 187181 (2022) Kat:3, Licht: 0","187181","3","3","5","04","08","4","","0","1","1","0","0"
"POINT (8.577223135000050 50.102940355000001)","Unfall 187185 (2022) Kat:3, Licht: 0","187185","3","2","6","04","06","3","","0","0","1","0","0"
"POINT (8.632478247000050 50.175282654000100)","Unfall 187193 (2022) Kat:3, Licht: 0","187193","3","7","1","05","07","2","","0","1","1","0","0"
"POINT (8.671853693000060 50.109333327000101)","Unfall 187199 (2022) Kat:3, Licht: 0","187199","3","2","2","03","08","5","","0","0","1","0","0"
"POINT (8.538687667000030 50.102746660999998)","Unfall 187209 (2022) Kat:3, Licht: 1","187209","3","3","5","04","06","3","","1","1","1","0","0"
"POINT (8.675733012000020 50.107571974999999)","Unfall 187212 (2022) Kat:3, Licht: 0","187212","3","2","3","05","11","6","","0","0","1","0","1"
"POINT (8.618766578000081 50.149553921000098)","Unfall 187213 (2022) Kat:3, Licht: 0","187213","3","3","5","03","14","7","","0","1","1","0","0"
"POINT (8.665577353000060 50.106747583000100)","Unfall 187214 (2022) Kat:3, Licht: 0","187214","3","1","0","05","16","1","","0","1","0","0","0"
"POINT (8.670332221000020 50.107893414999999)","Unfall 187215 (2022) Kat:3, Licht: 0","187215","3","2","6","04","15","3","","0","0","1","1","0"
"POINT (8.606631798000020 50.123716033999997)","Unfall 187230 (2022) Kat:3, Licht: 0","187230","3","3","5","03","15","2","","0","1","1","0","0"
"POINT (8.652252692000051 50.094099690000100)","Unfall 187232 (2022) Kat:3, Licht: 0","187232","3","6","2","04","11","7","","0","0","1","0","0"
"POINT (8.677128918000051 50.124435953999999)","Unfall 187237 (2022) Kat:3, Licht: 0","187237","3","3","5","05","18","5","","0","1","1","0","0"
"POINT (8.633605827000050 50.081881635000101)","Unfall 187238 (2022) Kat:3, Licht: 0","187238","3","7","6","03","09","6","","0","0","1","1","0"
"POINT (8.687580293000050 50.159663762000001)","Unfall 187242 (2022) Kat:3, Licht: 0","187242","3","6","2","05","17","4","","0","0","1","0","0"
"POINT (8.769195375000040 50.134116243999998)","Unfall 187249 (2022) Kat:3, Licht: 2","187249","3","7","3","04","23","7","","2","0","1","0","0"
"POINT (8.635850594000029 50.086547076999999)","Unfall 187261 (2022) Kat:3, Licht: 1","187261","3","3","5","03","18","1","","1","1","0","0","0"
"POINT (8.690316564000060 50.118228440999999)","Unfall 187263 (2022) Kat:3, Licht: 2","187263","3","6","3","03","04","1","","2","0","1","0","0"
"POINT (8.680397869000050 50.113793837999999)","Unfall 187264 (2022) Kat:3, Licht: 2","187264","3","3","5","05","01","1","","2","1","0","0","0"
"POINT (8.754547184000049 50.144904242999999)","Unfall 187265 (2022) Kat:3, Licht: 0","187265","3","5","0","04","13","4","","0","1","1","0","0"