WKT,Name,OBJECTID,UKATEGORIE,UTYP1,UART,UMONAT,USTUNDE,UWOCHENTAG,STRZUSTAND,ULICHTVERH,ISTRAD,ISTPKW,ISTFUSS,ISTKRAD
"POINT (8.687548090000060 50.094675419000097)","Unfall 187267 (2022) Kat:2, Licht: 0","187267","2","4","6","05","15","3","","0","0","1","1","0"
"POINT (8.656267729000040 50.079950680000103)","Unfall 187268 (2022) Kat:3, Licht: 2","187268","3","7","4","05","00","6","","2","1","1","0","0"
"POINT (8.678736953000049 50.113043963999999)","Unfall 187285 (2022) Kat:3, Licht: 0","187285","3","5","1","04","19","6","","0","1","1","0","0"
"POINT (8.701822202000070 50.123205290999998)","Unfall 187286 (2022) Kat:3, Licht: 0","187286","3","2","5","04","12","5","","0","1","1","0","0"
"POINT (8.680573420000030 50.102095097000102)","Unfall 187291 (2022) Kat:3, Licht: 0","187291","3","3","5","04","13","2","","0","0","1","0","0"
"POINT (8.652782888000051 50.081199767999998)","Unfall 187298 (2022) Kat:3, Licht: 0","187298","3","7","0","04","15","6","","0","1","0","0","0"
"POINT (8.629919530000050 50.177296347999999)","Unfall 187299 (2022) Kat:3, Licht: 1","187299","3","1","0","04","20","5","","1","1","0","0","0"
"POINT (8.709077249000069 50.109228653000102)","Unfall 187306 (2022) Kat:2, Licht: 0","187306","2","2","3","05","16","4","","0","1","0","0","0"
"POINT (8.683369003000051 50.154114903000000)","Unfall 187310 (2022) Kat:3, Licht: 0","187310","3","3","5","05","17","5","","0","1","1","0","0"
"POINT (8.689574598000039 50.113610377000001)","Unfall 187311 (2022) Kat:3, Licht: 2","187311","3","7","6","03","19","6","","2","0","1","1","0"
"POINT (8.662023563000050 50.091008500000001)","Unfall 187317 (2022) Kat:2, Licht: 0","187317","2","3","5","05","17","1","","0","1","1","0","0"
"POINT (8.690044357000030 50.160315384000100)","Unfall 187324 (2022) Kat:3, Licht: 0","187324","3","3","5","04","08","6","","0","1","1","0","0"
"POINT (8.628085432000031 50.096194167000100)","Unfall 187337 (2022) Kat:3, Licht: 0","187337","3","3","5","05","17","1","","0","1","1","0","0"
"POINT (8.548015896000040 50.101435672000001)","Unfall 187342 (2022) Kat:3, Licht: 0","187342","3","3","5","04","17","5","","0","1","1","0","0"
"POINT (8.755743292000030 50.143028570000098)","Unfall 187343 (2022) Kat:3, Licht: 2","187343","3","3","0","04","05","7","","2","0","1","0","0"
"POINT (8.576432719000019 50.131518681000003)","Unfall 187345 (2022) Kat:3, Licht: 0","187345","3","2","3","04","10","3","","0","1","0","0","0"
"POINT (8.568512421000040 50.099620825000002)","Unfall 187349 (2022) Kat:3, Licht: 0","187349","3","3","5","04","17","7","","0","0","1","0","0"
"POINT (8.697363852000020 50.126818223000001)","Unfall 187352 (2022) Kat:3, Licht: 0","187352","3","6","2","05","16","3","","0","0","1","0","0"
"POINT (8.646322340000040 50.117304339999997)","Unfall 187355 (2022) Kat:3, Licht: 0","187355","3","7","1","03","17","4","","0","0","1","0","0"
"POINT (8.571409491000050 50.051041361000003)","Unfall 187362 (2022) Kat:3, Licht: 0","187362","3","7","1","04","11","7","","0","0","1","1","0"
"POINT (8.673008343000051 50.111140681999998)","Unfall 187367 (2022) Kat:2, Licht: 0","187367","2","3","5","05","19","1","","0","0","0","0","1"
"POINT (8.628701447000029 50.129575106000097)","Unfall 187369 (2022) Kat:3, Licht: 0","187369","3","3","5","04","13","3","","0","1","1","0","0"
"POINT (8.670016202000060 50.113812896000098)","Unfall 187374 (2022) Kat:3, Licht: 0","187374","3","2","5","04","08","5","","0","1","1","0","0"
"POINT (8.651120594000080 50.184209781000000)","Unfall 187379 (2022) Kat:2, Licht: 0","187379","2","7","1","04","19","2","","0","0","1","0","0"
"POINT (8.673914101000040 50.110046216999997)","Unfall 187380 (2022) Kat:3, Licht: 0","187380","3","3","5","05","09","3","","0","1","1","0","0"
"POINT (8.549667171000070 50.047060912000099)","Unfall 187388 (2022) Kat:3, Licht: 0","187388","3","6","2","04","13","1","","0","0","1","0","0"
"POINT (8.607074991000051 50.090838926000103)","Unfall 187390 (2022) Kat:3, Licht: 0","187390","3","3","5","05","17","4","","0","0","1","0","0"
"POINT (8.624606354000040 50.129213145000101)","Unfall 187392 (2022) Kat:2, Licht: 0","187392","2","4","6","04","07","5","","0","0","1","1","0"
"POINT (8.679671724000061 50.103268327000102)","Unfall 187401 (2022) Kat:2, Licht: 0","187401","2","2","6","05","14","3","","0","0","0","1","0"
"POINT (8.607577739000019 50.124934730000099)","Unfall 187414 (2022) Kat:3, Licht: 0","187414","3","4","6","05","11","3","","0","1","0","1","0"
"POINT (8.632019565000061 50.086749634999997)","Unfall 187416 (2022) Kat:3, Licht: 0","187416","3","5","1","04","18","2","","0","1","1","0","0"
"POINT (8.662809039000020 50.123268595000098)","Unfall 187417 (2022) Kat:3, Licht: 0","187417","3","6","3","05","11","4","","0","1","0","0","0"
"POINT (8.753005262000039 50.146800724000101)","Unfall 187422 (2022) Kat:3, Licht: 0","187422","3","5","0","05","13","3","","0","0","0","0","0"
"POINT (8.714335850000049 50.128954291000099)","Unfall 187426 (2022) Kat:3, Licht: 0","187426","3","6","4","05","19","3","","0","1","1","0","0"
"POINT (8.657736473000060 50.081207176000099)","Unfall 187429 (2022) Kat:3, Licht: 0","187429","3","3","5","05","10","6","","0","0","1","0","0"
"POINT (8.679721732000081 50.119011312000097)","Unfall 187432 (2022) Kat:2, Licht: 0","187432","2","5","1","06","14","3","","0","1","1","0","0"
"POINT (8.672514889000070 50.108578699000098)","Unfall 187433 (2022) Kat:3, Licht: 1","187433","3","3","5","05","04","7","","1","0","1","0","0"
"POINT (8.708785601000050 50.113731160999997)","Unfall 187441 (2022) Kat:3, Licht: 0","187441","3","5","0","05","19","2","","0","0","1","0","1"
"POINT (8.632858879000031 50.084674427000003)","Unfall 187442 (2022) Kat:3, Licht: 0","187442","3","2","0","05","16","5","","0","0","0","0","1"
"POINT (8.650874538000039 50.146094797000003)","Unfall 187451 (2022) Kat:3, Licht: 0","187451","3","1","0","06","11","5","","0","1","0","0","0"
"POINT (8.741559432000029 50.122922238999998)","Unfall 187456 (2022) Kat:3, Licht: 0","187456","3","3","5","06","18","2","","0","0","0","0","0"
"POINT (8.617317861000060 50.085374557000101)","Unfall 187467 (2022) Kat:2, Licht: 0","187467","2","2","6","07","18","6","","0","0","1","1","0"
"POINT (8.618137320000070 50.096570016000001)","Unfall 187471 (2022) Kat:3, Licht: 0","187471","3","6","2","06","13","3","","0","1","1","0","0"
"POINT (8.690138087000040 50.120118146000003)","Unfall 187474 (2022) Kat:3, Licht: 0","187474","3","1","9","06","13","3","","0","0","1","0","0"
"POINT (8.624961131000020 50.081904822000098)","Unfall 187475 (2022) Kat:3, Licht: 0","187475","3","4","6","06","13","3","","0","0","1","1","0"
"POINT (8.662113343000041 50.108070693000101)","Unfall 187478 (2022) Kat:3, Licht: 0","187478","3","3","5","05","08","4","","0","1","1","0","0"
"POINT (8.668182059000060 50.134900861000098)","Unfall 187479 (2022) Kat:3, Licht: 0","187479","3","3","5","06","19","6","","0","1","1","0","0"
"POINT (8.643966701000069 50.108651324999997)","Unfall 187503 (2022) Kat:2, Licht: 2","187503","2","1","0","07","02","7","","2","0","0","0","0"
"POINT (8.695895676000021 50.133905002000098)","Unfall 187516 (2022) Kat:3, Licht: 0","187516","3","3","5","05","14","6","","0","1","1","0","0"
"POINT (8.687410807000051 50.126786025999998)","Unfall 187520 (2022) Kat:3, Licht: 0","187520","3","5","1","06","16","4","","0","0","1","0","0"
"POINT (8.618224139000059 50.177963346000098)","Unfall 187542 (2022) Kat:3, Licht: 0","187542","3","3","5","06","18","4","","0","0","1","0","0"
"POINT (8.709076061000079 50.127119018000002)","Unfall 187544 (2022) Kat:3, Licht: 2","187544","3","1","0","06","03","1","","2","0","0","0","0"
"POINT (8.650249663000070 50.105650984000100)","Unfall 187547 (2022) Kat:2, Licht: 0","187547","2","6","2","05","10","3","","0","0","1","0","1"
"POINT (8.676369571000070 50.116283631000002)","Unfall 187556 (2022) Kat:3, Licht: 0","187556","3","2","5","06","14","6","","0","0","1","0","0"
"POINT (8.676692889000041 50.123271347000099)","Unfall 187560 (2022) Kat:2, Licht: 2","187560","2","7","1","07","00","6","","2","0","1","0","0"
"POINT (8.577811728000031 50.103130201000099)","Unfall 187563 (2022) Kat:3, Licht: 2","187563","3","1","8","06","00","1","","2","1","1","0","0"
"POINT (8.602308655000060 50.127579405000098)","Unfall 187567 (2022) Kat:3, Licht: 0","187567","3","2","4","06","08","3","","0","1","1","0","0"
"POINT (8.716441777000060 50.132925716000003)","Unfall 187568 (2022) Kat:3, Licht: 0","187568","3","1","0","06","18","3","","0","0","0","0","0"
"POINT (8.755401345000051 50.144970862000001)","Unfall 187570 (2022) Kat:3, Licht: 0","187570","3","7","1","05","13","2","","0","0","1","0","1"
"POINT (8.664477223000061 50.108355525000000)","Unfall 187576 (2022) Kat:3, Licht: 0","187576","3","6","3","05","12","3","","0","0","1","0","1"
"POINT (8.687987728000049 50.114769627999998)","Unfall 187591 (2022) Kat:3, Licht: 2","187591","3","7","6","05","01","5","","2","0","1","1","0"
"POINT (8.625582826000031 50.181966540000097)","Unfall 187595 (2022) Kat:3, Licht: 0","187595","3","3","5","05","18","2","","0","0","1","0","1"
"POINT (8.643514461000050 50.086573541000099)","Unfall 187601 (2022) Kat:3, Licht: 0","187601","3","6","2","06","15","3","","0","0","1","0","0"
"POINT (8.684120802000050 50.127303328000004)","Unfall 187604 (2022) Kat:3, Licht: 0","187604","3","3","5","06","14","3","","0","1","1","0","0"
"POINT (8.670736278000049 50.107496416000103)","Unfall 187608 (2022) Kat:3, Licht: 0","187608","3","5","1","06","11","6","","0","0","1","0","0"
"POINT (8.655587495000081 50.112974650000098)","Unfall 187616 (2022) Kat:3, Licht: 0","187616","3","5","1","06","19","7","","0","1","1","0","0"
"POINT (8.605461621000069 50.091774853000103)","Unfall 187621 (2022) Kat:3, Licht: 0","187621","3","3","5","06","14","6","","0","0","1","0","1"
"POINT (8.688633238000021 50.150802130999999)","Unfall 187627 (2022) Kat:3, Licht: 0","187627","3","2","4","06","11","1","","0","1","1","0","0"
"POINT (8.693035081000060 50.128835916000099)","Unfall 187637 (2022) Kat:2, Licht: 0","187637","2","3","5","05","11","7","","0","1","1","0","0"
"POINT (8.752754155000050 50.149700438000103)","Unfall 187651 (2022) Kat:2, Licht: 0","187651","2","1","0","06","06","2","","0","1","0","0","0"
"POINT (8.662831179000021 50.111472587999998)","Unfall 187652 (2022) Kat:3, Licht: 0","187652","3","3","5","06","20","5","","0","1","1","0","0"
"POINT (8.694262274000041 50.109352531000098)","Unfall 187658 (2022) Kat:3, Licht: 2","187658","3","1","9","06","23","1","","2","0","1","0","0"
"POINT (8.628228889000070 50.164403741999998)","Unfall 187660 (2022) Kat:3, Licht: 2","187660","3","7","1","05","01","1","","2","0","1","0","0"
"POINT (8.728872678000069 50.117235951000097)","Unfall 187662 (2022) Kat:3, Licht: 0","187662","3","6","2","05","16","3","","0","0","1","0","1"
"POINT (8.676166427000060 50.107088678000103)","Unfall 187665 (2022) Kat:3, Licht: 0","187665","3","7","6","05","20","5","","0","0","1","1","0"
"POINT (8.588920625000069 50.026973835000000)","Unfall 187669 (2022) Kat:3, Licht: 0","187669","3","6","3","06","17","5","","0","0","1","0","0"
"POINT (8.674102191000030 50.139738671000003)","Unfall 187673 (2022) Kat:3, Licht: 0","187673","3","2","5","05","16","2","","0","1","1","0","0"
"POINT (8.656829900000050 50.102885563000001)","Unfall 187680 (2022) Kat:3, Licht: 0","187680","3","5","1","06","12","4","","0","1","1","0","0"
"POINT (8.660590809000039 50.147751986999999)","Unfall 187681 (2022) Kat:3, Licht: 0","187681","3","2","6","06","18","3","","0","0","1","1","0"
"POINT (8.612835587000060 50.096577430000103)","Unfall 187683 (2022) Kat:3, Licht: 0","187683","3","5","1","06","11","7","","0","0","1","0","0"
"POINT (8.624600684000031 50.094779211000102)","Unfall 187690 (2022) Kat:3, Licht: 0","187690","3","3","5","06","12","3","","0","0","1","0","0"
"POINT (8.551294891000049 50.099690323000097)","Unfall 187692 (2022) Kat:3, Licht: 0","187692","3","6","3","06","17","6","","0","1","1","0","0"
"POINT (8.679472753000031 50.091718176000001)","Unfall 187693 (2022) Kat:3, Licht: 0","187693","3","6","2","05","10","2","","0","0","1","0","0"
"POINT (8.658232105000019 50.139290819999999)","Unfall 187694 (2022) Kat:3, Licht: 0","187694","3","7","1","05","19","6","","0","0","1","0","0"
"POINT (8.691638593000050 50.123418045000101)","Unfall 187699 (2022) Kat:2, Licht: 0","187699","2","2","4","06","13","1","","0","1","1","0","0"
"POINT (8.679338406000060 50.097671455000103)","Unfall 187702 (2022) Kat:3, Licht: 0","187702","3","6","4","05","08","3","","0","1","0","0","0"
"POINT (8.623996640000030 50.080652493000102)","Unfall 187704 (2022) Kat:3, Licht: 0","187704","3","7","1","06","13","5","","0","0","1","0","0"
"POINT (8.668452363000030 50.131666457000101)","Unfall 187708 (2022) Kat:3, Licht: 0","187708","3","2","2","06","10","2","","0","0","1","0","0"
"POINT (8.616212089000040 50.100513251000102)","Unfall 187711 (2022) Kat:3, Licht: 0","187711","3","3","5","06","16","3","","0","1","0","0","1"
"POINT (8.679626045000020 50.115795485000000)","Unfall 187712 (2022) Kat:3, Licht: 0","187712","3","2","4","06","09","6","","0","1","1","0","0"
"POINT (8.578529751000080 50.105594467000103)","Unfall 187714 (2022) Kat:3, Licht: 0","187714","3","3","5","06","17","4","","0","1","1","0","0"
"POINT (8.692468750000049 50.123025687999998)","Unfall 187721 (2022) Kat:2, Licht: 0","187721","2","7","5","06","18","5","","0","1","0","0","0"
"POINT (8.647119111000050 50.092780679000001)","Unfall 187728 (2022) Kat:2, Licht: 0","187728","2","1","8","06","18","6","","0","1","0","0","0"
"POINT (8.612803180000070 50.139990079000000)","Unfall 187730 (2022) Kat:3, Licht: 0","187730","3","5","1","06","09","3","","0","0","1","0","1"
"POINT (8.656687485000020 50.119767373999998)","Unfall 187731 (2022) Kat:3, Licht: 0","187731","3","2","5","07","09","6","","0","1","1","0","0"
"POINT (8.651542040000040 50.082724192999997)","Unfall 187735 (2022) Kat:3, Licht: 0","187735","3","3","0","06","15","3","","0","0","1","0","0"
"POINT (8.625619919000030 50.134474550999997)","Unfall 187746 (2022) Kat:3, Licht: 0","187746","3","2","5","05","18","3","","0","1","1","0","0"
"POINT (8.678950384000069 50.118037534000102)","Unfall 187748 (2022) Kat:3, Licht: 0","187748","3","2","3","06","16","5","","0","0","1","0","0"
"POINT (8.644447688000071 50.083509585000101)","Unfall 187756 (2022) Kat:3, Licht: 0","187756","3","3","5","06","17","2","","0","1","1","0","0"
"POINT (8.582439364000040 50.123474055000003)","Unfall 187757 (2022) Kat:3, Licht: 0","187757","3","1","4","06","17","4","","0","0","1","0","0"
"POINT (8.641292037000030 50.101835790000102)","Unfall 187765 (2022) Kat:3, Licht: 0","187765","3","1","1","05","18","6","","0","1","1","0","0"
"POINT (8.694702441000061 50.128395509000001)","Unfall 187768 (2022) Kat:3, Licht: 0","187768","3","3","5","06","16","5","","0","0","1","0","1"
"POINT (8.669887613000069 50.107838686999997)","Unfall 187774 (2022) Kat:3, Licht: 0","187774","3","5","1","06","14","5","","0","1","1","0","0"
"POINT (8.682063227000070 50.149568559000002)","Unfall 187790 (2022) Kat:3, Licht: 2","187790","3","7","0","06","02","7","","2","0","0","0","0"
"POINT (8.687771688000050 50.130590755000100)","Unfall 187802 (2022) Kat:3, Licht: 2","187802","3","1","0","05","01","1","","2","0","0","0","0"
"POINT (8.679880013000060 50.094508980000100)","Unfall 187804 (2022) Kat:3, Licht: 0","187804","3","1","0","06","18","4","","0","0","0","0","0"
"POINT (8.642419412000040 50.116732209000098)","Unfall 187808 (2022) Kat:3, Licht: 0","187808","3","3","5","06","17","3","","0","1","1","0","0"
"POINT (8.677811401000040 50.105406167000098)","Unfall 187813 (2022) Kat:3, Licht: 2","187813","3","2","5","06","00","1","","2","0","1","0","0"
"POINT (8.678846718000051 50.167375934000098)","Unfall 187816 (2022) Kat:2, Licht: 0","187816","2","6","2","05","16","3","","0","0","0","0","0"
"POINT (8.680016720000030 50.118130272000002)","Unfall 187818 (2022) Kat:3, Licht: 2","187818","3","2","2","06","23","7","","2","0","0","0","1"
"POINT (8.675779443000071 50.068632509000103)","Unfall 187824 (2022) Kat:3, Licht: 0","187824","3","7","1","07","17","7","","0","1","1","0","0"
"POINT (8.617795788000020 50.091584683000100)","Unfall 187825 (2022) Kat:2, Licht: 0","187825","2","3","5","06","05","2","","0","1","0","0","0"
"POINT (8.685879924000060 50.117043406999997)","Unfall 187837 (2022) Kat:2, Licht: 2","187837","2","7","1","06","02","1","","2","0","1","0","0"
"POINT (8.687961177000030 50.112562584000003)","Unfall 187842 (2022) Kat:3, Licht: 0","187842","3","2","3","06","18","4","","0","0","0","0","0"
"POINT (8.626122075000071 50.130920284000098)","Unfall 187847 (2022) Kat:3, Licht: 1","187847","3","3","5","05","06","5","","1","0","1","0","0"
"POINT (8.603281472000051 50.100521491000102)","Unfall 187852 (2022) Kat:3, Licht: 0","187852","3","7","0","06","07","5","","0","0","0","0","0"
"POINT (8.633580202000079 50.169346218000001)","Unfall 187855 (2022) Kat:3, Licht: 0","187855","3","6","2","06","07","4","","0","0","1","0","0"
"POINT (8.642542905000029 50.104638837000003)","Unfall 187880 (2022) Kat:3, Licht: 0","187880","3","3","0","05","19","5","","0","0","0","0","1"
"POINT (8.626093311000030 50.121071671000003)","Unfall 187881 (2022) Kat:3, Licht: 0","187881","3","7","6","06","17","4","","0","1","0","1","0"
"POINT (8.583435787000040 50.082596363999997)","Unfall 187882 (2022) Kat:3, Licht: 0","187882","3","5","1","06","08","4","","0","0","0","0","0"
"POINT (8.651275031000070 50.190378926999998)","Unfall 187883 (2022) Kat:2, Licht: 0","187883","2","6","0","07","19","6","","0","0","1","0","1"
"POINT (8.680747685000030 50.122185614000003)","Unfall 187885 (2022) Kat:3, Licht: 0","187885","3","6","3","05","18","5","","0","1","1","0","0"
"POINT (8.565256690000069 50.099541950999999)","Unfall 187887 (2022) Kat:2, Licht: 0","187887","2","4","6","06","18","3","","0","0","1","1","0"
"POINT (8.636568930000070 50.087737416000003)","Unfall 187889 (2022) Kat:3, Licht: 0","187889","3","3","0","06","18","4","","0","0","1","0","1"
"POINT (8.691503911000041 50.114853362000098)","Unfall 187892 (2022) Kat:3, Licht: 0","187892","3","5","1","06","17","6","","0","0","1","0","1"
"POINT (8.627541414000060 50.174916684000003)","Unfall 187894 (2022) Kat:3, Licht: 1","187894","3","2","5","05","20","4","","1","0","1","0","0"
"POINT (8.675142928000071 50.119498823000100)","Unfall 187897 (2022) Kat:3, Licht: 0","187897","3","6","4","06","17","4","","0","0","1","0","0"
"POINT (8.658570025000071 50.145442705999997)","Unfall 187898 (2022) Kat:3, Licht: 2","187898","3","7","1","05","01","2","","2","0","1","0","0"
"POINT (8.756449685000060 50.143102345000003)","Unfall 187913 (2022) Kat:3, Licht: 0","187913","3","6","3","06","10","1","","0","0","1","0","0"
"POINT (8.629646201000069 50.116897042000097)","Unfall 187920 (2022) Kat:3, Licht: 0","187920","3","2","3","05","13","6","","0","0","1","0","0"
"POINT (8.664303489000080 50.105892957999998)","Unfall 187924 (2022) Kat:3, Licht: 0","187924","3","5","1","05","19","7","","0","0","1","0","0"
"POINT (8.643747749000060 50.145135238000101)","Unfall 187931 (2022) Kat:3, Licht: 0","187931","3","3","5","06","12","4","","0","1","0","0","0"
"POINT (8.673704676000060 50.123482084000003)","Unfall 187939 (2022) Kat:3, Licht: 0","187939","3","3","5","06","17","4","","0","1","0","0","0"
"POINT (8.675526250000081 50.107451316000002)","Unfall 187943 (2022) Kat:3, Licht: 0","187943","3","3","5","05","19","1","","0","0","1","0","0"
"POINT (8.698827868000020 50.121799462000098)","Unfall 187953 (2022) Kat:3, Licht: 2","187953","3","2","3","06","23","5","","2","1","1","0","0"
"POINT (8.538780306000040 50.102564037999997)","Unfall 187959 (2022) Kat:3, Licht: 0","187959","3","6","2","06","17","4","","0","0","0","0","0"
"POINT (8.583732742000050 50.083663250000001)","Unfall 187960 (2022) Kat:3, Licht: 0","187960","3","3","5","06","15","6","","0","0","1","0","0"
"POINT (8.682976053000059 50.127700445000102)","Unfall 187967 (2022) Kat:3, Licht: 2","187967","3","7","1","05","01","6","","2","0","1","0","0"
"POINT (8.663833154000031 50.110797408000103)","Unfall 187973 (2022) Kat:3, Licht: 2","187973","3","6","2","06","22","6","","2","0","1","0","0"
"POINT (8.628827991000040 50.129513819000103)","Unfall 187976 (2022) Kat:3, Licht: 0","187976","3","3","5","06","07","3","","0","1","1","0","0"
"POINT (8.686183920000079 50.116886714000003)","Unfall 187977 (2022) Kat:3, Licht: 0","187977","3","6","1","07","19","6","","0","1","1","0","0"
"POINT (8.755723001000041 50.149535446000101)","Unfall 187978 (2022) Kat:3, Licht: 0","187978","3","3","0","06","13","1","","0","0","1","0","1"
"POINT (8.626432980000059 50.107615305000103)","Unfall 187986 (2022) Kat:3, Licht: 0","187986","3","6","2","06","12","7","","0","0","1","0","0"
"POINT (8.699685976000071 50.138737591000101)","Unfall 187993 (2022) Kat:3, Licht: 0","187993","3","3","5","05","12","3","","0","1","1","0","0"
"POINT (8.767223882000049 50.121053261999997)","Unfall 187994 (2022) Kat:3, Licht: 0","187994","3","4","6","06","09","3","","0","0","1","1","0"
"POINT (8.601045060000050 50.122441369999997)","Unfall 188017 (2022) Kat:3, Licht: 0","188017","3","3","5","06","08","4","","0","1","1","0","0"
"POINT (8.657433860000030 50.107113155000000)","Unfall 188020 (2022) Kat:3, Licht: 2","188020","3","2","3","06","00","6","","2","0","1","0","1"
"POINT (8.614151251000070 50.114214591000099)","Unfall 188025 (2022) Kat:3, Licht: 0","188025","3","3","5","06","14","1","","0","0","1","0","0"
"POINT (8.762587836000019 50.114632850000099)","Unfall 188040 (2022) Kat:2, Licht: 2","188040","2","1","0","06","23","5","","2","0","0","0","1"
"POINT (8.663258451000051 50.110564760999999)","Unfall 188041 (2022) Kat:2, Licht: 1","188041","2","7","5","05","21","2","","1","0","1","0","1"
"POINT (8.758037240000020 50.131765483999999)","Unfall 188053 (2022) Kat:3, Licht: 0","188053","3","3","5","06","14","2","","0","0","1","0","0"
"POINT (8.671878430000049 50.109305237000100)","Unfall 188054 (2022) Kat:3, Licht: 0","188054","3","2","3","06","19","3","","0","0","1","0","0"
"POINT (8.660121748000050 50.108102712000097)","Unfall 188055 (2022) Kat:3, Licht: 0","188055","3","5","1","06","19","5","","0","0","1","0","0"
"POINT (8.664783405000041 50.117355924000002)","Unfall 188061 (2022) Kat:3, Licht: 0","188061","3","3","5","05","13","6","","0","1","1","0","0"
"POINT (8.605057593000030 50.096550188999998)","Unfall 188062 (2022) Kat:3, Licht: 0","188062","3","7","0","06","10","7","","0","0","1","0","1"
"POINT (8.600129694000030 50.106974410000099)","Unfall 188067 (2022) Kat:3, Licht: 0","188067","3","6","2","06","20","5","","0","0","0","0","1"
"POINT (8.669786316000060 50.113951972999999)","Unfall 188075 (2022) Kat:3, Licht: 0","188075","3","3","5","06","07","6","","0","0","1","0","0"
"POINT (8.578934195000040 50.105747778000101)","Unfall 188078 (2022) Kat:3, Licht: 0","188078","3","3","5","05","15","3","","0","0","1","0","1"
"POINT (8.634714085000040 50.084776193000003)","Unfall 188082 (2022) Kat:3, Licht: 0","188082","3","2","3","06","10","4","","0","0","1","0","0"
"POINT (8.762685987000051 50.151232469000000)","Unfall 188090 (2022) Kat:3, Licht: 2","188090","3","1","0","06","22","4","","2","1","0","0","0"
"POINT (8.550497453000050 50.106082951000097)","Unfall 188093 (2022) Kat:3, Licht: 1","188093","3","6","2","06","21","4","","1","0","1","0","1"
"POINT (8.767606560000051 50.157227868000099)","Unfall 188102 (2022) Kat:3, Licht: 2","188102","3","1","9","06","23","4","","2","1","0","0","0"
"POINT (8.576058333000050 50.123730277000000)","Unfall 188119 (2022) Kat:3, Licht: 0","188119","3","1","0","05","16","6","","0","0","0","0","0"
"POINT (8.598876829000060 50.086603597000099)","Unfall 188129 (2022) Kat:3, Licht: 0","188129","3","3","5","06","09","4","","0","1","1","0","0"
"POINT (8.516864941000049 50.083407631000100)","Unfall 188139 (2022) Kat:3, Licht: 0","188139","3","3","5","06","07","6","","0","0","1","0","0"
"POINT (8.697713939000041 50.115900978000099)","Unfall 188151 (2022) Kat:3, Licht: 0","188151","3","3","5","06","17","2","","0","0","1","0","0"
"POINT (8.679052872000060 50.103993039999999)","Unfall 188153 (2022) Kat:3, Licht: 0","188153","3","4","6","06","16","3","","0","0","1","1","0"
"POINT (8.704632926000039 50.123883827999997)","Unfall 188154 (2022) Kat:3, Licht: 0","188154","3","5","1","06","13","6","","0","1","1","0","0"
"POINT (8.687940037000031 50.126862228000000)","Unfall 188157 (2022) Kat:3, Licht: 0","188157","3","1","0","06","18","6","","0","1","0","0","0"
"POINT (8.691924116000051 50.126230479000100)","Unfall 188161 (2022) Kat:2, Licht: 0","188161","2","3","5","06","13","1","","0","1","0","0","0"
"POINT (8.666583194000051 50.108020574000101)","Unfall 188166 (2022) Kat:3, Licht: 0","188166","3","3","5","06","08","5","","0","1","1","0","0"
"POINT (8.534360624000040 50.101674705999997)","Unfall 188169 (2022) Kat:2, Licht: 0","188169","2","1","8","07","15","7","","0","0","0","0","1"
"POINT (8.668364774000050 50.132734556000102)","Unfall 188172 (2022) Kat:3, Licht: 0","188172","3","7","2","06","09","2","","0","0","1","0","1"
"POINT (8.644515677000070 50.160300829000100)","Unfall 188178 (2022) Kat:3, Licht: 0","188178","3","7","1","06","17","4","","0","1","1","0","0"
"POINT (8.607549505000071 50.080906908000003)","Unfall 188181 (2022) Kat:3, Licht: 0","188181","3","7","0","06","08","6","","0","1","1","0","0"
"POINT (8.633157540000070 50.103662796999998)","Unfall 188185 (2022) Kat:3, Licht: 0","188185","3","6","3","06","16","5","","0","1","1","0","0"
"POINT (8.584795480000031 50.086863310000098)","Unfall 188186 (2022) Kat:3, Licht: 0","188186","3","3","5","06","09","4","","0","1","1","0","0"
"POINT (8.700352544000051 50.125689422999997)","Unfall 188205 (2022) Kat:3, Licht: 0","188205","3","6","2","06","14","4","","0","1","1","0","0"
"POINT (8.648200162000020 50.087008247000000)","Unfall 188221 (2022) Kat:3, Licht: 0","188221","3","6","2","06","11","4","","0","0","1","0","0"
"POINT (8.660031198000070 50.119006291000098)","Unfall 188228 (2022) Kat:3, Licht: 0","188228","3","6","2","06","09","6","","0","0","1","0","0"
"POINT (8.697105511000069 50.126571444000000)","Unfall 188232 (2022) Kat:2, Licht: 0","188232","2","2","3","06","16","3","","0","1","1","0","0"
"POINT (8.667165732000059 50.104987242999997)","Unfall 188235 (2022) Kat:3, Licht: 1","188235","3","5","1","06","22","3","","1","1","1","0","0"
"POINT (8.709531035000049 50.112241392999998)","Unfall 188236 (2022) Kat:3, Licht: 0","188236","3","5","1","06","19","7","","0","1","1","0","0"
"POINT (8.647615875000040 50.117156642000097)","Unfall 188241 (2022) Kat:3, Licht: 1","188241","3","3","5","06","22","6","","1","1","1","0","0"
"POINT (8.596021390000031 50.134073925999999)","Unfall 188259 (2022) Kat:3, Licht: 0","188259","3","6","2","06","14","2","","0","0","1","0","0"
"POINT (8.683861754000080 50.137270346000001)","Unfall 188262 (2022) Kat:3, Licht: 0","188262","3","3","0","06","14","4","","0","1","1","0","0"