WKT,Name,OBJECTID,UKATEGORIE,UTYP1,UART,UMONAT,USTUNDE,UWOCHENTAG,STRZUSTAND,ULICHTVERH,ISTRAD,ISTPKW,ISTFUSS,ISTKRAD
"POINT (8.671566398000040 50.105357459000103)","Unfall 188264 (2022) Kat:3, Licht: 0","188264","3","7","3","06","08","3","","0","0","1","0","1"
"POINT (8.650170010000069 50.114193892999999)","Unfall 188268 (2022) Kat:3, Licht: 0","188268","3","5","1","06","12","7","","0","1","1","0","0"
"POINT (8.706150617000050 50.145912087000099)","Unfall 188270 (2022) Kat:3, Licht: 0","188270","3","6","2","06","11","4","","0","0","1","0","0"
"POINT (8.651738355000020 50.136207743000099)","Unfall 188273 (2022) Kat:3, Licht: 0","188273","3","2","5","06","10","5","","0","0","1","0","0"
"POINT (8.686532706000040 50.101580190999996)","Unfall 188284 (2022) Kat:3, Licht: 0","188284","3","2","5","06","17","4","","0","1","1","0","0"
"POINT (8.689735066000029 50.102615847999999)","Unfall 188285 (2022) Kat:3, Licht: 0","188285","3","7","6","06","19","3","","0","0","0","1","0"
"POINT (8.624680668000050 50.135064825000001)","Unfall 188287 (2022) Kat:3, Licht: 0","188287","3","7","1","05","12","7","","0","0","1","0","0"
"POINT (8.669073725000031 50.109991016999999)","Unfall 188292 (2022) Kat:3, Licht: 1","188292","3","7","1","07","21","7","","1","0","1","0","1"
"POINT (8.656148524000059 50.134566635000098)","Unfall 188302 (2022) Kat:2, Licht: 2","188302","2","1","9","06","02","4","","2","1","0","0","0"
"POINT (8.649755017000070 50.106765623000101)","Unfall 188308 (2022) Kat:2, Licht: 2","188308","2","5","1","06","23","5","","2","1","1","0","0"
"POINT (8.615327126000070 50.163633666000102)","Unfall 188310 (2022) Kat:2, Licht: 0","188310","2","6","0","06","13","3","","0","0","0","0","0"
"POINT (8.643217250000021 50.170108503000101)","Unfall 188319 (2022) Kat:3, Licht: 0","188319","3","2","5","06","14","1","","0","1","1","0","0"
"POINT (8.700870013000040 50.131392581000100)","Unfall 188331 (2022) Kat:2, Licht: 0","188331","2","7","0","06","12","3","","0","1","0","0","0"
"POINT (8.659259147000061 50.118113813000001)","Unfall 188334 (2022) Kat:3, Licht: 0","188334","3","4","6","06","08","4","","0","0","1","1","0"
"POINT (8.680203654000019 50.122705634000098)","Unfall 188335 (2022) Kat:3, Licht: 2","188335","3","1","1","06","22","4","","2","1","1","0","0"
"POINT (8.617667462000041 50.102146611000101)","Unfall 188337 (2022) Kat:2, Licht: 0","188337","2","3","5","06","16","1","","0","1","1","0","0"
"POINT (8.713366196000040 50.129652166000000)","Unfall 188338 (2022) Kat:3, Licht: 0","188338","3","7","1","05","10","6","","0","1","1","0","0"
"POINT (8.642182360000049 50.102189076999998)","Unfall 188358 (2022) Kat:3, Licht: 0","188358","3","2","2","06","09","3","","0","1","1","0","0"
"POINT (8.674087886000050 50.166242265999998)","Unfall 188360 (2022) Kat:3, Licht: 0","188360","3","3","5","05","09","1","","0","0","1","0","0"
"POINT (8.686192395000029 50.121814223999998)","Unfall 188361 (2022) Kat:2, Licht: 0","188361","2","7","0","05","19","4","","0","1","0","0","0"
"POINT (8.679314151000030 50.117642527000001)","Unfall 188362 (2022) Kat:3, Licht: 0","188362","3","6","2","06","19","5","","0","0","1","0","0"
"POINT (8.675680466000070 50.107649516999999)","Unfall 188372 (2022) Kat:3, Licht: 0","188372","3","3","5","06","19","4","","0","1","0","0","0"
"POINT (8.674988157000030 50.124111115000098)","Unfall 188375 (2022) Kat:2, Licht: 0","188375","2","4","6","06","13","2","","0","0","0","1","1"
"POINT (8.656413043000040 50.106825987000001)","Unfall 188376 (2022) Kat:3, Licht: 0","188376","3","2","3","06","15","4","","0","0","0","0","0"
"POINT (8.688403281000030 50.117635518000000)","Unfall 188379 (2022) Kat:3, Licht: 0","188379","3","2","3","06","18","3","","0","1","1","0","0"
"POINT (8.612482690000039 50.126200348000097)","Unfall 188393 (2022) Kat:3, Licht: 0","188393","3","6","2","05","12","4","","0","0","1","0","0"
"POINT (8.669865881000019 50.105573053999997)","Unfall 188394 (2022) Kat:3, Licht: 0","188394","3","1","0","06","18","5","","0","1","1","0","0"
"POINT (8.639416732000029 50.177850321999998)","Unfall 188396 (2022) Kat:3, Licht: 0","188396","3","1","8","06","21","1","","0","0","0","0","0"
"POINT (8.646831523000060 50.126389107000101)","Unfall 188400 (2022) Kat:3, Licht: 0","188400","3","3","5","06","14","5","","0","1","1","0","0"
"POINT (8.687825356000079 50.109581280999997)","Unfall 188408 (2022) Kat:3, Licht: 0","188408","3","2","3","06","08","6","","0","1","1","0","0"
"POINT (8.680398788000049 50.101850334000098)","Unfall 188414 (2022) Kat:3, Licht: 0","188414","3","1","0","06","07","5","","0","0","0","0","1"
"POINT (8.599343579000051 50.078855339000000)","Unfall 188421 (2022) Kat:3, Licht: 0","188421","3","7","1","05","07","1","","0","0","1","0","0"
"POINT (8.665735096000050 50.108819070999999)","Unfall 188423 (2022) Kat:3, Licht: 0","188423","3","3","5","06","17","4","","0","1","0","0","1"
"POINT (8.541553983000030 50.112917422000102)","Unfall 188434 (2022) Kat:3, Licht: 0","188434","3","7","1","06","06","4","","0","0","0","0","1"
"POINT (8.675169610000070 50.108558586000100)","Unfall 188438 (2022) Kat:2, Licht: 2","188438","2","7","6","05","00","7","","2","1","0","1","0"
"POINT (8.665643825000069 50.110692127999997)","Unfall 188439 (2022) Kat:3, Licht: 0","188439","3","3","5","05","11","4","","0","0","1","0","0"
"POINT (8.674099030000040 50.123969099000099)","Unfall 188440 (2022) Kat:3, Licht: 0","188440","3","3","5","06","08","5","","0","1","1","0","0"
"POINT (8.724078932000049 50.100008793000001)","Unfall 188444 (2022) Kat:3, Licht: 0","188444","3","2","3","06","17","2","","0","1","0","0","0"
"POINT (8.628747139000041 50.087668312000098)","Unfall 188447 (2022) Kat:3, Licht: 0","188447","3","6","2","06","07","2","","0","0","1","0","0"
"POINT (8.664282134000080 50.104048026999997)","Unfall 188451 (2022) Kat:3, Licht: 0","188451","3","7","6","06","06","7","","0","0","0","1","0"
"POINT (8.664542107000051 50.117527609000000)","Unfall 188455 (2022) Kat:2, Licht: 0","188455","2","3","5","07","18","6","","0","0","1","0","1"
"POINT (8.681837644000041 50.125212105999999)","Unfall 188467 (2022) Kat:2, Licht: 0","188467","2","3","5","08","07","2","","0","1","1","0","0"
"POINT (8.727045173000020 50.117284191000103)","Unfall 188478 (2022) Kat:3, Licht: 0","188478","3","3","5","07","16","4","","0","1","1","0","0"
"POINT (8.772294676000060 50.117579176000000)","Unfall 188484 (2022) Kat:2, Licht: 0","188484","2","4","6","07","18","3","","0","0","1","1","0"
"POINT (8.582658505000040 50.132700872000001)","Unfall 188487 (2022) Kat:3, Licht: 0","188487","3","3","3","08","16","5","","0","0","1","0","0"
"POINT (8.718574723000071 50.111838659000099)","Unfall 188491 (2022) Kat:2, Licht: 0","188491","2","1","0","07","15","7","","0","1","0","0","0"
"POINT (8.583869010000059 50.087068956000103)","Unfall 188502 (2022) Kat:3, Licht: 0","188502","3","3","5","07","07","6","","0","0","1","0","0"
"POINT (8.679232444000039 50.147667423000001)","Unfall 188503 (2022) Kat:3, Licht: 0","188503","3","7","6","07","13","4","","0","0","0","1","0"
"POINT (8.631569585000021 50.175958900000097)","Unfall 188507 (2022) Kat:3, Licht: 0","188507","3","2","2","07","14","6","","0","0","1","0","1"
"POINT (8.666681262000051 50.109167821000000)","Unfall 188514 (2022) Kat:3, Licht: 0","188514","3","5","1","07","13","5","","0","1","1","0","0"
"POINT (8.716569967000050 50.127996871999997)","Unfall 188518 (2022) Kat:3, Licht: 0","188518","3","3","5","08","20","6","","0","0","1","1","0"
"POINT (8.549141485000060 50.101957417999998)","Unfall 188540 (2022) Kat:3, Licht: 0","188540","3","7","1","08","10","6","","0","0","1","0","1"
"POINT (8.542286008000080 50.077955686999999)","Unfall 188542 (2022) Kat:3, Licht: 0","188542","3","1","0","08","17","6","","0","1","0","0","0"
"POINT (8.694095978000060 50.119621856999998)","Unfall 188545 (2022) Kat:2, Licht: 0","188545","2","1","0","07","20","7","","0","0","0","0","0"
"POINT (8.538687667000030 50.102746660999998)","Unfall 188547 (2022) Kat:2, Licht: 0","188547","2","6","2","07","20","3","","0","0","1","0","1"
"POINT (8.539856928000059 50.105364604000002)","Unfall 188549 (2022) Kat:3, Licht: 0","188549","3","3","5","07","14","7","","0","1","1","0","0"
"POINT (8.720237530000080 50.154144956000003)","Unfall 188553 (2022) Kat:3, Licht: 0","188553","3","2","5","08","18","3","","0","1","1","0","0"
"POINT (8.629589403000070 50.155447964000103)","Unfall 188557 (2022) Kat:2, Licht: 0","188557","2","1","6","07","15","2","","0","0","0","1","0"
"POINT (8.762166824000079 50.114793530000000)","Unfall 188559 (2022) Kat:3, Licht: 0","188559","3","2","5","08","08","3","","0","1","0","0","0"
"POINT (8.594627571000050 50.129297082999997)","Unfall 188565 (2022) Kat:2, Licht: 0","188565","2","6","1","07","18","3","","0","1","0","0","0"
"POINT (8.758887545000050 50.133067537999999)","Unfall 188569 (2022) Kat:3, Licht: 0","188569","3","4","0","08","17","2","","0","0","0","1","1"
"POINT (8.678990494000059 50.078615963000097)","Unfall 188574 (2022) Kat:3, Licht: 0","188574","3","5","5","07","19","6","","0","0","1","0","1"
"POINT (8.671864700000070 50.152656714999999)","Unfall 188579 (2022) Kat:3, Licht: 0","188579","3","6","2","08","16","6","","0","0","1","0","1"
"POINT (8.588750103000050 50.085006524000100)","Unfall 188585 (2022) Kat:3, Licht: 0","188585","3","7","1","07","16","4","","0","1","1","0","0"
"POINT (8.668992318000051 50.130626346000000)","Unfall 188591 (2022) Kat:3, Licht: 0","188591","3","3","5","07","09","3","","0","1","1","0","0"
"POINT (8.676907582000069 50.115921650000097)","Unfall 188592 (2022) Kat:3, Licht: 0","188592","3","4","6","07","15","5","","0","0","1","1","0"
"POINT (8.675788825000041 50.107494633999998)","Unfall 188593 (2022) Kat:3, Licht: 2","188593","3","7","6","08","21","1","","2","0","0","1","0"
"POINT (8.582516326000070 50.087207384000102)","Unfall 188595 (2022) Kat:3, Licht: 0","188595","3","7","0","07","10","5","","0","0","0","0","0"
"POINT (8.664372943000050 50.109663691999998)","Unfall 188599 (2022) Kat:3, Licht: 0","188599","3","7","6","08","14","3","","0","0","1","1","0"
"POINT (8.663615308000031 50.117961154000099)","Unfall 188605 (2022) Kat:3, Licht: 0","188605","3","2","5","08","14","4","","0","1","0","0","0"
"POINT (8.767500846000081 50.128262911000000)","Unfall 188611 (2022) Kat:3, Licht: 0","188611","3","6","2","07","17","2","","0","0","1","0","0"
"POINT (8.651217033000020 50.098419020000101)","Unfall 188618 (2022) Kat:3, Licht: 0","188618","3","6","4","07","10","3","","0","1","0","0","0"
"POINT (8.624697421000061 50.129222694000099)","Unfall 188623 (2022) Kat:3, Licht: 0","188623","3","2","5","07","08","5","","0","1","1","0","0"
"POINT (8.552537653000060 50.115210331000100)","Unfall 188624 (2022) Kat:3, Licht: 0","188624","3","7","0","08","19","6","","0","1","1","0","0"
"POINT (8.698618883000050 50.121659454000103)","Unfall 188627 (2022) Kat:3, Licht: 2","188627","3","7","0","07","01","1","","2","0","0","0","0"
"POINT (8.748334696000031 50.141712290000001)","Unfall 188630 (2022) Kat:3, Licht: 0","188630","3","1","0","07","16","2","","0","0","0","0","0"
"POINT (8.665809654000039 50.117080156999997)","Unfall 188632 (2022) Kat:3, Licht: 0","188632","3","2","5","07","09","4","","0","1","1","0","0"
"POINT (8.536548648000061 50.106670884000003)","Unfall 188636 (2022) Kat:3, Licht: 0","188636","3","2","2","07","17","6","","0","0","1","0","1"
"POINT (8.676408107000039 50.140355429000103)","Unfall 188639 (2022) Kat:3, Licht: 0","188639","3","4","9","07","14","1","","0","1","0","1","0"
"POINT (8.678730348000039 50.113038674999999)","Unfall 188640 (2022) Kat:3, Licht: 2","188640","3","5","1","08","21","3","","2","1","1","0","0"
"POINT (8.691937418000069 50.126232928999997)","Unfall 188652 (2022) Kat:3, Licht: 0","188652","3","6","3","08","09","7","","0","0","1","0","1"
"POINT (8.750717358000029 50.155048901000001)","Unfall 188655 (2022) Kat:2, Licht: 0","188655","2","2","3","07","08","4","","0","1","1","0","0"
"POINT (8.658284378000079 50.143277558000101)","Unfall 188658 (2022) Kat:3, Licht: 0","188658","3","1","4","08","12","2","","0","1","1","0","0"
"POINT (8.733871577000061 50.137435865999997)","Unfall 188672 (2022) Kat:3, Licht: 0","188672","3","3","5","08","11","6","","0","1","0","0","0"
"POINT (8.635046818000029 50.081274552000103)","Unfall 188682 (2022) Kat:3, Licht: 0","188682","3","1","0","07","11","7","","0","0","0","0","0"
"POINT (8.709507607000029 50.124114106999997)","Unfall 188685 (2022) Kat:3, Licht: 0","188685","3","7","2","07","17","1","","0","0","1","0","1"
"POINT (8.758573126000041 50.125056384000104)","Unfall 188689 (2022) Kat:3, Licht: 2","188689","3","3","5","08","22","3","","2","1","1","0","0"
"POINT (8.669984324000040 50.114345543000098)","Unfall 188695 (2022) Kat:3, Licht: 2","188695","3","1","8","07","00","6","","2","0","1","0","0"
"POINT (8.689093839000069 50.118489526000097)","Unfall 188699 (2022) Kat:3, Licht: 0","188699","3","6","3","07","08","3","","0","1","1","0","0"
"POINT (8.670107094000061 50.097027740999998)","Unfall 188701 (2022) Kat:3, Licht: 0","188701","3","6","2","07","08","5","","0","0","1","0","0"
"POINT (8.666393105000051 50.109061609999998)","Unfall 188702 (2022) Kat:2, Licht: 2","188702","2","6","4","07","00","7","","2","0","1","0","0"
"POINT (8.658715990000079 50.136230239000000)","Unfall 188703 (2022) Kat:3, Licht: 0","188703","3","7","0","08","18","7","","0","0","0","0","1"
"POINT (8.648665120000031 50.161546237000003)","Unfall 188704 (2022) Kat:3, Licht: 0","188704","3","2","6","07","19","4","","0","0","0","1","0"
"POINT (8.545861416000040 50.094509133000003)","Unfall 188712 (2022) Kat:2, Licht: 0","188712","2","1","8","07","19","5","","0","1","0","0","0"
"POINT (8.753050986000060 50.132652687000103)","Unfall 188715 (2022) Kat:3, Licht: 2","188715","3","1","9","08","04","7","","2","0","1","0","0"
"POINT (8.532151665000070 50.109002414000003)","Unfall 188719 (2022) Kat:3, Licht: 0","188719","3","3","5","08","16","5","","0","0","0","0","1"
"POINT (8.670064512000071 50.113782897000100)","Unfall 188720 (2022) Kat:3, Licht: 0","188720","3","6","4","07","12","3","","0","1","0","0","0"
"POINT (8.624351200000040 50.181628857000099)","Unfall 188730 (2022) Kat:2, Licht: 0","188730","2","3","5","07","16","7","","0","0","1","0","0"
"POINT (8.602375582000040 50.124792253000102)","Unfall 188732 (2022) Kat:3, Licht: 0","188732","3","4","6","07","19","3","","0","1","0","1","0"
"POINT (8.646774322000059 50.115450557000003)","Unfall 188733 (2022) Kat:3, Licht: 0","188733","3","2","0","08","08","4","","0","1","1","0","0"
"POINT (8.644803497000050 50.166545155000101)","Unfall 188734 (2022) Kat:2, Licht: 0","188734","2","4","6","07","12","7","","0","0","1","1","0"
"POINT (8.642657621000071 50.123572770000102)","Unfall 188739 (2022) Kat:3, Licht: 0","188739","3","7","4","07","14","4","","0","0","0","0","1"
"POINT (8.669497279000041 50.112017258999998)","Unfall 188744 (2022) Kat:3, Licht: 0","188744","3","5","1","08","09","4","","0","0","1","0","0"
"POINT (8.597948020000050 50.098743257000102)","Unfall 188753 (2022) Kat:3, Licht: 0","188753","3","2","5","07","19","5","","0","1","1","0","0"
"POINT (8.663632905000039 50.101744345999997)","Unfall 188758 (2022) Kat:3, Licht: 2","188758","3","6","4","08","02","6","","2","1","0","0","0"
"POINT (8.621525164000049 50.125949138000102)","Unfall 188762 (2022) Kat:3, Licht: 0","188762","3","3","5","08","18","6","","0","0","1","0","0"
"POINT (8.691977249000050 50.126133940999999)","Unfall 188763 (2022) Kat:3, Licht: 0","188763","3","2","5","07","09","2","","0","0","1","0","0"
"POINT (8.680285154000050 50.101776383000100)","Unfall 188771 (2022) Kat:3, Licht: 2","188771","3","5","1","07","21","1","","2","1","1","0","0"
"POINT (8.643035225000061 50.175184958999999)","Unfall 188775 (2022) Kat:3, Licht: 0","188775","3","6","2","08","17","1","","0","0","1","0","0"
"POINT (8.652300783000040 50.089439761999998)","Unfall 188777 (2022) Kat:3, Licht: 0","188777","3","2","5","08","09","3","","0","0","1","0","0"
"POINT (8.680457671000060 50.121594378000097)","Unfall 188785 (2022) Kat:3, Licht: 2","188785","3","1","0","08","20","6","","2","1","0","0","0"
"POINT (8.539375648000030 50.101267997999997)","Unfall 188792 (2022) Kat:3, Licht: 0","188792","3","2","5","08","10","6","","0","0","1","0","0"
"POINT (8.713352543000040 50.120305684000101)","Unfall 188793 (2022) Kat:2, Licht: 2","188793","2","1","1","08","02","4","","2","0","1","0","0"
"POINT (8.706034902000059 50.144637487000097)","Unfall 188795 (2022) Kat:3, Licht: 0","188795","3","3","0","07","14","1","","0","1","0","1","0"
"POINT (8.674570779000019 50.120878320000003)","Unfall 188797 (2022) Kat:3, Licht: 0","188797","3","7","6","07","17","6","","0","0","1","1","0"
"POINT (8.679007565000060 50.101451209000103)","Unfall 188798 (2022) Kat:3, Licht: 0","188798","3","1","1","08","20","3","","0","0","1","0","0"
"POINT (8.588395939000071 50.124345228999999)","Unfall 188799 (2022) Kat:3, Licht: 0","188799","3","6","2","07","10","2","","0","0","1","0","0"
"POINT (8.689805226000029 50.111338310000100)","Unfall 188803 (2022) Kat:3, Licht: 0","188803","3","4","6","07","09","5","","0","0","1","1","0"
"POINT (8.617306558000051 50.172947018000102)","Unfall 188812 (2022) Kat:3, Licht: 0","188812","3","3","5","07","07","2","","0","0","1","0","0"
"POINT (8.618304039000069 50.131294454000098)","Unfall 188822 (2022) Kat:2, Licht: 0","188822","2","1","0","07","15","3","","0","0","0","0","0"
"POINT (8.735005974000050 50.128483819000103)","Unfall 188824 (2022) Kat:3, Licht: 0","188824","3","4","6","07","16","1","","0","0","1","1","0"
"POINT (8.568497730000050 50.102149996999998)","Unfall 188826 (2022) Kat:2, Licht: 0","188826","2","4","6","07","08","3","","0","0","1","1","0"
"POINT (8.631181402000040 50.100699055000099)","Unfall 188827 (2022) Kat:3, Licht: 0","188827","3","7","1","07","20","4","","0","0","1","0","0"
"POINT (8.672807431000020 50.114732367999999)","Unfall 188838 (2022) Kat:3, Licht: 0","188838","3","5","1","07","17","4","","0","1","1","0","0"
"POINT (8.644416080000040 50.083562999999998)","Unfall 188853 (2022) Kat:3, Licht: 0","188853","3","2","6","07","15","4","","0","0","1","1","0"
"POINT (8.708744974000069 50.130962191000002)","Unfall 188854 (2022) Kat:3, Licht: 0","188854","3","1","0","07","12","6","","0","0","1","0","1"
"POINT (8.670941746000040 50.138802693999999)","Unfall 188856 (2022) Kat:3, Licht: 0","188856","3","6","3","08","15","2","","0","1","1","0","0"
"POINT (8.668916184000070 50.115837617000103)","Unfall 188857 (2022) Kat:3, Licht: 2","188857","3","7","0","07","23","6","","2","0","0","0","0"
"POINT (8.684475758000080 50.097079698000101)","Unfall 188864 (2022) Kat:3, Licht: 0","188864","3","6","2","08","19","3","","0","0","1","0","0"
"POINT (8.624112931000070 50.094643507999997)","Unfall 188866 (2022) Kat:3, Licht: 0","188866","3","6","2","08","09","6","","0","0","1","0","0"
"POINT (8.762481292000070 50.143182127999999)","Unfall 188874 (2022) Kat:3, Licht: 0","188874","3","7","5","07","19","2","","0","1","1","0","0"
"POINT (8.668542742000060 50.133481126000000)","Unfall 188878 (2022) Kat:3, Licht: 0","188878","3","2","5","07","15","3","","0","0","1","0","1"
"POINT (8.676544806000040 50.114216810000102)","Unfall 188885 (2022) Kat:3, Licht: 0","188885","3","1","6","07","15","7","","0","0","0","1","0"
"POINT (8.675714306000030 50.132065932000003)","Unfall 188895 (2022) Kat:3, Licht: 0","188895","3","2","0","07","10","5","","0","1","1","0","0"
"POINT (8.632814101000060 50.125960282000101)","Unfall 188902 (2022) Kat:3, Licht: 0","188902","3","2","5","07","19","1","","0","0","1","0","0"
"POINT (8.543069531000070 50.100356275000102)","Unfall 188904 (2022) Kat:3, Licht: 0","188904","3","2","6","07","10","4","","0","0","1","1","0"
"POINT (8.745158103000049 50.156986801000102)","Unfall 188905 (2022) Kat:3, Licht: 1","188905","3","6","2","08","06","3","","1","1","1","0","0"
"POINT (8.692241751000040 50.100587521000101)","Unfall 188912 (2022) Kat:3, Licht: 0","188912","3","3","5","08","08","4","","0","0","1","0","1"
"POINT (8.687603438000050 50.115573079000100)","Unfall 188914 (2022) Kat:3, Licht: 2","188914","3","6","3","07","00","4","","2","0","1","0","1"
"POINT (8.673762056000040 50.111400175000000)","Unfall 188924 (2022) Kat:3, Licht: 0","188924","3","4","6","08","07","4","","0","0","0","1","1"
"POINT (8.673373679000060 50.084530285000000)","Unfall 188926 (2022) Kat:3, Licht: 0","188926","3","5","1","07","17","4","","0","0","1","0","0"
"POINT (8.686343022000070 50.124661407000097)","Unfall 188927 (2022) Kat:3, Licht: 0","188927","3","1","8","08","07","1","","0","1","1","0","0"
"POINT (8.572051057000071 50.103680652000001)","Unfall 188933 (2022) Kat:2, Licht: 0","188933","2","1","0","07","18","4","","0","0","1","0","1"
"POINT (8.547458535000031 50.102593886000101)","Unfall 188936 (2022) Kat:3, Licht: 0","188936","3","1","8","07","12","7","","0","0","1","0","0"
"POINT (8.667442232000040 50.117052346000001)","Unfall 188946 (2022) Kat:3, Licht: 0","188946","3","3","5","08","18","4","","0","1","1","0","0"
"POINT (8.755870370000030 50.154605966000098)","Unfall 188947 (2022) Kat:2, Licht: 0","188947","2","1","0","07","16","6","","0","1","0","0","0"
"POINT (8.664018323000050 50.136228326999998)","Unfall 188954 (2022) Kat:3, Licht: 0","188954","3","6","2","07","17","4","","0","0","1","0","0"
"POINT (8.635453712000070 50.105785449000102)","Unfall 188961 (2022) Kat:3, Licht: 0","188961","3","3","0","07","18","6","","0","0","1","0","1"
"POINT (8.643038149000059 50.116906235999998)","Unfall 188967 (2022) Kat:2, Licht: 2","188967","2","1","8","08","01","1","","2","0","0","0","1"
"POINT (8.697240830000061 50.120082384000099)","Unfall 188980 (2022) Kat:3, Licht: 2","188980","3","1","1","08","03","6","","2","0","1","0","0"
"POINT (8.662611097000021 50.101442671000001)","Unfall 188981 (2022) Kat:3, Licht: 0","188981","3","2","5","07","20","2","","0","1","1","0","0"
"POINT (8.659837982000059 50.119050264000101)","Unfall 188982 (2022) Kat:3, Licht: 0","188982","3","3","5","08","06","4","","0","0","1","0","0"
"POINT (8.667481546000030 50.107229593000099)","Unfall 188984 (2022) Kat:3, Licht: 2","188984","3","7","3","07","23","7","","2","1","1","0","0"
"POINT (8.620967507000049 50.176055371000103)","Unfall 188987 (2022) Kat:3, Licht: 0","188987","3","3","5","07","18","3","","0","0","1","0","0"
"POINT (8.692017124000071 50.126853428000103)","Unfall 188988 (2022) Kat:3, Licht: 0","188988","3","6","2","08","13","5","","0","0","1","0","0"
"POINT (8.680235144000051 50.101763655000099)","Unfall 188994 (2022) Kat:3, Licht: 0","188994","3","3","5","08","10","7","","0","1","1","0","0"
"POINT (8.662016868000020 50.091014968000103)","Unfall 188997 (2022) Kat:3, Licht: 0","188997","3","3","5","07","11","2","","0","1","1","0","0"
"POINT (8.672456429000020 50.123069900000097)","Unfall 188999 (2022) Kat:3, Licht: 0","188999","3","7","1","08","15","6","","0","0","1","0","1"
"POINT (8.700667949000040 50.128892282999999)","Unfall 189003 (2022) Kat:3, Licht: 0","189003","3","1","4","08","14","5","","0","0","1","0","0"
"POINT (8.700964694000049 50.105597752000101)","Unfall 189024 (2022) Kat:3, Licht: 2","189024","3","7","7","07","00","1","","2","1","0","0","0"
"POINT (8.669349610000040 50.101076733000099)","Unfall 189029 (2022) Kat:3, Licht: 0","189029","3","7","0","07","12","6","","0","0","1","0","1"
"POINT (8.663687125000020 50.109068901000100)","Unfall 189031 (2022) Kat:3, Licht: 0","189031","3","7","5","07","16","3","","0","1","1","0","0"
"POINT (8.673452561000030 50.124785383000102)","Unfall 189033 (2022) Kat:3, Licht: 0","189033","3","3","4","07","09","2","","0","1","0","0","0"
"POINT (8.728153065000070 50.139245743000103)","Unfall 189034 (2022) Kat:3, Licht: 0","189034","3","1","4","08","14","7","","0","1","0","0","0"
"POINT (8.765646866000051 50.134279660000097)","Unfall 189036 (2022) Kat:3, Licht: 0","189036","3","7","0","08","07","5","","0","1","0","0","0"
"POINT (8.540830571000070 50.101437482000101)","Unfall 189045 (2022) Kat:3, Licht: 0","189045","3","2","5","07","16","3","","0","0","0","0","1"
"POINT (8.653547744000040 50.136218440000100)","Unfall 189046 (2022) Kat:3, Licht: 0","189046","3","3","5","07","17","4","","0","1","1","0","0"
"POINT (8.681976128000031 50.125334776999999)","Unfall 189053 (2022) Kat:3, Licht: 2","189053","3","7","0","08","04","7","","2","0","0","0","0"
"POINT (8.616650817000050 50.083762481000100)","Unfall 189060 (2022) Kat:3, Licht: 0","189060","3","3","5","07","07","4","","0","1","1","0","0"
"POINT (8.494477212000049 50.094524314000097)","Unfall 189063 (2022) Kat:2, Licht: 2","189063","2","2","5","08","21","2","","2","0","1","0","0"
"POINT (8.682388777000030 50.114353955000098)","Unfall 189071 (2022) Kat:3, Licht: 1","189071","3","6","6","08","18","6","","1","1","0","1","0"
"POINT (8.646953363000019 50.092739641999998)","Unfall 189073 (2022) Kat:3, Licht: 1","189073","3","6","2","08","20","1","","1","0","1","0","0"
"POINT (8.694426651000070 50.096859386000098)","Unfall 189076 (2022) Kat:3, Licht: 2","189076","3","2","5","08","21","1","","2","0","1","0","1"
"POINT (8.655274238000059 50.108230253000002)","Unfall 189077 (2022) Kat:3, Licht: 0","189077","3","3","5","07","14","5","","0","1","1","0","0"
"POINT (8.679912502000040 50.116680746000000)","Unfall 189079 (2022) Kat:3, Licht: 0","189079","3","3","5","08","10","4","","0","1","0","0","0"
"POINT (8.605536610000060 50.093176960000100)","Unfall 189086 (2022) Kat:3, Licht: 0","189086","3","6","4","07","14","4","","0","1","1","0","0"
"POINT (8.645016125000041 50.082328511000100)","Unfall 189089 (2022) Kat:2, Licht: 0","189089","2","2","6","07","18","3","","0","0","1","1","0"
"POINT (8.609885396000040 50.086402889000098)","Unfall 189098 (2022) Kat:3, Licht: 0","189098","3","6","0","08","17","5","","0","1","0","0","0"
"POINT (8.671097108000030 50.097523319000103)","Unfall 189106 (2022) Kat:3, Licht: 0","189106","3","3","5","07","13","5","","0","0","1","0","0"
"POINT (8.679505433000029 50.115177461000002)","Unfall 189118 (2022) Kat:3, Licht: 0","189118","3","4","6","08","16","6","","0","1","0","1","0"
"POINT (8.645548141000059 50.086740622999997)","Unfall 189123 (2022) Kat:2, Licht: 0","189123","2","3","5","07","09","1","","0","0","1","0","0"
"POINT (8.700440061000050 50.111780234999998)","Unfall 189125 (2022) Kat:3, Licht: 0","189125","3","4","6","07","08","4","","0","1","0","1","0"
"POINT (8.578877432000070 50.101481782000100)","Unfall 189136 (2022) Kat:2, Licht: 0","189136","2","4","6","07","16","1","","0","0","1","1","0"
"POINT (8.609526168000061 50.094043923000100)","Unfall 189137 (2022) Kat:3, Licht: 0","189137","3","7","0","08","19","6","","0","0","0","0","0"
"POINT (8.614153280000041 50.114214543999999)","Unfall 189143 (2022) Kat:3, Licht: 0","189143","3","3","5","08","16","4","","0","0","1","0","0"