WKT,Name,OBJECTID,UKATEGORIE,UTYP1,UART,UMONAT,USTUNDE,UWOCHENTAG,STRZUSTAND,ULICHTVERH,ISTRAD,ISTPKW,ISTFUSS,ISTKRAD
"POINT (8.668756049000020 50.119983705999999)","Unfall 189144 (2022) Kat:3, Licht: 0","189144","3","7","0","07","18","2","","0","1","1","0","0"
"POINT (8.552935237000041 50.091410341000000)","Unfall 189149 (2022) Kat:3, Licht: 0","189149","3","3","5","07","11","5","","0","0","1","0","0"
"POINT (8.671598678000070 50.138982220000102)","Unfall 189150 (2022) Kat:3, Licht: 0","189150","3","6","3","07","07","3","","0","1","0","0","0"
"POINT (8.679085181000060 50.141009533000002)","Unfall 189153 (2022) Kat:3, Licht: 0","189153","3","6","4","07","11","7","","0","1","1","0","0"
"POINT (8.550542900000041 50.106001013000103)","Unfall 189163 (2022) Kat:3, Licht: 0","189163","3","7","0","07","09","5","","0","0","0","0","1"
"POINT (8.609235940000080 50.126775248000101)","Unfall 189167 (2022) Kat:3, Licht: 0","189167","3","2","5","08","08","3","","0","0","1","0","0"
"POINT (8.695445127000029 50.115764243000100)","Unfall 189168 (2022) Kat:3, Licht: 2","189168","3","3","5","07","21","7","","2","0","1","0","1"
"POINT (8.695157733000030 50.059742159999999)","Unfall 189170 (2022) Kat:3, Licht: 0","189170","3","7","0","08","16","4","","0","0","1","0","0"
"POINT (8.622062201000061 50.147298697000103)","Unfall 189173 (2022) Kat:2, Licht: 1","189173","2","6","4","08","21","2","","1","1","1","0","0"
"POINT (8.661020536000020 50.143831112000001)","Unfall 189174 (2022) Kat:3, Licht: 0","189174","3","5","0","08","13","4","","0","0","1","0","1"
"POINT (8.712759762000079 50.120772497000097)","Unfall 189181 (2022) Kat:3, Licht: 2","189181","3","7","0","08","23","3","","2","0","0","1","0"
"POINT (8.689612523000051 50.168188762000099)","Unfall 189182 (2022) Kat:3, Licht: 0","189182","3","1","9","07","17","6","","0","0","1","0","0"
"POINT (8.528688504000060 50.104434684000097)","Unfall 189183 (2022) Kat:2, Licht: 0","189183","2","2","4","08","16","3","","0","1","1","0","0"
"POINT (8.668469895000040 50.131448330000097)","Unfall 189186 (2022) Kat:3, Licht: 2","189186","3","3","5","08","04","1","","2","1","0","0","0"
"POINT (8.667224804000060 50.131672322000000)","Unfall 189189 (2022) Kat:3, Licht: 0","189189","3","3","5","08","17","2","","0","1","1","0","0"
"POINT (8.585317683000030 50.090255562999999)","Unfall 189196 (2022) Kat:3, Licht: 2","189196","3","3","5","07","00","6","","2","0","1","0","0"
"POINT (8.689377539000080 50.109551936999999)","Unfall 189206 (2022) Kat:3, Licht: 0","189206","3","2","4","08","14","7","","0","1","1","0","0"
"POINT (8.701672208000049 50.118255726000001)","Unfall 189211 (2022) Kat:3, Licht: 0","189211","3","2","5","07","19","2","","0","1","1","0","0"
"POINT (8.641371132000071 50.108278945000102)","Unfall 189213 (2022) Kat:3, Licht: 0","189213","3","6","0","07","17","5","","0","0","0","0","1"
"POINT (8.719527676000039 50.123090116000100)","Unfall 189225 (2022) Kat:3, Licht: 0","189225","3","2","5","07","18","4","","0","1","1","0","0"
"POINT (8.671005990000030 50.116913003999997)","Unfall 189226 (2022) Kat:3, Licht: 0","189226","3","7","5","07","11","4","","0","0","1","0","0"
"POINT (8.629180707000049 50.084523628000099)","Unfall 189228 (2022) Kat:3, Licht: 0","189228","3","2","5","07","14","2","","0","0","1","0","0"
"POINT (8.676577297000049 50.106675138000099)","Unfall 189230 (2022) Kat:3, Licht: 0","189230","3","6","3","08","08","3","","0","1","0","0","0"
"POINT (8.674253234000050 50.165989422999999)","Unfall 189231 (2022) Kat:3, Licht: 0","189231","3","7","6","07","12","7","","0","1","0","1","0"
"POINT (8.665505031000070 50.106729272999999)","Unfall 189239 (2022) Kat:3, Licht: 0","189239","3","2","5","07","12","1","","0","1","0","0","0"
"POINT (8.681838059000031 50.125212056000102)","Unfall 189246 (2022) Kat:3, Licht: 0","189246","3","3","5","07","08","3","","0","1","1","0","0"
"POINT (8.584580938000039 50.123698607999998)","Unfall 189247 (2022) Kat:3, Licht: 0","189247","3","3","5","08","17","4","","0","1","1","0","0"
"POINT (8.667444722000029 50.137345418000102)","Unfall 189255 (2022) Kat:3, Licht: 0","189255","3","1","8","07","11","4","","0","1","0","0","0"
"POINT (8.566497727000071 50.101304372000101)","Unfall 189257 (2022) Kat:3, Licht: 0","189257","3","4","6","07","10","6","","0","0","1","1","0"
"POINT (8.708268582000070 50.126534643000099)","Unfall 189259 (2022) Kat:3, Licht: 0","189259","3","6","4","07","17","5","","0","1","0","0","0"
"POINT (8.630310464000051 50.179548258000104)","Unfall 189265 (2022) Kat:3, Licht: 0","189265","3","3","5","07","19","2","","0","1","0","0","0"
"POINT (8.649028592000040 50.087090099000100)","Unfall 189267 (2022) Kat:3, Licht: 2","189267","3","2","2","07","21","5","","2","0","1","0","1"
"POINT (8.671775355000021 50.113384170000103)","Unfall 189271 (2022) Kat:3, Licht: 0","189271","3","2","5","08","08","3","","0","1","1","0","0"
"POINT (8.682775670000069 50.149721531000097)","Unfall 189274 (2022) Kat:3, Licht: 0","189274","3","6","2","07","10","5","","0","0","1","0","0"
"POINT (8.677936847000071 50.140742254000003)","Unfall 189276 (2022) Kat:3, Licht: 0","189276","3","7","2","07","08","3","","0","1","0","0","0"
"POINT (8.667271075000031 50.110867667000001)","Unfall 189278 (2022) Kat:3, Licht: 0","189278","3","3","5","07","15","1","","0","1","1","0","0"
"POINT (8.607030980000051 50.095239581999998)","Unfall 189289 (2022) Kat:3, Licht: 0","189289","3","2","5","07","12","6","","0","0","1","0","0"
"POINT (8.673164913000051 50.107555928000103)","Unfall 189290 (2022) Kat:3, Licht: 2","189290","3","6","2","08","03","2","","2","0","1","0","0"
"POINT (8.671425595000070 50.089331948000101)","Unfall 189299 (2022) Kat:2, Licht: 0","189299","2","1","0","07","16","5","","0","0","0","0","0"
"POINT (8.602205829000070 50.095211921000001)","Unfall 189303 (2022) Kat:3, Licht: 0","189303","3","3","5","07","18","1","","0","0","1","0","0"
"POINT (8.604544640000030 50.101126059000102)","Unfall 189308 (2022) Kat:3, Licht: 0","189308","3","7","6","07","07","4","","0","0","1","1","0"
"POINT (8.726792382000040 50.098255401000102)","Unfall 189316 (2022) Kat:3, Licht: 0","189316","3","7","6","07","17","1","","0","0","1","1","0"
"POINT (8.643648811000050 50.112802993999999)","Unfall 189321 (2022) Kat:3, Licht: 0","189321","3","2","5","07","15","4","","0","0","1","0","1"
"POINT (8.702159715000050 50.145956458000100)","Unfall 189340 (2022) Kat:2, Licht: 0","189340","2","6","3","07","18","7","","0","1","0","0","0"
"POINT (8.624850990000031 50.094873147000001)","Unfall 189343 (2022) Kat:3, Licht: 2","189343","3","7","1","08","00","3","","2","0","1","0","1"
"POINT (8.700080200000061 50.155833464000096)","Unfall 189346 (2022) Kat:3, Licht: 1","189346","3","3","5","08","06","6","","1","0","1","0","0"
"POINT (8.671233266000060 50.086100592000001)","Unfall 189350 (2022) Kat:2, Licht: 0","189350","2","1","0","08","18","5","","0","1","0","0","0"
"POINT (8.670029486000031 50.114096709000101)","Unfall 189355 (2022) Kat:3, Licht: 0","189355","3","3","3","07","19","6","","0","1","1","0","0"
"POINT (8.673403788000030 50.121345806000100)","Unfall 189366 (2022) Kat:3, Licht: 0","189366","3","3","5","07","13","4","","0","1","1","0","0"
"POINT (8.686218017000041 50.115897291000103)","Unfall 189377 (2022) Kat:3, Licht: 0","189377","3","7","0","07","16","7","","0","0","1","1","0"
"POINT (8.672711443000029 50.114875158000103)","Unfall 189378 (2022) Kat:3, Licht: 2","189378","3","4","6","08","02","7","","2","0","1","1","0"
"POINT (8.634038271000071 50.099065524000103)","Unfall 189379 (2022) Kat:3, Licht: 0","189379","3","2","3","07","10","5","","0","1","1","0","0"
"POINT (8.676270866000040 50.118056326999998)","Unfall 189384 (2022) Kat:3, Licht: 0","189384","3","1","8","08","14","7","","0","0","1","0","0"
"POINT (8.710299187000031 50.127764973000097)","Unfall 189387 (2022) Kat:3, Licht: 0","189387","3","6","4","07","15","5","","0","1","1","0","0"
"POINT (8.652783264000050 50.092558576999998)","Unfall 189390 (2022) Kat:2, Licht: 0","189390","2","2","5","08","17","6","","0","0","1","0","1"
"POINT (8.686473979000031 50.081562271000102)","Unfall 189394 (2022) Kat:3, Licht: 0","189394","3","7","1","08","12","5","","0","0","1","0","0"
"POINT (8.669086294000071 50.109994569000001)","Unfall 189407 (2022) Kat:3, Licht: 0","189407","3","7","1","07","14","7","","0","1","1","0","0"
"POINT (8.683307498000030 50.114146220000102)","Unfall 189409 (2022) Kat:3, Licht: 0","189409","3","5","1","07","19","3","","0","1","1","0","0"
"POINT (8.625706494000040 50.100113103000098)","Unfall 189413 (2022) Kat:3, Licht: 0","189413","3","4","0","07","19","4","","0","0","0","1","1"
"POINT (8.692109352000051 50.127495168000102)","Unfall 189416 (2022) Kat:2, Licht: 1","189416","2","3","5","07","20","4","","1","0","1","0","0"
"POINT (8.709854105000030 50.109478084000003)","Unfall 189419 (2022) Kat:3, Licht: 0","189419","3","3","5","08","11","3","","0","0","1","0","0"
"POINT (8.693989466000060 50.132080581000103)","Unfall 189423 (2022) Kat:2, Licht: 0","189423","2","7","0","07","19","5","","0","0","1","0","1"
"POINT (8.625366947000030 50.182380938000101)","Unfall 189431 (2022) Kat:3, Licht: 0","189431","3","4","6","08","12","3","","0","0","1","1","0"
"POINT (8.605636912000019 50.054792684000098)","Unfall 189432 (2022) Kat:2, Licht: 0","189432","2","1","9","07","14","2","","0","0","0","0","1"
"POINT (8.646814575000059 50.055815269999997)","Unfall 189441 (2022) Kat:3, Licht: 0","189441","3","6","2","08","08","3","","0","0","1","0","0"
"POINT (8.633589263000029 50.098862549000003)","Unfall 189446 (2022) Kat:3, Licht: 2","189446","3","3","5","08","02","5","","2","1","1","0","0"
"POINT (8.697540827000070 50.128382133999999)","Unfall 189447 (2022) Kat:3, Licht: 0","189447","3","7","0","07","19","1","","0","0","0","0","1"
"POINT (8.678652132000019 50.104200253000002)","Unfall 189454 (2022) Kat:3, Licht: 2","189454","3","6","2","07","01","2","","2","0","1","0","0"
"POINT (8.687765120000050 50.159498730000102)","Unfall 189461 (2022) Kat:3, Licht: 0","189461","3","7","6","08","16","5","","0","0","0","1","0"
"POINT (8.652929784000040 50.139953020000100)","Unfall 189463 (2022) Kat:2, Licht: 0","189463","2","3","5","07","13","3","","0","0","1","0","0"
"POINT (8.689060437000020 50.159668938000003)","Unfall 189477 (2022) Kat:3, Licht: 0","189477","3","3","0","07","18","1","","0","1","0","0","0"
"POINT (8.662012768000070 50.091018927999997)","Unfall 189482 (2022) Kat:3, Licht: 0","189482","3","3","5","07","16","6","","0","0","1","0","0"
"POINT (8.624409054000070 50.130107275999997)","Unfall 189486 (2022) Kat:3, Licht: 1","189486","3","7","1","07","20","2","","1","1","1","0","0"
"POINT (8.708793060000060 50.110048818999999)","Unfall 189500 (2022) Kat:3, Licht: 2","189500","3","7","0","08","22","1","","2","0","0","0","1"
"POINT (8.707220357000040 50.127444804000000)","Unfall 189506 (2022) Kat:3, Licht: 2","189506","3","1","1","07","23","6","","2","0","1","0","0"
"POINT (8.686254588000050 50.114074833000103)","Unfall 189512 (2022) Kat:3, Licht: 0","189512","3","7","6","08","16","7","","0","0","1","1","0"
"POINT (8.676077693000019 50.116214249999999)","Unfall 189517 (2022) Kat:3, Licht: 0","189517","3","6","3","07","11","5","","0","0","1","0","1"
"POINT (8.547233538000061 50.100526006000102)","Unfall 189519 (2022) Kat:3, Licht: 0","189519","3","3","5","08","16","3","","0","1","1","0","0"
"POINT (8.630617606000040 50.152556284000099)","Unfall 189531 (2022) Kat:1, Licht: 0","189531","1","3","5","08","10","1","","0","1","1","0","0"
"POINT (8.703479093000061 50.203959440000098)","Unfall 189532 (2022) Kat:3, Licht: 2","189532","3","6","9","07","22","5","","2","1","1","0","0"
"POINT (8.670999822000059 50.116639462000101)","Unfall 189534 (2022) Kat:3, Licht: 0","189534","3","6","2","08","17","4","","0","0","1","0","1"
"POINT (8.635438392000029 50.108233486000103)","Unfall 189536 (2022) Kat:3, Licht: 0","189536","3","1","0","07","21","7","","0","1","0","0","0"
"POINT (8.695451873000019 50.115756749000099)","Unfall 189541 (2022) Kat:3, Licht: 0","189541","3","6","3","07","08","4","","0","1","1","0","0"
"POINT (8.696277861000061 50.128203806000002)","Unfall 189558 (2022) Kat:3, Licht: 0","189558","3","7","3","08","17","7","","0","1","1","0","0"
"POINT (8.684872894000019 50.114870563000103)","Unfall 189559 (2022) Kat:3, Licht: 2","189559","3","1","6","07","02","7","","2","0","0","1","0"
"POINT (8.691844531000070 50.125419045000100)","Unfall 189561 (2022) Kat:3, Licht: 1","189561","3","3","5","08","21","3","","1","0","1","0","1"
"POINT (8.698085412000070 50.115412408000097)","Unfall 189576 (2022) Kat:3, Licht: 0","189576","3","3","5","07","18","1","","0","0","1","0","1"
"POINT (8.675990320000039 50.202294686000101)","Unfall 189595 (2022) Kat:3, Licht: 0","189595","3","6","4","08","19","4","","0","1","1","0","0"
"POINT (8.685849443000050 50.118089431000001)","Unfall 189601 (2022) Kat:3, Licht: 2","189601","3","1","0","10","19","2","","2","0","1","1","0"
"POINT (8.683239941000069 50.098917595000003)","Unfall 189602 (2022) Kat:3, Licht: 0","189602","3","7","0","09","16","7","","0","1","0","0","0"
"POINT (8.691792592000070 50.143716101000102)","Unfall 189606 (2022) Kat:2, Licht: 0","189606","2","6","1","10","18","7","","0","0","1","0","0"
"POINT (8.740235298000069 50.143948123000001)","Unfall 189608 (2022) Kat:3, Licht: 1","189608","3","7","4","10","18","5","","1","1","1","0","0"
"POINT (8.610020920000069 50.124791580000100)","Unfall 189616 (2022) Kat:3, Licht: 0","189616","3","4","6","10","17","6","","0","0","1","1","0"
"POINT (8.694269178000070 50.121131400000102)","Unfall 189624 (2022) Kat:3, Licht: 0","189624","3","2","5","08","07","4","","0","1","1","0","1"
"POINT (8.653941012000081 50.075828914000098)","Unfall 189640 (2022) Kat:3, Licht: 0","189640","3","6","2","09","14","4","","0","0","0","0","0"
"POINT (8.667688290000060 50.123264190999997)","Unfall 189642 (2022) Kat:3, Licht: 0","189642","3","3","5","09","14","4","","0","1","1","0","0"
"POINT (8.637559822000069 50.172038557000100)","Unfall 189644 (2022) Kat:3, Licht: 0","189644","3","6","2","09","16","7","","0","0","1","0","0"
"POINT (8.689171634000051 50.114777453000002)","Unfall 189653 (2022) Kat:3, Licht: 2","189653","3","3","5","10","07","6","","2","1","1","0","0"
"POINT (8.640120841000050 50.160783767000098)","Unfall 189654 (2022) Kat:3, Licht: 2","189654","3","7","0","10","21","6","","2","1","1","0","0"
"POINT (8.691796882000061 50.117991095000001)","Unfall 189657 (2022) Kat:3, Licht: 2","189657","3","6","2","09","20","7","","2","0","1","0","1"
"POINT (8.671200612000060 50.108171040999999)","Unfall 189659 (2022) Kat:3, Licht: 2","189659","3","5","1","09","20","7","","2","0","1","0","0"
"POINT (8.668685080000049 50.138240449000101)","Unfall 189662 (2022) Kat:3, Licht: 2","189662","3","2","5","10","18","2","","2","1","0","0","0"
"POINT (8.723098635000040 50.102642772000102)","Unfall 189666 (2022) Kat:3, Licht: 0","189666","3","1","8","09","11","7","","0","0","0","0","1"
"POINT (8.696630064000029 50.122394970000101)","Unfall 189668 (2022) Kat:3, Licht: 0","189668","3","3","5","10","16","7","","0","1","0","0","0"
"POINT (8.685988467000071 50.125765264999998)","Unfall 189671 (2022) Kat:3, Licht: 0","189671","3","6","3","10","13","7","","0","1","1","0","0"
"POINT (8.665867068000070 50.131360493000003)","Unfall 189673 (2022) Kat:3, Licht: 0","189673","3","3","5","10","07","6","","0","1","1","0","0"
"POINT (8.670421067000060 50.121573173000101)","Unfall 189675 (2022) Kat:3, Licht: 1","189675","3","2","2","10","17","4","","1","0","1","0","0"
"POINT (8.527566405000069 50.038444255000101)","Unfall 189677 (2022) Kat:3, Licht: 0","189677","3","3","5","09","14","3","","0","0","1","0","0"
"POINT (8.647191104000060 50.104287253000102)","Unfall 189678 (2022) Kat:3, Licht: 0","189678","3","2","4","10","15","7","","0","1","1","0","0"
"POINT (8.644994144000069 50.126235160000100)","Unfall 189679 (2022) Kat:3, Licht: 2","189679","3","3","5","10","18","6","","2","1","0","0","0"
"POINT (8.691316918000039 50.154726728000099)","Unfall 189688 (2022) Kat:3, Licht: 2","189688","3","2","4","09","22","1","","2","0","1","0","1"
"POINT (8.711242361000069 50.105991571000096)","Unfall 189695 (2022) Kat:3, Licht: 1","189695","3","6","2","09","18","3","","1","1","0","0","1"
"POINT (8.635620132000041 50.104134229000103)","Unfall 189696 (2022) Kat:3, Licht: 0","189696","3","4","6","09","09","5","","0","0","0","1","1"
"POINT (8.643605087000029 50.145497118999998)","Unfall 189698 (2022) Kat:2, Licht: 0","189698","2","7","1","10","15","1","","0","1","1","0","0"
"POINT (8.655427695000069 50.136172261000098)","Unfall 189699 (2022) Kat:3, Licht: 0","189699","3","3","5","09","13","4","","0","1","1","0","0"
"POINT (8.665684314000030 50.198618692000103)","Unfall 189700 (2022) Kat:3, Licht: 0","189700","3","3","5","10","07","6","","0","1","1","0","0"
"POINT (8.586492992000050 50.057887380000103)","Unfall 189702 (2022) Kat:3, Licht: 2","189702","3","3","5","10","19","3","","2","0","1","0","0"
"POINT (8.678427054000050 50.112859256000000)","Unfall 189703 (2022) Kat:3, Licht: 0","189703","3","7","6","09","12","2","","0","0","1","1","0"
"POINT (8.670140784000070 50.135939171000103)","Unfall 189704 (2022) Kat:3, Licht: 2","189704","3","2","5","10","19","2","","2","1","1","0","0"
"POINT (8.642311392000069 50.116896472000100)","Unfall 189709 (2022) Kat:3, Licht: 0","189709","3","2","5","09","18","6","","0","0","1","0","0"
"POINT (8.721437936000029 50.115893066000098)","Unfall 189710 (2022) Kat:3, Licht: 2","189710","3","2","5","09","19","3","","2","0","1","0","1"
"POINT (8.494410004000031 50.094473800999999)","Unfall 189722 (2022) Kat:3, Licht: 0","189722","3","3","5","09","16","2","","0","0","1","0","1"
"POINT (8.645459792000050 50.117663274000101)","Unfall 189725 (2022) Kat:3, Licht: 0","189725","3","7","3","10","16","4","","0","0","1","0","1"
"POINT (8.657448224000060 50.105751642000001)","Unfall 189730 (2022) Kat:3, Licht: 0","189730","3","6","4","10","16","3","","0","1","0","0","0"
"POINT (8.629613548000069 50.165026909000098)","Unfall 189738 (2022) Kat:2, Licht: 0","189738","2","1","1","10","07","6","","0","0","1","0","0"
"POINT (8.502880312000061 50.098927502000002)","Unfall 189744 (2022) Kat:3, Licht: 1","189744","3","6","3","09","20","5","","1","0","1","0","1"
"POINT (8.616998852000050 50.082887657000100)","Unfall 189748 (2022) Kat:2, Licht: 2","189748","2","7","0","08","02","3","","2","1","0","0","0"
"POINT (8.643696200000020 50.112729408000099)","Unfall 189749 (2022) Kat:3, Licht: 0","189749","3","2","4","10","08","3","","0","0","1","0","0"
"POINT (8.656919026000031 50.119714647000102)","Unfall 189750 (2022) Kat:3, Licht: 1","189750","3","7","0","10","18","2","","1","1","0","1","0"
"POINT (8.644610434000070 50.122309626000103)","Unfall 189752 (2022) Kat:3, Licht: 0","189752","3","5","1","09","09","4","","0","1","1","0","0"
"POINT (8.624594641000041 50.078115691999997)","Unfall 189754 (2022) Kat:3, Licht: 0","189754","3","2","5","10","13","1","","0","1","1","0","0"
"POINT (8.723614335000040 50.100937180000102)","Unfall 189756 (2022) Kat:3, Licht: 2","189756","3","6","2","10","21","7","","2","0","1","0","0"
"POINT (8.665466653000070 50.093151736000003)","Unfall 189761 (2022) Kat:3, Licht: 2","189761","3","7","3","10","19","7","","2","0","1","0","0"
"POINT (8.669406857000070 50.121859891000000)","Unfall 189769 (2022) Kat:3, Licht: 0","189769","3","5","0","09","09","5","","0","1","1","0","0"
"POINT (8.702608534000030 50.114498040000100)","Unfall 189771 (2022) Kat:3, Licht: 0","189771","3","2","5","09","17","7","","0","1","1","0","0"
"POINT (8.574614584000070 50.104436865000103)","Unfall 189773 (2022) Kat:2, Licht: 0","189773","2","7","6","09","16","5","","0","0","1","1","0"
"POINT (8.668449123000070 50.131705962000098)","Unfall 189774 (2022) Kat:3, Licht: 0","189774","3","2","3","10","15","3","","0","1","0","0","0"
"POINT (8.668170965000060 50.201664588000000)","Unfall 189778 (2022) Kat:3, Licht: 0","189778","3","2","4","10","18","4","","0","1","0","0","0"
"POINT (8.615803626000060 50.128701706000101)","Unfall 189783 (2022) Kat:3, Licht: 0","189783","3","6","2","09","12","5","","0","0","1","0","0"
"POINT (8.691961863000071 50.125424695000000)","Unfall 189786 (2022) Kat:2, Licht: 0","189786","2","3","5","09","15","1","","0","0","1","0","0"
"POINT (8.632370032000040 50.085952023000097)","Unfall 189787 (2022) Kat:3, Licht: 1","189787","3","5","1","10","07","4","","1","1","1","0","0"
"POINT (8.677622507000020 50.149791005000097)","Unfall 189800 (2022) Kat:3, Licht: 0","189800","3","6","3","10","17","6","","0","0","1","0","1"
"POINT (8.692119445000060 50.127565182000097)","Unfall 189802 (2022) Kat:3, Licht: 0","189802","3","3","5","10","14","3","","0","0","1","0","0"
"POINT (8.684664217000030 50.096297118999999)","Unfall 189807 (2022) Kat:3, Licht: 0","189807","3","5","1","09","07","4","","0","0","1","0","0"
"POINT (8.670207413000069 50.115564484000103)","Unfall 189809 (2022) Kat:3, Licht: 2","189809","3","7","0","09","04","7","","2","1","0","0","0"
"POINT (8.690247091000060 50.113551599000097)","Unfall 189819 (2022) Kat:3, Licht: 0","189819","3","3","5","10","13","1","","0","0","1","0","0"
"POINT (8.644884756000071 50.166328081000103)","Unfall 189820 (2022) Kat:3, Licht: 0","189820","3","6","4","09","18","5","","0","1","1","0","0"
"POINT (8.578919202000071 50.084423627000000)","Unfall 189827 (2022) Kat:2, Licht: 2","189827","2","2","5","09","06","6","","2","1","0","0","0"
"POINT (8.644672421000051 50.156775583000098)","Unfall 189831 (2022) Kat:3, Licht: 2","189831","3","3","5","09","06","2","","2","0","1","0","1"
"POINT (8.622427067000050 50.108068819000003)","Unfall 189851 (2022) Kat:3, Licht: 2","189851","3","2","6","10","05","7","","2","0","1","1","0"
"POINT (8.646618514000069 50.086805198000000)","Unfall 189856 (2022) Kat:3, Licht: 0","189856","3","5","1","10","13","6","","0","0","1","0","1"
"POINT (8.657937090000081 50.156025063000101)","Unfall 189858 (2022) Kat:3, Licht: 0","189858","3","2","2","10","16","3","","0","1","1","0","0"
"POINT (8.610209698000061 50.116071929999997)","Unfall 189861 (2022) Kat:3, Licht: 0","189861","3","1","0","10","14","7","","0","0","0","0","1"
"POINT (8.687908785000049 50.114814762000002)","Unfall 189865 (2022) Kat:2, Licht: 2","189865","2","3","5","10","06","6","","2","1","0","0","0"
"POINT (8.660944864000040 50.107626783000100)","Unfall 189867 (2022) Kat:3, Licht: 0","189867","3","2","2","09","17","5","","0","1","1","0","0"
"POINT (8.703695265000020 50.124102139000101)","Unfall 189872 (2022) Kat:3, Licht: 2","189872","3","6","4","10","21","5","","2","0","1","0","0"
"POINT (8.635188308000069 50.108310725000102)","Unfall 189873 (2022) Kat:3, Licht: 0","189873","3","2","6","08","13","2","","0","0","1","1","0"
"POINT (8.685758150000030 50.122278817000101)","Unfall 189882 (2022) Kat:3, Licht: 0","189882","3","6","0","09","12","1","","0","1","1","0","0"
"POINT (8.682425267000040 50.099676696000103)","Unfall 189883 (2022) Kat:3, Licht: 2","189883","3","1","0","09","22","5","","2","1","1","0","0"
"POINT (8.667519598000069 50.112598288000100)","Unfall 189887 (2022) Kat:3, Licht: 0","189887","3","5","1","10","06","4","","0","1","1","0","0"
"POINT (8.582676961000059 50.132709600000098)","Unfall 189892 (2022) Kat:3, Licht: 0","189892","3","6","2","09","15","6","","0","0","1","0","0"
"POINT (8.687712939000050 50.109689994000099)","Unfall 189896 (2022) Kat:3, Licht: 2","189896","3","6","2","09","02","1","","2","0","1","0","0"
"POINT (8.684746072000051 50.128222274999999)","Unfall 189902 (2022) Kat:3, Licht: 1","189902","3","6","2","10","18","5","","1","1","1","0","0"
"POINT (8.670774264000039 50.096174423999997)","Unfall 189904 (2022) Kat:3, Licht: 0","189904","3","2","5","09","18","4","","0","1","0","0","0"
"POINT (8.674726923000041 50.139885305000099)","Unfall 189905 (2022) Kat:3, Licht: 2","189905","3","1","0","10","22","6","","2","0","0","0","1"
"POINT (8.724280461000030 50.099250757999997)","Unfall 189906 (2022) Kat:3, Licht: 0","189906","3","5","1","09","15","6","","0","1","1","0","0"
"POINT (8.684955604000040 50.116602455000098)","Unfall 189907 (2022) Kat:3, Licht: 2","189907","3","5","1","10","05","2","","2","1","1","0","0"
"POINT (8.671508782000050 50.127155059000103)","Unfall 189914 (2022) Kat:3, Licht: 2","189914","3","2","3","10","21","7","","2","0","1","0","0"
"POINT (8.668537006000070 50.108417265000099)","Unfall 189915 (2022) Kat:3, Licht: 0","189915","3","5","1","10","15","4","","0","1","1","0","0"
"POINT (8.679537997000070 50.117969931000097)","Unfall 189917 (2022) Kat:3, Licht: 0","189917","3","6","4","08","08","4","","0","1","0","0","0"
"POINT (8.548145953000070 50.104690793000003)","Unfall 189922 (2022) Kat:3, Licht: 2","189922","3","3","5","09","20","5","","2","0","1","0","0"
"POINT (8.691561533000030 50.122701460000002)","Unfall 189927 (2022) Kat:3, Licht: 0","189927","3","4","6","10","10","3","","0","1","0","1","0"
"POINT (8.660006392000071 50.183461235999999)","Unfall 189932 (2022) Kat:3, Licht: 0","189932","3","3","5","10","11","1","","0","1","1","0","0"
"POINT (8.627549194000039 50.174751817000100)","Unfall 189937 (2022) Kat:3, Licht: 0","189937","3","2","3","09","18","2","","0","1","1","0","0"
"POINT (8.546839129000031 50.100906086000101)","Unfall 189953 (2022) Kat:3, Licht: 2","189953","3","3","5","10","05","3","","2","0","1","0","0"
"POINT (8.548342100000070 50.114685866000102)","Unfall 189955 (2022) Kat:3, Licht: 0","189955","3","2","0","10","09","2","","0","1","0","0","0"
"POINT (8.623868156000070 50.129179078999996)","Unfall 189961 (2022) Kat:3, Licht: 0","189961","3","2","3","10","11","6","","0","1","1","0","0"
"POINT (8.644929631000020 50.112787967000003)","Unfall 189968 (2022) Kat:3, Licht: 2","189968","3","6","4","10","21","4","","2","0","1","0","0"
"POINT (8.688762865000060 50.091345196000098)","Unfall 189969 (2022) Kat:3, Licht: 0","189969","3","3","5","09","13","2","","0","1","1","0","0"
"POINT (8.686038261000020 50.116845341000001)","Unfall 189976 (2022) Kat:3, Licht: 1","189976","3","3","0","09","19","4","","1","1","1","0","0"
"POINT (8.687788598000051 50.107471174000104)","Unfall 189981 (2022) Kat:3, Licht: 1","189981","3","7","0","09","20","7","","1","0","0","0","0"
"POINT (8.643760633000060 50.121107826000099)","Unfall 189985 (2022) Kat:3, Licht: 0","189985","3","1","0","10","17","2","","0","1","0","0","0"
"POINT (8.714994994000049 50.113657561000103)","Unfall 190012 (2022) Kat:3, Licht: 0","190012","3","3","5","09","19","2","","0","1","0","0","0"
"POINT (8.713462360000049 50.120239445999999)","Unfall 190017 (2022) Kat:2, Licht: 0","190017","2","2","5","09","11","4","","0","1","1","0","0"
"POINT (8.566981307000050 50.049925019000099)","Unfall 190023 (2022) Kat:3, Licht: 2","190023","3","7","0","09","22","7","","2","0","1","0","0"