WKT,Name,OBJECTID,UKATEGORIE,UTYP1,UART,UMONAT,USTUNDE,UWOCHENTAG,STRZUSTAND,ULICHTVERH,ISTRAD,ISTPKW,ISTFUSS,ISTKRAD
"POINT (8.666760608000059 50.107965524000100)","Unfall 190027 (2022) Kat:3, Licht: 2","190027","3","2","0","09","21","1","","2","0","1","0","0"
"POINT (8.622727742000050 50.151257664000099)","Unfall 190028 (2022) Kat:3, Licht: 0","190028","3","3","5","10","15","4","","0","1","1","0","0"
"POINT (8.646048211000050 50.123596581000101)","Unfall 190030 (2022) Kat:3, Licht: 0","190030","3","5","0","10","10","3","","0","1","1","0","0"
"POINT (8.664680665000050 50.138896367000001)","Unfall 190032 (2022) Kat:3, Licht: 0","190032","3","4","0","09","13","6","","0","0","1","1","0"
"POINT (8.631264905000020 50.168818852000101)","Unfall 190035 (2022) Kat:3, Licht: 0","190035","3","6","2","10","14","2","","0","0","1","0","0"
"POINT (8.685971096000060 50.100436740000099)","Unfall 190055 (2022) Kat:3, Licht: 0","190055","3","1","1","10","16","6","","0","1","1","0","0"
"POINT (8.544542361000030 50.081513523000098)","Unfall 190057 (2022) Kat:3, Licht: 0","190057","3","6","2","09","06","3","","0","0","1","0","0"
"POINT (8.669453120000069 50.108756997999997)","Unfall 190064 (2022) Kat:3, Licht: 0","190064","3","2","6","10","10","4","","0","0","1","1","0"
"POINT (8.687883301000060 50.109708253000100)","Unfall 190074 (2022) Kat:3, Licht: 0","190074","3","2","6","09","16","1","","0","0","1","1","0"
"POINT (8.700213663000060 50.121140998000001)","Unfall 190076 (2022) Kat:3, Licht: 0","190076","3","4","6","09","17","2","","0","1","0","1","0"
"POINT (8.690395183000019 50.120657306000098)","Unfall 190081 (2022) Kat:3, Licht: 0","190081","3","7","3","09","15","7","","0","0","1","0","0"
"POINT (8.708575772000071 50.131093352999997)","Unfall 190082 (2022) Kat:3, Licht: 0","190082","3","6","0","09","07","4","","0","1","1","0","0"
"POINT (8.649704858000060 50.113425612000100)","Unfall 190083 (2022) Kat:3, Licht: 2","190083","3","6","2","10","19","1","","2","0","1","0","0"
"POINT (8.587568762000050 50.057156029000097)","Unfall 190088 (2022) Kat:3, Licht: 2","190088","3","7","0","10","22","3","","2","0","0","0","1"
"POINT (8.764891121000060 50.159151989000101)","Unfall 190090 (2022) Kat:3, Licht: 0","190090","3","3","5","10","10","3","","0","0","1","0","1"
"POINT (8.642865587000070 50.128773348999999)","Unfall 190091 (2022) Kat:3, Licht: 0","190091","3","7","4","10","13","7","","0","1","1","0","0"
"POINT (8.686024850000020 50.100665575000100)","Unfall 190094 (2022) Kat:3, Licht: 0","190094","3","1","1","09","07","7","","0","1","1","0","0"
"POINT (8.644722344000060 50.108713127999998)","Unfall 190099 (2022) Kat:3, Licht: 2","190099","3","6","2","09","23","6","","2","0","1","0","0"
"POINT (8.541304950000040 50.109787210999997)","Unfall 190100 (2022) Kat:3, Licht: 1","190100","3","2","4","10","18","7","","1","1","1","0","0"
"POINT (8.666604366000060 50.108004833999999)","Unfall 190111 (2022) Kat:3, Licht: 2","190111","3","2","6","10","20","6","","2","0","1","1","0"
"POINT (8.687944185000051 50.142915227000103)","Unfall 190121 (2022) Kat:2, Licht: 0","190121","2","6","2","10","16","3","","0","0","1","0","0"
"POINT (8.627950225000060 50.096134979000098)","Unfall 190124 (2022) Kat:3, Licht: 0","190124","3","1","0","09","18","4","","0","0","0","0","0"
"POINT (8.630869151000070 50.156056581000001)","Unfall 190133 (2022) Kat:3, Licht: 2","190133","3","7","0","09","20","2","","2","0","1","0","1"
"POINT (8.662203185000070 50.110225131000000)","Unfall 190134 (2022) Kat:2, Licht: 2","190134","2","3","5","10","19","5","","2","0","1","0","0"
"POINT (8.694335267000040 50.105532965000101)","Unfall 190137 (2022) Kat:3, Licht: 0","190137","3","6","3","10","15","6","","0","0","1","0","0"
"POINT (8.748669676000080 50.154828985999998)","Unfall 190142 (2022) Kat:3, Licht: 2","190142","3","3","5","10","22","6","","2","0","1","0","0"
"POINT (8.606889368000051 50.096554389000097)","Unfall 190154 (2022) Kat:3, Licht: 0","190154","3","7","6","10","16","7","","0","1","0","1","0"
"POINT (8.657935715000059 50.104338815000098)","Unfall 190158 (2022) Kat:3, Licht: 0","190158","3","1","8","10","08","6","","0","0","1","0","0"
"POINT (8.702206677000049 50.125764834000101)","Unfall 190159 (2022) Kat:3, Licht: 0","190159","3","6","3","09","16","1","","0","1","1","0","0"
"POINT (8.679359370000039 50.111618778999997)","Unfall 190168 (2022) Kat:3, Licht: 0","190168","3","6","2","10","15","5","","0","0","1","0","0"
"POINT (8.675990496000050 50.169746561000103)","Unfall 190186 (2022) Kat:3, Licht: 0","190186","3","2","5","10","10","2","","0","0","1","0","0"
"POINT (8.690626416000040 50.120805693000101)","Unfall 190189 (2022) Kat:3, Licht: 0","190189","3","3","5","09","14","2","","0","1","0","0","0"
"POINT (8.693482950000030 50.119405738000097)","Unfall 190190 (2022) Kat:3, Licht: 1","190190","3","2","3","10","18","2","","1","1","1","0","0"
"POINT (8.671507259000069 50.087686463000097)","Unfall 190192 (2022) Kat:3, Licht: 0","190192","3","3","5","09","11","3","","0","0","1","0","0"
"POINT (8.622407992000030 50.156336658000001)","Unfall 190195 (2022) Kat:3, Licht: 0","190195","3","3","5","09","14","3","","0","0","1","0","1"
"POINT (8.754944643000041 50.144349066000103)","Unfall 190206 (2022) Kat:3, Licht: 0","190206","3","2","4","10","07","4","","0","1","0","0","1"
"POINT (8.646722597000061 50.127047360000098)","Unfall 190221 (2022) Kat:3, Licht: 2","190221","3","7","1","09","02","4","","2","1","1","0","0"
"POINT (8.635683227000071 50.114902315999998)","Unfall 190222 (2022) Kat:2, Licht: 0","190222","2","3","5","09","09","7","","0","0","1","0","0"
"POINT (8.670399764000020 50.114674052000098)","Unfall 190234 (2022) Kat:1, Licht: 0","190234","1","5","1","08","17","3","","0","1","1","0","0"
"POINT (8.696589362000051 50.129996679999998)","Unfall 190239 (2022) Kat:3, Licht: 0","190239","3","3","5","09","08","4","","0","1","1","0","0"
"POINT (8.663205357000040 50.101507481000098)","Unfall 190245 (2022) Kat:3, Licht: 0","190245","3","5","1","09","08","2","","0","1","1","0","0"
"POINT (8.655696891000050 50.077747975000101)","Unfall 190253 (2022) Kat:3, Licht: 2","190253","3","6","2","10","23","6","","2","0","1","0","0"
"POINT (8.631993600000040 50.117164223000003)","Unfall 190255 (2022) Kat:2, Licht: 2","190255","2","7","2","09","05","5","","2","0","1","0","0"
"POINT (8.640880500000041 50.139959312000002)","Unfall 190256 (2022) Kat:3, Licht: 0","190256","3","3","0","10","16","7","","0","1","1","0","0"
"POINT (8.617555479000030 50.166905769000003)","Unfall 190263 (2022) Kat:3, Licht: 1","190263","3","2","5","10","07","4","","1","1","1","0","0"
"POINT (8.662031633000030 50.091000704000102)","Unfall 190273 (2022) Kat:3, Licht: 0","190273","3","3","5","10","13","4","","0","1","1","0","0"
"POINT (8.718701841000041 50.203214834000100)","Unfall 190274 (2022) Kat:3, Licht: 0","190274","3","7","7","08","18","2","","0","1","0","0","0"
"POINT (8.681245304000070 50.123051154000102)","Unfall 190282 (2022) Kat:3, Licht: 2","190282","3","2","4","10","18","7","","2","1","1","0","0"
"POINT (8.621725202000050 50.107926491999997)","Unfall 190286 (2022) Kat:3, Licht: 2","190286","3","6","2","10","22","6","","2","0","1","0","0"
"POINT (8.605348989000049 50.093176631000098)","Unfall 190292 (2022) Kat:3, Licht: 0","190292","3","3","5","10","11","6","","0","0","0","0","0"
"POINT (8.670059093000020 50.114398972000103)","Unfall 190294 (2022) Kat:3, Licht: 0","190294","3","6","0","10","17","5","","0","0","1","0","0"
"POINT (8.707669167000059 50.126107123000097)","Unfall 190297 (2022) Kat:3, Licht: 0","190297","3","7","6","09","18","1","","0","0","0","1","0"
"POINT (8.630747488000051 50.177027327000097)","Unfall 190301 (2022) Kat:3, Licht: 2","190301","3","3","5","09","20","6","","2","1","1","0","0"
"POINT (8.639008746000060 50.083850788000099)","Unfall 190305 (2022) Kat:3, Licht: 0","190305","3","5","1","10","13","6","","0","1","1","0","0"
"POINT (8.655893529000020 50.079628791000097)","Unfall 190306 (2022) Kat:3, Licht: 2","190306","3","7","6","10","00","5","","2","1","0","1","0"
"POINT (8.649167225000040 50.124151769999997)","Unfall 190316 (2022) Kat:3, Licht: 0","190316","3","5","1","10","17","5","","0","0","1","0","0"
"POINT (8.636456749000050 50.088851949999999)","Unfall 190322 (2022) Kat:3, Licht: 2","190322","3","6","2","09","20","4","","2","0","1","0","0"
"POINT (8.688597688000071 50.114834590000001)","Unfall 190325 (2022) Kat:3, Licht: 0","190325","3","3","5","10","10","4","","0","1","1","0","0"
"POINT (8.504647934000049 50.101801484000099)","Unfall 190333 (2022) Kat:3, Licht: 0","190333","3","7","0","10","16","7","","0","0","1","0","0"
"POINT (8.659296782000069 50.152219936999998)","Unfall 190341 (2022) Kat:3, Licht: 0","190341","3","3","5","09","09","6","","0","1","1","0","0"
"POINT (8.652719699000039 50.196683945000103)","Unfall 190343 (2022) Kat:3, Licht: 1","190343","3","6","2","10","19","7","","1","0","1","0","0"
"POINT (8.675204484000060 50.110096778000099)","Unfall 190347 (2022) Kat:3, Licht: 0","190347","3","5","1","10","11","6","","0","0","1","0","0"
"POINT (8.641505114000040 50.118253447000001)","Unfall 190363 (2022) Kat:3, Licht: 2","190363","3","5","6","10","18","2","","2","0","1","1","0"
"POINT (8.629043431000071 50.077950493000102)","Unfall 190377 (2022) Kat:3, Licht: 0","190377","3","6","2","09","07","4","","0","0","1","0","0"
"POINT (8.587243353000080 50.108070736999998)","Unfall 190387 (2022) Kat:3, Licht: 0","190387","3","6","2","09","08","4","","0","0","1","0","1"
"POINT (8.605551869000070 50.112657247000101)","Unfall 190389 (2022) Kat:3, Licht: 2","190389","3","6","2","10","21","7","","2","0","1","0","0"
"POINT (8.685946817000060 50.112361368999998)","Unfall 190392 (2022) Kat:3, Licht: 0","190392","3","2","4","09","09","7","","0","1","1","0","0"
"POINT (8.685838785000040 50.117575562000098)","Unfall 190399 (2022) Kat:3, Licht: 2","190399","3","1","0","09","02","3","","2","1","0","0","0"
"POINT (8.762205455000069 50.114768482000002)","Unfall 190403 (2022) Kat:3, Licht: 0","190403","3","2","5","09","18","5","","0","0","1","0","0"
"POINT (8.651325067000069 50.122347968000000)","Unfall 190406 (2022) Kat:3, Licht: 0","190406","3","2","5","10","09","2","","0","1","1","0","0"
"POINT (8.561153896000061 50.126024039000100)","Unfall 190407 (2022) Kat:3, Licht: 0","190407","3","6","2","10","08","5","","0","0","1","0","0"
"POINT (8.666006659000059 50.111549463000102)","Unfall 190409 (2022) Kat:3, Licht: 0","190409","3","6","2","10","11","3","","0","0","1","0","0"
"POINT (8.594650406000030 50.055043025000003)","Unfall 190410 (2022) Kat:3, Licht: 0","190410","3","6","0","10","14","2","","0","0","1","0","0"
"POINT (8.671661958000071 50.112594859000097)","Unfall 190412 (2022) Kat:2, Licht: 0","190412","2","7","4","09","11","5","","0","1","0","0","0"
"POINT (8.701557606000049 50.128371579000003)","Unfall 190418 (2022) Kat:2, Licht: 2","190418","2","7","1","09","02","2","","2","0","1","0","0"
"POINT (8.624816058000020 50.129408435000101)","Unfall 190419 (2022) Kat:3, Licht: 0","190419","3","7","6","10","15","2","","0","0","0","1","0"
"POINT (8.631073149000031 50.160602392999998)","Unfall 190421 (2022) Kat:3, Licht: 0","190421","3","6","2","09","10","2","","0","1","1","0","0"
"POINT (8.683960020000031 50.117959346000099)","Unfall 190422 (2022) Kat:3, Licht: 1","190422","3","1","2","10","21","5","","1","0","1","0","1"
"POINT (8.668517072000039 50.120665989000003)","Unfall 190424 (2022) Kat:3, Licht: 0","190424","3","3","5","09","12","3","","0","1","1","0","0"
"POINT (8.656303779000041 50.106935487999998)","Unfall 190425 (2022) Kat:3, Licht: 0","190425","3","6","2","10","12","6","","0","0","1","0","0"
"POINT (8.643325205000050 50.166352302000099)","Unfall 190434 (2022) Kat:3, Licht: 0","190434","3","7","6","09","10","2","","0","0","1","1","0"
"POINT (8.568295243000019 50.050951941000100)","Unfall 190437 (2022) Kat:3, Licht: 0","190437","3","6","2","10","15","4","","0","0","1","0","0"
"POINT (8.602159394000070 50.093190116000102)","Unfall 190441 (2022) Kat:3, Licht: 0","190441","3","3","5","10","12","4","","0","0","1","0","0"
"POINT (8.687885840000041 50.112941073000101)","Unfall 190443 (2022) Kat:3, Licht: 0","190443","3","6","2","09","12","3","","0","0","1","0","0"
"POINT (8.676932725000031 50.111874919000101)","Unfall 190444 (2022) Kat:3, Licht: 0","190444","3","4","6","10","11","5","","0","0","0","1","1"
"POINT (8.717565069000051 50.119081598999998)","Unfall 190446 (2022) Kat:3, Licht: 2","190446","3","5","1","09","21","6","","2","1","1","0","0"
"POINT (8.645701518000070 50.164113702000101)","Unfall 190451 (2022) Kat:3, Licht: 0","190451","3","4","6","10","18","4","","0","0","1","1","0"
"POINT (8.683458883000069 50.114719669000102)","Unfall 190463 (2022) Kat:3, Licht: 0","190463","3","7","6","09","07","5","","0","1","0","1","0"
"POINT (8.636622395000069 50.109835375999999)","Unfall 190466 (2022) Kat:3, Licht: 0","190466","3","7","6","09","17","7","","0","0","1","1","0"
"POINT (8.698152618000050 50.139010784000000)","Unfall 190469 (2022) Kat:3, Licht: 0","190469","3","2","3","10","12","3","","0","0","1","0","0"
"POINT (8.748977911000051 50.121824937000000)","Unfall 190479 (2022) Kat:3, Licht: 0","190479","3","6","3","10","10","4","","0","0","1","0","0"
"POINT (8.669716859000060 50.107795455000002)","Unfall 190481 (2022) Kat:3, Licht: 2","190481","3","5","1","10","23","7","","2","0","1","0","0"
"POINT (8.676704806000030 50.111669505000101)","Unfall 190489 (2022) Kat:3, Licht: 0","190489","3","7","0","09","08","4","","0","0","0","1","0"
"POINT (8.656889022000030 50.095243355999997)","Unfall 190498 (2022) Kat:3, Licht: 0","190498","3","6","2","09","08","2","","0","0","1","0","1"
"POINT (8.699510518000070 50.122090738000097)","Unfall 190499 (2022) Kat:3, Licht: 2","190499","3","7","2","10","21","5","","2","0","1","0","1"
"POINT (8.687274395000030 50.110289176999999)","Unfall 190508 (2022) Kat:3, Licht: 0","190508","3","5","1","10","11","4","","0","1","1","0","0"
"POINT (8.672827933000059 50.117260547000100)","Unfall 190509 (2022) Kat:3, Licht: 0","190509","3","5","1","08","16","3","","0","0","1","0","0"
"POINT (8.683736217000050 50.098016659000102)","Unfall 190512 (2022) Kat:3, Licht: 0","190512","3","6","2","09","12","3","","0","0","1","0","0"
"POINT (8.643984201000020 50.104988370999997)","Unfall 190519 (2022) Kat:3, Licht: 2","190519","3","4","6","10","21","2","","2","0","0","1","1"
"POINT (8.643934597000049 50.125674099000001)","Unfall 190520 (2022) Kat:3, Licht: 0","190520","3","3","5","10","15","3","","0","1","1","0","0"
"POINT (8.671555724000029 50.127094278000101)","Unfall 190526 (2022) Kat:3, Licht: 0","190526","3","3","5","10","11","1","","0","0","1","0","0"
"POINT (8.679605547000049 50.117090359000002)","Unfall 190527 (2022) Kat:3, Licht: 0","190527","3","6","2","09","13","7","","0","0","1","0","0"
"POINT (8.582610204000050 50.083189836000003)","Unfall 190533 (2022) Kat:3, Licht: 0","190533","3","3","5","10","17","7","","0","0","1","0","0"
"POINT (8.769845061000071 50.118596052000001)","Unfall 190535 (2022) Kat:3, Licht: 0","190535","3","2","5","10","09","7","","0","1","1","0","0"
"POINT (8.672933657000041 50.111089302000003)","Unfall 190538 (2022) Kat:3, Licht: 0","190538","3","1","8","10","12","1","","0","0","0","0","1"
"POINT (8.687870830000071 50.098972812000099)","Unfall 190541 (2022) Kat:3, Licht: 0","190541","3","2","3","10","13","6","","0","0","1","0","0"
"POINT (8.688414277000049 50.117631293999999)","Unfall 190545 (2022) Kat:3, Licht: 0","190545","3","3","5","09","09","5","","0","0","1","0","0"
"POINT (8.660248327000030 50.160937069000099)","Unfall 190554 (2022) Kat:3, Licht: 0","190554","3","3","5","10","08","5","","0","0","1","0","0"
"POINT (8.630683724000050 50.132435516000001)","Unfall 190556 (2022) Kat:3, Licht: 0","190556","3","3","5","10","13","4","","0","0","0","0","1"
"POINT (8.643100365000070 50.116801471000002)","Unfall 190563 (2022) Kat:3, Licht: 0","190563","3","3","5","10","11","3","","0","0","1","0","0"
"POINT (8.568087970000020 50.100890032000102)","Unfall 190565 (2022) Kat:3, Licht: 0","190565","3","3","5","10","12","2","","0","0","1","0","0"
"POINT (8.681863944000041 50.125208940999997)","Unfall 190568 (2022) Kat:3, Licht: 2","190568","3","3","5","10","18","5","","2","1","1","0","0"
"POINT (8.552559672000029 50.106470042000097)","Unfall 190569 (2022) Kat:3, Licht: 0","190569","3","3","5","09","08","7","","0","0","1","0","0"
"POINT (8.685922960000029 50.092260357999997)","Unfall 190571 (2022) Kat:2, Licht: 0","190571","2","2","0","10","13","7","","0","1","0","0","0"
"POINT (8.620096629000050 50.167662100000001)","Unfall 190574 (2022) Kat:3, Licht: 2","190574","3","3","5","10","20","7","","2","0","1","0","0"
"POINT (8.679065898000029 50.103978214000101)","Unfall 190576 (2022) Kat:3, Licht: 1","190576","3","6","2","10","20","6","","1","0","1","0","0"
"POINT (8.723337197000030 50.145026646000098)","Unfall 190581 (2022) Kat:3, Licht: 0","190581","3","6","4","10","14","7","","0","1","1","0","0"
"POINT (8.586452553000070 50.057980991000100)","Unfall 190582 (2022) Kat:3, Licht: 2","190582","3","7","6","10","21","5","","2","0","1","1","0"
"POINT (8.656977855000040 50.158025598999998)","Unfall 190584 (2022) Kat:3, Licht: 0","190584","3","5","1","08","16","4","","0","0","1","0","0"
"POINT (8.681103298000041 50.101350707999998)","Unfall 190586 (2022) Kat:3, Licht: 0","190586","3","7","6","09","18","4","","0","0","0","1","0"
"POINT (8.689165336000030 50.114115997000098)","Unfall 190592 (2022) Kat:3, Licht: 1","190592","3","7","2","10","17","6","","1","0","1","0","1"
"POINT (8.674796211000061 50.109155267000098)","Unfall 190594 (2022) Kat:3, Licht: 0","190594","3","2","3","10","09","3","","0","1","0","0","0"
"POINT (8.671124327000030 50.135909493000000)","Unfall 190598 (2022) Kat:3, Licht: 1","190598","3","1","0","10","08","6","","1","0","0","0","1"
"POINT (8.677683920000050 50.109867405000003)","Unfall 190603 (2022) Kat:3, Licht: 0","190603","3","6","0","09","13","1","","0","0","0","0","1"
"POINT (8.644437197000061 50.108684515999997)","Unfall 190606 (2022) Kat:3, Licht: 1","190606","3","3","5","10","18","3","","1","0","1","0","0"
"POINT (8.680837481000029 50.119060828000002)","Unfall 190609 (2022) Kat:3, Licht: 0","190609","3","1","0","08","14","3","","0","0","0","0","1"
"POINT (8.691689796000050 50.098804524000101)","Unfall 190613 (2022) Kat:3, Licht: 0","190613","3","6","2","09","13","6","","0","0","1","0","0"
"POINT (8.681817418000040 50.109014412000100)","Unfall 190620 (2022) Kat:2, Licht: 0","190620","2","7","5","09","08","3","","0","1","0","0","0"
"POINT (8.681245888000030 50.112830295000002)","Unfall 190630 (2022) Kat:3, Licht: 2","190630","3","3","5","09","05","7","","2","0","0","0","0"
"POINT (8.684529784000061 50.119225114000102)","Unfall 190634 (2022) Kat:3, Licht: 0","190634","3","6","2","10","17","7","","0","0","1","0","0"
"POINT (8.679637129000071 50.109933933000001)","Unfall 190639 (2022) Kat:3, Licht: 0","190639","3","2","4","09","15","4","","0","1","1","0","0"
"POINT (8.692155597000070 50.126257859000098)","Unfall 190643 (2022) Kat:3, Licht: 1","190643","3","2","3","10","18","2","","1","1","1","0","0"
"POINT (8.620510579000040 50.161580484000098)","Unfall 190648 (2022) Kat:3, Licht: 0","190648","3","4","6","10","11","2","","0","0","1","1","0"
"POINT (8.682424967000030 50.135139430999999)","Unfall 190651 (2022) Kat:3, Licht: 0","190651","3","4","6","09","10","4","","0","0","1","1","0"
"POINT (8.638662314000040 50.104442927000001)","Unfall 190655 (2022) Kat:3, Licht: 0","190655","3","6","3","09","15","6","","0","0","1","0","0"
"POINT (8.669376005000061 50.121867606000102)","Unfall 190659 (2022) Kat:3, Licht: 0","190659","3","4","6","10","13","5","","0","0","1","1","0"
"POINT (8.546069357000020 50.114472555000098)","Unfall 190663 (2022) Kat:3, Licht: 0","190663","3","3","5","09","14","5","","0","1","1","0","0"
"POINT (8.634102690000081 50.159409045000103)","Unfall 190665 (2022) Kat:3, Licht: 0","190665","3","3","5","10","16","7","","0","0","1","0","0"
"POINT (8.633002375000050 50.155943998000097)","Unfall 190668 (2022) Kat:2, Licht: 0","190668","2","1","8","09","12","7","","0","0","0","0","1"
"POINT (8.642398910000050 50.118884909000002)","Unfall 190670 (2022) Kat:3, Licht: 0","190670","3","5","0","09","15","1","","0","0","1","0","0"
"POINT (8.607048360000020 50.096554753000099)","Unfall 190671 (2022) Kat:3, Licht: 1","190671","3","3","5","10","08","2","","1","0","1","0","1"
"POINT (8.581268103000070 50.082488225000098)","Unfall 190673 (2022) Kat:3, Licht: 0","190673","3","3","5","09","17","3","","0","1","1","0","0"
"POINT (8.692956956000049 50.185558383999997)","Unfall 190681 (2022) Kat:3, Licht: 2","190681","3","7","6","10","01","1","","2","0","1","1","0"
"POINT (8.538705294000071 50.102716691000097)","Unfall 190684 (2022) Kat:3, Licht: 2","190684","3","2","5","09","22","7","","2","1","0","0","0"
"POINT (8.671030356000070 50.115495893000102)","Unfall 190685 (2022) Kat:3, Licht: 1","190685","3","4","6","10","18","4","","1","0","0","1","0"
"POINT (8.701189869000070 50.116834863000101)","Unfall 190693 (2022) Kat:2, Licht: 2","190693","2","1","9","09","02","5","","2","0","1","0","1"
"POINT (8.639574799000060 50.189206952000099)","Unfall 190703 (2022) Kat:3, Licht: 0","190703","3","4","6","09","16","7","","0","0","1","1","0"
"POINT (8.645643842000030 50.081511465000098)","Unfall 190707 (2022) Kat:3, Licht: 0","190707","3","6","2","09","09","4","","0","1","1","0","0"
"POINT (8.644462356000080 50.117477269000098)","Unfall 190708 (2022) Kat:3, Licht: 0","190708","3","7","2","10","11","6","","0","0","0","0","1"
"POINT (8.617129320000060 50.086268420000103)","Unfall 190709 (2022) Kat:3, Licht: 0","190709","3","2","5","09","15","6","","0","0","1","0","1"
"POINT (8.617485632000070 50.107812373000101)","Unfall 190713 (2022) Kat:2, Licht: 0","190713","2","3","5","09","09","7","","0","1","1","0","0"
"POINT (8.749370628000070 50.132383542000099)","Unfall 190714 (2022) Kat:3, Licht: 0","190714","3","7","5","10","07","5","","0","1","1","0","0"
"POINT (8.687812280000060 50.109566750000099)","Unfall 190719 (2022) Kat:3, Licht: 1","190719","3","2","0","10","06","6","","1","1","1","0","0"
"POINT (8.691739716000029 50.123157321000100)","Unfall 190720 (2022) Kat:3, Licht: 0","190720","3","2","4","09","15","5","","0","0","1","0","1"
"POINT (8.695670743000051 50.120221276000102)","Unfall 190721 (2022) Kat:3, Licht: 2","190721","3","3","5","09","22","6","","2","0","1","0","0"
"POINT (8.667759111000070 50.139629819000000)","Unfall 190726 (2022) Kat:3, Licht: 0","190726","3","7","1","09","11","2","","0","0","1","0","0"
"POINT (8.596295930000050 50.134015260000098)","Unfall 190741 (2022) Kat:2, Licht: 0","190741","2","6","2","10","15","4","","0","0","1","0","1"
"POINT (8.618453267000060 50.102222302000001)","Unfall 190746 (2022) Kat:3, Licht: 0","190746","3","3","5","08","11","3","","0","0","1","0","0"
"POINT (8.670690184000019 50.110447762000000)","Unfall 190749 (2022) Kat:3, Licht: 0","190749","3","1","0","09","11","6","","0","1","0","0","0"
"POINT (8.644336366000060 50.083697715000000)","Unfall 190752 (2022) Kat:3, Licht: 0","190752","3","2","5","10","18","4","","0","0","1","0","0"
"POINT (8.537736284000060 50.104712722999999)","Unfall 190753 (2022) Kat:3, Licht: 0","190753","3","6","3","08","16","2","","0","1","1","0","0"
"POINT (8.657635022000020 50.119551684000001)","Unfall 190757 (2022) Kat:3, Licht: 0","190757","3","5","5","09","14","5","","0","1","1","0","0"
"POINT (8.692171434000040 50.115297841000000)","Unfall 190770 (2022) Kat:3, Licht: 0","190770","3","7","0","10","12","6","","0","1","0","0","0"
"POINT (8.677933342000070 50.103553008000098)","Unfall 190772 (2022) Kat:3, Licht: 1","190772","3","7","5","09","19","3","","1","0","1","0","0"
"POINT (8.632601320000051 50.105560531999998)","Unfall 190773 (2022) Kat:3, Licht: 2","190773","3","2","4","10","06","6","","2","1","1","0","0"
"POINT (8.611262903000069 50.080728830000098)","Unfall 190777 (2022) Kat:2, Licht: 0","190777","2","6","3","09","13","5","","0","1","1","0","0"
"POINT (8.657160004000049 50.119659800000100)","Unfall 190778 (2022) Kat:3, Licht: 0","190778","3","6","4","09","16","2","","0","1","0","0","0"
"POINT (8.695213304000051 50.127771002000003)","Unfall 190787 (2022) Kat:3, Licht: 0","190787","3","6","2","12","11","7","","0","0","1","0","0"
"POINT (8.640886231000019 50.119792236000102)","Unfall 190788 (2022) Kat:3, Licht: 0","190788","3","3","5","12","11","1","","0","0","1","0","0"
"POINT (8.718608823000070 50.127911222000101)","Unfall 190801 (2022) Kat:3, Licht: 0","190801","3","3","5","12","09","6","","0","1","1","0","0"
"POINT (8.704473802000050 50.124474907000000)","Unfall 190804 (2022) Kat:3, Licht: 0","190804","3","4","6","11","14","4","","0","1","0","1","0"
"POINT (8.657495522000030 50.156086152999997)","Unfall 190806 (2022) Kat:3, Licht: 0","190806","3","3","0","11","09","5","","0","0","1","0","0"
"POINT (8.772026401000060 50.120048322000102)","Unfall 190824 (2022) Kat:3, Licht: 2","190824","3","4","6","11","23","3","","2","0","1","1","0"
"POINT (8.574339130000061 50.051829656000102)","Unfall 190829 (2022) Kat:3, Licht: 0","190829","3","7","0","11","15","5","","0","0","0","0","0"
"POINT (8.679414609000050 50.111905892000003)","Unfall 190831 (2022) Kat:2, Licht: 2","190831","2","1","0","11","03","7","","2","0","0","0","1"
"POINT (8.642386407000060 50.086499486000001)","Unfall 190845 (2022) Kat:3, Licht: 2","190845","3","6","2","12","16","3","","2","0","1","0","0"
"POINT (8.694231944000020 50.109497272000098)","Unfall 190847 (2022) Kat:3, Licht: 0","190847","3","6","2","11","13","3","","0","0","1","0","0"
"POINT (8.637398826000039 50.104100225000103)","Unfall 190857 (2022) Kat:3, Licht: 2","190857","3","3","5","11","16","7","","2","0","1","0","0"
"POINT (8.626906246000029 50.107642621000103)","Unfall 190863 (2022) Kat:3, Licht: 0","190863","3","2","4","11","11","7","","0","1","1","0","0"
"POINT (8.647311994000059 50.118649369000103)","Unfall 190876 (2022) Kat:3, Licht: 2","190876","3","5","1","11","20","7","","2","1","1","0","0"
"POINT (8.682265825000060 50.099878591000000)","Unfall 190879 (2022) Kat:2, Licht: 2","190879","2","2","6","11","01","7","","2","0","1","1","0"
"POINT (8.662522945000029 50.113111762000102)","Unfall 190881 (2022) Kat:3, Licht: 2","190881","3","3","5","11","17","3","","2","1","0","0","0"
"POINT (8.666969647000030 50.107100026000097)","Unfall 190894 (2022) Kat:2, Licht: 2","190894","2","6","6","11","00","7","","2","0","1","1","0"
"POINT (8.652613274000030 50.121881909000102)","Unfall 190896 (2022) Kat:3, Licht: 2","190896","3","7","2","11","20","4","","2","0","1","0","0"
"POINT (8.657161958000071 50.110812086000102)","Unfall 190906 (2022) Kat:3, Licht: 2","190906","3","2","3","12","18","5","","2","1","1","0","0"