WKT,Name,OBJECTID,UKATEGORIE,UTYP1,UART,UMONAT,USTUNDE,UWOCHENTAG,STRZUSTAND,ULICHTVERH,ISTRAD,ISTPKW,ISTFUSS,ISTKRAD
"POINT (8.633919800000060 50.099579556999998)","Unfall 190909 (2022) Kat:3, Licht: 0","190909","3","7","0","12","11","3","","0","0","0","0","1"
"POINT (8.690115314000019 50.160250122000001)","Unfall 190916 (2022) Kat:3, Licht: 2","190916","3","3","5","11","17","2","","2","1","1","0","0"
"POINT (8.614148874000019 50.114214646000100)","Unfall 190921 (2022) Kat:3, Licht: 2","190921","3","3","5","11","01","3","","2","0","1","0","0"
"POINT (8.677804623000039 50.116624622000103)","Unfall 190926 (2022) Kat:3, Licht: 0","190926","3","6","3","11","12","6","","0","1","1","0","0"
"POINT (8.663777784000050 50.109509271000000)","Unfall 190933 (2022) Kat:3, Licht: 0","190933","3","2","3","12","13","1","","0","0","1","0","0"
"POINT (8.675082599000060 50.108717427999999)","Unfall 190934 (2022) Kat:3, Licht: 2","190934","3","2","4","11","20","2","","2","0","1","0","0"
"POINT (8.641483919000050 50.141048655000098)","Unfall 190935 (2022) Kat:3, Licht: 2","190935","3","7","0","12","00","7","","2","1","0","0","0"
"POINT (8.671266013000039 50.105177245000000)","Unfall 190936 (2022) Kat:3, Licht: 1","190936","3","6","3","11","16","5","","1","1","1","0","0"
"POINT (8.695097540000059 50.122552493999997)","Unfall 190941 (2022) Kat:3, Licht: 0","190941","3","3","5","11","14","2","","0","1","1","0","0"
"POINT (8.599656526000050 50.111270247999997)","Unfall 190957 (2022) Kat:3, Licht: 0","190957","3","6","2","12","14","6","","0","0","1","0","0"
"POINT (8.675748863000020 50.140175774000099)","Unfall 190958 (2022) Kat:3, Licht: 0","190958","3","7","0","11","10","3","","0","1","0","0","0"
"POINT (8.652247671000049 50.110661286000003)","Unfall 190960 (2022) Kat:3, Licht: 2","190960","3","2","1","11","19","4","","2","0","1","0","1"
"POINT (8.582244654000020 50.106681000999998)","Unfall 190964 (2022) Kat:3, Licht: 1","190964","3","3","5","11","16","2","","1","0","1","0","1"
"POINT (8.691447870000051 50.120682404000000)","Unfall 190966 (2022) Kat:3, Licht: 0","190966","3","3","5","12","14","7","","0","0","1","0","0"
"POINT (8.688002351000019 50.117793805000098)","Unfall 190967 (2022) Kat:3, Licht: 2","190967","3","2","5","12","19","3","","2","1","0","0","0"
"POINT (8.682575113000039 50.114384063999999)","Unfall 190982 (2022) Kat:3, Licht: 2","190982","3","7","6","12","19","6","","2","0","1","1","0"
"POINT (8.670210639000061 50.122330750000103)","Unfall 190994 (2022) Kat:3, Licht: 0","190994","3","5","1","11","13","2","","0","1","1","0","0"
"POINT (8.589547962000040 50.085901999999997)","Unfall 190998 (2022) Kat:3, Licht: 2","190998","3","4","6","12","19","5","","2","0","1","1","0"
"POINT (8.692355170000040 50.121833080000002)","Unfall 191010 (2022) Kat:3, Licht: 2","191010","3","7","1","11","20","5","","2","1","1","0","0"
"POINT (8.758027330000060 50.133028178000103)","Unfall 191014 (2022) Kat:3, Licht: 0","191014","3","4","6","11","12","4","","0","0","0","1","0"
"POINT (8.680532125000070 50.122003931999998)","Unfall 191022 (2022) Kat:3, Licht: 0","191022","3","2","3","11","17","5","","0","1","1","0","0"
"POINT (8.662046043000030 50.108046913000102)","Unfall 191027 (2022) Kat:3, Licht: 2","191027","3","7","0","12","06","7","","2","0","1","1","0"
"POINT (8.657561258000040 50.196488981000101)","Unfall 191028 (2022) Kat:3, Licht: 0","191028","3","6","4","11","14","2","","0","0","1","0","0"
"POINT (8.668964816000029 50.107605048000003)","Unfall 191031 (2022) Kat:3, Licht: 0","191031","3","3","5","12","14","6","","0","0","0","0","0"
"POINT (8.708787408000029 50.126904716000098)","Unfall 191032 (2022) Kat:3, Licht: 0","191032","3","4","6","11","15","5","","0","1","0","1","0"
"POINT (8.665180604000060 50.111213335999999)","Unfall 191034 (2022) Kat:3, Licht: 0","191034","3","2","0","11","12","5","","0","1","1","0","0"
"POINT (8.697644109000070 50.115814270999998)","Unfall 191038 (2022) Kat:3, Licht: 2","191038","3","3","5","12","18","4","","2","1","1","0","0"
"POINT (8.663876340000060 50.091682261000102)","Unfall 191044 (2022) Kat:3, Licht: 0","191044","3","3","5","12","13","6","","0","1","1","0","0"
"POINT (8.677707470000030 50.112451443000097)","Unfall 191056 (2022) Kat:3, Licht: 0","191056","3","4","6","12","12","6","","0","1","0","1","0"
"POINT (8.661948594000020 50.118460773000002)","Unfall 191059 (2022) Kat:3, Licht: 2","191059","3","1","0","11","20","2","","2","1","0","0","0"
"POINT (8.607187371000069 50.095240498000102)","Unfall 191061 (2022) Kat:3, Licht: 2","191061","3","3","5","11","17","3","","2","0","1","0","0"
"POINT (8.761058490000041 50.134187628000099)","Unfall 191098 (2022) Kat:2, Licht: 0","191098","2","3","5","11","15","7","","0","1","1","0","0"
"POINT (8.659173606000021 50.160022232000102)","Unfall 191100 (2022) Kat:2, Licht: 2","191100","2","7","0","11","18","3","","2","1","0","0","0"
"POINT (8.585153801000050 50.135073249000101)","Unfall 191109 (2022) Kat:3, Licht: 0","191109","3","1","9","12","13","3","","0","0","0","0","1"
"POINT (8.636572943000029 50.087721682000101)","Unfall 191112 (2022) Kat:3, Licht: 0","191112","3","3","5","11","15","3","","0","1","1","0","0"
"POINT (8.692654360000059 50.132008984999999)","Unfall 191119 (2022) Kat:3, Licht: 2","191119","3","6","2","11","20","2","","2","0","1","0","0"
"POINT (8.688433562000061 50.117623885000100)","Unfall 191120 (2022) Kat:3, Licht: 1","191120","3","3","5","12","19","4","","1","1","1","0","0"
"POINT (8.658869605000060 50.107661350999997)","Unfall 191121 (2022) Kat:3, Licht: 0","191121","3","3","0","12","09","6","","0","0","1","0","0"
"POINT (8.651066520000031 50.082991786000001)","Unfall 191123 (2022) Kat:3, Licht: 0","191123","3","2","6","12","12","5","","0","0","1","1","0"
"POINT (8.642428612000060 50.108581858999997)","Unfall 191125 (2022) Kat:3, Licht: 0","191125","3","6","1","12","12","5","","0","0","1","0","0"
"POINT (8.678174140000070 50.112718496000099)","Unfall 191128 (2022) Kat:3, Licht: 0","191128","3","7","6","11","09","5","","0","1","0","1","0"
"POINT (8.644893642000060 50.160776165000101)","Unfall 191129 (2022) Kat:3, Licht: 0","191129","3","4","6","12","15","3","","0","0","1","1","0"
"POINT (8.674445696000021 50.139802845000098)","Unfall 191132 (2022) Kat:3, Licht: 0","191132","3","1","0","11","12","3","","0","1","0","0","0"
"POINT (8.672225109000070 50.131646621000101)","Unfall 191144 (2022) Kat:3, Licht: 2","191144","3","6","0","12","08","2","","2","0","0","0","1"
"POINT (8.670198675000050 50.122776703000099)","Unfall 191152 (2022) Kat:3, Licht: 2","191152","3","7","0","11","02","6","","2","0","0","0","0"
"POINT (8.575672788000080 50.125530603000101)","Unfall 191154 (2022) Kat:3, Licht: 1","191154","3","2","6","11","08","6","","1","0","1","1","0"
"POINT (8.682905639000071 50.127139593999999)","Unfall 191163 (2022) Kat:3, Licht: 0","191163","3","3","5","11","09","4","","0","1","1","0","0"
"POINT (8.647917850000059 50.142407510000098)","Unfall 191174 (2022) Kat:3, Licht: 2","191174","3","2","3","11","21","3","","2","1","1","0","0"
"POINT (8.692964750000041 50.164909271000099)","Unfall 191175 (2022) Kat:3, Licht: 0","191175","3","4","6","12","14","1","","0","0","1","1","0"
"POINT (8.717595710000070 50.105341142000000)","Unfall 191182 (2022) Kat:2, Licht: 2","191182","2","7","0","11","22","4","","2","1","0","0","0"
"POINT (8.630159632000071 50.176800413000102)","Unfall 191184 (2022) Kat:3, Licht: 2","191184","3","3","5","12","19","3","","2","0","0","0","0"
"POINT (8.752838612000060 50.149691919000098)","Unfall 191193 (2022) Kat:3, Licht: 0","191193","3","3","5","11","08","3","","0","0","1","0","0"
"POINT (8.662921291000030 50.115823466000101)","Unfall 191194 (2022) Kat:2, Licht: 0","191194","2","3","5","12","09","4","","0","0","1","0","0"
"POINT (8.703157050000071 50.127370413999998)","Unfall 191205 (2022) Kat:2, Licht: 2","191205","2","1","0","12","02","5","","2","1","0","0","0"
"POINT (8.623907915000069 50.081030108000000)","Unfall 191206 (2022) Kat:3, Licht: 0","191206","3","6","2","11","13","6","","0","0","1","0","0"
"POINT (8.630534894000050 50.177119027000103)","Unfall 191211 (2022) Kat:2, Licht: 2","191211","2","4","6","12","18","6","","2","0","0","1","0"
"POINT (8.675199713000040 50.110362367000100)","Unfall 191218 (2022) Kat:3, Licht: 0","191218","3","4","6","10","14","2","","0","0","1","1","0"
"POINT (8.684673011000029 50.097116683000102)","Unfall 191225 (2022) Kat:3, Licht: 0","191225","3","6","3","11","14","4","","0","1","0","0","0"
"POINT (8.710074628000029 50.125768844000000)","Unfall 191228 (2022) Kat:3, Licht: 2","191228","3","2","6","12","07","2","","2","0","1","1","0"
"POINT (8.590042066000020 50.132642009000101)","Unfall 191235 (2022) Kat:3, Licht: 1","191235","3","6","2","11","16","2","","1","0","1","0","0"
"POINT (8.686228666000030 50.142716008999997)","Unfall 191241 (2022) Kat:3, Licht: 2","191241","3","6","1","12","16","7","","2","0","1","0","0"
"POINT (8.714336865000060 50.127982944000102)","Unfall 191244 (2022) Kat:3, Licht: 0","191244","3","3","5","11","09","5","","0","1","1","0","0"
"POINT (8.703805338000050 50.124363815000002)","Unfall 191257 (2022) Kat:3, Licht: 2","191257","3","3","5","11","19","2","","2","1","0","1","0"
"POINT (8.645441432000039 50.157719958000001)","Unfall 191263 (2022) Kat:3, Licht: 0","191263","3","4","6","11","18","3","","0","0","0","1","1"
"POINT (8.650820912000031 50.083984590999997)","Unfall 191273 (2022) Kat:3, Licht: 0","191273","3","3","0","11","14","4","","0","0","0","0","1"
"POINT (8.726453904000040 50.141835114000102)","Unfall 191274 (2022) Kat:2, Licht: 2","191274","2","5","1","12","18","6","","2","1","1","0","0"
"POINT (8.665180604000060 50.111213335999999)","Unfall 191276 (2022) Kat:3, Licht: 0","191276","3","2","3","11","14","2","","0","0","1","0","0"
"POINT (8.646000667000070 50.122429719000102)","Unfall 191277 (2022) Kat:2, Licht: 0","191277","2","2","6","12","10","5","","0","0","1","1","0"
"POINT (8.676273291000030 50.106983739000000)","Unfall 191278 (2022) Kat:3, Licht: 2","191278","3","7","6","11","18","4","","2","1","0","1","0"
"POINT (8.662826450000070 50.105375103000000)","Unfall 191287 (2022) Kat:3, Licht: 2","191287","3","1","0","12","19","7","","2","0","0","0","0"
"POINT (8.670075146000039 50.114130963000001)","Unfall 191290 (2022) Kat:3, Licht: 0","191290","3","3","5","12","13","5","","0","0","0","0","0"
"POINT (8.604865383000060 50.143086457000003)","Unfall 191300 (2022) Kat:3, Licht: 0","191300","3","7","6","11","09","4","","0","0","0","1","0"
"POINT (8.661825586000020 50.140336398000002)","Unfall 191303 (2022) Kat:3, Licht: 2","191303","3","3","5","11","19","3","","2","1","1","0","0"
"POINT (8.633516828000040 50.098757886999998)","Unfall 191307 (2022) Kat:3, Licht: 2","191307","3","4","6","11","06","5","","2","0","1","1","0"
"POINT (8.633850956000060 50.169470752999999)","Unfall 191313 (2022) Kat:3, Licht: 0","191313","3","6","4","11","17","2","","0","1","0","0","0"
"POINT (8.688008954000050 50.114770133999997)","Unfall 191323 (2022) Kat:3, Licht: 0","191323","3","6","0","12","14","6","","0","1","1","0","0"
"POINT (8.577310367000051 50.102768071000099)","Unfall 191348 (2022) Kat:3, Licht: 2","191348","3","4","6","12","19","4","","2","0","1","1","0"
"POINT (8.614190140000060 50.127445573999999)","Unfall 191349 (2022) Kat:2, Licht: 0","191349","2","7","0","11","13","6","","0","0","1","0","0"
"POINT (8.635926119000031 50.104165471999998)","Unfall 191350 (2022) Kat:3, Licht: 0","191350","3","3","5","11","09","4","","0","1","1","0","0"
"POINT (8.663790510000069 50.110665654999998)","Unfall 191354 (2022) Kat:3, Licht: 0","191354","3","6","2","11","10","2","","0","0","1","0","0"
"POINT (8.586562821000030 50.099034177000100)","Unfall 191356 (2022) Kat:3, Licht: 0","191356","3","3","5","11","09","5","","0","1","0","0","1"
"POINT (8.646152519000051 50.086746796000099)","Unfall 191361 (2022) Kat:3, Licht: 0","191361","3","5","1","11","15","1","","0","0","1","0","1"
"POINT (8.653543950000030 50.136235417000101)","Unfall 191364 (2022) Kat:3, Licht: 0","191364","3","3","5","12","07","5","","0","0","1","0","0"
"POINT (8.541425936000049 50.100560928999997)","Unfall 191368 (2022) Kat:3, Licht: 0","191368","3","3","5","11","10","6","","0","0","1","0","0"
"POINT (8.676179002000030 50.140292971000100)","Unfall 191371 (2022) Kat:3, Licht: 1","191371","3","6","2","12","16","4","","1","0","1","0","0"
"POINT (8.635480781000069 50.105759168000098)","Unfall 191374 (2022) Kat:3, Licht: 0","191374","3","7","5","11","12","6","","0","1","1","0","0"
"POINT (8.587885077000070 50.056566826000100)","Unfall 191377 (2022) Kat:3, Licht: 2","191377","3","3","5","11","06","7","","2","0","1","0","0"
"POINT (8.546054051000061 50.114529828999999)","Unfall 191378 (2022) Kat:3, Licht: 2","191378","3","3","5","12","17","6","","2","0","1","0","0"
"POINT (8.624347211000041 50.129185974999999)","Unfall 191398 (2022) Kat:3, Licht: 0","191398","3","3","6","12","09","4","","0","0","1","1","0"
"POINT (8.689295860000071 50.168255469000002)","Unfall 191400 (2022) Kat:3, Licht: 0","191400","3","7","6","12","14","7","","0","0","1","1","0"
"POINT (8.657284184000050 50.107057738000002)","Unfall 191413 (2022) Kat:3, Licht: 2","191413","3","5","1","12","23","1","","2","0","1","0","1"
"POINT (8.692270739000040 50.100662876999998)","Unfall 191426 (2022) Kat:3, Licht: 0","191426","3","4","6","11","13","3","","0","0","1","1","0"
"POINT (8.695102060000069 50.128231606000000)","Unfall 191428 (2022) Kat:3, Licht: 2","191428","3","6","2","11","17","4","","2","0","1","0","0"
"POINT (8.547198445000051 50.104151731999998)","Unfall 191432 (2022) Kat:3, Licht: 2","191432","3","3","5","11","05","3","","2","1","1","0","0"
"POINT (8.687482715000041 50.150533838000101)","Unfall 191433 (2022) Kat:3, Licht: 2","191433","3","3","5","11","18","4","","2","0","1","0","0"
"POINT (8.676482264000070 50.097454255999999)","Unfall 191445 (2022) Kat:3, Licht: 0","191445","3","6","2","12","12","4","","0","0","1","0","0"
"POINT (8.616953625000059 50.150145856000101)","Unfall 191447 (2022) Kat:2, Licht: 0","191447","2","6","1","12","10","6","","0","1","0","0","0"
"POINT (8.687969432000051 50.114089281000098)","Unfall 191449 (2022) Kat:3, Licht: 2","191449","3","4","6","12","00","7","","2","0","1","1","0"
"POINT (8.661220203000029 50.109609928000097)","Unfall 191452 (2022) Kat:3, Licht: 0","191452","3","5","1","11","11","5","","0","0","0","0","0"
"POINT (8.577250520000060 50.075751678000103)","Unfall 191456 (2022) Kat:3, Licht: 2","191456","3","1","0","12","18","4","","2","0","0","0","1"
"POINT (8.703183490000070 50.127276165000097)","Unfall 191460 (2022) Kat:3, Licht: 2","191460","3","6","2","12","23","2","","2","1","1","0","0"
"POINT (8.648448885000050 50.114897379000098)","Unfall 191461 (2022) Kat:3, Licht: 1","191461","3","7","5","11","17","3","","1","0","1","0","0"
"POINT (8.646085148000051 50.124569579000102)","Unfall 191468 (2022) Kat:3, Licht: 0","191468","3","3","5","12","15","2","","0","1","1","0","0"
"POINT (8.634916389000070 50.158399894000098)","Unfall 191475 (2022) Kat:3, Licht: 0","191475","3","6","1","12","09","7","","0","0","1","0","0"
"POINT (8.665648635000030 50.111403783000100)","Unfall 191478 (2022) Kat:3, Licht: 0","191478","3","3","5","11","16","4","","0","1","1","0","0"
"POINT (8.687794996000040 50.115801971000103)","Unfall 191481 (2022) Kat:3, Licht: 2","191481","3","6","2","12","18","6","","2","0","1","0","0"
"POINT (8.751696422000069 50.150251320000102)","Unfall 191483 (2022) Kat:3, Licht: 0","191483","3","6","4","11","08","2","","0","1","1","0","0"
"POINT (8.672049609000060 50.121056387000102)","Unfall 191485 (2022) Kat:3, Licht: 0","191485","3","5","1","11","11","3","","0","0","1","0","0"
"POINT (8.670192958000030 50.138587716000103)","Unfall 191487 (2022) Kat:3, Licht: 2","191487","3","2","3","11","19","5","","2","1","0","0","0"
"POINT (8.543601182000030 50.096735267000000)","Unfall 191493 (2022) Kat:2, Licht: 0","191493","2","3","5","11","15","2","","0","1","1","0","0"
"POINT (8.675683555000029 50.107644958000002)","Unfall 191494 (2022) Kat:3, Licht: 2","191494","3","2","5","11","00","6","","2","0","1","0","0"
"POINT (8.699053821000060 50.103088840000098)","Unfall 191495 (2022) Kat:3, Licht: 0","191495","3","4","6","12","12","5","","0","0","1","1","0"
"POINT (8.678039091000070 50.098802558999999)","Unfall 191496 (2022) Kat:3, Licht: 2","191496","3","5","1","10","20","2","","2","1","1","0","0"
"POINT (8.618766578000081 50.149553921000098)","Unfall 191504 (2022) Kat:3, Licht: 1","191504","3","3","5","11","06","6","","1","1","1","0","0"
"POINT (8.677374783000060 50.105865621000099)","Unfall 191505 (2022) Kat:3, Licht: 2","191505","3","1","0","11","02","4","","2","0","0","0","0"
"POINT (8.614111762000050 50.114215758999997)","Unfall 191518 (2022) Kat:3, Licht: 1","191518","3","3","5","12","16","2","","1","0","1","0","0"
"POINT (8.663324761000069 50.110478795000098)","Unfall 191519 (2022) Kat:3, Licht: 2","191519","3","3","5","11","22","2","","2","1","1","0","0"
"POINT (8.694266612000041 50.109331826000101)","Unfall 191521 (2022) Kat:3, Licht: 0","191521","3","3","0","11","15","4","","0","1","0","0","0"
"POINT (8.604090919000040 50.093944182000001)","Unfall 191523 (2022) Kat:3, Licht: 0","191523","3","7","6","11","15","4","","0","0","1","1","0"
"POINT (8.660231838000071 50.100924552999999)","Unfall 191532 (2022) Kat:3, Licht: 2","191532","3","7","3","11","17","2","","2","0","1","0","1"
"POINT (8.687444640000020 50.130341718000103)","Unfall 191541 (2022) Kat:3, Licht: 0","191541","3","7","6","11","13","2","","0","0","1","1","0"
"POINT (8.517731094000061 50.081788485000097)","Unfall 191543 (2022) Kat:3, Licht: 0","191543","3","2","5","12","14","6","","0","1","0","0","0"
"POINT (8.690697641000041 50.095566490000103)","Unfall 191544 (2022) Kat:3, Licht: 2","191544","3","4","6","11","19","2","","2","0","1","1","0"
"POINT (8.645417796000061 50.125883254000001)","Unfall 191546 (2022) Kat:3, Licht: 1","191546","3","7","8","12","16","5","","1","0","1","0","0"
"POINT (8.626296284000031 50.129390316000098)","Unfall 191555 (2022) Kat:3, Licht: 0","191555","3","6","3","12","09","4","","0","0","1","0","0"
"POINT (8.622363516000060 50.108033042000002)","Unfall 191558 (2022) Kat:2, Licht: 0","191558","2","3","5","11","08","4","","0","0","1","0","0"
"POINT (8.647218252000069 50.126180015000003)","Unfall 191559 (2022) Kat:3, Licht: 2","191559","3","4","6","12","19","3","","2","1","0","1","0"
"POINT (8.672541188000030 50.127913787000097)","Unfall 191568 (2022) Kat:3, Licht: 2","191568","3","7","0","12","04","5","","2","0","0","0","0"
"POINT (8.728651734000040 50.068728553000000)","Unfall 191571 (2022) Kat:3, Licht: 0","191571","3","1","8","12","09","1","","0","0","1","0","0"
"POINT (8.644072790000051 50.087294004000100)","Unfall 191574 (2022) Kat:3, Licht: 0","191574","3","3","5","11","13","6","","0","0","1","0","0"
"POINT (8.656189952000030 50.107050408000099)","Unfall 191575 (2022) Kat:3, Licht: 2","191575","3","7","8","12","22","1","","2","0","1","0","0"
"POINT (8.658185675000031 50.103612132000102)","Unfall 191578 (2022) Kat:3, Licht: 0","191578","3","6","2","11","09","6","","0","0","1","0","0"
"POINT (8.624395673000040 50.078954135000103)","Unfall 191582 (2022) Kat:3, Licht: 0","191582","3","3","5","12","13","5","","0","0","1","0","0"
"POINT (8.698407989000030 50.119671908000001)","Unfall 191585 (2022) Kat:3, Licht: 0","191585","3","3","5","11","14","3","","0","1","0","0","0"
"POINT (8.645983584000019 50.114022933000101)","Unfall 191587 (2022) Kat:3, Licht: 2","191587","3","3","5","11","17","4","","2","1","1","0","0"
"POINT (8.675689395000060 50.107636341000003)","Unfall 191588 (2022) Kat:3, Licht: 0","191588","3","2","6","12","13","7","","0","0","0","1","0"
"POINT (8.599239684000050 50.095195087999997)","Unfall 191589 (2022) Kat:3, Licht: 0","191589","3","3","5","11","13","5","","0","0","1","0","1"
"POINT (8.762196506000070 50.143202275000100)","Unfall 191599 (2022) Kat:3, Licht: 0","191599","3","6","3","12","19","2","","0","0","1","0","0"
"POINT (8.763900913000040 50.115042182000103)","Unfall 191614 (2022) Kat:3, Licht: 0","191614","3","4","6","11","14","6","","0","0","1","1","0"
"POINT (8.700324509000041 50.114596575000100)","Unfall 191619 (2022) Kat:3, Licht: 0","191619","3","6","5","12","14","4","","0","1","1","0","0"
"POINT (8.662280091000071 50.118357877000101)","Unfall 191624 (2022) Kat:3, Licht: 2","191624","3","6","2","11","18","6","","2","0","1","0","0"
"POINT (8.704108213000040 50.127793539000002)","Unfall 191630 (2022) Kat:3, Licht: 0","191630","3","3","5","11","16","6","","0","1","1","0","0"
"POINT (8.644668693000030 50.156776063000102)","Unfall 191634 (2022) Kat:3, Licht: 0","191634","3","3","5","12","09","5","","0","1","1","0","0"
"POINT (8.679740957000041 50.112503500000102)","Unfall 191635 (2022) Kat:3, Licht: 2","191635","3","2","6","10","18","2","","2","0","1","1","0"
"POINT (8.653649496000069 50.127862217000001)","Unfall 191643 (2022) Kat:3, Licht: 0","191643","3","7","1","12","15","6","","0","0","1","0","0"
"POINT (8.679714554000039 50.127521623000099)","Unfall 191645 (2022) Kat:3, Licht: 2","191645","3","1","0","11","00","7","","2","0","0","0","0"
"POINT (8.666168001000070 50.187879119999998)","Unfall 191652 (2022) Kat:3, Licht: 2","191652","3","3","5","11","20","4","","2","0","1","0","0"
"POINT (8.668047680000029 50.108292832000103)","Unfall 191658 (2022) Kat:3, Licht: 2","191658","3","6","2","11","17","3","","2","1","1","0","0"
"POINT (8.576592539000050 50.103343803000001)","Unfall 191670 (2022) Kat:3, Licht: 2","191670","3","7","1","12","20","5","","2","1","1","0","0"
"POINT (8.744295268000030 50.124162973000097)","Unfall 191689 (2022) Kat:2, Licht: 2","191689","2","3","5","11","06","2","","2","1","0","0","0"
"POINT (8.701725825000040 50.118292005000100)","Unfall 191695 (2022) Kat:3, Licht: 0","191695","3","2","4","11","11","7","","0","1","1","0","0"
"POINT (8.666495184000039 50.115167413000101)","Unfall 191698 (2022) Kat:3, Licht: 0","191698","3","1","0","12","15","5","","0","0","0","0","0"
"POINT (8.616027165000050 50.131098752000099)","Unfall 191713 (2022) Kat:3, Licht: 0","191713","3","5","1","12","13","7","","0","1","1","0","0"
"POINT (8.564536872000080 50.121111302000003)","Unfall 191720 (2022) Kat:3, Licht: 2","191720","3","3","5","11","23","7","","2","0","1","0","0"
"POINT (8.674796191000040 50.115249065000100)","Unfall 191731 (2022) Kat:2, Licht: 2","191731","2","1","0","11","02","5","","2","0","0","0","0"
"POINT (8.611551944000039 50.125521649000099)","Unfall 191737 (2022) Kat:2, Licht: 0","191737","2","2","6","11","15","2","","0","0","1","1","0"
"POINT (8.701694258000030 50.118250134000000)","Unfall 191755 (2022) Kat:3, Licht: 2","191755","3","2","4","12","19","3","","2","0","1","0","1"
"POINT (8.699278613000050 50.115417630000103)","Unfall 191771 (2022) Kat:2, Licht: 2","191771","2","1","0","11","01","7","","2","0","0","0","0"
"POINT (8.687980713000060 50.113946775000002)","Unfall 191785 (2022) Kat:3, Licht: 2","191785","3","4","6","12","16","2","","2","0","0","1","0"
"POINT (8.648581736000040 50.079981091999997)","Unfall 191790 (2022) Kat:3, Licht: 2","191790","3","1","1","12","04","7","","2","0","1","0","0"
"POINT (8.656658326000070 50.109756975000003)","Unfall 191791 (2022) Kat:3, Licht: 2","191791","3","7","6","11","17","4","","2","0","1","1","0"
"POINT (8.665284012000029 50.117235360000102)","Unfall 191793 (2022) Kat:3, Licht: 0","191793","3","3","5","11","11","5","","0","0","1","0","0"
"POINT (8.770518159000060 50.122334664999997)","Unfall 191798 (2022) Kat:3, Licht: 0","191798","3","2","5","11","10","2","","0","0","1","0","1"
"POINT (8.677379847000051 50.111851715000100)","Unfall 191800 (2022) Kat:3, Licht: 0","191800","3","6","2","11","08","3","","0","1","1","0","0"
"POINT (8.629218691000061 50.106891942000097)","Unfall 191809 (2022) Kat:3, Licht: 2","191809","3","5","1","12","20","3","","2","0","1","0","0"
"POINT (8.671624820000030 50.098224634000097)","Unfall 191815 (2022) Kat:3, Licht: 0","191815","3","2","5","11","09","5","","0","1","1","0","0"
"POINT (8.691979725000071 50.125420540000100)","Unfall 191816 (2022) Kat:3, Licht: 2","191816","3","7","0","11","03","1","","2","0","0","0","0"
"POINT (8.614095308000060 50.114216437000003)","Unfall 191826 (2022) Kat:3, Licht: 2","191826","3","3","5","11","21","4","","2","0","1","0","0"
"POINT (8.740996769000049 50.159136370000056)","Unfall 61348 (2023) Kat:3, Licht: 0","61348","3","1","0","01","14","7","","0","0","0","0","1"
"POINT (8.592197718000023 50.100231116000032)","Unfall 61354 (2023) Kat:3, Licht: 0","61354","3","3","5","01","13","6","","0","0","1","0","0"
"POINT (8.646015169000066 50.162086014000067)","Unfall 61355 (2023) Kat:2, Licht: 2","61355","2","2","4","01","06","6","","2","0","0","0","0"
"POINT (8.661591205000036 50.147098648000053)","Unfall 61356 (2023) Kat:3, Licht: 0","61356","3","3","5","01","13","6","","0","1","1","0","0"
"POINT (8.710109403000047 50.122330494000039)","Unfall 61357 (2023) Kat:3, Licht: 0","61357","3","5","1","01","13","6","","0","1","1","0","0"
"POINT (8.709483355000032 50.062887145000047)","Unfall 61368 (2023) Kat:3, Licht: 2","61368","3","6","2","01","17","6","","2","0","1","0","0"
"POINT (8.605748635000054 50.104691244000037)","Unfall 61369 (2023) Kat:3, Licht: 1","61369","3","6","3","01","07","6","","1","0","1","0","0"
"POINT (8.536341556000025 50.023678262000033)","Unfall 61370 (2023) Kat:3, Licht: 2","61370","3","6","4","01","06","5","","2","0","1","0","0"
"POINT (8.647275988000047 50.113891466000041)","Unfall 61380 (2023) Kat:3, Licht: 0","61380","3","6","2","01","13","5","","0","0","1","0","0"
"POINT (8.619749891000026 50.088089005000029)","Unfall 61381 (2023) Kat:3, Licht: 0","61381","3","6","2","01","08","5","","0","0","1","0","0"
"POINT (8.710971876000031 50.063182884000071)","Unfall 61403 (2023) Kat:3, Licht: 1","61403","3","6","2","01","07","5","","1","0","1","0","0"
"POINT (8.682913066000026 50.107141369000033)","Unfall 61411 (2023) Kat:2, Licht: 2","61411","2","4","6","01","06","4","","2","0","1","1","0"
"POINT (8.728892941000026 50.120969133000074)","Unfall 61412 (2023) Kat:3, Licht: 1","61412","3","6","3","01","07","4","","1","0","1","0","0"
"POINT (8.664683694000075 50.103009877000034)","Unfall 61413 (2023) Kat:3, Licht: 2","61413","3","3","5","01","02","4","","2","0","1","0","0"
"POINT (8.711536716000069 50.063295100000062)","Unfall 61428 (2023) Kat:3, Licht: 0","61428","3","6","2","01","15","4","","0","0","1","0","0"
"POINT (8.686513174000027 50.112446141000078)","Unfall 61433 (2023) Kat:3, Licht: 0","61433","3","6","3","01","15","3","","0","0","1","0","0"
"POINT (8.767833856000038 50.133250941000028)","Unfall 61447 (2023) Kat:3, Licht: 0","61447","3","3","5","01","13","3","","0","1","1","0","0"
"POINT (8.609101190000047 50.126719394000077)","Unfall 61456 (2023) Kat:3, Licht: 0","61456","3","3","5","01","14","2","","0","1","1","0","0"