WKT,Name,OBJECTID,UKATEGORIE,UTYP1,UART,UMONAT,USTUNDE,UWOCHENTAG,STRZUSTAND,ULICHTVERH,ISTRAD,ISTPKW,ISTFUSS,ISTKRAD
"POINT (8.631989398000030 50.088275800000076)","Unfall 61457 (2023) Kat:3, Licht: 2","61457","3","6","4","01","20","2","","2","0","1","0","0"
"POINT (8.604969007000022 50.160156354000037)","Unfall 61467 (2023) Kat:3, Licht: 0","61467","3","6","3","01","13","2","","0","0","1","0","0"
"POINT (8.662496574000045 50.090684348000082)","Unfall 61470 (2023) Kat:3, Licht: 2","61470","3","1","0","01","07","1","","2","1","0","0","0"
"POINT (8.664983960000029 50.104123894000054)","Unfall 61471 (2023) Kat:3, Licht: 2","61471","3","3","5","01","05","1","","2","0","1","0","0"
"POINT (8.653918166000039 50.120314475000043)","Unfall 61501 (2023) Kat:2, Licht: 0","61501","2","4","6","01","11","6","","0","0","1","1","0"
"POINT (8.678821764000077 50.105818022000051)","Unfall 61518 (2023) Kat:3, Licht: 2","61518","3","6","3","01","18","5","","2","1","1","0","0"
"POINT (8.762191766000058 50.114808966000055)","Unfall 61526 (2023) Kat:3, Licht: 0","61526","3","3","5","01","14","5","","0","0","1","0","1"
"POINT (8.635779004000028 50.123748215000035)","Unfall 61531 (2023) Kat:3, Licht: 0","61531","3","2","3","01","15","4","","0","1","0","0","0"
"POINT (8.668201188000069 50.144280584000057)","Unfall 61532 (2023) Kat:3, Licht: 2","61532","3","1","9","01","21","4","","2","0","0","0","0"
"POINT (8.691526231000068 50.100648818000082)","Unfall 61533 (2023) Kat:3, Licht: 2","61533","3","7","2","01","01","4","","2","0","1","0","0"
"POINT (8.744036926000035 50.124202541000045)","Unfall 61534 (2023) Kat:3, Licht: 0","61534","3","2","3","01","09","4","","0","0","1","0","0"
"POINT (8.747314679000056 50.139520088000040)","Unfall 61544 (2023) Kat:3, Licht: 1","61544","3","3","5","01","08","4","","1","0","1","0","0"
"POINT (8.549158156000033 50.120997803000080)","Unfall 61547 (2023) Kat:3, Licht: 2","61547","3","1","3","01","22","4","","2","0","1","0","0"
"POINT (8.590847251000071 50.100229700000057)","Unfall 61551 (2023) Kat:3, Licht: 0","61551","3","4","6","01","13","3","","0","0","0","1","0"
"POINT (8.678754265000066 50.167360239000061)","Unfall 61562 (2023) Kat:2, Licht: 1","61562","2","3","5","01","16","2","","1","0","1","0","0"
"POINT (8.708974055000056 50.130921805000071)","Unfall 61563 (2023) Kat:3, Licht: 0","61563","3","2","3","01","13","2","","0","1","1","0","0"
"POINT (8.705008472000031 50.120407610000029)","Unfall 61564 (2023) Kat:3, Licht: 0","61564","3","2","5","01","15","2","","0","0","1","0","0"
"POINT (8.701391652000041 50.123232042000041)","Unfall 61585 (2023) Kat:3, Licht: 2","61585","3","6","3","01","22","1","","2","1","1","0","0"
"POINT (8.670816921000039 50.131639190000044)","Unfall 61586 (2023) Kat:3, Licht: 2","61586","3","1","8","01","04","1","","2","0","1","0","0"
"POINT (8.537806564000050 50.111336236000056)","Unfall 61893 (2023) Kat:3, Licht: 0","61893","3","2","6","01","10","4","","0","0","1","1","0"
"POINT (8.618149206000055 50.081351910000080)","Unfall 61923 (2023) Kat:3, Licht: 1","61923","3","7","2","01","16","6","","1","0","1","0","0"
"POINT (8.662432944000045 50.090631777000056)","Unfall 62360 (2023) Kat:3, Licht: 2","62360","3","6","3","01","16","2","","2","0","1","0","0"
"POINT (8.669557523000037 50.106428495000046)","Unfall 62481 (2023) Kat:3, Licht: 0","62481","3","6","3","03","11","7","","0","0","1","0","0"
"POINT (8.665177055000072 50.107379338000044)","Unfall 62482 (2023) Kat:3, Licht: 0","62482","3","4","6","03","17","7","","0","1","0","1","0"
"POINT (8.657913136000047 50.155965103000028)","Unfall 62495 (2023) Kat:3, Licht: 0","62495","3","2","3","03","17","6","","0","1","1","0","0"
"POINT (8.636141705000057 50.102279633000080)","Unfall 62496 (2023) Kat:3, Licht: 0","62496","3","2","6","03","09","6","","0","0","1","1","0"
"POINT (8.551809358000071 50.103191389000074)","Unfall 62520 (2023) Kat:3, Licht: 0","62520","3","2","4","03","16","5","","0","0","1","0","0"
"POINT (8.558889424000029 50.102050002000055)","Unfall 62521 (2023) Kat:3, Licht: 0","62521","3","3","0","03","14","5","","0","1","0","0","0"
"POINT (8.634226436000063 50.160258834000047)","Unfall 62522 (2023) Kat:3, Licht: 0","62522","3","6","2","03","12","5","","0","0","1","0","0"
"POINT (8.695289234000029 50.133189731000073)","Unfall 62523 (2023) Kat:3, Licht: 0","62523","3","6","2","03","07","5","","0","0","1","0","0"
"POINT (8.650585215000035 50.113719617000072)","Unfall 62542 (2023) Kat:3, Licht: 0","62542","3","6","3","03","17","4","","0","0","1","0","0"
"POINT (8.629102688000046 50.129561160000037)","Unfall 62543 (2023) Kat:3, Licht: 1","62543","3","4","6","03","07","4","","1","0","1","1","0"
"POINT (8.677785013000062 50.105395494000049)","Unfall 62544 (2023) Kat:2, Licht: 0","62544","2","3","5","03","16","4","","0","1","0","0","0"
"POINT (8.610185967000064 50.052862866000055)","Unfall 62559 (2023) Kat:3, Licht: 0","62559","3","1","8","03","15","4","","0","0","1","0","0"
"POINT (8.644747765000034 50.103359801000067)","Unfall 62564 (2023) Kat:2, Licht: 0","62564","2","4","6","03","17","3","","0","0","0","1","0"
"POINT (8.672271151000075 50.098894147000067)","Unfall 62589 (2023) Kat:2, Licht: 0","62589","2","3","5","03","08","2","","0","0","1","0","0"
"POINT (8.685265268000023 50.161778312000081)","Unfall 62606 (2023) Kat:3, Licht: 2","62606","3","2","4","03","20","1","","2","0","1","0","0"
"POINT (8.691235846000041 50.099609082000029)","Unfall 62607 (2023) Kat:3, Licht: 2","62607","3","6","0","03","03","1","","2","0","1","0","1"
"POINT (8.675651539000057 50.132057680000059)","Unfall 62608 (2023) Kat:3, Licht: 0","62608","3","2","4","03","17","1","","0","1","1","0","0"
"POINT (8.649891022000077 50.059197678000032)","Unfall 62614 (2023) Kat:3, Licht: 2","62614","3","7","7","03","03","1","","2","0","1","0","0"
"POINT (8.540791276000050 50.098673398000074)","Unfall 62627 (2023) Kat:3, Licht: 1","62627","3","3","5","03","06","7","","1","0","1","0","0"
"POINT (8.714613612000051 50.064054054000053)","Unfall 62724 (2023) Kat:3, Licht: 0","62724","3","6","2","03","13","3","","0","0","1","0","0"
"POINT (8.568421745000023 50.086998906000076)","Unfall 62725 (2023) Kat:3, Licht: 0","62725","3","1","9","03","13","3","","0","0","1","0","0"
"POINT (8.539143473000024 50.111888583000052)","Unfall 62733 (2023) Kat:3, Licht: 0","62733","3","3","5","03","07","2","","0","0","1","0","0"
"POINT (8.655278338000073 50.126503426000056)","Unfall 62734 (2023) Kat:3, Licht: 2","62734","3","2","6","03","19","2","","2","0","1","1","0"
"POINT (8.609974535000049 50.131895017000033)","Unfall 62745 (2023) Kat:3, Licht: 0","62745","3","6","9","03","17","2","","0","0","1","0","0"
"POINT (8.600305881000054 50.044954043000075)","Unfall 62746 (2023) Kat:3, Licht: 0","62746","3","6","2","03","08","2","","0","0","1","0","0"
"POINT (8.539134453000031 50.111896619000049)","Unfall 62762 (2023) Kat:3, Licht: 2","62762","3","3","5","03","02","7","","2","0","1","0","0"
"POINT (8.539086877000045 50.111939016000065)","Unfall 62801 (2023) Kat:3, Licht: 2","62801","3","3","5","03","19","5","","2","0","1","0","0"
"POINT (8.659985754000047 50.181681375000039)","Unfall 62802 (2023) Kat:3, Licht: 1","62802","3","3","5","03","18","5","","1","0","1","0","1"
"POINT (8.548003669000025 50.077462379000053)","Unfall 62819 (2023) Kat:3, Licht: 0","62819","3","6","2","03","06","5","","0","0","1","0","0"
"POINT (8.648382020000042 50.178391459000068)","Unfall 62820 (2023) Kat:3, Licht: 2","62820","3","1","9","03","19","5","","2","0","1","0","0"
"POINT (8.590769350000073 50.135252593000075)","Unfall 62821 (2023) Kat:3, Licht: 0","62821","3","1","8","03","08","5","","0","0","1","0","0"
"POINT (8.539098072000058 50.111929039000074)","Unfall 62834 (2023) Kat:3, Licht: 2","62834","3","3","5","03","00","4","","2","0","1","0","0"
"POINT (8.516877945000033 50.078539130000081)","Unfall 62835 (2023) Kat:3, Licht: 1","62835","3","3","0","03","17","4","","1","0","1","0","1"
"POINT (8.681043877000036 50.165364573000033)","Unfall 62836 (2023) Kat:3, Licht: 0","62836","3","2","5","03","08","4","","0","1","0","0","0"
"POINT (8.714263628000026 50.124435452000057)","Unfall 62837 (2023) Kat:3, Licht: 0","62837","3","6","2","03","13","4","","0","0","1","0","0"
"POINT (8.659460172000024 50.060983893000071)","Unfall 62869 (2023) Kat:2, Licht: 0","62869","2","7","8","03","15","4","","0","0","1","0","0"
"POINT (8.540013188000046 50.109367668000061)","Unfall 62875 (2023) Kat:3, Licht: 0","62875","3","2","5","03","11","3","","0","1","1","0","0"
"POINT (8.567693850000069 50.098395505000042)","Unfall 62876 (2023) Kat:3, Licht: 0","62876","3","5","1","03","11","3","","0","1","0","0","0"
"POINT (8.666445162000059 50.147956701000055)","Unfall 62877 (2023) Kat:3, Licht: 0","62877","3","2","3","03","14","3","","0","0","1","0","0"
"POINT (8.644763180000041 50.113838541000064)","Unfall 62952 (2023) Kat:3, Licht: 2","62952","3","1","0","03","19","7","","2","0","0","0","0"
"POINT (8.761274477000029 50.137997095000060)","Unfall 62961 (2023) Kat:3, Licht: 2","62961","3","1","9","03","23","7","","2","0","1","0","0"
"POINT (8.556308354000066 50.123904254000081)","Unfall 62965 (2023) Kat:2, Licht: 0","62965","2","6","1","03","16","7","","0","0","1","0","0"
"POINT (8.629219221000028 50.128918498000075)","Unfall 62972 (2023) Kat:2, Licht: 0","62972","2","4","6","03","13","6","","0","0","1","1","0"
"POINT (8.692842287000076 50.108949490000043)","Unfall 62973 (2023) Kat:3, Licht: 2","62973","3","7","0","03","03","6","","2","0","0","0","0"
"POINT (8.606299684000021 50.052853181000046)","Unfall 62994 (2023) Kat:3, Licht: 0","62994","3","6","2","03","15","6","","0","0","1","0","0"
"POINT (8.573536180000076 50.123921289000066)","Unfall 63001 (2023) Kat:3, Licht: 0","63001","3","6","2","03","16","5","","0","1","1","0","0"
"POINT (8.683681389000071 50.104776545000050)","Unfall 63002 (2023) Kat:3, Licht: 0","63002","3","6","3","03","14","5","","0","1","1","0","0"
"POINT (8.658200433000047 50.108470178000061)","Unfall 63003 (2023) Kat:3, Licht: 2","63003","3","2","3","03","00","5","","2","0","1","0","0"
"POINT (8.694825375000050 50.113527287000068)","Unfall 63004 (2023) Kat:2, Licht: 0","63004","2","3","5","03","16","5","","0","0","0","0","1"
"POINT (8.540481187000069 50.118092975000081)","Unfall 63022 (2023) Kat:3, Licht: 0","63022","3","6","2","03","12","5","","0","0","1","0","0"
"POINT (8.660120651000057 50.061033131000045)","Unfall 63023 (2023) Kat:3, Licht: 0","63023","3","6","2","03","09","5","","0","0","1","0","0"
"POINT (8.564128456000049 50.127326761000063)","Unfall 63024 (2023) Kat:3, Licht: 0","63024","3","6","2","03","17","5","","0","0","1","0","0"
"POINT (8.701467587000025 50.122910216000037)","Unfall 63029 (2023) Kat:3, Licht: 1","63029","3","4","6","03","18","4","","1","1","0","1","0"
"POINT (8.594358747000058 50.121963694000044)","Unfall 63041 (2023) Kat:2, Licht: 0","63041","2","6","2","03","15","4","","0","0","1","0","0"
"POINT (8.618314962000056 50.086344756000074)","Unfall 63042 (2023) Kat:3, Licht: 0","63042","3","3","5","03","16","4","","0","0","1","0","0"
"POINT (8.575241939000023 50.054326155000069)","Unfall 63043 (2023) Kat:3, Licht: 0","63043","3","6","2","03","16","4","","0","0","1","0","0"
"POINT (8.684571300000073 50.139372560000027)","Unfall 63055 (2023) Kat:3, Licht: 0","63055","3","7","3","02","08","3","","0","1","1","0","0"
"POINT (8.703384898000024 50.099866193000025)","Unfall 63056 (2023) Kat:3, Licht: 0","63056","3","6","2","02","13","3","","0","0","1","0","0"
"POINT (8.653104757000051 50.139811018000046)","Unfall 63057 (2023) Kat:3, Licht: 0","63057","3","1","0","03","09","5","","0","0","0","0","1"
"POINT (8.754409778000024 50.120045705000052)","Unfall 63070 (2023) Kat:3, Licht: 2","63070","3","2","3","02","21","3","","2","1","1","0","0"
"POINT (8.530872139000053 50.114583394000078)","Unfall 63076 (2023) Kat:3, Licht: 0","63076","3","6","2","02","16","3","","0","0","1","0","0"
"POINT (8.688239281000051 50.158860208000078)","Unfall 63084 (2023) Kat:3, Licht: 2","63084","3","6","2","02","22","2","","2","0","1","0","0"
"POINT (8.697496776000037 50.102241540000080)","Unfall 63085 (2023) Kat:3, Licht: 0","63085","3","4","0","02","13","2","","0","0","0","1","1"
"POINT (8.669713349000062 50.175285954000060)","Unfall 63097 (2023) Kat:3, Licht: 0","63097","3","6","6","02","07","1","","0","1","0","1","0"
"POINT (8.673953277000066 50.100419912000064)","Unfall 63098 (2023) Kat:3, Licht: 2","63098","3","1","1","02","05","1","","2","0","1","0","1"
"POINT (8.645678436000026 50.058583255000030)","Unfall 63105 (2023) Kat:3, Licht: 2","63105","3","1","9","02","03","1","","2","0","1","0","0"
"POINT (8.584554262000040 50.123701323000034)","Unfall 63111 (2023) Kat:3, Licht: 2","63111","3","3","6","02","19","7","","2","0","1","1","0"
"POINT (8.670020521000026 50.140004913000041)","Unfall 63137 (2023) Kat:3, Licht: 0","63137","3","1","0","02","08","6","","0","0","0","0","1"
"POINT (8.633289553000054 50.102008969000053)","Unfall 63139 (2023) Kat:3, Licht: 2","63139","3","3","5","03","21","4","","2","0","1","0","0"
"POINT (8.506125039000040 50.105497615000047)","Unfall 63157 (2023) Kat:2, Licht: 2","63157","2","6","2","02","21","6","","2","0","1","0","0"
"POINT (8.595861910000053 50.131294376000028)","Unfall 63172 (2023) Kat:3, Licht: 0","63172","3","3","5","02","09","5","","0","1","1","0","0"
"POINT (8.604660752000029 50.052794486000039)","Unfall 63202 (2023) Kat:3, Licht: 0","63202","3","6","3","02","08","4","","0","0","1","0","0"
"POINT (8.657806377000043 50.131606011000031)","Unfall 63203 (2023) Kat:3, Licht: 1","63203","3","6","2","02","17","4","","1","0","1","0","0"
"POINT (8.625033539000071 50.101198012000054)","Unfall 63213 (2023) Kat:3, Licht: 0","63213","3","6","2","03","17","1","","0","0","1","0","0"
"POINT (8.665824533000034 50.183374430000072)","Unfall 63218 (2023) Kat:3, Licht: 1","63218","3","4","6","02","19","3","","1","0","1","1","0"
"POINT (8.639556565000021 50.161725810000064)","Unfall 63219 (2023) Kat:3, Licht: 0","63219","3","3","5","02","08","3","","0","0","1","0","0"
"POINT (8.675733983000043 50.149877376000063)","Unfall 63220 (2023) Kat:3, Licht: 0","63220","3","3","5","02","10","3","","0","0","1","0","0"
"POINT (8.730131331000052 50.119431029000054)","Unfall 63221 (2023) Kat:2, Licht: 0","63221","2","1","8","02","15","3","","0","0","0","0","1"
"POINT (8.654703950000055 50.060395906000053)","Unfall 63242 (2023) Kat:3, Licht: 0","63242","3","6","2","02","17","3","","0","0","1","0","0"
"POINT (8.711253239000030 50.105202640000073)","Unfall 63253 (2023) Kat:3, Licht: 0","63253","3","2","2","02","11","2","","0","0","1","0","0"
"POINT (8.680438134000042 50.061147056000038)","Unfall 63267 (2023) Kat:2, Licht: 0","63267","2","6","2","02","16","2","","0","0","1","0","0"
"POINT (8.691230582000060 50.099572304000048)","Unfall 63272 (2023) Kat:2, Licht: 2","63272","2","1","0","02","02","1","","2","0","0","0","0"
"POINT (8.613989704000062 50.097529024000039)","Unfall 63281 (2023) Kat:3, Licht: 0","63281","3","1","9","02","12","1","","0","0","1","0","0"
"POINT (8.665075919000060 50.183201806000056)","Unfall 63292 (2023) Kat:3, Licht: 0","63292","3","6","2","02","13","7","","0","0","1","0","0"
"POINT (8.653098693000061 50.106452363000074)","Unfall 63293 (2023) Kat:3, Licht: 1","63293","3","6","2","02","18","7","","1","0","1","0","0"
"POINT (8.534137750000070 50.114580618000048)","Unfall 63299 (2023) Kat:3, Licht: 2","63299","3","6","2","03","18","4","","2","0","1","0","0"
"POINT (8.618032451000033 50.052452497000047)","Unfall 63306 (2023) Kat:3, Licht: 2","63306","3","6","2","02","21","7","","2","0","1","0","0"
"POINT (8.665868387000046 50.148175589000061)","Unfall 63316 (2023) Kat:3, Licht: 2","63316","3","6","2","02","20","6","","2","0","1","0","0"
"POINT (8.662233362000052 50.131310671000051)","Unfall 63317 (2023) Kat:3, Licht: 0","63317","3","6","0","02","14","6","","0","0","1","0","1"
"POINT (8.690904256000067 50.113421251000034)","Unfall 63318 (2023) Kat:3, Licht: 0","63318","3","6","3","02","13","6","","0","0","1","0","0"
"POINT (8.680372735000049 50.159265068000082)","Unfall 63345 (2023) Kat:3, Licht: 0","63345","3","6","2","02","15","2","","0","0","1","0","0"
"POINT (8.747091358000034 50.139408379000031)","Unfall 63355 (2023) Kat:3, Licht: 0","63355","3","6","2","02","09","5","","0","0","1","0","0"
"POINT (8.736372855000070 50.068351179000047)","Unfall 63360 (2023) Kat:2, Licht: 0","63360","2","6","2","02","08","5","","0","0","1","0","0"
"POINT (8.600723029000051 50.052967361000071)","Unfall 63361 (2023) Kat:3, Licht: 2","63361","3","7","0","02","00","5","","2","0","1","0","0"
"POINT (8.677283184000032 50.168952637000075)","Unfall 63367 (2023) Kat:3, Licht: 0","63367","3","6","2","02","08","4","","0","0","1","0","0"
"POINT (8.738272889000029 50.131382292000069)","Unfall 63391 (2023) Kat:3, Licht: 2","63391","3","3","0","02","18","4","","2","0","0","0","0"
"POINT (8.633330479000051 50.102012879000029)","Unfall 63401 (2023) Kat:3, Licht: 2","63401","3","3","5","02","22","5","","2","1","1","0","0"
"POINT (8.621275070000024 50.130590784000049)","Unfall 63411 (2023) Kat:2, Licht: 2","63411","2","6","2","02","19","3","","2","0","1","0","1"
"POINT (8.648267965000059 50.178727537000043)","Unfall 63438 (2023) Kat:3, Licht: 2","63438","3","6","2","02","18","3","","2","0","1","0","0"
"POINT (8.705637188000026 50.151195594000058)","Unfall 63462 (2023) Kat:3, Licht: 0","63462","3","6","2","02","13","2","","0","0","1","0","0"
"POINT (8.535821275000046 50.116395257000079)","Unfall 63464 (2023) Kat:3, Licht: 0","63464","3","6","2","03","17","6","","0","0","1","0","0"
"POINT (8.553065424000067 50.103260456000044)","Unfall 63467 (2023) Kat:3, Licht: 2","63467","3","7","0","02","18","1","","2","0","1","0","1"
"POINT (8.549491740000065 50.103107239000053)","Unfall 63468 (2023) Kat:3, Licht: 2","63468","3","1","8","02","19","1","","2","0","1","0","1"
"POINT (8.719093563000058 50.099956656000074)","Unfall 63470 (2023) Kat:3, Licht: 0","63470","3","3","0","02","14","1","","0","0","1","0","1"
"POINT (8.687522211000044 50.107204345000071)","Unfall 63471 (2023) Kat:2, Licht: 2","63471","2","3","5","02","05","1","","2","1","1","0","0"
"POINT (8.676147705000062 50.102110665000055)","Unfall 63481 (2023) Kat:3, Licht: 1","63481","3","3","0","02","17","7","","1","0","1","0","0"
"POINT (8.659325648000049 50.087371507000057)","Unfall 63490 (2023) Kat:3, Licht: 0","63490","3","6","2","03","14","6","","0","0","1","0","0"
"POINT (8.509631848000026 50.106781850000061)","Unfall 63495 (2023) Kat:3, Licht: 0","63495","3","1","9","02","10","7","","0","0","1","0","0"
"POINT (8.735287991000064 50.111593697000046)","Unfall 63496 (2023) Kat:3, Licht: 0","63496","3","6","2","02","11","7","","0","0","1","0","0"
"POINT (8.546381526000062 50.103684642000076)","Unfall 63507 (2023) Kat:3, Licht: 2","63507","3","3","5","02","21","6","","2","0","1","0","0"
"POINT (8.589977996000073 50.132742138000026)","Unfall 63531 (2023) Kat:3, Licht: 0","63531","3","6","2","02","15","6","","0","0","1","0","0"
"POINT (8.546644104000052 50.069413844000053)","Unfall 63532 (2023) Kat:2, Licht: 0","63532","2","6","3","03","15","7","","0","0","1","0","0"
"POINT (8.602315614000076 50.155337193000037)","Unfall 63533 (2023) Kat:3, Licht: 2","63533","3","6","3","02","00","6","","2","0","1","0","0"
"POINT (8.755722777000074 50.119600261000073)","Unfall 63559 (2023) Kat:3, Licht: 0","63559","3","6","4","02","17","5","","0","0","1","0","0"
"POINT (8.651377062000051 50.059418290000053)","Unfall 63563 (2023) Kat:3, Licht: 0","63563","3","6","2","02","16","5","","0","0","1","0","0"
"POINT (8.666421112000023 50.061039774000051)","Unfall 63564 (2023) Kat:3, Licht: 0","63564","3","6","2","02","15","5","","0","0","1","0","0"
"POINT (8.551469531000066 50.109593909000068)","Unfall 63593 (2023) Kat:2, Licht: 0","63593","2","4","6","02","08","4","","0","0","1","1","0"
"POINT (8.542961838000053 50.119002086000080)","Unfall 63600 (2023) Kat:3, Licht: 2","63600","3","6","3","02","18","4","","2","0","1","0","0"
"POINT (8.604763399000035 50.105753548000052)","Unfall 63602 (2023) Kat:3, Licht: 0","63602","3","6","3","02","08","4","","0","0","1","0","0"
"POINT (8.620368515000052 50.052132735000043)","Unfall 63603 (2023) Kat:3, Licht: 0","63603","3","6","3","02","16","4","","0","0","1","0","0"
"POINT (8.571049204000076 50.098877848000029)","Unfall 63607 (2023) Kat:3, Licht: 2","63607","3","4","6","02","22","3","","2","0","1","1","0"
"POINT (8.664932934000035 50.183304123000028)","Unfall 63608 (2023) Kat:3, Licht: 0","63608","3","6","3","02","08","3","","0","1","1","0","0"
"POINT (8.655836113000021 50.080785756000068)","Unfall 63609 (2023) Kat:2, Licht: 2","63609","2","4","6","02","18","3","","2","0","1","1","0"
"POINT (8.706559366000022 50.119162639000081)","Unfall 63610 (2023) Kat:3, Licht: 0","63610","3","3","5","02","13","3","","0","1","1","0","0"
"POINT (8.695605891000071 50.104946581000036)","Unfall 63613 (2023) Kat:2, Licht: 2","63613","2","3","5","02","02","7","","2","1","1","0","0"
"POINT (8.592900457000042 50.138754356000049)","Unfall 63630 (2023) Kat:3, Licht: 0","63630","3","6","2","02","16","3","","0","0","1","0","0"
"POINT (8.592053731000021 50.125529882000080)","Unfall 63631 (2023) Kat:2, Licht: 1","63631","2","6","2","02","18","3","","1","0","1","0","0"
"POINT (8.539277926000068 50.101212457000031)","Unfall 63638 (2023) Kat:3, Licht: 2","63638","3","2","5","02","22","2","","2","0","1","0","0"
"POINT (8.669932344000074 50.165999464000038)","Unfall 63639 (2023) Kat:2, Licht: 0","63639","2","4","6","02","07","2","","0","0","0","1","0"
"POINT (8.695698806000053 50.134129876000031)","Unfall 63640 (2023) Kat:3, Licht: 0","63640","3","6","6","02","11","2","","0","1","0","1","0"
"POINT (8.665329633000056 50.104218500000059)","Unfall 63641 (2023) Kat:3, Licht: 0","63641","3","6","2","02","10","2","","0","0","1","0","0"
"POINT (8.617307440000047 50.079721096000071)","Unfall 63671 (2023) Kat:3, Licht: 2","63671","3","6","3","02","18","2","","2","0","1","0","0"
"POINT (8.534220695000045 50.114507181000079)","Unfall 63698 (2023) Kat:3, Licht: 0","63698","3","6","2","02","15","7","","0","0","1","0","0"
"POINT (8.652379742000051 50.141286338000043)","Unfall 63699 (2023) Kat:3, Licht: 0","63699","3","6","2","02","15","7","","0","0","1","0","0"
"POINT (8.719275538000034 50.099983252000072)","Unfall 63705 (2023) Kat:3, Licht: 0","63705","3","6","3","02","17","5","","0","0","0","0","0"
"POINT (8.759338634000073 50.113058116000047)","Unfall 63712 (2023) Kat:3, Licht: 0","63712","3","6","4","02","07","7","","0","0","0","0","1"
"POINT (8.717892789000075 50.064327212000080)","Unfall 63717 (2023) Kat:3, Licht: 2","63717","3","6","2","02","18","7","","2","0","1","0","0"
"POINT (8.519128384000055 50.110258717000079)","Unfall 63718 (2023) Kat:3, Licht: 0","63718","3","6","9","03","15","4","","0","0","1","0","0"
"POINT (8.539180834000035 50.117619256000069)","Unfall 63719 (2023) Kat:3, Licht: 1","63719","3","6","2","02","16","7","","1","0","1","0","0"
"POINT (8.687145009000062 50.061330134000059)","Unfall 63720 (2023) Kat:1, Licht: 2","63720","1","6","2","02","00","7","","2","0","1","0","0"
"POINT (8.643047976000048 50.200632232000032)","Unfall 63721 (2023) Kat:3, Licht: 0","63721","3","1","8","02","09","7","","0","0","1","0","0"
"POINT (8.695544835000021 50.102254056000049)","Unfall 63725 (2023) Kat:2, Licht: 0","63725","2","3","5","02","11","6","","0","1","1","0","0"
"POINT (8.715007785000068 50.112406537000027)","Unfall 63761 (2023) Kat:2, Licht: 0","63761","2","2","5","02","08","5","","0","0","1","0","1"
"POINT (8.668389809000075 50.131572546000029)","Unfall 63790 (2023) Kat:3, Licht: 0","63790","3","3","5","02","14","4","","0","0","1","0","0"
"POINT (8.741056167000067 50.122945836000042)","Unfall 63794 (2023) Kat:3, Licht: 0","63794","3","4","6","03","13","7","","0","0","1","1","0"
"POINT (8.523367498000027 50.037879858000053)","Unfall 63810 (2023) Kat:3, Licht: 1","63810","3","2","3","01","06","3","","1","1","1","0","0"
"POINT (8.646128346000069 50.162054879000038)","Unfall 63824 (2023) Kat:3, Licht: 2","63824","3","2","6","01","20","3","","2","0","1","1","0"
"POINT (8.714688305000038 50.112420369000063)","Unfall 63825 (2023) Kat:2, Licht: 2","63825","2","4","6","01","17","3","","2","0","1","1","0"
"POINT (8.660253302000058 50.109323315000040)","Unfall 63826 (2023) Kat:3, Licht: 2","63826","3","1","0","01","02","3","","2","0","0","0","0"
"POINT (8.724413159000051 50.131660561000047)","Unfall 63833 (2023) Kat:3, Licht: 0","63833","3","6","2","03","17","5","","0","0","1","0","0"
"POINT (8.714877898000054 50.063901326000064)","Unfall 63848 (2023) Kat:3, Licht: 2","63848","3","6","2","01","18","3","","2","0","1","0","0"
"POINT (8.644595052000057 50.201558569000042)","Unfall 63849 (2023) Kat:3, Licht: 0","63849","3","6","2","01","09","3","","0","0","1","0","0"
"POINT (8.764344872000038 50.135803176000081)","Unfall 63881 (2023) Kat:3, Licht: 0","63881","3","6","2","01","15","2","","0","0","1","0","0"
"POINT (8.654020099000036 50.119666173000041)","Unfall 63897 (2023) Kat:3, Licht: 0","63897","3","6","3","01","15","1","","0","0","1","0","0"
"POINT (8.742023002000053 50.158577997000066)","Unfall 63903 (2023) Kat:3, Licht: 0","63903","3","6","2","01","12","1","","0","0","1","0","0"
"POINT (8.646349045000022 50.058359421000034)","Unfall 63918 (2023) Kat:2, Licht: 2","63918","2","1","9","01","02","7","","2","0","1","0","0"
"POINT (8.691389225000023 50.103814791000048)","Unfall 63925 (2023) Kat:3, Licht: 0","63925","3","6","2","01","11","6","","0","1","1","0","0"
"POINT (8.648839452000061 50.058899047000068)","Unfall 63941 (2023) Kat:3, Licht: 2","63941","3","6","2","01","06","6","","2","0","1","0","0"
"POINT (8.570809885000074 50.098848671000042)","Unfall 63949 (2023) Kat:2, Licht: 2","63949","2","5","1","01","18","5","","2","0","1","0","0"
"POINT (8.613275356000031 50.138065128000051)","Unfall 63950 (2023) Kat:3, Licht: 2","63950","3","6","2","01","19","5","","2","0","1","0","0"
"POINT (8.707026313000028 50.128495521000048)","Unfall 63986 (2023) Kat:3, Licht: 2","63986","3","4","6","01","17","4","","2","0","1","1","0"
"POINT (8.624621530000070 50.078001357000062)","Unfall 64010 (2023) Kat:3, Licht: 0","64010","3","3","4","01","08","3","","0","0","1","0","0"
"POINT (8.666022279000060 50.148028866000061)","Unfall 64042 (2023) Kat:2, Licht: 0","64042","2","3","5","01","09","2","","0","0","1","0","0"
"POINT (8.729990852000071 50.119601343000056)","Unfall 64043 (2023) Kat:3, Licht: 0","64043","3","6","2","01","08","2","","0","0","1","0","0"
"POINT (8.659692056000040 50.101734095000040)","Unfall 64044 (2023) Kat:3, Licht: 2","64044","3","3","5","01","18","2","","2","0","1","0","0"
"POINT (8.717246768000052 50.064245068000048)","Unfall 64061 (2023) Kat:3, Licht: 1","64061","3","6","2","01","07","2","","1","0","1","0","0"