WKT,Name,OBJECTID,UKATEGORIE,UTYP1,UART,UMONAT,USTUNDE,UWOCHENTAG,STRZUSTAND,ULICHTVERH,ISTRAD,ISTPKW,ISTFUSS,ISTKRAD
"POINT (8.634951185000034 50.124204407000036)","Unfall 64064 (2023) Kat:2, Licht: 2","64064","2","1","8","01","18","1","","2","0","1","0","0"
"POINT (8.710587800000042 50.105255692000071)","Unfall 64066 (2023) Kat:3, Licht: 2","64066","3","1","9","01","04","1","","2","0","1","0","0"
"POINT (8.692813171000068 50.128977190000057)","Unfall 64067 (2023) Kat:3, Licht: 2","64067","3","2","5","01","19","1","","2","0","1","0","0"
"POINT (8.663117847000024 50.108246714000074)","Unfall 64088 (2023) Kat:2, Licht: 2","64088","2","4","6","01","22","7","","2","0","1","1","0"
"POINT (8.709498993000068 50.062890252000045)","Unfall 64097 (2023) Kat:3, Licht: 1","64097","3","6","2","02","16","4","","1","0","1","0","0"
"POINT (8.686951394000062 50.130861973000037)","Unfall 64110 (2023) Kat:3, Licht: 2","64110","3","6","2","01","07","6","","2","0","1","0","0"
"POINT (8.641905358000031 50.202297073000068)","Unfall 64129 (2023) Kat:3, Licht: 0","64129","3","1","9","01","09","6","","0","0","1","0","0"
"POINT (8.719507682000028 50.123288788000082)","Unfall 64137 (2023) Kat:3, Licht: 0","64137","3","2","3","02","11","4","","0","0","1","0","0"
"POINT (8.648643681000067 50.198568488000035)","Unfall 64140 (2023) Kat:3, Licht: 0","64140","3","6","2","01","14","6","","0","0","1","0","0"
"POINT (8.656894400000056 50.132745392000061)","Unfall 64150 (2023) Kat:3, Licht: 0","64150","3","6","2","01","08","5","","0","0","1","0","0"
"POINT (8.596744525000076 50.124332116000062)","Unfall 64151 (2023) Kat:3, Licht: 0","64151","3","3","5","01","08","5","","0","1","1","0","0"
"POINT (8.652873588000034 50.170992565000063)","Unfall 64183 (2023) Kat:2, Licht: 0","64183","2","6","2","01","07","5","","0","0","1","0","0"
"POINT (8.646244284000034 50.138209192000033)","Unfall 64188 (2023) Kat:3, Licht: 0","64188","3","5","3","01","13","4","","0","0","1","0","0"
"POINT (8.696027035000043 50.134357476000048)","Unfall 64189 (2023) Kat:3, Licht: 0","64189","3","3","5","01","07","4","","0","1","0","0","0"
"POINT (8.744531402000064 50.124133812000082)","Unfall 64190 (2023) Kat:2, Licht: 0","64190","2","3","5","01","14","4","","0","1","1","0","0"
"POINT (8.648578929000053 50.098008445000062)","Unfall 64191 (2023) Kat:3, Licht: 0","64191","3","2","2","01","11","4","","0","0","1","0","0"
"POINT (8.514025017000051 50.085912287000042)","Unfall 64196 (2023) Kat:3, Licht: 2","64196","3","6","2","02","04","6","","2","0","1","0","0"
"POINT (8.553866477000042 50.123049316000049)","Unfall 64207 (2023) Kat:2, Licht: 2","64207","2","6","2","01","17","4","","2","0","1","0","0"
"POINT (8.684273669000049 50.135743259000037)","Unfall 64225 (2023) Kat:3, Licht: 0","64225","3","6","2","01","13","3","","0","0","1","0","0"
"POINT (8.561475068000050 50.126156289000050)","Unfall 64251 (2023) Kat:3, Licht: 0","64251","3","6","2","01","08","3","","0","0","1","0","0"
"POINT (8.656698682000069 50.207961511000065)","Unfall 64252 (2023) Kat:3, Licht: 0","64252","3","6","2","01","08","3","","0","0","1","0","0"
"POINT (8.605838660000074 50.180946979000055)","Unfall 64264 (2023) Kat:3, Licht: 2","64264","3","3","5","01","07","2","","2","1","1","0","0"
"POINT (8.690983087000063 50.088202358000046)","Unfall 64266 (2023) Kat:3, Licht: 0","64266","3","3","5","01","11","2","","0","0","1","0","0"
"POINT (8.679659916000048 50.111255661000030)","Unfall 64267 (2023) Kat:3, Licht: 0","64267","3","6","2","01","13","2","","0","0","1","0","0"
"POINT (8.605629981000050 50.105160764000061)","Unfall 64296 (2023) Kat:3, Licht: 0","64296","3","6","2","01","08","2","","0","0","1","0","0"
"POINT (8.618460396000046 50.085352497000031)","Unfall 64298 (2023) Kat:3, Licht: 2","64298","3","1","9","01","03","2","","2","0","1","0","0"
"POINT (8.528565884000045 50.119401698000047)","Unfall 64301 (2023) Kat:3, Licht: 2","64301","3","6","3","01","22","1","","2","0","0","0","1"
"POINT (8.539113565000036 50.111915233000047)","Unfall 64302 (2023) Kat:3, Licht: 0","64302","3","3","5","01","10","1","","0","0","1","0","0"
"POINT (8.644200265000052 50.113885121000067)","Unfall 64304 (2023) Kat:3, Licht: 0","64304","3","6","2","01","15","1","","0","0","1","0","0"
"POINT (8.646096291000049 50.137918978000073)","Unfall 64305 (2023) Kat:3, Licht: 0","64305","3","3","5","01","11","1","","0","0","1","0","1"
"POINT (8.725615489000063 50.160169166000060)","Unfall 64306 (2023) Kat:3, Licht: 0","64306","3","1","8","01","10","1","","0","0","1","0","0"
"POINT (8.692427792000046 50.113290739000036)","Unfall 64308 (2023) Kat:3, Licht: 2","64308","3","1","9","01","06","1","","2","0","1","0","0"
"POINT (8.731978279000032 50.118668412000034)","Unfall 64329 (2023) Kat:3, Licht: 0","64329","3","6","2","07","18","6","","0","0","1","0","1"
"POINT (8.567932549000034 50.053212169000062)","Unfall 64349 (2023) Kat:3, Licht: 0","64349","3","6","2","07","17","6","","0","0","1","0","0"
"POINT (8.600259603000040 50.151606470000047)","Unfall 64350 (2023) Kat:3, Licht: 0","64350","3","6","2","07","08","6","","0","0","1","0","0"
"POINT (8.650237297000047 50.059296013000051)","Unfall 64351 (2023) Kat:3, Licht: 2","64351","3","6","2","07","23","6","","2","0","1","0","0"
"POINT (8.628703983000037 50.115491667000072)","Unfall 64367 (2023) Kat:3, Licht: 0","64367","3","6","2","07","10","5","","0","0","1","0","0"
"POINT (8.596975550000025 50.116426592000039)","Unfall 64389 (2023) Kat:3, Licht: 0","64389","3","6","2","07","07","5","","0","0","1","0","0"
"POINT (8.694400011000027 50.109160022000026)","Unfall 64396 (2023) Kat:3, Licht: 0","64396","3","2","2","07","09","4","","0","1","1","0","0"
"POINT (8.663734790000035 50.108031104000077)","Unfall 64397 (2023) Kat:3, Licht: 0","64397","3","5","1","07","14","4","","0","1","1","0","0"
"POINT (8.645749791000071 50.176614065000081)","Unfall 64416 (2023) Kat:3, Licht: 0","64416","3","6","2","07","14","4","","0","0","1","0","0"
"POINT (8.594956322000030 50.142460187000040)","Unfall 64417 (2023) Kat:3, Licht: 2","64417","3","6","3","07","22","4","","2","0","1","0","0"
"POINT (8.739301232000059 50.101389303000076)","Unfall 64446 (2023) Kat:3, Licht: 0","64446","3","6","2","07","14","3","","0","0","1","0","0"
"POINT (8.552005664000035 50.103045125000051)","Unfall 64455 (2023) Kat:3, Licht: 0","64455","3","4","6","07","07","2","","0","0","0","1","0"
"POINT (8.623700184000029 50.101070460000074)","Unfall 64456 (2023) Kat:3, Licht: 0","64456","3","6","2","07","14","2","","0","0","1","0","0"
"POINT (8.672066255000061 50.132000556000037)","Unfall 64457 (2023) Kat:3, Licht: 0","64457","3","7","0","07","12","2","","0","1","0","0","0"
"POINT (8.695107567000036 50.106388258000038)","Unfall 64458 (2023) Kat:3, Licht: 0","64458","3","6","2","07","11","2","","0","0","1","0","1"
"POINT (8.609231370000032 50.145648362000031)","Unfall 64477 (2023) Kat:3, Licht: 0","64477","3","6","2","07","21","1","","0","0","1","0","0"
"POINT (8.708128635000037 50.113977140000031)","Unfall 64478 (2023) Kat:3, Licht: 1","64478","3","6","4","07","21","1","","1","1","0","0","0"
"POINT (8.631727327000021 50.127627686000039)","Unfall 64498 (2023) Kat:2, Licht: 0","64498","2","3","5","07","19","7","","0","1","1","0","0"
"POINT (8.607384526000033 50.144653611000081)","Unfall 64515 (2023) Kat:3, Licht: 0","64515","3","6","0","07","13","6","","0","1","1","0","0"
"POINT (8.599316924000050 50.131437052000081)","Unfall 64516 (2023) Kat:3, Licht: 0","64516","3","6","2","07","14","6","","0","0","1","0","0"
"POINT (8.653504630000043 50.074451674000045)","Unfall 64517 (2023) Kat:3, Licht: 0","64517","3","6","2","07","15","6","","0","0","1","0","0"
"POINT (8.680723750000027 50.106598950000034)","Unfall 64518 (2023) Kat:3, Licht: 0","64518","3","1","0","07","08","6","","0","0","0","0","1"
"POINT (8.701537263000034 50.123112809000077)","Unfall 64519 (2023) Kat:3, Licht: 0","64519","3","4","6","07","15","6","","0","0","0","1","0"
"POINT (8.757799887000033 50.129012572000079)","Unfall 64542 (2023) Kat:3, Licht: 0","64542","3","6","3","07","16","6","","0","0","1","0","0"
"POINT (8.659658098000023 50.109081124000056)","Unfall 64555 (2023) Kat:3, Licht: 0","64555","3","6","0","07","13","5","","0","1","1","1","0"
"POINT (8.664933028000064 50.102992789000041)","Unfall 64556 (2023) Kat:3, Licht: 0","64556","3","2","5","07","11","5","","0","0","1","0","1"
"POINT (8.632887618000041 50.152999372000068)","Unfall 64587 (2023) Kat:3, Licht: 0","64587","3","7","2","07","09","4","","0","0","1","0","1"
"POINT (8.657310262000067 50.111261456000079)","Unfall 64588 (2023) Kat:3, Licht: 0","64588","3","3","5","07","10","4","","0","0","1","0","0"
"POINT (8.670826301000034 50.148970544000065)","Unfall 64589 (2023) Kat:3, Licht: 0","64589","3","6","2","07","16","4","","0","0","1","0","0"
"POINT (8.677913100000069 50.170625940000036)","Unfall 64614 (2023) Kat:3, Licht: 0","64614","3","6","3","07","18","3","","0","0","1","0","1"
"POINT (8.706228814000042 50.145690649000073)","Unfall 64616 (2023) Kat:2, Licht: 0","64616","2","2","6","07","14","3","","0","0","1","1","0"
"POINT (8.644500069000060 50.113860669000076)","Unfall 64634 (2023) Kat:3, Licht: 0","64634","3","3","5","07","18","6","","0","0","1","0","0"
"POINT (8.528441274000045 50.113691260000053)","Unfall 64642 (2023) Kat:3, Licht: 0","64642","3","6","2","07","20","3","","0","0","1","0","0"
"POINT (8.599174331000029 50.149632965000080)","Unfall 64643 (2023) Kat:3, Licht: 0","64643","3","6","2","07","19","3","","0","0","1","0","0"
"POINT (8.592523321000044 50.124798619000046)","Unfall 64644 (2023) Kat:2, Licht: 0","64644","2","6","2","07","08","3","","0","0","0","0","0"
"POINT (8.634280434000061 50.160188409000057)","Unfall 64650 (2023) Kat:3, Licht: 0","64650","3","6","2","07","14","2","","0","0","1","0","0"
"POINT (8.654813126000022 50.144906501000037)","Unfall 64673 (2023) Kat:2, Licht: 0","64673","2","4","6","07","17","1","","0","1","0","1","0"
"POINT (8.683529780000072 50.107274991000054)","Unfall 64674 (2023) Kat:3, Licht: 1","64674","3","1","0","07","05","1","","1","0","0","0","0"
"POINT (8.734598839000057 50.120045198000071)","Unfall 64694 (2023) Kat:3, Licht: 2","64694","3","3","0","07","21","7","","2","0","1","0","1"
"POINT (8.660653902000035 50.109342749000064)","Unfall 64695 (2023) Kat:3, Licht: 0","64695","3","2","4","07","20","7","","0","0","1","0","0"
"POINT (8.512767006000047 50.096934542000042)","Unfall 64703 (2023) Kat:3, Licht: 0","64703","3","3","5","07","18","4","","0","0","1","0","1"
"POINT (8.602645074000066 50.108759443000054)","Unfall 64712 (2023) Kat:3, Licht: 2","64712","3","1","8","07","20","7","","2","0","1","0","0"
"POINT (8.618308007000053 50.082081444000039)","Unfall 64713 (2023) Kat:2, Licht: 0","64713","2","6","2","07","08","7","","0","0","1","0","0"
"POINT (8.666422117000025 50.147979343000031)","Unfall 64730 (2023) Kat:3, Licht: 0","64730","3","3","5","06","12","6","","0","0","1","0","0"
"POINT (8.748597393000068 50.138710773000071)","Unfall 64746 (2023) Kat:3, Licht: 2","64746","3","1","9","06","23","6","","2","0","1","0","0"
"POINT (8.592917127000021 50.138784396000062)","Unfall 64748 (2023) Kat:3, Licht: 0","64748","3","6","2","06","14","6","","0","0","1","0","0"
"POINT (8.595221980000076 50.142939089000038)","Unfall 64779 (2023) Kat:3, Licht: 2","64779","3","6","2","06","23","5","","2","0","1","0","0"
"POINT (8.554526875000022 50.103228759000046)","Unfall 64858 (2023) Kat:3, Licht: 0","64858","3","6","3","06","16","2","","0","0","1","0","1"
"POINT (8.565526954000063 50.125546772000064)","Unfall 64859 (2023) Kat:3, Licht: 0","64859","3","6","2","06","14","2","","0","0","1","0","0"
"POINT (8.698830632000067 50.140948488000049)","Unfall 64860 (2023) Kat:3, Licht: 0","64860","3","2","3","06","15","2","","0","1","1","0","0"
"POINT (8.628393842000037 50.101543414000048)","Unfall 64861 (2023) Kat:3, Licht: 0","64861","3","4","6","06","18","2","","0","1","0","1","0"
"POINT (8.539927485000021 50.109444148000080)","Unfall 64871 (2023) Kat:3, Licht: 0","64871","3","7","1","06","16","2","","0","0","1","0","0"
"POINT (8.656977441000038 50.110965294000039)","Unfall 64897 (2023) Kat:3, Licht: 0","64897","3","2","5","06","17","1","","0","0","1","0","0"
"POINT (8.741226532000042 50.133828046000076)","Unfall 64912 (2023) Kat:3, Licht: 0","64912","3","6","2","06","14","1","","0","0","1","0","0"
"POINT (8.664113159000067 50.108140115000026)","Unfall 64920 (2023) Kat:3, Licht: 2","64920","3","3","5","06","01","7","","2","0","1","0","0"
"POINT (8.523144348000073 50.021831807000069)","Unfall 64939 (2023) Kat:3, Licht: 0","64939","3","1","0","07","19","3","","0","1","0","0","0"
"POINT (8.640159633000053 50.056427155000051)","Unfall 64946 (2023) Kat:3, Licht: 2","64946","3","6","2","06","22","7","","2","0","1","0","0"
"POINT (8.705286974000046 50.104819914000075)","Unfall 64959 (2023) Kat:3, Licht: 2","64959","3","6","2","06","21","6","","2","0","1","0","0"
"POINT (8.647727629000030 50.113855546000082)","Unfall 64980 (2023) Kat:3, Licht: 0","64980","3","3","5","06","16","3","","0","1","1","0","0"
"POINT (8.592789965000065 50.138555248000046)","Unfall 64982 (2023) Kat:3, Licht: 0","64982","3","6","2","06","17","6","","0","0","1","0","0"
"POINT (8.584869040000058 50.133194793000030)","Unfall 64984 (2023) Kat:3, Licht: 0","64984","3","1","9","06","09","6","","0","0","0","0","1"
"POINT (8.659844231000022 50.088364820000038)","Unfall 64993 (2023) Kat:3, Licht: 0","64993","3","6","2","06","17","5","","0","0","1","0","1"
"POINT (8.719169946000022 50.123097916000063)","Unfall 64994 (2023) Kat:3, Licht: 0","64994","3","6","2","06","19","5","","0","0","1","0","0"
"POINT (8.730939375000048 50.117978005000055)","Unfall 64995 (2023) Kat:3, Licht: 0","64995","3","6","2","06","08","5","","0","0","1","0","0"
"POINT (8.651423830000056 50.113289811000072)","Unfall 65023 (2023) Kat:3, Licht: 0","65023","3","6","3","06","16","4","","0","0","1","0","0"
"POINT (8.561354338000058 50.126307696000026)","Unfall 65040 (2023) Kat:3, Licht: 0","65040","3","6","2","06","17","4","","0","0","1","0","0"
"POINT (8.669765813000026 50.098686100000066)","Unfall 65045 (2023) Kat:3, Licht: 0","65045","3","6","2","06","07","3","","0","0","1","0","0"
"POINT (8.711664950000056 50.111333095000077)","Unfall 65046 (2023) Kat:2, Licht: 0","65046","2","2","5","06","08","3","","0","1","1","0","0"
"POINT (8.664024438000069 50.108097825000073)","Unfall 65047 (2023) Kat:3, Licht: 0","65047","3","3","5","06","14","3","","0","0","1","0","0"
"POINT (8.664061630000049 50.108158804000027)","Unfall 65049 (2023) Kat:3, Licht: 0","65049","3","3","5","06","12","3","","0","1","1","0","0"
"POINT (8.616375643000026 50.093277961000069)","Unfall 65082 (2023) Kat:3, Licht: 2","65082","3","1","0","06","00","3","","2","0","0","0","0"
"POINT (8.617704071000048 50.172887614000047)","Unfall 65090 (2023) Kat:3, Licht: 0","65090","3","6","2","06","19","2","","0","0","1","0","0"
"POINT (8.669985666000059 50.140068029000076)","Unfall 65092 (2023) Kat:3, Licht: 0","65092","3","4","6","06","12","2","","0","0","1","1","0"
"POINT (8.621437175000040 50.123413552000045)","Unfall 65093 (2023) Kat:3, Licht: 0","65093","3","7","0","06","18","2","","0","0","0","0","0"
"POINT (8.622360970000045 50.129921230000036)","Unfall 65094 (2023) Kat:3, Licht: 0","65094","3","6","3","06","15","2","","0","0","1","0","0"
"POINT (8.650133513000071 50.088469747000033)","Unfall 65095 (2023) Kat:3, Licht: 0","65095","3","4","6","06","16","2","","0","0","1","1","0"
"POINT (8.526415094000072 50.100202872000068)","Unfall 65107 (2023) Kat:3, Licht: 0","65107","3","6","2","06","09","7","","0","0","1","0","0"
"POINT (8.584371651000026 50.123719910000034)","Unfall 65117 (2023) Kat:3, Licht: 0","65117","3","2","4","06","17","2","","0","0","1","0","0"
"POINT (8.671432947000028 50.136459441000056)","Unfall 65122 (2023) Kat:3, Licht: 0","65122","3","5","1","06","20","1","","0","0","1","0","0"
"POINT (8.669372836000036 50.098568614000044)","Unfall 65124 (2023) Kat:3, Licht: 0","65124","3","2","3","06","16","1","","0","1","1","0","0"
"POINT (8.602977349000071 50.113995624000040)","Unfall 65139 (2023) Kat:3, Licht: 0","65139","3","1","9","06","20","1","","0","0","1","0","0"
"POINT (8.713163820000034 50.124757866000039)","Unfall 65141 (2023) Kat:2, Licht: 0","65141","2","6","3","06","16","7","","0","1","1","0","0"
"POINT (8.731935326000041 50.118625162000058)","Unfall 65142 (2023) Kat:3, Licht: 2","65142","3","6","2","06","00","7","","2","0","1","0","0"
"POINT (8.629101947000038 50.129559496000070)","Unfall 65151 (2023) Kat:3, Licht: 0","65151","3","3","5","06","16","5","","0","1","1","0","0"
"POINT (8.698317911000061 50.139795050000032)","Unfall 65176 (2023) Kat:3, Licht: 0","65176","3","2","0","07","07","4","","0","1","0","0","0"
"POINT (8.551943148000021 50.104197347000081)","Unfall 65183 (2023) Kat:3, Licht: 0","65183","3","3","5","06","15","6","","0","0","1","0","0"
"POINT (8.655989458000022 50.156888368000068)","Unfall 65185 (2023) Kat:3, Licht: 0","65185","3","2","3","06","08","6","","0","0","1","0","0"
"POINT (8.618905141000027 50.131952703000081)","Unfall 65186 (2023) Kat:3, Licht: 0","65186","3","7","5","06","09","6","","0","0","1","0","0"
"POINT (8.652666459000045 50.059769186000040)","Unfall 65205 (2023) Kat:3, Licht: 0","65205","3","6","2","06","18","6","","0","0","1","0","0"
"POINT (8.739391739000041 50.101774539000075)","Unfall 65237 (2023) Kat:3, Licht: 0","65237","3","6","2","06","17","5","","0","0","1","0","0"
"POINT (8.651847998000051 50.140773935000027)","Unfall 65246 (2023) Kat:3, Licht: 0","65246","3","6","2","06","13","4","","0","0","1","0","0"
"POINT (8.684014514000069 50.132676844000059)","Unfall 65247 (2023) Kat:3, Licht: 0","65247","3","2","3","06","18","4","","0","1","1","0","0"
"POINT (8.611678507000022 50.124627438000061)","Unfall 65248 (2023) Kat:3, Licht: 0","65248","3","2","5","06","15","4","","0","1","1","0","0"
"POINT (8.701720612000031 50.122950737000053)","Unfall 65249 (2023) Kat:3, Licht: 0","65249","3","6","2","06","15","4","","0","0","1","0","0"
"POINT (8.485121285000048 50.088614848000077)","Unfall 65264 (2023) Kat:3, Licht: 0","65264","3","6","3","06","16","4","","0","0","1","0","0"
"POINT (8.529528819000063 50.101322959000072)","Unfall 65277 (2023) Kat:3, Licht: 0","65277","3","3","5","06","09","3","","0","0","1","0","1"
"POINT (8.657099611000035 50.111394391000033)","Unfall 65278 (2023) Kat:3, Licht: 0","65278","3","3","5","06","08","3","","0","0","1","0","0"
"POINT (8.706011878000027 50.145747512000071)","Unfall 65279 (2023) Kat:3, Licht: 0","65279","3","6","2","06","10","3","","0","0","1","0","0"
"POINT (8.668160328000056 50.131570069000077)","Unfall 65282 (2023) Kat:3, Licht: 0","65282","3","6","2","06","19","3","","0","0","1","0","0"
"POINT (8.603323114000034 50.100357625000072)","Unfall 65310 (2023) Kat:3, Licht: 0","65310","3","2","5","06","19","2","","0","1","1","0","0"
"POINT (8.663390825000022 50.147424800000067)","Unfall 65311 (2023) Kat:3, Licht: 0","65311","3","6","2","06","16","2","","0","0","1","0","0"
"POINT (8.658199830000058 50.145994728000062)","Unfall 65312 (2023) Kat:3, Licht: 0","65312","3","7","0","06","17","2","","0","1","0","0","0"
"POINT (8.696528144000069 50.135423702000026)","Unfall 65313 (2023) Kat:3, Licht: 0","65313","3","6","1","06","10","2","","0","0","1","0","0"
"POINT (8.707993672000043 50.113883576000035)","Unfall 65318 (2023) Kat:3, Licht: 0","65318","3","6","0","06","08","4","","0","0","1","0","1"
"POINT (8.549012551000033 50.099762640000051)","Unfall 65338 (2023) Kat:2, Licht: 0","65338","2","4","6","06","19","1","","0","0","1","1","0"
"POINT (8.708931343000074 50.111445801000059)","Unfall 65339 (2023) Kat:3, Licht: 0","65339","3","4","6","06","17","1","","0","0","1","1","0"
"POINT (8.703330717000028 50.143770109000059)","Unfall 65351 (2023) Kat:3, Licht: 0","65351","3","6","2","06","12","1","","0","0","1","0","0"
"POINT (8.678034749000062 50.105497213000035)","Unfall 65359 (2023) Kat:3, Licht: 0","65359","3","6","3","06","14","7","","0","0","1","0","0"
"POINT (8.725755319000029 50.142016441000067)","Unfall 65366 (2023) Kat:3, Licht: 0","65366","3","7","0","07","12","7","","0","1","0","0","0"
"POINT (8.727560464000021 50.106849634000071)","Unfall 65391 (2023) Kat:3, Licht: 0","65391","3","3","8","06","13","6","","0","0","1","0","0"
"POINT (8.728716411000050 50.117461913000056)","Unfall 65393 (2023) Kat:3, Licht: 0","65393","3","7","0","06","13","6","","0","1","0","0","0"
"POINT (8.669331676000070 50.131603575000042)","Unfall 65394 (2023) Kat:3, Licht: 0","65394","3","6","2","06","17","6","","0","0","1","0","0"
"POINT (8.671536454000034 50.166277433000062)","Unfall 65435 (2023) Kat:3, Licht: 0","65435","3","2","5","06","19","4","","0","1","1","0","0"
"POINT (8.606921611000075 50.144786442000054)","Unfall 65436 (2023) Kat:3, Licht: 0","65436","3","2","3","06","11","4","","0","0","1","0","0"
"POINT (8.677850441000032 50.105422082000075)","Unfall 65437 (2023) Kat:3, Licht: 0","65437","3","2","6","06","18","4","","0","0","1","1","0"
"POINT (8.698331988000064 50.139824002000069)","Unfall 65455 (2023) Kat:3, Licht: 0","65455","3","5","5","06","14","1","","0","0","1","0","0"
"POINT (8.552159098000061 50.110854572000051)","Unfall 65468 (2023) Kat:3, Licht: 0","65468","3","3","5","06","08","3","","0","0","1","0","0"
"POINT (8.664669729000025 50.107514388000027)","Unfall 65469 (2023) Kat:2, Licht: 0","65469","2","4","6","06","18","3","","0","1","0","1","0"
"POINT (8.678510267000036 50.132177794000029)","Unfall 65470 (2023) Kat:3, Licht: 0","65470","3","7","6","06","18","3","","0","0","1","1","0"
"POINT (8.656759422000050 50.131706947000055)","Unfall 65491 (2023) Kat:3, Licht: 0","65491","3","6","2","06","08","3","","0","0","1","0","0"
"POINT (8.664587816000051 50.104011814000046)","Unfall 65492 (2023) Kat:3, Licht: 0","65492","3","2","3","07","07","3","","0","0","0","0","0"
"POINT (8.652538933000073 50.114986520000059)","Unfall 65504 (2023) Kat:3, Licht: 0","65504","3","7","6","06","17","2","","0","0","1","1","0"
"POINT (8.699956740000061 50.101906181000061)","Unfall 65506 (2023) Kat:3, Licht: 0","65506","3","4","6","06","07","2","","0","1","0","1","0"
"POINT (8.621614330000057 50.125947444000076)","Unfall 65539 (2023) Kat:2, Licht: 0","65539","2","6","2","06","09","1","","0","1","0","0","0"
"POINT (8.661979872000074 50.108891427000060)","Unfall 65540 (2023) Kat:3, Licht: 2","65540","3","6","3","06","02","1","","2","1","1","0","0"
"POINT (8.590629362000072 50.100042305000045)","Unfall 65570 (2023) Kat:3, Licht: 0","65570","3","6","2","06","14","7","","0","0","1","0","0"
"POINT (8.536516524000035 50.112597069000060)","Unfall 65602 (2023) Kat:3, Licht: 0","65602","3","3","5","06","09","6","","0","1","1","0","0"
"POINT (8.650842308000051 50.113978288000055)","Unfall 65603 (2023) Kat:3, Licht: 0","65603","3","1","0","06","14","6","","0","1","0","0","0"
"POINT (8.661443304000045 50.152525612000034)","Unfall 65604 (2023) Kat:2, Licht: 2","65604","2","1","0","06","22","6","","2","1","0","0","0"
"POINT (8.674980976000029 50.101475377000042)","Unfall 65605 (2023) Kat:3, Licht: 0","65605","3","6","3","06","16","6","","0","1","1","0","0"
"POINT (8.739396494000061 50.101164042000050)","Unfall 65622 (2023) Kat:3, Licht: 0","65622","3","6","3","06","13","6","","0","0","1","0","0"
"POINT (8.517557703000023 50.091848437000067)","Unfall 65639 (2023) Kat:3, Licht: 0","65639","3","5","1","06","09","5","","0","0","0","0","0"
"POINT (8.564131989000032 50.098558777000051)","Unfall 65640 (2023) Kat:3, Licht: 0","65640","3","6","2","06","08","5","","0","0","1","0","0"
"POINT (8.605009600000074 50.114528436000057)","Unfall 65660 (2023) Kat:3, Licht: 0","65660","3","7","0","06","11","5","","0","0","1","0","0"
"POINT (8.627448894000054 50.116082644000073)","Unfall 65661 (2023) Kat:3, Licht: 0","65661","3","6","2","06","08","5","","0","0","1","0","0"
"POINT (8.705135022000036 50.144244285000070)","Unfall 65662 (2023) Kat:3, Licht: 0","65662","3","6","2","06","09","5","","0","0","1","0","1"
"POINT (8.514216646000023 50.114487460000078)","Unfall 65673 (2023) Kat:2, Licht: 0","65673","2","6","2","05","11","4","","0","0","1","0","1"
"POINT (8.645626276000030 50.136561920000076)","Unfall 65674 (2023) Kat:3, Licht: 0","65674","3","6","0","06","09","2","","0","0","1","0","0"
"POINT (8.596313316000021 50.140906733000065)","Unfall 65675 (2023) Kat:3, Licht: 0","65675","3","3","5","05","12","4","","0","0","0","0","0"
"POINT (8.734597060000056 50.120044400000040)","Unfall 65676 (2023) Kat:2, Licht: 0","65676","2","2","3","05","16","4","","0","1","0","0","0"
"POINT (8.608776801000033 50.053148527000076)","Unfall 65691 (2023) Kat:3, Licht: 0","65691","3","6","3","06","18","7","","0","0","0","0","1"
"POINT (8.707224020000069 50.199057558000050)","Unfall 65699 (2023) Kat:2, Licht: 0","65699","2","2","4","07","13","1","","0","0","1","0","0"
"POINT (8.579062735000036 50.123554104000050)","Unfall 65718 (2023) Kat:3, Licht: 0","65718","3","3","5","05","09","3","","0","1","1","0","0"
"POINT (8.607235679000041 50.095251610000048)","Unfall 65721 (2023) Kat:3, Licht: 0","65721","3","2","0","05","20","3","","0","0","0","0","1"
"POINT (8.723364455000024 50.100721350000072)","Unfall 65722 (2023) Kat:3, Licht: 0","65722","3","6","2","05","16","3","","0","0","0","0","0"
"POINT (8.710967021000044 50.105225194000070)","Unfall 65723 (2023) Kat:2, Licht: 0","65723","2","1","9","05","06","3","","0","0","1","0","0"
"POINT (8.648529543000052 50.198394470000039)","Unfall 65725 (2023) Kat:3, Licht: 0","65725","3","6","2","05","07","4","","0","0","1","0","0"
"POINT (8.688548338000032 50.112580286000082)","Unfall 65726 (2023) Kat:3, Licht: 0","65726","3","7","3","05","09","3","","0","0","1","0","1"
"POINT (8.714465239000049 50.137627097000063)","Unfall 65758 (2023) Kat:3, Licht: 0","65758","3","6","2","05","07","3","","0","0","1","0","0"
"POINT (8.653579722000075 50.106642497000053)","Unfall 65766 (2023) Kat:3, Licht: 2","65766","3","3","5","05","21","2","","2","0","1","0","0"
"POINT (8.664706444000046 50.107483564000063)","Unfall 65767 (2023) Kat:3, Licht: 2","65767","3","3","5","05","01","2","","2","0","1","0","0"
"POINT (8.567813858000022 50.120649978000074)","Unfall 65799 (2023) Kat:3, Licht: 0","65799","3","7","0","07","17","5","","0","0","0","0","1"
"POINT (8.588317659000040 50.123318293000068)","Unfall 65802 (2023) Kat:3, Licht: 0","65802","3","1","9","05","20","1","","0","0","1","0","0"
"POINT (8.662853668000025 50.090979377000053)","Unfall 65803 (2023) Kat:3, Licht: 1","65803","3","6","2","05","21","1","","1","0","1","0","0"
"POINT (8.740798542000050 50.133000942000081)","Unfall 65858 (2023) Kat:3, Licht: 0","65858","3","6","0","06","13","2","","0","0","0","0","1"