WKT,Name,OBJECTID,UKATEGORIE,UTYP1,UART,UMONAT,USTUNDE,UWOCHENTAG,STRZUSTAND,ULICHTVERH,ISTRAD,ISTPKW,ISTFUSS,ISTKRAD
"POINT (8.604124463000062 50.100159748000067)","Unfall 65882 (2023) Kat:2, Licht: 0","65882","2","6","2","05","18","6","","0","0","1","0","0"
"POINT (8.655417306000061 50.126555927000027)","Unfall 65884 (2023) Kat:2, Licht: 0","65884","2","6","2","05","15","6","","0","0","1","0","0"
"POINT (8.627607775000058 50.052806374000056)","Unfall 65912 (2023) Kat:3, Licht: 0","65912","3","6","2","05","15","6","","0","0","1","0","0"
"POINT (8.593630000000076 50.140069072000074)","Unfall 65913 (2023) Kat:3, Licht: 0","65913","3","6","2","05","17","6","","0","0","1","0","0"
"POINT (8.553810658000032 50.122806660000037)","Unfall 65915 (2023) Kat:3, Licht: 0","65915","3","6","2","05","15","6","","0","0","1","0","0"
"POINT (8.665104927000073 50.092850362000036)","Unfall 65929 (2023) Kat:3, Licht: 0","65929","3","6","2","05","14","5","","0","0","1","0","0"
"POINT (8.724240887000065 50.132077377000030)","Unfall 65953 (2023) Kat:3, Licht: 0","65953","3","6","2","05","17","5","","0","0","1","0","0"
"POINT (8.600017283000057 50.151649265000060)","Unfall 65957 (2023) Kat:3, Licht: 0","65957","3","6","2","05","14","5","","0","0","1","0","0"
"POINT (8.691028044000063 50.097856117000049)","Unfall 65963 (2023) Kat:3, Licht: 0","65963","3","6","6","06","18","6","","0","1","0","1","0"
"POINT (8.664032732000067 50.108169284000041)","Unfall 65967 (2023) Kat:3, Licht: 0","65967","3","3","5","05","09","4","","0","1","1","0","0"
"POINT (8.558810417000075 50.050178583000047)","Unfall 65977 (2023) Kat:3, Licht: 0","65977","3","6","2","05","14","4","","0","0","1","0","0"
"POINT (8.603962632000048 50.100163642000041)","Unfall 65987 (2023) Kat:3, Licht: 0","65987","3","6","2","05","17","3","","0","0","1","0","0"
"POINT (8.646037521000039 50.131531942000038)","Unfall 65988 (2023) Kat:3, Licht: 0","65988","3","3","5","05","10","3","","0","0","1","0","0"
"POINT (8.695713758000068 50.134161221000056)","Unfall 65990 (2023) Kat:3, Licht: 0","65990","3","6","2","05","10","3","","0","0","1","0","0"
"POINT (8.728333983000027 50.121825072000036)","Unfall 65991 (2023) Kat:3, Licht: 2","65991","3","1","0","05","00","3","","2","0","1","0","0"
"POINT (8.594401835000042 50.121898518000080)","Unfall 66005 (2023) Kat:3, Licht: 0","66005","3","6","2","05","09","3","","0","0","1","0","0"
"POINT (8.589986599000042 50.132735120000063)","Unfall 66006 (2023) Kat:3, Licht: 0","66006","3","6","2","05","08","3","","0","0","1","0","0"
"POINT (8.514698414000065 50.085048241000038)","Unfall 66016 (2023) Kat:3, Licht: 0","66016","3","3","5","05","20","2","","0","1","1","0","0"
"POINT (8.536532665000038 50.112604038000029)","Unfall 66017 (2023) Kat:3, Licht: 0","66017","3","3","5","05","18","2","","0","0","1","0","0"
"POINT (8.557693341000061 50.102464411000028)","Unfall 66018 (2023) Kat:3, Licht: 0","66018","3","6","2","05","17","2","","0","0","1","0","0"
"POINT (8.654217246000030 50.144362060000049)","Unfall 66019 (2023) Kat:3, Licht: 0","66019","3","6","3","05","16","2","","0","1","1","0","0"
"POINT (8.618822637000051 50.121479279000027)","Unfall 66022 (2023) Kat:3, Licht: 0","66022","3","2","5","05","07","2","","0","1","0","0","1"
"POINT (8.664167354000028 50.092069046000063)","Unfall 66023 (2023) Kat:3, Licht: 0","66023","3","6","2","05","15","2","","0","0","1","0","0"
"POINT (8.728639250000072 50.117425723000053)","Unfall 66024 (2023) Kat:3, Licht: 0","66024","3","7","2","05","15","2","","0","0","1","0","1"
"POINT (8.592092529000070 50.136763221000081)","Unfall 66058 (2023) Kat:3, Licht: 2","66058","3","6","3","05","21","2","","2","0","1","0","0"
"POINT (8.650836374000050 50.059264769000038)","Unfall 66060 (2023) Kat:3, Licht: 0","66060","3","6","3","05","07","2","","0","0","1","0","0"
"POINT (8.706165952000049 50.118851568000082)","Unfall 66062 (2023) Kat:3, Licht: 0","66062","3","5","1","06","14","5","","0","1","1","0","0"
"POINT (8.638890502000038 50.155009211000049)","Unfall 66070 (2023) Kat:3, Licht: 0","66070","3","1","8","05","10","1","","0","0","0","0","1"
"POINT (8.785849093000024 50.159757821000028)","Unfall 66085 (2023) Kat:3, Licht: 0","66085","3","6","2","05","13","1","","0","0","1","0","0"
"POINT (8.617961653000066 50.132724784000061)","Unfall 66090 (2023) Kat:3, Licht: 0","66090","3","3","5","06","09","1","","0","1","1","0","0"
"POINT (8.691107590000058 50.101619526000036)","Unfall 66094 (2023) Kat:2, Licht: 0","66094","2","4","6","06","20","7","","0","0","1","1","0"
"POINT (8.620992080000065 50.100807316000044)","Unfall 66099 (2023) Kat:3, Licht: 0","66099","3","6","2","05","13","7","","0","0","1","0","0"
"POINT (8.700035466000031 50.112926855000069)","Unfall 66120 (2023) Kat:2, Licht: 0","66120","2","6","3","05","17","6","","0","0","1","0","1"
"POINT (8.556191702000035 50.102503606000028)","Unfall 66149 (2023) Kat:2, Licht: 0","66149","2","1","0","05","16","5","","0","0","0","0","1"
"POINT (8.628396434000024 50.168786287000046)","Unfall 66150 (2023) Kat:3, Licht: 2","66150","3","6","4","05","22","5","","2","0","1","0","0"
"POINT (8.676381044000038 50.170710757000052)","Unfall 66151 (2023) Kat:3, Licht: 0","66151","3","1","0","05","17","5","","0","1","0","0","0"
"POINT (8.541461793000053 50.109822778000080)","Unfall 66186 (2023) Kat:3, Licht: 1","66186","3","7","5","05","20","4","","1","0","1","0","0"
"POINT (8.657166471000039 50.110881855000059)","Unfall 66187 (2023) Kat:3, Licht: 0","66187","3","3","5","05","11","4","","0","0","1","0","0"
"POINT (8.722872942000038 50.105223308000063)","Unfall 66188 (2023) Kat:3, Licht: 0","66188","3","6","3","05","09","4","","0","0","1","0","1"
"POINT (8.705942107000055 50.145664748000058)","Unfall 66189 (2023) Kat:3, Licht: 0","66189","3","2","2","05","15","4","","0","0","1","0","0"
"POINT (8.650622155000065 50.098639455000068)","Unfall 66190 (2023) Kat:3, Licht: 0","66190","3","4","6","05","08","4","","0","0","0","1","0"
"POINT (8.769243924000023 50.134018956000034)","Unfall 66219 (2023) Kat:2, Licht: 0","66219","2","5","1","05","19","6","","0","1","0","0","0"
"POINT (8.613078844000029 50.071119439000029)","Unfall 66220 (2023) Kat:3, Licht: 0","66220","3","6","3","05","10","4","","0","0","1","0","0"
"POINT (8.646084801000029 50.058578692000026)","Unfall 66221 (2023) Kat:3, Licht: 2","66221","3","1","9","05","20","4","","2","0","1","0","0"
"POINT (8.700651076000042 50.210028427000054)","Unfall 66237 (2023) Kat:3, Licht: 0","66237","3","2","4","05","17","3","","0","0","1","0","0"
"POINT (8.669995459000063 50.140050296000027)","Unfall 66238 (2023) Kat:3, Licht: 2","66238","3","1","8","05","23","3","","2","0","1","0","0"
"POINT (8.694218210000031 50.128637471000047)","Unfall 66239 (2023) Kat:3, Licht: 0","66239","3","6","4","05","16","3","","0","1","1","0","0"
"POINT (8.707083558000022 50.128700417000061)","Unfall 66257 (2023) Kat:3, Licht: 0","66257","3","3","0","05","14","2","","0","0","1","0","0"
"POINT (8.651746760000037 50.159710311000026)","Unfall 66277 (2023) Kat:3, Licht: 0","66277","3","4","6","05","13","1","","0","0","0","1","0"
"POINT (8.741192991000048 50.133781776000035)","Unfall 66292 (2023) Kat:3, Licht: 0","66292","3","6","2","05","18","1","","0","0","1","0","0"
"POINT (8.532070598000075 50.116102030000036)","Unfall 66297 (2023) Kat:3, Licht: 0","66297","3","1","9","05","08","1","","0","0","1","0","0"
"POINT (8.604079657000057 50.052820004000068)","Unfall 66299 (2023) Kat:3, Licht: 2","66299","3","1","9","05","04","1","","2","0","1","0","0"
"POINT (8.657319475000065 50.156368628000052)","Unfall 66312 (2023) Kat:3, Licht: 0","66312","3","2","3","05","15","7","","0","1","1","0","0"
"POINT (8.730415965000077 50.118499585000052)","Unfall 66313 (2023) Kat:3, Licht: 0","66313","3","5","1","05","12","7","","0","0","1","0","0"
"POINT (8.730556016000037 50.118565603000036)","Unfall 66315 (2023) Kat:3, Licht: 0","66315","3","3","5","05","12","7","","0","0","1","0","0"
"POINT (8.584574787000065 50.123699234000071)","Unfall 66330 (2023) Kat:3, Licht: 0","66330","3","3","5","06","14","3","","0","1","0","0","0"
"POINT (8.594043462000059 50.140814495000029)","Unfall 66334 (2023) Kat:3, Licht: 0","66334","3","6","2","05","13","7","","0","0","1","0","0"
"POINT (8.555333163000057 50.102232002000051)","Unfall 66349 (2023) Kat:3, Licht: 0","66349","3","5","0","05","11","6","","0","0","1","0","0"
"POINT (8.607312928000056 50.164388792000068)","Unfall 66371 (2023) Kat:3, Licht: 0","66371","3","6","2","05","14","6","","0","0","1","0","0"
"POINT (8.722175291000042 50.135870146000059)","Unfall 66372 (2023) Kat:3, Licht: 0","66372","3","6","2","05","15","6","","0","0","1","0","0"
"POINT (8.626784465000071 50.116557953000040)","Unfall 66424 (2023) Kat:3, Licht: 0","66424","3","6","2","05","15","5","","0","0","1","0","0"
"POINT (8.652526605000048 50.196352264000041)","Unfall 66435 (2023) Kat:3, Licht: 0","66435","3","6","2","06","12","5","","0","0","1","0","0"
"POINT (8.725423863000060 50.100212955000075)","Unfall 66439 (2023) Kat:3, Licht: 0","66439","3","1","0","05","19","4","","0","1","0","0","0"
"POINT (8.715483003000031 50.112567789000082)","Unfall 66440 (2023) Kat:3, Licht: 1","66440","3","3","5","05","20","4","","1","1","1","0","0"
"POINT (8.660645480000028 50.109346495000068)","Unfall 66442 (2023) Kat:3, Licht: 0","66442","3","3","0","05","16","4","","0","1","1","0","0"
"POINT (8.535924791000070 50.116432974000077)","Unfall 66443 (2023) Kat:3, Licht: 0","66443","3","6","2","06","18","3","","0","0","1","0","0"
"POINT (8.666009300000042 50.131546828000069)","Unfall 66444 (2023) Kat:2, Licht: 0","66444","2","3","5","05","09","4","","0","0","1","0","0"
"POINT (8.551282948000051 50.121800380000082)","Unfall 66467 (2023) Kat:3, Licht: 0","66467","3","6","2","05","17","4","","0","0","1","0","0"
"POINT (8.691224002000070 50.089481493000051)","Unfall 66472 (2023) Kat:3, Licht: 0","66472","3","6","3","06","06","5","","0","0","1","0","0"
"POINT (8.697407310000074 50.189197965000062)","Unfall 66481 (2023) Kat:3, Licht: 0","66481","3","6","4","05","17","3","","0","0","1","0","0"
"POINT (8.679015072000027 50.105896819000066)","Unfall 66482 (2023) Kat:3, Licht: 2","66482","3","5","1","05","22","3","","2","0","1","0","1"
"POINT (8.722653903000037 50.100609443000053)","Unfall 66485 (2023) Kat:2, Licht: 0","66485","2","1","8","05","17","3","","0","0","1","0","1"
"POINT (8.624011769000049 50.188806211000042)","Unfall 66503 (2023) Kat:3, Licht: 1","66503","3","1","8","05","19","3","","1","0","1","0","0"
"POINT (8.627373738000074 50.116394828000068)","Unfall 66507 (2023) Kat:2, Licht: 0","66507","2","3","5","06","15","4","","0","0","1","0","0"
"POINT (8.509468492000053 50.089262600000040)","Unfall 66533 (2023) Kat:3, Licht: 0","66533","3","5","1","06","18","6","","0","0","1","0","0"
"POINT (8.711489998000047 50.063285819000043)","Unfall 66535 (2023) Kat:3, Licht: 0","66535","3","6","2","05","18","2","","0","0","1","0","0"
"POINT (8.642635221000035 50.201287510000043)","Unfall 66544 (2023) Kat:3, Licht: 0","66544","3","6","2","05","15","5","","0","0","1","0","0"
"POINT (8.554060466000067 50.112708528000041)","Unfall 66546 (2023) Kat:3, Licht: 0","66546","3","3","5","05","12","1","","0","0","1","0","0"
"POINT (8.613261297000065 50.070882608000034)","Unfall 66560 (2023) Kat:2, Licht: 0","66560","2","6","2","05","17","1","","0","0","1","0","0"
"POINT (8.653840209000066 50.192573729000060)","Unfall 66561 (2023) Kat:3, Licht: 0","66561","3","1","9","05","20","1","","0","0","0","0","1"
"POINT (8.595794160000025 50.131300900000042)","Unfall 66571 (2023) Kat:3, Licht: 0","66571","3","3","5","05","15","7","","0","1","1","0","0"
"POINT (8.664102282000044 50.092014821000078)","Unfall 66572 (2023) Kat:3, Licht: 0","66572","3","2","2","05","10","1","","0","0","1","0","0"
"POINT (8.600165076000053 50.151432279000062)","Unfall 66580 (2023) Kat:3, Licht: 0","66580","3","6","2","05","12","1","","0","0","1","0","0"
"POINT (8.721037185000057 50.114453717000060)","Unfall 66591 (2023) Kat:3, Licht: 0","66591","3","3","5","06","17","5","","0","0","1","0","0"
"POINT (8.637325609000072 50.080767781000077)","Unfall 66626 (2023) Kat:3, Licht: 0","66626","3","7","0","06","13","5","","0","1","0","1","0"
"POINT (8.664002044000028 50.108180414000060)","Unfall 66629 (2023) Kat:3, Licht: 0","66629","3","3","5","05","14","2","","0","1","1","0","0"
"POINT (8.695466285000066 50.104877972000054)","Unfall 66636 (2023) Kat:3, Licht: 0","66636","3","3","0","06","08","2","","0","0","1","0","1"
"POINT (8.647736650000070 50.055250554000054)","Unfall 66653 (2023) Kat:3, Licht: 0","66653","3","6","2","05","17","6","","0","0","1","0","0"
"POINT (8.537929113000075 50.117163231000063)","Unfall 66654 (2023) Kat:2, Licht: 0","66654","2","6","2","05","12","6","","0","0","1","0","0"
"POINT (8.652339231000042 50.196410420000063)","Unfall 66671 (2023) Kat:3, Licht: 0","66671","3","3","5","05","16","5","","0","0","1","0","0"
"POINT (8.655539928000053 50.111595968000074)","Unfall 66672 (2023) Kat:3, Licht: 0","66672","3","3","0","05","08","5","","0","0","1","0","0"
"POINT (8.695139370000049 50.132765809000034)","Unfall 66674 (2023) Kat:3, Licht: 0","66674","3","2","3","05","10","5","","0","1","1","0","0"
"POINT (8.627280464000023 50.052933432000032)","Unfall 66684 (2023) Kat:3, Licht: 2","66684","3","6","2","07","23","6","","2","0","1","0","0"
"POINT (8.638380848000054 50.153436404000047)","Unfall 66725 (2023) Kat:3, Licht: 0","66725","3","6","3","05","08","4","","0","0","1","0","0"
"POINT (8.643047426000066 50.096288491000053)","Unfall 66726 (2023) Kat:3, Licht: 0","66726","3","5","1","05","16","4","","0","0","1","0","0"
"POINT (8.694585469000060 50.113494094000032)","Unfall 66727 (2023) Kat:3, Licht: 0","66727","3","2","0","05","14","4","","0","1","1","0","0"
"POINT (8.566888721000055 50.098209380000071)","Unfall 66765 (2023) Kat:3, Licht: 0","66765","3","6","0","05","17","3","","0","0","1","0","0"
"POINT (8.576738029000069 50.089767518000031)","Unfall 66766 (2023) Kat:3, Licht: 0","66766","3","6","3","05","13","3","","0","0","1","0","0"
"POINT (8.691074379000042 50.101696673000049)","Unfall 66768 (2023) Kat:3, Licht: 0","66768","3","5","1","05","09","3","","0","1","1","0","0"
"POINT (8.733598606000044 50.119595272000026)","Unfall 66769 (2023) Kat:3, Licht: 0","66769","3","6","2","05","17","3","","0","0","1","0","0"
"POINT (8.683762130000048 50.131699961000038)","Unfall 66770 (2023) Kat:3, Licht: 0","66770","3","2","3","05","08","3","","0","1","1","0","0"
"POINT (8.591293972000074 50.053293739000026)","Unfall 66779 (2023) Kat:3, Licht: 0","66779","3","6","2","05","08","4","","0","0","1","0","0"
"POINT (8.684328474000040 50.135910078000052)","Unfall 66785 (2023) Kat:3, Licht: 0","66785","3","6","2","06","13","5","","0","0","1","0","0"
"POINT (8.636835425000072 50.133981672000061)","Unfall 66797 (2023) Kat:3, Licht: 0","66797","3","6","2","05","17","3","","0","0","1","0","0"
"POINT (8.611283132000040 50.146454880000078)","Unfall 66804 (2023) Kat:3, Licht: 0","66804","3","3","5","05","11","2","","0","1","1","0","0"
"POINT (8.670855372000062 50.131639922000033)","Unfall 66805 (2023) Kat:3, Licht: 0","66805","3","6","2","05","09","2","","0","0","1","0","0"
"POINT (8.691103744000031 50.092777850000061)","Unfall 66837 (2023) Kat:3, Licht: 0","66837","3","6","3","04","19","1","","0","0","1","0","0"
"POINT (8.612601579000057 50.123299395000060)","Unfall 66849 (2023) Kat:3, Licht: 1","66849","3","6","3","05","21","7","","1","1","1","0","0"
"POINT (8.608870293000052 50.131614192000029)","Unfall 66854 (2023) Kat:3, Licht: 0","66854","3","6","2","05","17","3","","0","0","1","0","0"
"POINT (8.520782255000029 50.097350772000027)","Unfall 66884 (2023) Kat:3, Licht: 0","66884","3","2","3","04","11","7","","0","0","1","0","1"
"POINT (8.692421645000024 50.100955691000081)","Unfall 66885 (2023) Kat:3, Licht: 0","66885","3","6","3","04","18","7","","0","0","1","0","0"
"POINT (8.635648349000064 50.102233621000039)","Unfall 66887 (2023) Kat:3, Licht: 0","66887","3","6","2","04","15","7","","0","0","1","0","0"
"POINT (8.693105053000068 50.129181155000026)","Unfall 66888 (2023) Kat:3, Licht: 0","66888","3","3","5","04","17","7","","0","1","1","0","0"
"POINT (8.591946845000052 50.133530602000064)","Unfall 66906 (2023) Kat:2, Licht: 0","66906","2","1","9","04","19","7","","0","0","1","0","0"
"POINT (8.622521907000021 50.087960240000029)","Unfall 66917 (2023) Kat:3, Licht: 0","66917","3","6","2","04","16","6","","0","0","1","0","0"
"POINT (8.681570727000064 50.104059638000081)","Unfall 66918 (2023) Kat:3, Licht: 0","66918","3","6","2","04","15","6","","0","0","1","0","0"
"POINT (8.667656731000022 50.105283125000028)","Unfall 66922 (2023) Kat:3, Licht: 0","66922","3","6","2","04","17","6","","0","0","1","0","0"
"POINT (8.655971005000026 50.207196848000081)","Unfall 66944 (2023) Kat:3, Licht: 0","66944","3","6","2","04","11","6","","0","0","1","0","0"
"POINT (8.645237994000070 50.199444748000076)","Unfall 66945 (2023) Kat:3, Licht: 0","66945","3","1","8","04","14","6","","0","0","1","0","0"
"POINT (8.680465160000040 50.061335812000038)","Unfall 66950 (2023) Kat:3, Licht: 0","66950","3","6","3","05","16","1","","0","0","1","0","0"
"POINT (8.667127652000033 50.177556366000033)","Unfall 66951 (2023) Kat:3, Licht: 0","66951","3","3","5","05","19","4","","0","1","0","0","0"
"POINT (8.603959550000070 50.099784894000038)","Unfall 66960 (2023) Kat:3, Licht: 0","66960","3","4","6","04","18","5","","0","1","0","1","0"
"POINT (8.611900005000052 50.124477798000044)","Unfall 66962 (2023) Kat:3, Licht: 0","66962","3","6","0","04","15","5","","0","1","0","0","0"
"POINT (8.609691312000052 50.168750687000056)","Unfall 66971 (2023) Kat:3, Licht: 2","66971","3","1","8","05","02","6","","2","0","1","0","0"
"POINT (8.740069675000029 50.092592199000080)","Unfall 66982 (2023) Kat:3, Licht: 0","66982","3","6","2","04","17","5","","0","0","1","0","1"
"POINT (8.593605699000022 50.139490891000037)","Unfall 66983 (2023) Kat:3, Licht: 0","66983","3","6","2","04","16","5","","0","0","1","0","0"
"POINT (8.483916071000067 50.091899686000033)","Unfall 66985 (2023) Kat:3, Licht: 0","66985","3","6","2","04","08","5","","0","0","1","0","0"
"POINT (8.684662863000028 50.159106540000039)","Unfall 67013 (2023) Kat:2, Licht: 0","67013","2","6","2","04","08","4","","0","0","1","0","0"
"POINT (8.540882104000048 50.118239024000047)","Unfall 67014 (2023) Kat:3, Licht: 0","67014","3","6","2","04","18","4","","0","0","1","0","0"
"POINT (8.636441666000053 50.087831013000027)","Unfall 67018 (2023) Kat:3, Licht: 0","67018","3","6","2","07","09","3","","0","0","1","0","0"
"POINT (8.539713618000064 50.109634994000032)","Unfall 67027 (2023) Kat:3, Licht: 0","67027","3","7","6","04","18","3","","0","0","1","1","0"
"POINT (8.606059310000035 50.100170181000067)","Unfall 67028 (2023) Kat:3, Licht: 0","67028","3","2","3","04","16","3","","0","1","1","0","0"
"POINT (8.614331323000044 50.136875204000035)","Unfall 67029 (2023) Kat:2, Licht: 0","67029","2","4","6","04","17","3","","0","1","0","1","0"
"POINT (8.709699210000053 50.111306089000038)","Unfall 67030 (2023) Kat:3, Licht: 0","67030","3","3","5","04","20","3","","0","1","1","0","0"
"POINT (8.551809096000056 50.103209435000053)","Unfall 67035 (2023) Kat:3, Licht: 0","67035","3","2","9","07","20","7","","0","0","1","0","0"
"POINT (8.769372966000049 50.135845756000037)","Unfall 67047 (2023) Kat:2, Licht: 0","67047","2","3","5","04","10","3","","0","0","1","0","0"
"POINT (8.647244947000047 50.056819957000073)","Unfall 67051 (2023) Kat:3, Licht: 0","67051","3","6","2","04","08","3","","0","0","1","0","0"
"POINT (8.607919871000036 50.115051012000038)","Unfall 67064 (2023) Kat:2, Licht: 0","67064","2","6","2","06","10","2","","0","0","1","0","1"
"POINT (8.605436131000033 50.091765741000074)","Unfall 67068 (2023) Kat:3, Licht: 0","67068","3","3","5","04","16","2","","0","0","1","0","0"
"POINT (8.670506682000052 50.138713896000070)","Unfall 67070 (2023) Kat:3, Licht: 0","67070","3","2","3","04","07","2","","0","0","1","0","0"
"POINT (8.682286632000057 50.131995730000028)","Unfall 67071 (2023) Kat:2, Licht: 0","67071","2","3","5","04","08","2","","0","0","1","0","0"
"POINT (8.601867233000064 50.154523067000071)","Unfall 67080 (2023) Kat:3, Licht: 0","67080","3","6","2","06","15","5","","0","0","1","0","0"
"POINT (8.628839994000032 50.101584868000032)","Unfall 67092 (2023) Kat:3, Licht: 0","67092","3","5","1","05","13","6","","0","1","1","0","0"
"POINT (8.707924553000055 50.120920938000040)","Unfall 67094 (2023) Kat:2, Licht: 0","67094","2","6","3","04","16","1","","0","0","1","0","0"
"POINT (8.664983870000071 50.104096367000068)","Unfall 67095 (2023) Kat:3, Licht: 0","67095","3","2","3","04","17","1","","0","0","1","0","0"
"POINT (8.683939113000065 50.131751074000078)","Unfall 67109 (2023) Kat:3, Licht: 0","67109","3","2","3","06","17","5","","0","1","1","0","0"
"POINT (8.653808844000025 50.106733061000057)","Unfall 67130 (2023) Kat:2, Licht: 0","67130","2","4","6","04","08","7","","0","0","1","1","0"
"POINT (8.666647462000071 50.061042098000030)","Unfall 67156 (2023) Kat:3, Licht: 0","67156","3","6","2","04","12","2","","0","0","1","0","0"
"POINT (8.695373292000056 50.101921943000036)","Unfall 67162 (2023) Kat:3, Licht: 2","67162","3","6","2","06","23","4","","2","1","1","0","0"
"POINT (8.704573638000056 50.145745427000065)","Unfall 67166 (2023) Kat:2, Licht: 0","67166","2","1","8","04","13","7","","0","0","0","0","1"
"POINT (8.487491850000026 50.096395524000059)","Unfall 67177 (2023) Kat:3, Licht: 0","67177","3","6","2","04","15","6","","0","0","1","0","0"
"POINT (8.625260119000075 50.117738447000079)","Unfall 67179 (2023) Kat:3, Licht: 0","67179","3","6","3","04","20","6","","0","1","0","0","0"
"POINT (8.711079354000049 50.122713480000073)","Unfall 67181 (2023) Kat:2, Licht: 2","67181","2","3","5","04","23","6","","2","0","1","0","0"
"POINT (8.659463198000026 50.101625213000034)","Unfall 67183 (2023) Kat:2, Licht: 0","67183","2","3","5","04","14","6","","0","1","1","0","0"
"POINT (8.647286980000047 50.056857649000051)","Unfall 67212 (2023) Kat:3, Licht: 0","67212","3","6","2","04","17","6","","0","0","1","0","0"
"POINT (8.685984347000044 50.107397791000039)","Unfall 67220 (2023) Kat:3, Licht: 0","67220","3","6","4","05","20","6","","0","1","0","0","0"
"POINT (8.698527305000027 50.140291315000070)","Unfall 67225 (2023) Kat:3, Licht: 0","67225","3","2","0","04","08","5","","0","1","1","0","0"
"POINT (8.603063464000059 50.132276968000042)","Unfall 67253 (2023) Kat:3, Licht: 1","67253","3","1","8","05","05","2","","1","0","1","0","0"
"POINT (8.695657671000049 50.104938715000060)","Unfall 67259 (2023) Kat:3, Licht: 0","67259","3","6","2","04","08","4","","0","0","1","0","0"
"POINT (8.705922003000069 50.145306662000053)","Unfall 67261 (2023) Kat:3, Licht: 0","67261","3","6","2","04","19","4","","0","0","1","0","0"
"POINT (8.611741131000031 50.068441041000028)","Unfall 67282 (2023) Kat:3, Licht: 2","67282","3","1","8","05","04","3","","2","0","0","0","0"
"POINT (8.733187163000025 50.119590335000055)","Unfall 67302 (2023) Kat:3, Licht: 2","67302","3","6","3","04","22","3","","2","0","1","0","1"
"POINT (8.664010059000077 50.108150859000034)","Unfall 67330 (2023) Kat:3, Licht: 2","67330","3","3","5","06","03","7","","2","1","1","0","0"
"POINT (8.509302087000037 50.074987262000036)","Unfall 67336 (2023) Kat:3, Licht: 1","67336","3","1","9","06","07","6","","1","0","0","0","1"
"POINT (8.620918536000033 50.052073132000032)","Unfall 67341 (2023) Kat:2, Licht: 0","67341","2","6","3","04","15","2","","0","0","1","0","0"
"POINT (8.742619353000066 50.149139992000073)","Unfall 67343 (2023) Kat:3, Licht: 0","67343","3","6","2","06","20","2","","0","0","1","0","1"
"POINT (8.645987636000029 50.058087281000041)","Unfall 67358 (2023) Kat:3, Licht: 2","67358","3","1","8","04","01","1","","2","0","1","0","0"
"POINT (8.703695840000023 50.193267785000046)","Unfall 67364 (2023) Kat:1, Licht: 0","67364","1","1","8","04","13","7","","0","0","1","0","0"
"POINT (8.681441223000036 50.106837053000049)","Unfall 67365 (2023) Kat:3, Licht: 0","67365","3","6","4","04","12","7","","0","0","1","0","0"
"POINT (8.695039013000041 50.113539453000044)","Unfall 67366 (2023) Kat:3, Licht: 0","67366","3","4","6","04","19","7","","0","0","1","1","0"
"POINT (8.745076922000067 50.138585319000072)","Unfall 67381 (2023) Kat:3, Licht: 2","67381","3","2","3","04","20","7","","2","0","1","0","0"
"POINT (8.607966956000041 50.052779873000077)","Unfall 67384 (2023) Kat:3, Licht: 0","67384","3","1","8","04","07","7","","0","0","1","0","0"
"POINT (8.712039737000055 50.123878322000053)","Unfall 67390 (2023) Kat:3, Licht: 0","67390","3","6","2","04","19","6","","0","0","1","0","1"
"POINT (8.656309421000060 50.207434685000067)","Unfall 67403 (2023) Kat:3, Licht: 0","67403","3","1","8","07","20","7","","0","0","1","0","0"
"POINT (8.571086702000059 50.098882420000052)","Unfall 67421 (2023) Kat:3, Licht: 0","67421","3","3","5","04","11","5","","0","0","1","0","1"
"POINT (8.726633711000034 50.144251778000068)","Unfall 67423 (2023) Kat:3, Licht: 0","67423","3","2","2","04","13","5","","0","0","0","0","1"
"POINT (8.711123117000056 50.125345429000049)","Unfall 67436 (2023) Kat:3, Licht: 0","67436","3","3","5","07","17","5","","0","0","1","0","0"
"POINT (8.604945709000049 50.056146556000044)","Unfall 67445 (2023) Kat:2, Licht: 0","67445","2","1","9","04","13","5","","0","0","1","0","0"
"POINT (8.631739642000070 50.127625266000052)","Unfall 67454 (2023) Kat:3, Licht: 0","67454","3","6","2","04","15","4","","0","0","1","0","0"
"POINT (8.586536067000054 50.134151605000056)","Unfall 67460 (2023) Kat:3, Licht: 0","67460","3","6","3","05","18","5","","0","0","1","0","0"
"POINT (8.754379111000048 50.120055780000030)","Unfall 67468 (2023) Kat:2, Licht: 0","67468","2","2","3","04","13","4","","0","1","0","0","0"
"POINT (8.647874376000061 50.055363045000036)","Unfall 67473 (2023) Kat:3, Licht: 0","67473","3","6","2","04","15","4","","0","0","1","0","0"
"POINT (8.580600164000032 50.123475478000046)","Unfall 67478 (2023) Kat:3, Licht: 0","67478","3","6","3","06","06","2","","0","0","1","0","1"
"POINT (8.725514595000050 50.123352183000065)","Unfall 67486 (2023) Kat:3, Licht: 0","67486","3","6","2","07","08","4","","0","0","1","0","0"
"POINT (8.578808520000052 50.053636721000032)","Unfall 67509 (2023) Kat:3, Licht: 2","67509","3","6","3","04","22","3","","2","0","1","0","0"
"POINT (8.601222494000069 50.153352236000046)","Unfall 67510 (2023) Kat:2, Licht: 0","67510","2","6","2","04","15","3","","0","0","1","0","0"
"POINT (8.697257376000039 50.102228224000044)","Unfall 67513 (2023) Kat:3, Licht: 0","67513","3","2","2","05","08","5","","0","0","1","0","0"
"POINT (8.604251363000060 50.057491288000051)","Unfall 67535 (2023) Kat:3, Licht: 0","67535","3","3","5","04","13","2","","0","0","1","0","0"