WKT,Name,OBJECTID,UKATEGORIE,UTYP1,UART,UMONAT,USTUNDE,UWOCHENTAG,STRZUSTAND,ULICHTVERH,ISTRAD,ISTPKW,ISTFUSS,ISTKRAD
"POINT (8.639029452000045 50.197513718000039)","Unfall 67540 (2023) Kat:3, Licht: 0","67540","3","6","3","06","16","6","","0","0","1","0","0"
"POINT (8.661146111000050 50.153070903000071)","Unfall 67546 (2023) Kat:2, Licht: 2","67546","2","3","5","04","23","1","","2","0","1","0","0"
"POINT (8.664096275000077 50.107873610000070)","Unfall 67547 (2023) Kat:3, Licht: 0","67547","3","4","6","04","13","1","","0","0","1","1","0"
"POINT (8.549158156000033 50.120997803000080)","Unfall 67561 (2023) Kat:3, Licht: 0","67561","3","6","2","06","18","3","","0","0","1","0","0"
"POINT (8.662694086000045 50.163828502000058)","Unfall 67567 (2023) Kat:3, Licht: 0","67567","3","2","5","04","11","7","","0","0","1","0","0"
"POINT (8.742706080000062 50.158185741000068)","Unfall 67572 (2023) Kat:3, Licht: 0","67572","3","6","2","07","15","1","","0","0","1","0","0"
"POINT (8.594503909000025 50.121281866000061)","Unfall 67585 (2023) Kat:2, Licht: 0","67585","2","6","2","04","06","4","","0","0","1","0","0"
"POINT (8.667154802000027 50.131559208000056)","Unfall 67594 (2023) Kat:3, Licht: 0","67594","3","6","2","07","17","7","","0","0","1","0","1"
"POINT (8.609626357000025 50.168631570000059)","Unfall 67598 (2023) Kat:3, Licht: 0","67598","3","6","2","04","14","6","","0","0","1","0","0"
"POINT (8.623569090000046 50.185502664000069)","Unfall 67610 (2023) Kat:3, Licht: 0","67610","3","6","2","04","08","5","","0","0","1","0","0"
"POINT (8.590793225000027 50.123068855000042)","Unfall 67619 (2023) Kat:3, Licht: 0","67619","3","2","5","04","15","5","","0","1","1","0","0"
"POINT (8.670891394000023 50.137107553000078)","Unfall 67620 (2023) Kat:3, Licht: 2","67620","3","6","2","04","22","5","","2","0","1","0","0"
"POINT (8.745718202000035 50.124638328000060)","Unfall 67639 (2023) Kat:3, Licht: 1","67639","3","6","3","04","19","5","","1","0","1","0","0"
"POINT (8.766468779000036 50.133046929000045)","Unfall 67640 (2023) Kat:2, Licht: 0","67640","2","7","0","04","07","5","","0","0","1","0","0"
"POINT (8.532968763000042 50.115904377000049)","Unfall 67649 (2023) Kat:3, Licht: 2","67649","3","6","3","04","22","5","","2","0","1","0","0"
"POINT (8.541145758000027 50.108357059000070)","Unfall 67667 (2023) Kat:3, Licht: 0","67667","3","2","5","04","07","4","","0","0","1","0","0"
"POINT (8.654017583000041 50.119800446000056)","Unfall 67670 (2023) Kat:3, Licht: 1","67670","3","6","2","04","18","4","","1","0","1","0","0"
"POINT (8.628246517000036 50.132967116000032)","Unfall 67672 (2023) Kat:3, Licht: 2","67672","3","2","5","04","23","4","","2","0","1","0","0"
"POINT (8.686271658000067 50.155153323000036)","Unfall 67673 (2023) Kat:3, Licht: 0","67673","3","5","1","07","17","3","","0","1","0","0","0"
"POINT (8.640909382000075 50.082088064000061)","Unfall 67675 (2023) Kat:3, Licht: 2","67675","3","6","2","04","20","4","","2","0","1","0","0"
"POINT (8.655800959000032 50.107520446000080)","Unfall 67676 (2023) Kat:3, Licht: 0","67676","3","2","4","04","12","4","","0","0","1","0","1"
"POINT (8.648147884000025 50.104495045000078)","Unfall 67706 (2023) Kat:2, Licht: 0","67706","2","2","5","06","08","4","","0","1","1","0","0"
"POINT (8.661115930000051 50.153095344000064)","Unfall 67714 (2023) Kat:3, Licht: 0","67714","3","2","0","06","18","4","","0","0","1","0","1"
"POINT (8.598474262000025 50.148846925000043)","Unfall 67715 (2023) Kat:3, Licht: 0","67715","3","6","2","04","16","4","","0","0","1","0","0"
"POINT (8.682262620000074 50.111827146000053)","Unfall 67735 (2023) Kat:3, Licht: 0","67735","3","2","5","06","13","7","","0","1","1","0","0"
"POINT (8.615943023000057 50.100408084000037)","Unfall 67739 (2023) Kat:3, Licht: 0","67739","3","1","8","06","14","7","","0","0","1","0","0"
"POINT (8.678054437000071 50.093304526000054)","Unfall 67746 (2023) Kat:3, Licht: 0","67746","3","3","5","04","17","2","","0","1","1","0","0"
"POINT (8.697966566000048 50.138440439000078)","Unfall 67747 (2023) Kat:3, Licht: 0","67747","3","3","5","04","08","2","","0","1","1","0","0"
"POINT (8.724212663000060 50.115533849000030)","Unfall 67748 (2023) Kat:3, Licht: 0","67748","3","3","5","04","16","2","","0","1","1","0","0"
"POINT (8.652095076000023 50.196417766000081)","Unfall 67759 (2023) Kat:2, Licht: 0","67759","2","2","5","06","10","3","","0","1","1","0","0"
"POINT (8.670398155000044 50.097271609000074)","Unfall 67765 (2023) Kat:3, Licht: 0","67765","3","1","9","04","18","5","","0","0","1","0","0"
"POINT (8.635922992000076 50.123891673000060)","Unfall 67776 (2023) Kat:2, Licht: 0","67776","2","1","0","07","12","3","","0","0","0","0","1"
"POINT (8.634091964000049 50.160570460000031)","Unfall 67795 (2023) Kat:3, Licht: 0","67795","3","6","2","04","12","7","","0","0","1","0","0"
"POINT (8.645949927000061 50.137632154000073)","Unfall 67796 (2023) Kat:3, Licht: 0","67796","3","3","5","04","18","7","","0","0","1","0","0"
"POINT (8.697034261000056 50.109306954000033)","Unfall 67797 (2023) Kat:3, Licht: 2","67797","3","6","3","04","21","7","","2","0","1","0","0"
"POINT (8.740970206000043 50.159150825000040)","Unfall 67852 (2023) Kat:3, Licht: 0","67852","3","1","0","03","18","6","","0","0","0","0","1"
"POINT (8.606530407000037 50.114841985000055)","Unfall 67863 (2023) Kat:3, Licht: 2","67863","3","6","3","03","20","6","","2","0","1","0","0"
"POINT (8.684558358000061 50.131621924000058)","Unfall 67878 (2023) Kat:3, Licht: 0","67878","3","6","2","03","16","5","","0","0","1","0","0"
"POINT (8.595270142000061 50.143026682000027)","Unfall 67882 (2023) Kat:3, Licht: 0","67882","3","6","2","04","16","5","","0","0","1","0","0"
"POINT (8.683753409000076 50.107325088000039)","Unfall 67894 (2023) Kat:3, Licht: 0","67894","3","6","3","04","13","7","","0","0","1","0","0"
"POINT (8.593639129000053 50.057880511000064)","Unfall 67912 (2023) Kat:2, Licht: 0","67912","2","6","3","03","13","5","","0","0","1","0","0"
"POINT (8.689867045000028 50.148361249000061)","Unfall 67928 (2023) Kat:2, Licht: 0","67928","2","4","6","03","14","4","","0","1","0","1","0"
"POINT (8.631968771000061 50.091710934000048)","Unfall 67929 (2023) Kat:3, Licht: 0","67929","3","6","2","03","15","4","","0","0","1","0","0"
"POINT (8.724251504000051 50.131661074000078)","Unfall 67947 (2023) Kat:2, Licht: 0","67947","2","1","9","03","11","4","","0","0","1","0","0"
"POINT (8.625873032000072 50.117420905000074)","Unfall 67957 (2023) Kat:2, Licht: 0","67957","2","1","8","03","11","3","","0","0","0","0","0"
"POINT (8.617950775000054 50.132734489000029)","Unfall 67958 (2023) Kat:3, Licht: 0","67958","3","3","5","03","10","3","","0","1","1","0","0"
"POINT (8.727064475000077 50.144714392000026)","Unfall 67960 (2023) Kat:3, Licht: 2","67960","3","3","5","03","22","3","","2","0","1","0","0"
"POINT (8.666317798000023 50.148081610000077)","Unfall 68000 (2023) Kat:3, Licht: 0","68000","3","2","5","03","13","2","","0","1","0","0","0"
"POINT (8.636653279000029 50.134006027000055)","Unfall 68002 (2023) Kat:2, Licht: 0","68002","2","6","2","06","16","3","","0","0","1","0","1"
"POINT (8.736307040000042 50.100356558000044)","Unfall 68021 (2023) Kat:3, Licht: 2","68021","3","4","6","04","21","6","","2","1","0","1","0"
"POINT (8.674936491000039 50.131963579000058)","Unfall 68029 (2023) Kat:3, Licht: 0","68029","3","6","2","03","15","1","","0","0","1","0","0"
"POINT (8.534880237000039 50.116231344000028)","Unfall 68059 (2023) Kat:3, Licht: 2","68059","3","6","2","03","05","1","","2","0","1","0","0"
"POINT (8.603569615000026 50.157614726000077)","Unfall 68060 (2023) Kat:3, Licht: 0","68060","3","6","3","03","14","1","","0","0","1","0","0"
"POINT (8.642201469000042 50.057008840000037)","Unfall 68083 (2023) Kat:3, Licht: 1","68083","3","6","2","08","19","2","","1","0","1","0","0"
"POINT (8.536758005000024 50.116459926000061)","Unfall 68084 (2023) Kat:3, Licht: 2","68084","3","7","0","08","21","2","","2","0","1","0","0"
"POINT (8.709226520000072 50.111319292000076)","Unfall 68089 (2023) Kat:3, Licht: 0","68089","3","6","0","08","16","1","","0","1","0","0","0"
"POINT (8.743707985000071 50.123812874000066)","Unfall 68090 (2023) Kat:3, Licht: 0","68090","3","6","3","08","15","1","","0","0","1","0","1"
"POINT (8.740014132000056 50.122527258000048)","Unfall 68091 (2023) Kat:3, Licht: 2","68091","3","1","9","08","03","1","","2","0","1","0","0"
"POINT (8.664029714000037 50.108170380000047)","Unfall 68092 (2023) Kat:3, Licht: 0","68092","3","3","5","08","15","1","","0","0","1","0","0"
"POINT (8.742625694000026 50.149141122000060)","Unfall 68104 (2023) Kat:3, Licht: 0","68104","3","2","5","08","15","1","","0","0","1","0","0"
"POINT (8.679489118000049 50.106090031000065)","Unfall 68115 (2023) Kat:2, Licht: 0","68115","2","7","6","08","13","7","","0","1","0","1","0"
"POINT (8.697126641000068 50.136670116000062)","Unfall 68116 (2023) Kat:3, Licht: 0","68116","3","7","0","08","14","7","","0","0","0","0","1"
"POINT (8.694667046000063 50.109165757000028)","Unfall 68117 (2023) Kat:3, Licht: 2","68117","3","1","0","08","03","7","","2","0","0","0","0"
"POINT (8.590610805000040 50.057620373000077)","Unfall 68135 (2023) Kat:3, Licht: 0","68135","3","1","8","08","07","7","","0","0","1","0","0"
"POINT (8.690582343000074 50.107065958000078)","Unfall 68142 (2023) Kat:3, Licht: 0","68142","3","6","3","08","20","6","","0","0","1","0","1"
"POINT (8.664183789000049 50.092082741000070)","Unfall 68143 (2023) Kat:3, Licht: 0","68143","3","6","2","08","07","6","","0","0","1","0","0"
"POINT (8.634222168000065 50.102098079000029)","Unfall 68144 (2023) Kat:3, Licht: 0","68144","3","4","6","08","18","6","","0","0","1","1","0"
"POINT (8.599596276000057 50.053016805000027)","Unfall 68163 (2023) Kat:3, Licht: 2","68163","3","1","9","08","05","6","","2","0","1","0","1"
"POINT (8.714744889000031 50.137983411000050)","Unfall 68173 (2023) Kat:3, Licht: 0","68173","3","2","2","08","16","5","","0","0","0","0","1"
"POINT (8.725637071000051 50.123110675000078)","Unfall 68174 (2023) Kat:3, Licht: 0","68174","3","2","5","08","14","5","","0","0","1","0","0"
"POINT (8.730524822000064 50.118692645000067)","Unfall 68175 (2023) Kat:3, Licht: 0","68175","3","6","2","08","11","5","","0","0","1","0","0"
"POINT (8.688015531000076 50.107195028000035)","Unfall 68207 (2023) Kat:3, Licht: 0","68207","3","6","4","08","18","4","","0","1","0","0","0"
"POINT (8.726305156000024 50.142622932000052)","Unfall 68208 (2023) Kat:3, Licht: 2","68208","3","1","8","08","01","4","","2","0","0","0","1"
"POINT (8.667960381000057 50.131567910000058)","Unfall 68209 (2023) Kat:3, Licht: 0","68209","3","6","2","08","13","4","","0","0","1","0","0"
"POINT (8.582189748000076 50.054009490000055)","Unfall 68230 (2023) Kat:3, Licht: 0","68230","3","3","5","08","06","4","","0","0","1","0","0"
"POINT (8.654975862000072 50.112659203000078)","Unfall 68238 (2023) Kat:2, Licht: 2","68238","2","3","5","08","21","3","","2","1","1","0","0"
"POINT (8.669488185000034 50.098468769000078)","Unfall 68239 (2023) Kat:3, Licht: 0","68239","3","3","5","08","15","3","","0","0","1","0","0"
"POINT (8.694561422000049 50.108296414000051)","Unfall 68240 (2023) Kat:3, Licht: 0","68240","3","6","2","08","17","3","","0","0","1","0","0"
"POINT (8.680339543000059 50.061147136000045)","Unfall 68265 (2023) Kat:3, Licht: 0","68265","3","6","9","08","17","3","","0","0","1","0","0"
"POINT (8.707035675000043 50.199170611000056)","Unfall 68275 (2023) Kat:3, Licht: 0","68275","3","6","2","08","18","2","","0","0","1","0","0"
"POINT (8.699506722000024 50.084092467000062)","Unfall 68276 (2023) Kat:3, Licht: 0","68276","3","7","2","08","16","2","","0","0","1","0","0"
"POINT (8.578280321000022 50.123542353000062)","Unfall 68307 (2023) Kat:3, Licht: 2","68307","3","3","5","08","21","1","","2","0","1","0","0"
"POINT (8.667711286000042 50.100288027000033)","Unfall 68308 (2023) Kat:3, Licht: 0","68308","3","6","3","08","19","1","","0","0","1","0","1"
"POINT (8.581031445000065 50.123075247000031)","Unfall 68320 (2023) Kat:3, Licht: 0","68320","3","6","3","08","18","1","","0","0","1","0","0"
"POINT (8.684576902000060 50.139355902000034)","Unfall 68326 (2023) Kat:3, Licht: 0","68326","3","7","7","08","09","7","","0","1","0","0","0"
"POINT (8.672649417000059 50.131699896000043)","Unfall 68387 (2023) Kat:3, Licht: 0","68387","3","2","3","08","14","5","","0","1","1","0","0"
"POINT (8.712952763000033 50.063556750000032)","Unfall 68404 (2023) Kat:3, Licht: 0","68404","3","6","2","08","17","5","","0","0","1","0","0"
"POINT (8.613873021000074 50.114793041000041)","Unfall 68405 (2023) Kat:3, Licht: 2","68405","3","1","7","08","04","5","","2","0","1","0","0"
"POINT (8.542789799000047 50.106890059000079)","Unfall 68410 (2023) Kat:3, Licht: 0","68410","3","6","2","08","17","4","","0","0","1","0","1"
"POINT (8.592380963000039 50.053233428000055)","Unfall 68422 (2023) Kat:3, Licht: 2","68422","3","6","2","08","21","4","","2","0","0","0","0"
"POINT (8.630475390000072 50.168482778000055)","Unfall 68431 (2023) Kat:3, Licht: 0","68431","3","1","0","08","14","3","","0","0","0","0","1"
"POINT (8.661449630000050 50.152519933000065)","Unfall 68464 (2023) Kat:3, Licht: 0","68464","3","5","1","08","11","2","","0","1","1","0","0"
"POINT (8.621202861000029 50.121275258000026)","Unfall 68465 (2023) Kat:2, Licht: 2","68465","2","2","4","08","21","2","","2","1","1","0","0"
"POINT (8.711587332000022 50.133532881000065)","Unfall 68466 (2023) Kat:3, Licht: 0","68466","3","2","5","08","18","2","","0","1","1","0","0"
"POINT (8.745700099000032 50.124631343000033)","Unfall 68483 (2023) Kat:2, Licht: 0","68483","2","3","5","08","16","2","","0","0","1","0","0"
"POINT (8.677031817000056 50.157605162000038)","Unfall 68533 (2023) Kat:1, Licht: 0","68533","1","1","9","08","16","7","","0","0","0","0","1"
"POINT (8.710751976000040 50.063139196000066)","Unfall 68535 (2023) Kat:3, Licht: 1","68535","3","6","3","08","05","7","","1","0","1","0","0"
"POINT (8.710010745000034 50.131576170000073)","Unfall 68545 (2023) Kat:2, Licht: 0","68545","2","6","0","08","15","6","","0","0","0","0","1"
"POINT (8.728814156000055 50.121121698000081)","Unfall 68546 (2023) Kat:3, Licht: 0","68546","3","6","2","08","10","6","","0","0","1","0","0"
"POINT (8.630108388000053 50.101705895000066)","Unfall 68547 (2023) Kat:3, Licht: 0","68547","3","4","6","08","18","6","","0","0","0","1","1"
"POINT (8.660630923000042 50.109476886000039)","Unfall 68578 (2023) Kat:2, Licht: 0","68578","2","2","6","08","17","5","","0","0","1","1","0"
"POINT (8.616273569000043 50.134636069000067)","Unfall 68598 (2023) Kat:3, Licht: 0","68598","3","1","8","08","15","4","","0","0","1","0","0"
"POINT (8.592669020000073 50.138337300000046)","Unfall 68619 (2023) Kat:2, Licht: 0","68619","2","1","7","08","13","4","","0","0","1","0","0"
"POINT (8.680718962000071 50.111505276000059)","Unfall 68624 (2023) Kat:3, Licht: 0","68624","3","6","2","08","17","3","","0","0","1","0","0"
"POINT (8.565721009000072 50.053282536000040)","Unfall 68649 (2023) Kat:3, Licht: 1","68649","3","6","2","08","21","2","","1","0","1","0","0"
"POINT (8.692751974000032 50.129002309000043)","Unfall 68665 (2023) Kat:3, Licht: 2","68665","3","3","5","08","22","2","","2","1","1","0","0"
"POINT (8.725171844000045 50.125197557000035)","Unfall 68670 (2023) Kat:3, Licht: 1","68670","3","3","5","08","20","2","","1","0","1","0","0"
"POINT (8.601428188000057 50.111621022000065)","Unfall 68682 (2023) Kat:3, Licht: 0","68682","3","1","9","08","08","2","","0","0","1","0","0"
"POINT (8.592341921000070 50.137891961000037)","Unfall 68683 (2023) Kat:3, Licht: 0","68683","3","6","3","08","06","2","","0","0","1","0","0"
"POINT (8.659097008000060 50.206768201000045)","Unfall 68689 (2023) Kat:3, Licht: 0","68689","3","1","9","08","17","1","","0","0","1","0","0"
"POINT (8.635918963000051 50.102258860000063)","Unfall 68690 (2023) Kat:3, Licht: 0","68690","3","4","6","08","09","1","","0","1","0","1","0"
"POINT (8.605741696000052 50.057198587000073)","Unfall 68705 (2023) Kat:3, Licht: 0","68705","3","6","2","08","12","1","","0","0","1","0","0"
"POINT (8.550157625000054 50.121364714000038)","Unfall 68706 (2023) Kat:3, Licht: 0","68706","3","1","8","08","12","1","","0","0","1","0","0"
"POINT (8.557831660000033 50.102427209000041)","Unfall 68710 (2023) Kat:3, Licht: 0","68710","3","3","2","08","10","7","","0","0","1","0","0"
"POINT (8.650990576000027 50.113320433000069)","Unfall 68711 (2023) Kat:3, Licht: 0","68711","3","6","3","08","10","7","","0","1","1","0","0"
"POINT (8.649499306000052 50.178372668000065)","Unfall 68734 (2023) Kat:2, Licht: 0","68734","2","1","8","08","18","7","","0","0","0","0","1"
"POINT (8.602964083000074 50.132301341000073)","Unfall 68735 (2023) Kat:2, Licht: 0","68735","2","1","8","08","18","7","","0","0","1","0","0"
"POINT (8.513790226000026 50.084503353000059)","Unfall 68741 (2023) Kat:3, Licht: 0","68741","3","7","6","08","17","6","","0","0","1","1","0"
"POINT (8.703296500000022 50.142940337000027)","Unfall 68742 (2023) Kat:3, Licht: 0","68742","3","6","2","08","16","6","","0","0","1","0","0"
"POINT (8.649798677000035 50.105147730000056)","Unfall 68743 (2023) Kat:3, Licht: 0","68743","3","5","1","08","15","6","","0","0","1","0","0"
"POINT (8.742815156000063 50.158122101000060)","Unfall 68777 (2023) Kat:3, Licht: 0","68777","3","6","2","08","10","7","","0","0","1","0","0"
"POINT (8.691805140000042 50.100723434000031)","Unfall 68781 (2023) Kat:3, Licht: 0","68781","3","7","6","08","16","5","","0","0","1","1","0"
"POINT (8.586123129000043 50.123541644000056)","Unfall 68813 (2023) Kat:3, Licht: 0","68813","3","7","2","08","11","4","","0","0","1","0","0"
"POINT (8.585178346000021 50.134430463000058)","Unfall 68814 (2023) Kat:3, Licht: 0","68814","3","6","2","08","17","6","","0","0","1","0","0"
"POINT (8.672074135000059 50.131888458000049)","Unfall 68815 (2023) Kat:2, Licht: 0","68815","2","2","3","08","18","4","","0","1","0","0","0"
"POINT (8.666637402000049 50.101040153000042)","Unfall 68816 (2023) Kat:3, Licht: 0","68816","3","7","4","08","16","4","","0","1","1","0","0"
"POINT (8.692580042000031 50.129072882000060)","Unfall 68817 (2023) Kat:3, Licht: 0","68817","3","6","2","08","16","4","","0","0","1","0","0"
"POINT (8.649642397000036 50.056694997000079)","Unfall 68844 (2023) Kat:2, Licht: 0","68844","2","7","0","08","14","4","","0","0","1","0","0"
"POINT (8.603172451000034 50.132250240000076)","Unfall 68845 (2023) Kat:3, Licht: 0","68845","3","1","8","08","12","4","","0","0","1","0","0"
"POINT (8.663905308000039 50.108202993000077)","Unfall 68855 (2023) Kat:3, Licht: 0","68855","3","6","2","08","18","3","","0","1","1","0","0"
"POINT (8.549093686000049 50.120975302000033)","Unfall 68874 (2023) Kat:3, Licht: 1","68874","3","1","8","08","06","3","","1","0","1","0","0"
"POINT (8.701804524000067 50.203705416000048)","Unfall 68886 (2023) Kat:3, Licht: 0","68886","3","6","2","07","17","2","","0","0","1","0","0"
"POINT (8.652846604000047 50.139861278000069)","Unfall 68887 (2023) Kat:3, Licht: 0","68887","3","6","2","07","16","2","","0","0","1","0","0"
"POINT (8.677523705000056 50.105289800000037)","Unfall 68888 (2023) Kat:3, Licht: 0","68888","3","1","0","07","12","2","","0","0","0","0","1"
"POINT (8.650391867000053 50.105382242000076)","Unfall 68890 (2023) Kat:3, Licht: 0","68890","3","6","2","07","18","2","","0","0","1","0","0"
"POINT (8.550263837000045 50.100546856000051)","Unfall 68891 (2023) Kat:3, Licht: 0","68891","3","6","2","08","18","4","","0","0","1","0","1"
"POINT (8.646064633000037 50.058388313000080)","Unfall 68893 (2023) Kat:3, Licht: 0","68893","3","1","9","08","11","6","","0","0","1","0","0"
"POINT (8.701271523000059 50.123207212000068)","Unfall 68894 (2023) Kat:3, Licht: 0","68894","3","6","0","07","13","2","","0","0","1","0","1"
"POINT (8.755667920000064 50.119623337000064)","Unfall 68907 (2023) Kat:2, Licht: 0","68907","2","3","5","07","10","2","","0","0","1","0","0"
"POINT (8.671451456000057 50.136390292000044)","Unfall 68919 (2023) Kat:2, Licht: 2","68919","2","4","6","07","22","1","","2","0","0","1","0"
"POINT (8.707510215000070 50.126629759000082)","Unfall 68920 (2023) Kat:3, Licht: 0","68920","3","5","1","07","20","1","","0","1","1","0","0"
"POINT (8.654165613000032 50.078392843000074)","Unfall 68948 (2023) Kat:3, Licht: 0","68948","3","5","2","07","17","7","","0","0","1","0","0"
"POINT (8.658480793000024 50.108590595000067)","Unfall 68950 (2023) Kat:3, Licht: 0","68950","3","1","0","07","14","7","","0","1","0","0","0"
"POINT (8.668858018000037 50.131587127000046)","Unfall 68951 (2023) Kat:3, Licht: 2","68951","3","6","2","07","23","7","","2","0","1","0","0"
"POINT (8.652470552000068 50.106204053000056)","Unfall 68962 (2023) Kat:3, Licht: 0","68962","3","2","3","08","15","4","","0","1","1","0","0"
"POINT (8.666332823000062 50.061038867000036)","Unfall 68967 (2023) Kat:3, Licht: 0","68967","3","1","8","07","06","7","","0","0","1","0","0"
"POINT (8.618416782000054 50.134126833000039)","Unfall 68968 (2023) Kat:3, Licht: 0","68968","3","6","2","07","14","7","","0","0","1","0","0"
"POINT (8.602629375000049 50.053014307000069)","Unfall 68969 (2023) Kat:3, Licht: 0","68969","3","1","3","07","08","7","","0","0","1","0","0"
"POINT (8.514733364000051 50.085086731000047)","Unfall 68980 (2023) Kat:3, Licht: 0","68980","3","3","5","07","16","6","","0","0","1","0","0"
"POINT (8.691106630000036 50.098697723000043)","Unfall 68981 (2023) Kat:3, Licht: 0","68981","3","7","0","07","07","6","","0","0","0","0","1"
"POINT (8.655394043000058 50.100100224000073)","Unfall 68983 (2023) Kat:3, Licht: 0","68983","3","2","4","07","14","6","","0","1","1","0","0"
"POINT (8.602279164000038 50.155756182000061)","Unfall 69025 (2023) Kat:3, Licht: 0","69025","3","6","2","07","17","6","","0","0","1","0","0"
"POINT (8.602817626000046 50.108953944000064)","Unfall 69026 (2023) Kat:3, Licht: 0","69026","3","6","2","07","17","6","","0","0","1","0","0"
"POINT (8.595306180000023 50.143092150000030)","Unfall 69028 (2023) Kat:3, Licht: 0","69028","3","6","2","07","13","6","","0","0","1","0","0"
"POINT (8.593646455000055 50.139568501000042)","Unfall 69029 (2023) Kat:3, Licht: 0","69029","3","6","2","07","14","6","","0","0","1","0","0"
"POINT (8.579722587000049 50.131326299000079)","Unfall 69030 (2023) Kat:3, Licht: 0","69030","3","6","2","07","17","6","","0","0","1","0","0"
"POINT (8.598096357000031 50.114133271000071)","Unfall 69031 (2023) Kat:3, Licht: 0","69031","3","7","9","07","07","6","","0","0","1","0","0"
"POINT (8.630505642000060 50.128448776000027)","Unfall 69050 (2023) Kat:3, Licht: 0","69050","3","2","0","07","18","5","","0","1","1","0","0"
"POINT (8.705867646000058 50.119754837000073)","Unfall 69051 (2023) Kat:3, Licht: 2","69051","3","7","0","07","00","5","","2","0","0","0","0"
"POINT (8.573350637000033 50.089667001000066)","Unfall 69082 (2023) Kat:3, Licht: 0","69082","3","6","3","07","16","5","","0","0","1","0","0"
"POINT (8.655393349000065 50.191376554000044)","Unfall 69084 (2023) Kat:3, Licht: 0","69084","3","1","9","07","18","5","","0","0","1","0","0"
"POINT (8.650715348000062 50.113865569000041)","Unfall 69095 (2023) Kat:3, Licht: 0","69095","3","3","5","07","12","4","","0","0","1","0","0"
"POINT (8.596474656000055 50.114575341000034)","Unfall 69117 (2023) Kat:3, Licht: 0","69117","3","6","3","07","15","4","","0","0","1","0","0"
"POINT (8.636653660000036 50.123431947000029)","Unfall 69125 (2023) Kat:3, Licht: 0","69125","3","6","3","07","13","3","","0","1","1","0","0"
"POINT (8.721967546000030 50.114892675000078)","Unfall 69126 (2023) Kat:3, Licht: 0","69126","3","2","4","07","12","3","","0","0","1","0","1"
"POINT (8.683571385000050 50.131739605000064)","Unfall 69127 (2023) Kat:3, Licht: 0","69127","3","6","2","07","07","3","","0","0","1","0","0"
"POINT (8.699566891000075 50.124784067000064)","Unfall 69141 (2023) Kat:3, Licht: 0","69141","3","6","3","08","08","2","","0","0","0","0","0"
"POINT (8.686247353000056 50.155257283000026)","Unfall 69160 (2023) Kat:3, Licht: 0","69160","3","6","2","07","16","2","","0","0","1","0","0"
"POINT (8.741150434000076 50.122983702000056)","Unfall 69168 (2023) Kat:3, Licht: 0","69168","3","6","3","08","18","6","","0","0","1","0","0"
"POINT (8.706999577000033 50.112783086000036)","Unfall 69192 (2023) Kat:3, Licht: 0","69192","3","3","5","07","09","1","","0","1","1","0","0"
"POINT (8.606504384000061 50.052713551000068)","Unfall 69220 (2023) Kat:3, Licht: 0","69220","3","1","9","07","19","1","","0","0","1","0","0"
"POINT (8.619094700000062 50.088109793000058)","Unfall 69227 (2023) Kat:3, Licht: 2","69227","3","6","2","07","01","7","","2","0","1","0","0"
"POINT (8.565717973000062 50.123770690000072)","Unfall 69252 (2023) Kat:3, Licht: 0","69252","3","1","0","07","14","6","","0","1","0","0","0"
"POINT (8.652725326000052 50.192744517000051)","Unfall 69254 (2023) Kat:3, Licht: 0","69254","3","1","0","07","15","6","","0","0","0","0","1"
"POINT (8.609924750000062 50.141635016000066)","Unfall 69255 (2023) Kat:3, Licht: 0","69255","3","3","5","07","11","6","","0","1","1","0","0"
"POINT (8.667343207000044 50.146673045000057)","Unfall 69256 (2023) Kat:3, Licht: 0","69256","3","6","2","07","18","6","","0","0","1","0","0"
"POINT (8.687947761000032 50.130604600000026)","Unfall 69257 (2023) Kat:3, Licht: 0","69257","3","6","2","07","14","6","","0","0","1","0","0"
"POINT (8.620436532000042 50.052133245000050)","Unfall 69292 (2023) Kat:3, Licht: 0","69292","3","6","2","07","15","6","","0","0","1","0","0"
"POINT (8.605069608000065 50.105779517000030)","Unfall 69293 (2023) Kat:2, Licht: 0","69293","2","6","3","07","20","6","","0","0","1","0","1"
"POINT (8.652729277000049 50.059783126000070)","Unfall 69294 (2023) Kat:3, Licht: 0","69294","3","6","2","07","15","6","","0","0","1","0","0"
"POINT (8.625114493000069 50.101205813000036)","Unfall 69307 (2023) Kat:3, Licht: 2","69307","3","3","5","07","23","5","","2","0","1","0","0"
"POINT (8.650886152000055 50.132342744000027)","Unfall 69343 (2023) Kat:3, Licht: 0","69343","3","6","2","07","18","5","","0","0","1","0","0"
"POINT (8.621703498000045 50.125204398000051)","Unfall 69350 (2023) Kat:3, Licht: 0","69350","3","3","5","07","18","4","","0","1","0","0","0"
"POINT (8.691043235000052 50.087994906000063)","Unfall 69351 (2023) Kat:3, Licht: 2","69351","3","6","2","07","22","4","","2","0","1","0","0"
"POINT (8.738830167000060 50.149219119000065)","Unfall 69352 (2023) Kat:2, Licht: 0","69352","2","3","5","07","20","4","","0","1","0","0","0"
"POINT (8.725793323000062 50.160256733000040)","Unfall 69354 (2023) Kat:3, Licht: 0","69354","3","6","2","07","10","4","","0","0","1","0","0"
"POINT (8.698126455000022 50.138777745000027)","Unfall 69355 (2023) Kat:2, Licht: 0","69355","2","6","2","07","09","4","","0","0","0","0","0"
"POINT (8.707733187000031 50.062738484000079)","Unfall 69380 (2023) Kat:2, Licht: 0","69380","2","6","2","07","10","4","","0","0","1","0","0"