WKT,Name,OBJECTID,UKATEGORIE,UTYP1,UART,UMONAT,USTUNDE,UWOCHENTAG,STRZUSTAND,ULICHTVERH,ISTRAD,ISTPKW,ISTFUSS,ISTKRAD
"POINT (8.570921319000036 50.087510370000075)","Unfall 69389 (2023) Kat:3, Licht: 0","69389","3","6","0","07","17","3","","0","1","1","0","0"
"POINT (8.717735004000076 50.104958707000037)","Unfall 69390 (2023) Kat:3, Licht: 2","69390","3","3","5","07","22","3","","2","1","0","0","1"
"POINT (8.611817909000024 50.173113495000052)","Unfall 69412 (2023) Kat:3, Licht: 0","69412","3","6","2","07","09","3","","0","0","1","0","1"
"POINT (8.703224354000042 50.143184395000048)","Unfall 69413 (2023) Kat:3, Licht: 0","69413","3","6","2","07","07","3","","0","0","1","0","0"
"POINT (8.598530995000033 50.115100128000051)","Unfall 69414 (2023) Kat:3, Licht: 0","69414","3","6","2","07","15","3","","0","0","1","0","0"
"POINT (8.567229927000028 50.120238598000071)","Unfall 69431 (2023) Kat:3, Licht: 0","69431","3","1","8","07","16","2","","0","1","0","0","0"
"POINT (8.635028035000062 50.160435210000060)","Unfall 69432 (2023) Kat:3, Licht: 0","69432","3","3","5","07","15","2","","0","0","1","0","0"
"POINT (8.514432917000022 50.086392682000053)","Unfall 69477 (2023) Kat:3, Licht: 0","69477","3","4","6","07","13","1","","0","0","1","1","0"
"POINT (8.649056863000055 50.120049695000034)","Unfall 69478 (2023) Kat:2, Licht: 0","69478","2","5","0","07","19","1","","0","1","0","0","0"
"POINT (8.616705729000046 50.093223589000047)","Unfall 69497 (2023) Kat:2, Licht: 0","69497","2","7","8","07","14","1","","0","0","1","0","0"
"POINT (8.716389911000022 50.099594606000039)","Unfall 69507 (2023) Kat:3, Licht: 0","69507","3","2","0","07","10","4","","0","0","1","0","1"
"POINT (8.684208681000030 50.131607508000059)","Unfall 69509 (2023) Kat:3, Licht: 2","69509","3","2","4","07","03","7","","2","0","1","0","0"
"POINT (8.507075408000048 50.090389738000056)","Unfall 69523 (2023) Kat:2, Licht: 2","69523","2","4","6","08","22","1","","2","0","0","1","0"
"POINT (8.603247595000028 50.052856539000061)","Unfall 69545 (2023) Kat:3, Licht: 2","69545","3","1","8","07","04","7","","2","0","1","1","0"
"POINT (8.657358997000074 50.060781532000078)","Unfall 69546 (2023) Kat:3, Licht: 2","69546","3","6","2","07","00","7","","2","0","1","0","0"
"POINT (8.591671018000056 50.057877759000064)","Unfall 69584 (2023) Kat:3, Licht: 2","69584","3","3","5","11","18","5","","2","0","1","0","0"
"POINT (8.581623088000072 50.132211441000038)","Unfall 69600 (2023) Kat:3, Licht: 0","69600","3","6","2","11","15","4","","0","0","1","0","0"
"POINT (8.653919725000037 50.120219593000058)","Unfall 69606 (2023) Kat:3, Licht: 2","69606","3","6","2","11","06","3","","2","0","1","0","0"
"POINT (8.659643706000054 50.087973947000080)","Unfall 69607 (2023) Kat:3, Licht: 0","69607","3","6","3","11","17","3","","0","1","0","0","0"
"POINT (8.708734800000059 50.079604446000076)","Unfall 69608 (2023) Kat:2, Licht: 2","69608","2","6","6","11","05","3","","2","0","1","1","0"
"POINT (8.733748690000027 50.119829496000079)","Unfall 69609 (2023) Kat:3, Licht: 2","69609","3","6","2","11","06","3","","2","0","1","0","1"
"POINT (8.527147112000023 50.113030161000040)","Unfall 69624 (2023) Kat:3, Licht: 1","69624","3","6","3","11","17","3","","1","0","1","0","0"
"POINT (8.507250907000071 50.097150234000026)","Unfall 69633 (2023) Kat:3, Licht: 0","69633","3","3","5","11","11","2","","0","1","1","0","0"
"POINT (8.725149310000063 50.115974598000037)","Unfall 69634 (2023) Kat:3, Licht: 0","69634","3","5","5","11","14","2","","0","0","1","0","0"
"POINT (8.633027036000044 50.101983892000078)","Unfall 69635 (2023) Kat:2, Licht: 0","69635","2","2","3","11","08","2","","0","0","1","0","0"
"POINT (8.664024438000069 50.108097825000073)","Unfall 69636 (2023) Kat:3, Licht: 0","69636","3","2","3","11","13","2","","0","0","1","0","0"
"POINT (8.765009773000031 50.135827929000072)","Unfall 69648 (2023) Kat:3, Licht: 1","69648","3","6","2","11","17","2","","1","0","1","0","0"
"POINT (8.643655220000028 50.133136423000053)","Unfall 69653 (2023) Kat:3, Licht: 1","69653","3","6","2","11","16","2","","1","0","1","0","0"
"POINT (8.622723762000021 50.151213644000052)","Unfall 69665 (2023) Kat:3, Licht: 2","69665","3","3","5","11","22","7","","2","1","0","0","0"
"POINT (8.686230052000042 50.155331284000056)","Unfall 69691 (2023) Kat:3, Licht: 0","69691","3","3","5","11","09","6","","0","0","1","0","0"
"POINT (8.672197297000025 50.098833931000058)","Unfall 69692 (2023) Kat:3, Licht: 0","69692","3","6","2","11","14","6","","0","0","1","0","1"
"POINT (8.560103150000032 50.101489585000081)","Unfall 69721 (2023) Kat:3, Licht: 2","69721","3","4","6","11","06","5","","2","0","1","1","0"
"POINT (8.627728923000063 50.151955045000079)","Unfall 69722 (2023) Kat:2, Licht: 2","69722","2","4","6","11","18","5","","2","0","1","1","0"
"POINT (8.754413693000060 50.120044419000067)","Unfall 69739 (2023) Kat:2, Licht: 2","69739","2","3","5","11","17","5","","2","0","1","0","1"
"POINT (8.647942202000024 50.055418444000054)","Unfall 69740 (2023) Kat:3, Licht: 0","69740","3","6","2","11","13","5","","0","0","1","0","0"
"POINT (8.648378332000050 50.056527109000058)","Unfall 69741 (2023) Kat:3, Licht: 2","69741","3","3","5","11","19","5","","2","0","1","0","0"
"POINT (8.653942146000077 50.112305030000073)","Unfall 69754 (2023) Kat:3, Licht: 1","69754","3","4","6","11","20","4","","1","0","0","1","0"
"POINT (8.655385618000025 50.107356275000029)","Unfall 69755 (2023) Kat:3, Licht: 0","69755","3","6","3","11","08","4","","0","0","1","0","0"
"POINT (8.574912870000048 50.129520817000071)","Unfall 69780 (2023) Kat:3, Licht: 0","69780","3","6","3","11","16","4","","0","0","1","0","0"
"POINT (8.601570591000041 50.110404228000050)","Unfall 69781 (2023) Kat:3, Licht: 2","69781","3","6","2","11","17","4","","2","0","1","0","0"
"POINT (8.740133886000024 50.100032962000057)","Unfall 69782 (2023) Kat:3, Licht: 0","69782","3","6","2","11","13","4","","0","0","1","0","0"
"POINT (8.604994371000032 50.105863652000039)","Unfall 69783 (2023) Kat:3, Licht: 2","69783","3","6","2","11","17","4","","2","0","1","0","0"
"POINT (8.703404185000068 50.142995812000038)","Unfall 69790 (2023) Kat:3, Licht: 1","69790","3","6","2","11","17","3","","1","0","1","0","0"
"POINT (8.743149244000051 50.095607740000048)","Unfall 69812 (2023) Kat:3, Licht: 2","69812","3","6","2","11","18","3","","2","0","1","0","0"
"POINT (8.673374663000061 50.061299533000067)","Unfall 69813 (2023) Kat:3, Licht: 0","69813","3","6","2","11","16","3","","0","0","1","0","0"
"POINT (8.535538048000035 50.116324513000052)","Unfall 69839 (2023) Kat:3, Licht: 1","69839","3","1","8","11","07","2","","1","0","0","0","0"
"POINT (8.682721456000024 50.160426618000031)","Unfall 69852 (2023) Kat:3, Licht: 2","69852","3","6","2","11","16","7","","2","0","1","0","0"
"POINT (8.658143894000034 50.108446529000048)","Unfall 69853 (2023) Kat:3, Licht: 0","69853","3","2","4","11","14","7","","0","0","1","0","0"
"POINT (8.652731050000057 50.192171693000034)","Unfall 69882 (2023) Kat:3, Licht: 0","69882","3","1","0","11","08","6","","0","0","0","0","1"
"POINT (8.683934568000041 50.131716876000041)","Unfall 69884 (2023) Kat:3, Licht: 0","69884","3","2","5","11","14","6","","0","0","1","0","0"
"POINT (8.586816657000043 50.056439511000065)","Unfall 69899 (2023) Kat:3, Licht: 1","69899","3","6","2","11","06","6","","1","0","1","0","0"
"POINT (8.567394142000069 50.098338559000069)","Unfall 69906 (2023) Kat:3, Licht: 2","69906","3","2","2","11","17","5","","2","0","1","0","0"
"POINT (8.706048600000031 50.111407918000054)","Unfall 69907 (2023) Kat:3, Licht: 0","69907","3","4","6","11","12","5","","0","0","1","1","0"
"POINT (8.675097272000073 50.101687844000026)","Unfall 69926 (2023) Kat:3, Licht: 0","69926","3","2","5","11","14","4","","0","0","1","0","0"
"POINT (8.626596573000029 50.116530405000049)","Unfall 69952 (2023) Kat:3, Licht: 2","69952","3","6","2","11","16","4","","2","0","1","0","0"
"POINT (8.597883093000064 50.147287701000039)","Unfall 69953 (2023) Kat:3, Licht: 1","69953","3","6","2","11","16","4","","1","0","1","0","0"
"POINT (8.651079453000023 50.114188996000053)","Unfall 69964 (2023) Kat:3, Licht: 0","69964","3","6","2","11","13","3","","0","0","1","0","0"
"POINT (8.617240658000071 50.172897222000074)","Unfall 69990 (2023) Kat:2, Licht: 0","69990","2","3","5","11","12","2","","0","0","1","0","0"
"POINT (8.712297417000059 50.136390899000048)","Unfall 69991 (2023) Kat:3, Licht: 0","69991","3","6","2","11","12","2","","0","0","1","0","0"
"POINT (8.707007219000047 50.112782224000057)","Unfall 69992 (2023) Kat:3, Licht: 1","69992","3","2","5","11","16","2","","1","0","1","0","1"
"POINT (8.707720125000037 50.062538811000081)","Unfall 70014 (2023) Kat:3, Licht: 2","70014","3","6","2","11","18","2","","2","0","1","0","0"
"POINT (8.584149194000076 50.120190375000050)","Unfall 70015 (2023) Kat:3, Licht: 1","70015","3","6","2","11","17","2","","1","0","1","0","0"
"POINT (8.661367706000021 50.180991632000030)","Unfall 70041 (2023) Kat:3, Licht: 1","70041","3","6","4","11","16","7","","1","1","1","0","0"
"POINT (8.664732315000037 50.107461843000067)","Unfall 70042 (2023) Kat:3, Licht: 0","70042","3","4","6","11","11","7","","0","0","1","1","0"
"POINT (8.544834932000072 50.105065069000034)","Unfall 70062 (2023) Kat:3, Licht: 1","70062","3","3","0","11","17","6","","1","1","0","0","0"
"POINT (8.611323163000066 50.146470743000066)","Unfall 70063 (2023) Kat:3, Licht: 2","70063","3","2","4","11","17","6","","2","0","1","0","1"
"POINT (8.648467246000052 50.140594471000043)","Unfall 70065 (2023) Kat:3, Licht: 0","70065","3","1","0","11","15","6","","0","0","0","0","0"
"POINT (8.628940655000065 50.078141362000054)","Unfall 70066 (2023) Kat:3, Licht: 2","70066","3","3","0","11","19","6","","2","0","1","0","0"
"POINT (8.716166405000024 50.099569103000078)","Unfall 70075 (2023) Kat:3, Licht: 0","70075","3","6","2","11","13","2","","0","0","1","0","0"
"POINT (8.645680181000046 50.135827750000033)","Unfall 70085 (2023) Kat:3, Licht: 0","70085","3","2","5","11","08","5","","0","0","1","0","0"
"POINT (8.690976337000052 50.088304688000051)","Unfall 70086 (2023) Kat:3, Licht: 2","70086","3","1","9","11","20","5","","2","0","1","0","0"
"POINT (8.696174827000050 50.135127838000074)","Unfall 70087 (2023) Kat:3, Licht: 0","70087","3","2","5","11","07","5","","0","1","0","0","0"
"POINT (8.577551352000057 50.130401818000053)","Unfall 70109 (2023) Kat:3, Licht: 0","70109","3","6","2","11","16","5","","0","0","1","0","0"
"POINT (8.606049896000059 50.104719049000039)","Unfall 70137 (2023) Kat:3, Licht: 1","70137","3","6","2","11","17","4","","1","0","1","0","0"
"POINT (8.729861339000024 50.100523410000051)","Unfall 70142 (2023) Kat:3, Licht: 0","70142","3","7","2","10","11","3","","0","0","0","0","1"
"POINT (8.714788496000040 50.063887283000042)","Unfall 70163 (2023) Kat:3, Licht: 0","70163","3","6","2","10","14","3","","0","0","1","0","0"
"POINT (8.483053132000066 50.096355089000042)","Unfall 70176 (2023) Kat:3, Licht: 2","70176","3","6","2","10","17","2","","2","0","1","0","0"
"POINT (8.583979593000038 50.135404194000046)","Unfall 70177 (2023) Kat:3, Licht: 0","70177","3","6","2","10","13","2","","0","0","1","0","0"
"POINT (8.707924239000022 50.062578313000074)","Unfall 70196 (2023) Kat:3, Licht: 2","70196","3","6","2","10","17","2","","2","0","1","0","0"
"POINT (8.733349976000056 50.114985623000052)","Unfall 70197 (2023) Kat:3, Licht: 0","70197","3","6","2","10","12","2","","0","0","1","0","0"
"POINT (8.576517531000036 50.053252850000035)","Unfall 70198 (2023) Kat:3, Licht: 2","70198","3","1","8","10","21","1","","2","0","1","0","0"
"POINT (8.667734140000050 50.100105881000047)","Unfall 70200 (2023) Kat:3, Licht: 2","70200","3","6","2","10","17","1","","2","0","1","0","0"
"POINT (8.709244862000048 50.105363687000079)","Unfall 70202 (2023) Kat:3, Licht: 2","70202","3","1","9","10","23","1","","2","0","1","0","0"
"POINT (8.647184317000040 50.056765586000040)","Unfall 70219 (2023) Kat:3, Licht: 2","70219","3","6","2","10","20","1","","2","0","1","0","0"
"POINT (8.625993998000069 50.189969109000060)","Unfall 70220 (2023) Kat:3, Licht: 1","70220","3","1","9","10","07","1","","1","0","1","0","0"
"POINT (8.685540233000040 50.112353208000059)","Unfall 70229 (2023) Kat:3, Licht: 2","70229","3","1","8","10","04","7","","2","0","1","0","0"
"POINT (8.702420005000022 50.159135810000066)","Unfall 70283 (2023) Kat:3, Licht: 0","70283","3","1","8","10","09","6","","0","0","1","0","0"
"POINT (8.677557112000045 50.169315193000045)","Unfall 70288 (2023) Kat:2, Licht: 0","70288","2","7","0","10","13","5","","0","1","0","0","0"
"POINT (8.737500136000051 50.131291635000082)","Unfall 70304 (2023) Kat:3, Licht: 0","70304","3","6","2","10","10","5","","0","0","1","0","0"
"POINT (8.697962048000022 50.138956704000066)","Unfall 70317 (2023) Kat:3, Licht: 0","70317","3","5","1","10","09","4","","0","1","1","0","0"
"POINT (8.716948252000066 50.123469506000049)","Unfall 70335 (2023) Kat:1, Licht: 1","70335","1","4","6","11","16","5","","1","0","0","1","0"
"POINT (8.616176142000029 50.134444393000081)","Unfall 70340 (2023) Kat:3, Licht: 2","70340","3","4","6","10","22","4","","2","0","1","1","0"
"POINT (8.647018629000058 50.177671966000048)","Unfall 70343 (2023) Kat:3, Licht: 2","70343","3","1","8","10","22","4","","2","0","1","0","0"
"POINT (8.717961878000040 50.064335997000057)","Unfall 70349 (2023) Kat:3, Licht: 0","70349","3","6","2","11","08","4","","0","0","1","0","0"
"POINT (8.694953331000022 50.132239549000076)","Unfall 70356 (2023) Kat:3, Licht: 0","70356","3","2","3","10","08","3","","0","1","1","0","0"
"POINT (8.569665801000042 50.053452356000037)","Unfall 70384 (2023) Kat:3, Licht: 0","70384","3","6","2","10","12","3","","0","0","1","0","0"
"POINT (8.761797565000052 50.115996469000038)","Unfall 70405 (2023) Kat:3, Licht: 2","70405","3","7","0","10","18","2","","2","0","0","0","0"
"POINT (8.745082063000041 50.138459552000029)","Unfall 70406 (2023) Kat:3, Licht: 0","70406","3","3","5","10","12","2","","0","0","0","0","0"
"POINT (8.760119947000021 50.113526907000050)","Unfall 70407 (2023) Kat:3, Licht: 1","70407","3","6","3","10","07","2","","1","0","0","0","0"
"POINT (8.595324713000025 50.140540105000071)","Unfall 70415 (2023) Kat:3, Licht: 2","70415","3","1","9","10","03","1","","2","0","1","0","0"
"POINT (8.661978629000032 50.090256316000080)","Unfall 70458 (2023) Kat:3, Licht: 2","70458","3","6","2","10","08","6","","2","0","1","0","0"
"POINT (8.727596426000048 50.064536322000038)","Unfall 70491 (2023) Kat:3, Licht: 0","70491","3","6","2","10","14","6","","0","0","1","0","0"
"POINT (8.514130786000067 50.086914704000037)","Unfall 70499 (2023) Kat:3, Licht: 2","70499","3","1","9","10","21","5","","2","0","1","0","0"
"POINT (8.619225767000046 50.087909110000055)","Unfall 70500 (2023) Kat:2, Licht: 2","70500","2","3","5","10","03","5","","2","0","1","0","0"
"POINT (8.703370554000060 50.099874600000078)","Unfall 70501 (2023) Kat:3, Licht: 0","70501","3","5","1","10","10","5","","0","0","1","0","0"
"POINT (8.686266141000033 50.155176922000066)","Unfall 70524 (2023) Kat:2, Licht: 2","70524","2","4","6","11","17","3","","2","0","1","1","0"
"POINT (8.717272325000067 50.196876651000082)","Unfall 70525 (2023) Kat:3, Licht: 2","70525","3","3","5","10","19","4","","2","1","1","0","0"
"POINT (8.651138304000028 50.114241285000048)","Unfall 70526 (2023) Kat:3, Licht: 1","70526","3","5","0","10","18","4","","1","1","1","0","0"
"POINT (8.687723564000066 50.107195045000026)","Unfall 70528 (2023) Kat:2, Licht: 0","70528","2","1","0","10","11","4","","0","1","0","0","0"
"POINT (8.656720884000038 50.111633390000065)","Unfall 70551 (2023) Kat:3, Licht: 0","70551","3","6","2","10","17","3","","0","0","1","0","0"
"POINT (8.671868839000069 50.133519979000027)","Unfall 70554 (2023) Kat:2, Licht: 0","70554","2","3","5","10","09","3","","0","1","1","0","0"
"POINT (8.667281053000067 50.100491855000030)","Unfall 70555 (2023) Kat:3, Licht: 2","70555","3","6","2","10","20","3","","2","0","1","0","1"
"POINT (8.506890199000054 50.076727147000042)","Unfall 70575 (2023) Kat:3, Licht: 0","70575","3","6","2","10","10","3","","0","0","1","0","0"
"POINT (8.603651247000073 50.100362817000075)","Unfall 70587 (2023) Kat:2, Licht: 1","70587","2","4","6","10","17","2","","1","0","1","1","0"
"POINT (8.605475458000058 50.180840149000062)","Unfall 70588 (2023) Kat:3, Licht: 0","70588","3","2","4","10","12","2","","0","0","1","0","1"
"POINT (8.684730972000068 50.137136682000062)","Unfall 70589 (2023) Kat:2, Licht: 0","70589","2","3","5","10","09","2","","0","0","1","0","0"
"POINT (8.629528055000037 50.192030145000047)","Unfall 70603 (2023) Kat:3, Licht: 2","70603","3","7","0","10","23","2","","2","0","1","0","0"
"POINT (8.659560482000074 50.207434138000053)","Unfall 70610 (2023) Kat:3, Licht: 0","70610","3","3","5","10","09","1","","0","0","1","0","0"
"POINT (8.744832832000043 50.138402831000064)","Unfall 70619 (2023) Kat:3, Licht: 0","70619","3","6","2","10","13","1","","0","0","1","0","0"
"POINT (8.539650535000021 50.100425810000047)","Unfall 70628 (2023) Kat:3, Licht: 0","70628","3","6","2","10","12","7","","0","0","1","0","0"
"POINT (8.650586814000064 50.113680154000065)","Unfall 70629 (2023) Kat:3, Licht: 2","70629","3","7","0","10","21","7","","2","0","0","0","1"
"POINT (8.698344867000060 50.102260120000039)","Unfall 70630 (2023) Kat:3, Licht: 0","70630","3","2","5","10","12","7","","0","1","1","0","0"
"POINT (8.704292454000040 50.061918621000075)","Unfall 70650 (2023) Kat:3, Licht: 2","70650","3","6","2","10","01","7","","2","0","1","0","0"
"POINT (8.647828408000066 50.177563836000047)","Unfall 70651 (2023) Kat:2, Licht: 0","70651","2","6","2","10","13","7","","0","0","1","0","1"
"POINT (8.666654759000039 50.189790360000075)","Unfall 70663 (2023) Kat:3, Licht: 0","70663","3","7","5","10","16","6","","0","0","1","0","0"
"POINT (8.683854757000063 50.162895674000026)","Unfall 70664 (2023) Kat:3, Licht: 0","70664","3","3","5","10","12","6","","0","0","1","0","0"
"POINT (8.615017532000024 50.147875355000053)","Unfall 70665 (2023) Kat:3, Licht: 2","70665","3","6","2","10","06","6","","2","0","1","0","0"
"POINT (8.710224587000027 50.131733738000037)","Unfall 70705 (2023) Kat:3, Licht: 0","70705","3","5","1","10","17","5","","0","0","1","0","1"
"POINT (8.610588171000074 50.116237313000056)","Unfall 70720 (2023) Kat:3, Licht: 0","70720","3","1","0","10","13","2","","0","0","1","0","1"
"POINT (8.613097455000059 50.052255330000037)","Unfall 70739 (2023) Kat:3, Licht: 0","70739","3","6","3","10","15","5","","0","0","1","0","0"
"POINT (8.551648004000072 50.108651428000030)","Unfall 70749 (2023) Kat:3, Licht: 0","70749","3","3","5","10","14","4","","0","0","1","0","0"
"POINT (8.625216752000028 50.101215740000043)","Unfall 70750 (2023) Kat:3, Licht: 0","70750","3","2","2","10","13","4","","0","0","1","0","1"
"POINT (8.657535937000034 50.111124737000068)","Unfall 70751 (2023) Kat:3, Licht: 0","70751","3","6","2","10","08","4","","0","0","1","0","0"
"POINT (8.663932500000044 50.108196647000057)","Unfall 70753 (2023) Kat:3, Licht: 2","70753","3","3","5","10","00","4","","2","0","1","0","0"
"POINT (8.668807865000076 50.131585385000051)","Unfall 70754 (2023) Kat:3, Licht: 2","70754","3","6","2","10","18","4","","2","0","1","0","0"
"POINT (8.624270560000070 50.118336853000073)","Unfall 70778 (2023) Kat:3, Licht: 2","70778","3","6","2","10","06","6","","2","0","1","0","0"
"POINT (8.682685239000023 50.104409621000059)","Unfall 70797 (2023) Kat:3, Licht: 2","70797","3","6","0","10","22","3","","2","1","1","0","0"
"POINT (8.688622819000045 50.062152471000047)","Unfall 70798 (2023) Kat:3, Licht: 2","70798","3","2","4","10","21","3","","2","0","1","0","1"
"POINT (8.731670913000073 50.119030509000027)","Unfall 70799 (2023) Kat:3, Licht: 0","70799","3","6","2","10","14","3","","0","0","1","0","0"
"POINT (8.759664149000059 50.129773796000052)","Unfall 70821 (2023) Kat:2, Licht: 0","70821","2","2","4","10","16","3","","0","1","1","0","0"
"POINT (8.612388176000024 50.098814996000044)","Unfall 70828 (2023) Kat:3, Licht: 0","70828","3","6","2","10","07","3","","0","0","1","0","0"
"POINT (8.521493112000030 50.097359639000047)","Unfall 70864 (2023) Kat:3, Licht: 2","70864","3","1","9","10","01","1","","2","0","1","0","0"
"POINT (8.694474285000069 50.109161617000041)","Unfall 70865 (2023) Kat:3, Licht: 2","70865","3","2","4","10","19","1","","2","1","1","0","0"
"POINT (8.572204122000073 50.052726820000032)","Unfall 70869 (2023) Kat:3, Licht: 2","70869","3","1","9","10","19","5","","2","0","1","0","0"
"POINT (8.534866380000039 50.113936225000032)","Unfall 70897 (2023) Kat:3, Licht: 0","70897","3","6","2","10","15","7","","0","0","1","0","0"
"POINT (8.638733386000069 50.154852124000058)","Unfall 70898 (2023) Kat:3, Licht: 0","70898","3","1","9","10","15","7","","0","0","1","0","0"
"POINT (8.703014746000065 50.143066252000040)","Unfall 70899 (2023) Kat:3, Licht: 2","70899","3","6","4","10","02","7","","2","1","0","0","0"
"POINT (8.665229225000076 50.184305136000035)","Unfall 70923 (2023) Kat:3, Licht: 1","70923","3","6","6","10","19","6","","1","1","0","1","0"
"POINT (8.651647587000070 50.105878719000032)","Unfall 70926 (2023) Kat:3, Licht: 2","70926","3","6","2","11","18","7","","2","0","1","0","0"
"POINT (8.546669180000038 50.098771623000061)","Unfall 70941 (2023) Kat:3, Licht: 0","70941","3","5","1","11","10","4","","0","1","1","0","0"
"POINT (8.754391957000053 50.120051560000036)","Unfall 70944 (2023) Kat:3, Licht: 2","70944","3","2","4","10","22","6","","2","1","1","0","0"
"POINT (8.710284136000041 50.063243806000060)","Unfall 70949 (2023) Kat:3, Licht: 2","70949","3","6","2","10","20","6","","2","0","1","0","0"
"POINT (8.542572629000063 50.108832893000056)","Unfall 70956 (2023) Kat:3, Licht: 0","70956","3","3","5","10","15","5","","0","1","1","0","0"
"POINT (8.641050128000074 50.155279313000051)","Unfall 70958 (2023) Kat:3, Licht: 0","70958","3","3","5","10","18","5","","0","1","1","0","0"
"POINT (8.582104884000046 50.055619995000029)","Unfall 70982 (2023) Kat:2, Licht: 0","70982","2","7","0","10","18","5","","0","0","1","0","0"
"POINT (8.562561701000050 50.117295436000063)","Unfall 70998 (2023) Kat:3, Licht: 1","70998","3","4","6","10","07","4","","1","0","0","1","0"
"POINT (8.555575462000036 50.114183897000032)","Unfall 71000 (2023) Kat:3, Licht: 0","71000","3","5","0","11","15","1","","0","0","1","0","1"
"POINT (8.660338598000067 50.109483651000062)","Unfall 71001 (2023) Kat:2, Licht: 0","71001","2","2","5","10","12","4","","0","0","1","0","0"
"POINT (8.658162259000051 50.108453782000026)","Unfall 71013 (2023) Kat:3, Licht: 0","71013","3","6","2","10","15","2","","0","0","1","0","0"
"POINT (8.745815830000026 50.159649381000065)","Unfall 71016 (2023) Kat:3, Licht: 0","71016","3","2","5","10","08","4","","0","0","1","0","1"
"POINT (8.635818515000039 50.102249492000055)","Unfall 71021 (2023) Kat:3, Licht: 0","71021","3","6","0","10","14","3","","0","0","0","1","0"
"POINT (8.680328570000029 50.111413284000037)","Unfall 71051 (2023) Kat:3, Licht: 2","71051","3","6","3","11","18","4","","2","1","1","0","0"
"POINT (8.653390153000032 50.119978763000063)","Unfall 71054 (2023) Kat:3, Licht: 0","71054","3","7","6","10","14","2","","0","0","0","1","0"
"POINT (8.545928116000027 50.105842204000055)","Unfall 71100 (2023) Kat:3, Licht: 0","71100","3","2","5","10","13","1","","0","0","1","0","0"
"POINT (8.666080693000026 50.147973295000043)","Unfall 71101 (2023) Kat:3, Licht: 2","71101","3","2","5","10","23","1","","2","0","1","0","0"
"POINT (8.621636759000069 50.124255535000032)","Unfall 71102 (2023) Kat:3, Licht: 0","71102","3","3","5","10","16","1","","0","1","1","0","0"
"POINT (8.721891427000060 50.105180571000062)","Unfall 71103 (2023) Kat:2, Licht: 0","71103","2","7","9","10","09","1","","0","0","1","0","0"
"POINT (8.559682049000060 50.101911445000042)","Unfall 71126 (2023) Kat:3, Licht: 0","71126","3","6","2","09","14","7","","0","0","1","0","1"
"POINT (8.683988394000039 50.133487484000057)","Unfall 71127 (2023) Kat:3, Licht: 2","71127","3","6","3","09","20","7","","2","1","0","0","0"
"POINT (8.545370251000065 50.075987689000044)","Unfall 71128 (2023) Kat:2, Licht: 0","71128","2","1","0","09","12","7","","0","1","0","0","0"
"POINT (8.652055231000077 50.070369494000033)","Unfall 71129 (2023) Kat:3, Licht: 2","71129","3","6","2","09","00","7","","2","0","1","0","0"
"POINT (8.694955065000045 50.109169251000026)","Unfall 71130 (2023) Kat:3, Licht: 0","71130","3","6","3","09","16","7","","0","0","1","0","1"
"POINT (8.722591834000070 50.115104968000026)","Unfall 71131 (2023) Kat:3, Licht: 0","71131","3","6","2","09","13","7","","0","0","1","0","0"
"POINT (8.740426895000041 50.159446487000082)","Unfall 71153 (2023) Kat:3, Licht: 0","71153","3","6","2","09","16","7","","0","0","1","0","1"
"POINT (8.590027421000059 50.132235534000074)","Unfall 71158 (2023) Kat:2, Licht: 2","71158","2","1","8","09","23","7","","2","0","1","0","0"
"POINT (8.653255216000048 50.113670250000041)","Unfall 71173 (2023) Kat:3, Licht: 0","71173","3","6","2","09","12","6","","0","0","1","0","1"
"POINT (8.704920623000021 50.119902391000039)","Unfall 71175 (2023) Kat:3, Licht: 0","71175","3","3","5","09","16","6","","0","1","1","0","0"
"POINT (8.732135368000058 50.118826502000047)","Unfall 71176 (2023) Kat:3, Licht: 0","71176","3","6","2","09","11","6","","0","0","1","0","0"
"POINT (8.653096947000051 50.099397251000028)","Unfall 71178 (2023) Kat:3, Licht: 0","71178","3","2","0","09","08","6","","0","1","0","0","0"
"POINT (8.687388018000036 50.106487039000058)","Unfall 71190 (2023) Kat:3, Licht: 2","71190","3","1","8","11","01","1","","2","0","1","0","0"
"POINT (8.717859608000026 50.113374181000040)","Unfall 71212 (2023) Kat:3, Licht: 0","71212","3","2","3","09","10","5","","0","1","1","0","0"
"POINT (8.580212212000049 50.122082995000028)","Unfall 71219 (2023) Kat:3, Licht: 2","71219","3","1","8","10","21","3","","2","0","0","0","1"
"POINT (8.754957165000064 50.143137650000028)","Unfall 71242 (2023) Kat:3, Licht: 2","71242","3","2","2","09","19","5","","2","0","0","0","1"
"POINT (8.654993409000042 50.060444605000043)","Unfall 71245 (2023) Kat:2, Licht: 0","71245","2","6","3","09","09","5","","0","0","1","0","0"
"POINT (8.604932741000027 50.160090488000037)","Unfall 71246 (2023) Kat:3, Licht: 0","71246","3","6","2","09","12","5","","0","0","1","0","0"
"POINT (8.658518444000038 50.155149054000049)","Unfall 71259 (2023) Kat:3, Licht: 0","71259","3","6","4","09","08","4","","0","1","0","0","0"
"POINT (8.679690627000070 50.158359057000041)","Unfall 71285 (2023) Kat:3, Licht: 0","71285","3","3","5","10","19","4","","0","0","1","0","0"
"POINT (8.721644742000024 50.064784006000082)","Unfall 71298 (2023) Kat:3, Licht: 0","71298","3","6","3","10","08","5","","0","0","1","0","0"