WKT,Name,OBJECTID,UKATEGORIE,UTYP1,UART,UMONAT,USTUNDE,UWOCHENTAG,STRZUSTAND,ULICHTVERH,ISTRAD,ISTPKW,ISTFUSS,ISTKRAD
"POINT (8.526551936000033 50.100262472000054)","Unfall 71302 (2023) Kat:3, Licht: 0","71302","3","2","5","09","06","3","","0","0","1","0","1"
"POINT (8.631397568000068 50.167669435000050)","Unfall 71303 (2023) Kat:3, Licht: 0","71303","3","6","2","09","17","3","","0","0","1","0","0"
"POINT (8.672067564000031 50.133646631000033)","Unfall 71304 (2023) Kat:3, Licht: 2","71304","3","5","1","09","20","3","","2","0","1","0","0"
"POINT (8.674866848000022 50.152327855000067)","Unfall 71305 (2023) Kat:3, Licht: 0","71305","3","1","9","09","13","3","","0","0","1","0","0"
"POINT (8.647435003000055 50.104213155000082)","Unfall 71307 (2023) Kat:3, Licht: 0","71307","3","4","6","09","08","3","","0","0","0","1","1"
"POINT (8.540130627000053 50.117784707000055)","Unfall 71338 (2023) Kat:3, Licht: 0","71338","3","6","2","09","17","3","","0","0","1","0","0"
"POINT (8.714542634000054 50.064042906000054)","Unfall 71339 (2023) Kat:3, Licht: 1","71339","3","6","2","09","06","3","","1","0","1","0","0"
"POINT (8.540137292000054 50.117787146000069)","Unfall 71340 (2023) Kat:3, Licht: 0","71340","3","6","2","09","15","3","","0","0","1","0","0"
"POINT (8.646289171000035 50.138297216000069)","Unfall 71349 (2023) Kat:3, Licht: 0","71349","3","5","1","09","18","2","","0","1","1","0","0"
"POINT (8.655596122000077 50.060355504000029)","Unfall 71374 (2023) Kat:3, Licht: 0","71374","3","3","5","09","12","2","","0","0","1","0","0"
"POINT (8.562366842000074 50.049673390000066)","Unfall 71377 (2023) Kat:3, Licht: 0","71377","3","6","2","09","13","1","","0","0","1","0","0"
"POINT (8.691058517000045 50.146138861000054)","Unfall 71383 (2023) Kat:3, Licht: 0","71383","3","7","8","09","10","1","","0","1","1","0","0"
"POINT (8.621847524000032 50.127246219000028)","Unfall 71384 (2023) Kat:3, Licht: 2","71384","3","7","1","09","21","1","","2","0","1","0","0"
"POINT (8.656585734000032 50.082177621000028)","Unfall 71385 (2023) Kat:3, Licht: 2","71385","3","1","9","09","02","1","","2","0","1","0","0"
"POINT (8.692643365000038 50.107662309000034)","Unfall 71386 (2023) Kat:3, Licht: 0","71386","3","6","3","09","15","1","","0","1","1","0","0"
"POINT (8.693454537000036 50.129094308000049)","Unfall 71387 (2023) Kat:3, Licht: 0","71387","3","6","2","09","17","1","","0","0","1","0","1"
"POINT (8.599322112000038 50.100155258000029)","Unfall 71414 (2023) Kat:2, Licht: 0","71414","2","1","7","09","16","7","","0","1","0","0","0"
"POINT (8.707006575000037 50.140403528000036)","Unfall 71426 (2023) Kat:2, Licht: 1","71426","2","1","8","09","18","7","","1","0","0","0","0"
"POINT (8.633638615000052 50.102042321000056)","Unfall 71427 (2023) Kat:3, Licht: 0","71427","3","3","5","10","08","4","","0","1","1","0","0"
"POINT (8.525149072000033 50.112482149000073)","Unfall 71428 (2023) Kat:3, Licht: 0","71428","3","6","2","09","16","7","","0","0","1","0","0"
"POINT (8.678408688000047 50.147570561000066)","Unfall 71436 (2023) Kat:3, Licht: 0","71436","3","6","2","09","14","6","","0","0","1","0","0"
"POINT (8.621349946000066 50.121262381000065)","Unfall 71438 (2023) Kat:3, Licht: 1","71438","3","2","5","09","07","6","","1","0","1","0","1"
"POINT (8.514245033000066 50.086717309000051)","Unfall 71449 (2023) Kat:3, Licht: 2","71449","3","1","9","11","01","6","","2","0","1","0","0"
"POINT (8.602457516000072 50.049362511000027)","Unfall 71478 (2023) Kat:3, Licht: 0","71478","3","6","3","09","08","6","","0","0","1","0","0"
"POINT (8.705561179000028 50.145801630000051)","Unfall 71479 (2023) Kat:3, Licht: 0","71479","3","6","2","10","08","3","","0","0","1","0","0"
"POINT (8.613539681000077 50.132622300000037)","Unfall 71480 (2023) Kat:3, Licht: 2","71480","3","1","9","09","21","6","","2","0","1","0","0"
"POINT (8.672296944000038 50.070060639000076)","Unfall 71490 (2023) Kat:3, Licht: 2","71490","3","3","5","09","21","5","","2","0","1","0","0"
"POINT (8.678332024000042 50.105618391000064)","Unfall 71491 (2023) Kat:3, Licht: 0","71491","3","6","2","09","09","5","","0","0","1","0","1"
"POINT (8.598333903000025 50.114336279000042)","Unfall 71512 (2023) Kat:3, Licht: 1","71512","3","6","3","09","06","5","","1","0","1","0","0"
"POINT (8.646529782000073 50.056065019000073)","Unfall 71513 (2023) Kat:3, Licht: 0","71513","3","6","2","09","07","5","","0","0","1","0","0"
"POINT (8.712972162000028 50.099277593000068)","Unfall 71529 (2023) Kat:3, Licht: 0","71529","3","6","2","09","18","4","","0","0","1","0","0"
"POINT (8.708951094000042 50.099093862000075)","Unfall 71530 (2023) Kat:3, Licht: 0","71530","3","2","4","09","18","4","","0","0","1","0","0"
"POINT (8.745135174000040 50.138330315000076)","Unfall 71562 (2023) Kat:2, Licht: 0","71562","2","2","3","09","16","4","","0","1","1","0","0"
"POINT (8.527624542000069 50.100687940000057)","Unfall 71579 (2023) Kat:3, Licht: 2","71579","3","2","5","09","02","3","","2","0","1","0","1"
"POINT (8.630479620000074 50.115814218000025)","Unfall 71580 (2023) Kat:3, Licht: 0","71580","3","3","5","09","12","3","","0","1","1","0","0"
"POINT (8.624490564000041 50.139392125000029)","Unfall 71582 (2023) Kat:3, Licht: 0","71582","3","3","5","09","11","3","","0","0","1","0","0"
"POINT (8.668616645000043 50.099223146000043)","Unfall 71584 (2023) Kat:3, Licht: 0","71584","3","3","5","09","12","3","","0","0","1","0","0"
"POINT (8.699092476000033 50.141086767000047)","Unfall 71588 (2023) Kat:3, Licht: 0","71588","3","6","2","09","13","3","","0","0","1","0","0"
"POINT (8.662722401000053 50.108422701000052)","Unfall 71590 (2023) Kat:3, Licht: 2","71590","3","1","0","09","04","3","","2","0","0","0","0"
"POINT (8.621877027000039 50.157978365000076)","Unfall 71599 (2023) Kat:3, Licht: 0","71599","3","2","5","10","16","3","","0","1","1","0","0"
"POINT (8.567783987000041 50.053192013000057)","Unfall 71604 (2023) Kat:3, Licht: 0","71604","3","6","3","11","09","5","","0","0","1","0","0"
"POINT (8.664802565000059 50.107381167000028)","Unfall 71612 (2023) Kat:3, Licht: 2","71612","3","4","6","11","20","4","","2","0","1","1","0"
"POINT (8.711233031000063 50.063234767000040)","Unfall 71615 (2023) Kat:3, Licht: 0","71615","3","6","2","09","16","3","","0","0","1","0","0"
"POINT (8.698104888000046 50.139350626000066)","Unfall 71621 (2023) Kat:3, Licht: 0","71621","3","6","2","09","10","6","","0","0","1","0","0"
"POINT (8.704520965000029 50.099224774000049)","Unfall 71628 (2023) Kat:3, Licht: 1","71628","3","3","5","09","18","2","","1","1","1","0","0"
"POINT (8.695826725000074 50.134398056000066)","Unfall 71631 (2023) Kat:3, Licht: 0","71631","3","6","2","09","14","2","","0","0","1","0","0"
"POINT (8.664984292000042 50.104224618000046)","Unfall 71632 (2023) Kat:3, Licht: 0","71632","3","6","2","09","16","2","","0","0","1","0","1"
"POINT (8.748609536000060 50.154838689000030)","Unfall 71653 (2023) Kat:3, Licht: 0","71653","3","7","0","09","08","2","","0","0","0","0","1"
"POINT (8.713705905000040 50.063694547000068)","Unfall 71659 (2023) Kat:3, Licht: 0","71659","3","6","2","09","09","2","","0","0","1","0","0"
"POINT (8.618663078000054 50.052290334000077)","Unfall 71660 (2023) Kat:3, Licht: 0","71660","3","7","0","09","12","2","","0","0","1","0","0"
"POINT (8.623805768000068 50.118759344000068)","Unfall 71667 (2023) Kat:3, Licht: 0","71667","3","4","6","10","13","6","","0","0","1","1","0"
"POINT (8.719039829000053 50.156706350000036)","Unfall 71676 (2023) Kat:2, Licht: 2","71676","2","1","8","10","07","2","","2","0","1","0","0"
"POINT (8.628997942000069 50.078042974000027)","Unfall 71678 (2023) Kat:2, Licht: 0","71678","2","3","5","09","19","1","","0","0","1","1","0"
"POINT (8.694898359000035 50.105178687000034)","Unfall 71680 (2023) Kat:3, Licht: 2","71680","3","6","2","09","21","1","","2","0","1","0","0"
"POINT (8.675522413000067 50.102756386000067)","Unfall 71681 (2023) Kat:3, Licht: 2","71681","3","6","0","09","23","1","","2","1","1","0","0"
"POINT (8.711515051000049 50.111316008000074)","Unfall 71682 (2023) Kat:3, Licht: 0","71682","3","2","3","09","16","1","","0","1","1","0","0"
"POINT (8.730516271000056 50.118758875000026)","Unfall 71683 (2023) Kat:3, Licht: 0","71683","3","6","2","10","12","4","","0","0","1","0","0"
"POINT (8.684318522000069 50.136640176000071)","Unfall 71685 (2023) Kat:3, Licht: 2","71685","3","3","5","10","20","2","","2","1","1","0","0"
"POINT (8.603282843000045 50.052151968000032)","Unfall 71720 (2023) Kat:3, Licht: 0","71720","3","4","2","11","10","2","","0","0","1","1","0"
"POINT (8.639389987000072 50.081523906000029)","Unfall 71726 (2023) Kat:3, Licht: 0","71726","3","6","2","09","10","7","","0","0","1","0","0"
"POINT (8.699011427000073 50.084139536000066)","Unfall 71727 (2023) Kat:2, Licht: 2","71727","2","6","2","09","03","7","","2","0","1","0","0"
"POINT (8.737149998000064 50.100371544000041)","Unfall 71730 (2023) Kat:3, Licht: 2","71730","3","3","5","09","06","7","","2","0","1","0","0"
"POINT (8.707976135000024 50.126382481000064)","Unfall 71731 (2023) Kat:3, Licht: 0","71731","3","4","6","09","11","7","","0","1","0","1","0"
"POINT (8.724157225000056 50.141177572000061)","Unfall 71732 (2023) Kat:3, Licht: 0","71732","3","2","5","09","09","7","","0","1","0","0","0"
"POINT (8.670902553000076 50.097829179000030)","Unfall 71755 (2023) Kat:3, Licht: 2","71755","3","2","4","10","03","1","","2","0","1","0","0"
"POINT (8.707138759000031 50.118089807000047)","Unfall 71757 (2023) Kat:2, Licht: 0","71757","2","3","5","09","08","5","","0","1","1","0","0"
"POINT (8.740333140000075 50.093235450000066)","Unfall 71777 (2023) Kat:2, Licht: 2","71777","2","6","2","11","17","5","","2","0","1","0","0"
"POINT (8.688424263000059 50.159303881000028)","Unfall 71778 (2023) Kat:3, Licht: 0","71778","3","6","2","10","18","5","","0","0","1","0","0"
"POINT (8.684773119000056 50.137373488000037)","Unfall 71787 (2023) Kat:2, Licht: 0","71787","2","2","3","09","12","6","","0","1","0","0","0"
"POINT (8.560575146000076 50.125770599000077)","Unfall 71811 (2023) Kat:3, Licht: 0","71811","3","6","2","09","16","6","","0","0","1","0","0"
"POINT (8.614839529000051 50.178545701000075)","Unfall 71812 (2023) Kat:3, Licht: 0","71812","3","6","2","09","14","6","","0","0","1","0","0"
"POINT (8.731244443000037 50.117945921000057)","Unfall 71815 (2023) Kat:3, Licht: 2","71815","3","6","2","10","00","1","","2","0","1","0","0"
"POINT (8.629056402000060 50.129457350000052)","Unfall 71821 (2023) Kat:3, Licht: 2","71821","3","3","5","11","22","6","","2","1","1","0","0"
"POINT (8.695815600000060 50.136401652000075)","Unfall 71835 (2023) Kat:3, Licht: 0","71835","3","1","1","09","17","5","","0","0","1","0","0"
"POINT (8.695206747000043 50.103123181000058)","Unfall 71836 (2023) Kat:2, Licht: 0","71836","2","6","3","09","12","5","","0","0","1","0","1"
"POINT (8.657967586000041 50.100892829000031)","Unfall 71837 (2023) Kat:3, Licht: 0","71837","3","2","2","09","07","5","","0","0","1","0","0"
"POINT (8.751809576000028 50.122390777000078)","Unfall 71861 (2023) Kat:2, Licht: 0","71861","2","3","5","09","16","5","","0","1","1","0","0"
"POINT (8.723349958000028 50.100719067000057)","Unfall 71865 (2023) Kat:3, Licht: 2","71865","3","1","2","10","21","3","","2","0","1","0","1"
"POINT (8.647971279000046 50.055442193000033)","Unfall 71872 (2023) Kat:3, Licht: 2","71872","3","6","2","09","20","5","","2","0","1","0","0"
"POINT (8.590015459000028 50.132711576000077)","Unfall 71873 (2023) Kat:3, Licht: 2","71873","3","6","2","09","21","5","","2","0","1","0","0"
"POINT (8.671845768000026 50.133546376000027)","Unfall 71889 (2023) Kat:2, Licht: 0","71889","2","7","6","09","09","4","","0","0","1","1","0"
"POINT (8.651842943000077 50.115707203000056)","Unfall 71890 (2023) Kat:3, Licht: 0","71890","3","4","0","09","16","5","","0","0","0","1","1"
"POINT (8.548296200000038 50.102646515000060)","Unfall 71898 (2023) Kat:3, Licht: 0","71898","3","6","2","09","14","2","","0","0","1","0","0"
"POINT (8.697328413000037 50.160138087000064)","Unfall 71915 (2023) Kat:3, Licht: 2","71915","3","6","2","09","21","4","","2","0","1","0","0"
"POINT (8.656964198000026 50.110971140000061)","Unfall 71929 (2023) Kat:3, Licht: 2","71929","3","6","3","09","20","3","","2","0","0","0","1"
"POINT (8.659678578000069 50.154382156000054)","Unfall 71930 (2023) Kat:2, Licht: 0","71930","2","6","2","09","13","3","","0","0","1","0","1"
"POINT (8.610358921000056 50.125885777000065)","Unfall 71931 (2023) Kat:3, Licht: 0","71931","3","2","3","09","07","3","","0","1","1","0","0"
"POINT (8.600288745000057 50.151659613000049)","Unfall 71958 (2023) Kat:3, Licht: 0","71958","3","6","2","09","15","3","","0","0","1","0","0"
"POINT (8.740869610000061 50.131712389000029)","Unfall 71963 (2023) Kat:2, Licht: 2","71963","2","2","6","10","22","2","","2","0","1","1","0"
"POINT (8.706695542000034 50.105452567000043)","Unfall 71970 (2023) Kat:3, Licht: 0","71970","3","6","3","09","15","2","","0","0","1","0","1"
"POINT (8.711116292000042 50.125347395000063)","Unfall 71971 (2023) Kat:3, Licht: 0","71971","3","3","5","09","08","2","","0","1","1","0","0"
"POINT (8.722541190000072 50.064627942000072)","Unfall 71976 (2023) Kat:3, Licht: 0","71976","3","6","2","09","15","7","","0","0","1","0","0"
"POINT (8.687769011000057 50.107192939000072)","Unfall 71984 (2023) Kat:3, Licht: 2","71984","3","2","5","09","21","4","","2","0","1","0","0"
"POINT (8.698869175000027 50.104439159000037)","Unfall 71988 (2023) Kat:3, Licht: 0","71988","3","4","0","09","15","4","","0","1","0","1","0"
"POINT (8.714556437000056 50.063850156000058)","Unfall 72001 (2023) Kat:3, Licht: 0","72001","3","6","2","09","18","4","","0","0","1","0","0"
"POINT (8.766725265000048 50.132643972000039)","Unfall 72007 (2023) Kat:3, Licht: 0","72007","3","6","1","09","17","2","","0","0","1","0","1"
"POINT (8.555393977000051 50.080161406000059)","Unfall 72011 (2023) Kat:3, Licht: 1","72011","3","1","8","09","19","2","","1","0","0","0","1"
"POINT (8.684845129000053 50.161638761000063)","Unfall 72021 (2023) Kat:3, Licht: 0","72021","3","7","0","09","09","1","","0","0","0","0","1"
"POINT (8.722450471000059 50.115056897000045)","Unfall 72022 (2023) Kat:3, Licht: 2","72022","3","6","2","10","19","6","","2","0","1","0","1"
"POINT (8.573859469000070 50.088045161000082)","Unfall 72050 (2023) Kat:3, Licht: 0","72050","3","5","1","09","15","7","","0","1","1","0","0"
"POINT (8.730012591000047 50.130102242000078)","Unfall 72079 (2023) Kat:3, Licht: 0","72079","3","6","2","09","19","7","","0","0","1","0","0"
"POINT (8.588943530000051 50.089939264000066)","Unfall 72096 (2023) Kat:3, Licht: 2","72096","3","6","4","09","20","6","","2","0","1","0","1"
"POINT (8.609310870000058 50.126579991000028)","Unfall 72097 (2023) Kat:3, Licht: 0","72097","3","6","2","09","16","6","","0","0","1","0","1"
"POINT (8.634894678000023 50.079291123000075)","Unfall 72098 (2023) Kat:3, Licht: 0","72098","3","2","5","09","08","6","","0","0","1","0","0"
"POINT (8.663636942000039 50.108265631000052)","Unfall 72099 (2023) Kat:3, Licht: 0","72099","3","5","1","09","14","6","","0","1","1","0","0"
"POINT (8.695767160000059 50.133804895000026)","Unfall 72104 (2023) Kat:3, Licht: 0","72104","3","6","2","09","13","1","","0","0","1","0","1"
"POINT (8.671354774000065 50.161799465000058)","Unfall 72133 (2023) Kat:3, Licht: 0","72133","3","3","5","09","13","5","","0","0","1","0","0"
"POINT (8.618894941000065 50.131950097000072)","Unfall 72143 (2023) Kat:3, Licht: 2","72143","3","3","5","11","18","5","","2","0","1","0","0"
"POINT (8.747181992000037 50.139453255000035)","Unfall 72154 (2023) Kat:3, Licht: 0","72154","3","6","2","09","16","6","","0","0","1","0","0"
"POINT (8.633297397000035 50.102009718000033)","Unfall 72172 (2023) Kat:3, Licht: 0","72172","3","3","5","10","09","2","","0","0","1","0","0"
"POINT (8.650798757000075 50.113334406000035)","Unfall 72186 (2023) Kat:3, Licht: 0","72186","3","6","3","09","14","5","","0","0","1","0","0"
"POINT (8.715176727000028 50.123952586000030)","Unfall 72187 (2023) Kat:3, Licht: 2","72187","3","3","5","09","19","5","","2","1","1","0","0"
"POINT (8.684463940000057 50.131624880000061)","Unfall 72191 (2023) Kat:2, Licht: 0","72191","2","6","2","09","10","3","","0","0","1","0","1"
"POINT (8.735276489000057 50.111254049000081)","Unfall 72219 (2023) Kat:3, Licht: 1","72219","3","6","2","10","17","3","","1","0","1","0","0"
"POINT (8.592753861000062 50.057984483000041)","Unfall 72227 (2023) Kat:3, Licht: 0","72227","3","6","3","09","18","5","","0","0","1","0","0"
"POINT (8.539747271000067 50.100497702000041)","Unfall 72245 (2023) Kat:3, Licht: 0","72245","3","3","5","09","12","4","","0","1","1","0","0"
"POINT (8.591083252000033 50.123039627000026)","Unfall 72247 (2023) Kat:3, Licht: 0","72247","3","2","3","09","10","4","","0","0","1","0","1"
"POINT (8.645586701000070 50.113769351000030)","Unfall 72250 (2023) Kat:3, Licht: 0","72250","3","4","6","09","08","4","","0","0","0","1","0"
"POINT (8.703396013000031 50.142990924000060)","Unfall 72251 (2023) Kat:3, Licht: 0","72251","3","6","2","09","18","4","","0","0","1","0","0"
"POINT (8.600242680000065 50.151575181000055)","Unfall 72295 (2023) Kat:3, Licht: 0","72295","3","6","2","09","16","4","","0","0","1","0","0"
"POINT (8.652935909000064 50.191508277000025)","Unfall 72308 (2023) Kat:3, Licht: 0","72308","3","6","2","09","19","3","","0","0","1","0","0"
"POINT (8.684237807000045 50.135633665000057)","Unfall 72309 (2023) Kat:3, Licht: 0","72309","3","2","3","09","16","3","","0","1","1","0","0"
"POINT (8.639239405000069 50.102566763000027)","Unfall 72310 (2023) Kat:3, Licht: 0","72310","3","2","3","09","12","3","","0","0","1","0","0"
"POINT (8.659566596000047 50.101674407000075)","Unfall 72311 (2023) Kat:3, Licht: 1","72311","3","3","5","09","06","3","","1","0","1","0","0"
"POINT (8.638689550000038 50.055806865000079)","Unfall 72345 (2023) Kat:3, Licht: 0","72345","3","6","3","09","18","3","","0","0","1","0","0"
"POINT (8.593594272000075 50.140004659000056)","Unfall 72346 (2023) Kat:3, Licht: 0","72346","3","6","2","09","07","4","","0","0","1","0","0"
"POINT (8.543078453000021 50.118860039000026)","Unfall 72348 (2023) Kat:3, Licht: 0","72348","3","6","2","09","17","4","","0","0","1","0","0"
"POINT (8.558610925000039 50.102217558000063)","Unfall 72358 (2023) Kat:3, Licht: 0","72358","3","3","5","09","15","2","","0","1","0","0","0"
"POINT (8.698926030000052 50.140998867000064)","Unfall 72359 (2023) Kat:3, Licht: 0","72359","3","2","3","09","18","2","","0","1","1","0","0"
"POINT (8.656797944000061 50.189785067000059)","Unfall 72364 (2023) Kat:3, Licht: 0","72364","3","6","9","10","18","3","","0","0","1","0","0"
"POINT (8.534201386000063 50.114524277000044)","Unfall 72380 (2023) Kat:3, Licht: 0","72380","3","6","2","10","07","2","","0","0","1","0","0"
"POINT (8.618867258000023 50.149491038000065)","Unfall 72423 (2023) Kat:3, Licht: 0","72423","3","3","5","09","19","1","","0","1","1","0","0"
"POINT (8.699140808000038 50.141112291000070)","Unfall 72458 (2023) Kat:3, Licht: 2","72458","3","1","9","10","04","1","","2","0","1","0","0"
"POINT (8.674827456000060 50.160325388000047)","Unfall 72459 (2023) Kat:3, Licht: 0","72459","3","1","8","09","16","1","","0","0","1","0","0"
"POINT (8.672495262000041 50.090461146000052)","Unfall 72475 (2023) Kat:3, Licht: 0","72475","3","6","2","09","18","7","","0","0","1","0","0"
"POINT (8.682721260000051 50.107100885000079)","Unfall 72476 (2023) Kat:3, Licht: 0","72476","3","3","4","09","15","7","","0","1","0","0","0"
"POINT (8.768671203000054 50.133707021000077)","Unfall 72478 (2023) Kat:3, Licht: 0","72478","3","6","2","10","09","4","","0","0","1","0","0"
"POINT (8.605350564000048 50.054140928000038)","Unfall 72486 (2023) Kat:3, Licht: 0","72486","3","6","3","09","14","2","","0","0","1","0","0"
"POINT (8.757366569000055 50.118705647000070)","Unfall 72494 (2023) Kat:3, Licht: 2","72494","3","5","1","09","22","7","","2","0","1","0","0"
"POINT (8.660417773000063 50.109448081000039)","Unfall 72495 (2023) Kat:3, Licht: 0","72495","3","3","5","11","12","4","","0","0","1","0","0"
"POINT (8.651477481000029 50.068588972000043)","Unfall 72520 (2023) Kat:3, Licht: 2","72520","3","6","2","09","02","6","","2","0","1","0","0"
"POINT (8.691909431000056 50.104689117000078)","Unfall 72521 (2023) Kat:3, Licht: 2","72521","3","6","3","09","21","6","","2","0","1","0","0"
"POINT (8.725135837000039 50.115970017000052)","Unfall 72522 (2023) Kat:3, Licht: 0","72522","3","2","5","09","18","6","","0","0","1","0","0"
"POINT (8.637275491000025 50.123039867000045)","Unfall 72523 (2023) Kat:3, Licht: 0","72523","3","6","2","11","15","2","","0","1","1","0","0"
"POINT (8.658746955000026 50.101284436000071)","Unfall 72529 (2023) Kat:3, Licht: 0","72529","3","6","3","10","09","3","","0","1","1","0","0"
"POINT (8.768037417000073 50.133361817000036)","Unfall 72553 (2023) Kat:3, Licht: 0","72553","3","5","1","09","14","6","","0","1","1","0","0"
"POINT (8.651938005000034 50.196330794000062)","Unfall 72570 (2023) Kat:3, Licht: 2","72570","3","2","0","09","20","6","","2","0","0","0","1"
"POINT (8.571865420000051 50.123940871000059)","Unfall 72574 (2023) Kat:3, Licht: 0","72574","3","6","2","08","12","5","","0","0","1","0","0"
"POINT (8.570643420000067 50.098828376000029)","Unfall 72575 (2023) Kat:2, Licht: 0","72575","2","2","4","08","16","5","","0","0","1","0","1"
"POINT (8.692764663000048 50.128997100000049)","Unfall 72576 (2023) Kat:3, Licht: 0","72576","3","2","3","08","09","5","","0","1","1","0","0"
"POINT (8.709231417000069 50.138856787000066)","Unfall 72578 (2023) Kat:3, Licht: 2","72578","3","1","8","11","22","5","","2","0","1","0","0"
"POINT (8.690938666000022 50.146361494000075)","Unfall 72589 (2023) Kat:2, Licht: 2","72589","2","3","5","10","21","2","","2","0","1","0","1"
"POINT (8.615690395000058 50.133731348000026)","Unfall 72594 (2023) Kat:2, Licht: 2","72594","2","6","4","09","20","6","","2","0","1","0","0"
"POINT (8.590082105000022 50.132646637000050)","Unfall 72606 (2023) Kat:2, Licht: 0","72606","2","1","9","08","16","5","","0","0","0","0","1"
"POINT (8.703431469000066 50.143730622000078)","Unfall 72608 (2023) Kat:3, Licht: 0","72608","3","6","2","08","08","5","","0","0","1","0","0"
"POINT (8.535631978000026 50.116140156000029)","Unfall 72609 (2023) Kat:2, Licht: 0","72609","2","6","2","09","16","3","","0","0","1","0","0"
"POINT (8.622705852000024 50.135088004000067)","Unfall 72610 (2023) Kat:3, Licht: 1","72610","3","7","0","08","08","5","","1","0","1","0","0"
"POINT (8.648662173000048 50.058848701000045)","Unfall 72611 (2023) Kat:3, Licht: 0","72611","3","6","2","08","07","5","","0","0","1","0","0"
"POINT (8.635985209000069 50.123852527000054)","Unfall 72618 (2023) Kat:3, Licht: 0","72618","3","2","3","08","07","4","","0","1","1","0","0"
"POINT (8.663150475000066 50.151078661000042)","Unfall 72619 (2023) Kat:2, Licht: 0","72619","2","2","3","08","17","4","","0","1","1","0","0"
"POINT (8.730545313000050 50.118581208000080)","Unfall 72620 (2023) Kat:3, Licht: 2","72620","3","3","5","08","23","4","","2","0","1","0","0"
"POINT (8.665006850000054 50.107612359000029)","Unfall 72621 (2023) Kat:3, Licht: 2","72621","3","3","5","08","21","4","","2","1","1","0","0"
"POINT (8.674432855000020 50.131897422000065)","Unfall 72622 (2023) Kat:3, Licht: 0","72622","3","2","3","08","19","4","","0","1","1","0","0"
"POINT (8.688009762000036 50.112544813000056)","Unfall 72624 (2023) Kat:3, Licht: 0","72624","3","7","0","08","13","4","","0","0","1","0","0"
"POINT (8.706964583000058 50.199213283000063)","Unfall 72637 (2023) Kat:3, Licht: 0","72637","3","6","2","09","16","3","","0","0","1","0","0"
"POINT (8.565513492000036 50.125684578000062)","Unfall 72648 (2023) Kat:3, Licht: 0","72648","3","6","2","09","13","3","","0","0","1","0","0"
"POINT (8.692516911000041 50.061336749000077)","Unfall 72661 (2023) Kat:3, Licht: 0","72661","3","6","2","11","14","6","","0","0","1","0","0"
"POINT (8.498950640000032 50.093104301000039)","Unfall 72674 (2023) Kat:3, Licht: 0","72674","3","7","5","08","17","3","","0","0","1","0","0"
"POINT (8.635037217000047 50.088656516000071)","Unfall 72675 (2023) Kat:2, Licht: 0","72675","2","7","0","08","11","3","","0","1","0","0","0"
"POINT (8.687652159000038 50.112521240000035)","Unfall 72676 (2023) Kat:2, Licht: 0","72676","2","4","6","08","12","3","","0","0","1","1","0"
"POINT (8.726100318000022 50.064586369000040)","Unfall 72685 (2023) Kat:3, Licht: 2","72685","3","6","2","09","22","1","","2","0","1","0","0"
"POINT (8.653393719000064 50.193691763000061)","Unfall 72693 (2023) Kat:3, Licht: 0","72693","3","6","3","11","08","3","","0","0","1","0","0"
"POINT (8.740102563000050 50.131614930000069)","Unfall 72698 (2023) Kat:2, Licht: 0","72698","2","1","0","08","18","3","","0","1","0","0","0"
"POINT (8.609131713000068 50.062614416000031)","Unfall 72704 (2023) Kat:3, Licht: 0","72704","3","1","9","08","12","3","","0","0","1","0","0"
"POINT (8.593178080000030 50.139254592000043)","Unfall 72707 (2023) Kat:3, Licht: 0","72707","3","6","1","08","17","3","","0","0","1","0","0"
"POINT (8.708504896000022 50.117354672000033)","Unfall 73682 (2023) Kat:3, Licht: 0","73682","3","2","3","12","10","1","","0","1","1","0","0"
"POINT (8.616938322000067 50.087896546000081)","Unfall 73693 (2023) Kat:3, Licht: 2","73693","3","3","5","12","00","7","","2","0","1","0","0"
"POINT (8.690658980000023 50.102659539000058)","Unfall 73694 (2023) Kat:3, Licht: 0","73694","3","6","0","12","16","7","","0","0","1","0","0"
"POINT (8.734482679000052 50.100371642000027)","Unfall 73695 (2023) Kat:3, Licht: 0","73695","3","3","5","12","09","7","","0","0","1","0","0"
"POINT (8.669871056000034 50.089037660000031)","Unfall 73707 (2023) Kat:3, Licht: 2","73707","3","3","5","12","16","6","","2","0","1","0","0"
"POINT (8.655728408000073 50.107491757000048)","Unfall 73708 (2023) Kat:2, Licht: 0","73708","2","3","5","12","12","6","","0","1","1","0","0"
"POINT (8.671453892000045 50.136381194000080)","Unfall 73719 (2023) Kat:2, Licht: 0","73719","2","4","6","12","09","5","","0","0","0","1","0"
"POINT (8.696639155000071 50.136038655000050)","Unfall 73720 (2023) Kat:2, Licht: 0","73720","2","2","3","12","13","5","","0","1","1","0","0"
"POINT (8.741858464000074 50.134588041000029)","Unfall 73732 (2023) Kat:3, Licht: 2","73732","3","7","0","12","16","5","","2","0","1","0","0"
"POINT (8.719263806000072 50.064468388000080)","Unfall 73734 (2023) Kat:3, Licht: 2","73734","3","6","2","12","17","5","","2","0","1","0","0"
"POINT (8.706206605000034 50.062245890000042)","Unfall 73736 (2023) Kat:3, Licht: 2","73736","3","6","2","12","18","5","","2","0","1","0","0"
"POINT (8.603569615000026 50.157614726000077)","Unfall 73792 (2023) Kat:3, Licht: 0","73792","3","6","3","12","09","2","","0","0","1","0","0"
"POINT (8.612021057000049 50.173003268000059)","Unfall 73809 (2023) Kat:3, Licht: 0","73809","3","1","8","12","11","1","","0","0","1","0","0"