WKT,Name,OBJECTID,UKATEGORIE,UTYP1,UART,UMONAT,USTUNDE,UWOCHENTAG,STRZUSTAND,ULICHTVERH,ISTRAD,ISTPKW,ISTFUSS,ISTKRAD
"POINT (8.670502661000057 50.138742310000055)","Unfall 73816 (2023) Kat:3, Licht: 2","73816","3","3","5","12","18","7","","2","0","1","0","0"
"POINT (8.617952392000063 50.132733047000045)","Unfall 73817 (2023) Kat:3, Licht: 0","73817","3","3","5","12","14","7","","0","1","1","0","0"
"POINT (8.615572314000076 50.095421331000068)","Unfall 73829 (2023) Kat:3, Licht: 2","73829","3","1","8","12","05","7","","2","0","1","0","0"
"POINT (8.617617254000038 50.079754352000066)","Unfall 73830 (2023) Kat:3, Licht: 2","73830","3","6","3","12","03","7","","2","0","1","0","0"
"POINT (8.577419997000050 50.053515348000076)","Unfall 73832 (2023) Kat:1, Licht: 2","73832","1","4","6","12","02","7","","2","0","1","1","0"
"POINT (8.541433592000033 50.109847910000042)","Unfall 73839 (2023) Kat:3, Licht: 2","73839","3","7","1","12","19","6","","2","0","1","0","0"
"POINT (8.665422651000029 50.184454041000038)","Unfall 73840 (2023) Kat:3, Licht: 1","73840","3","4","6","12","16","6","","1","0","1","1","0"
"POINT (8.738610216000041 50.121722491000071)","Unfall 73841 (2023) Kat:3, Licht: 2","73841","3","6","2","12","20","6","","2","0","1","0","0"
"POINT (8.610967623000022 50.052508206000027)","Unfall 73867 (2023) Kat:3, Licht: 2","73867","3","7","2","12","20","6","","2","0","1","0","0"
"POINT (8.563745033000032 50.126252825000051)","Unfall 73878 (2023) Kat:3, Licht: 0","73878","3","1","9","12","14","1","","0","0","1","0","0"
"POINT (8.682587765000051 50.107072709000079)","Unfall 73884 (2023) Kat:3, Licht: 0","73884","3","4","0","12","11","5","","0","0","0","1","1"
"POINT (8.670467782000060 50.131632548000027)","Unfall 73885 (2023) Kat:3, Licht: 2","73885","3","6","2","12","19","5","","2","0","1","0","0"
"POINT (8.616395048000072 50.093267687000036)","Unfall 73909 (2023) Kat:3, Licht: 2","73909","3","6","9","12","07","5","","2","0","1","0","0"
"POINT (8.528473244000054 50.107558599000072)","Unfall 73919 (2023) Kat:3, Licht: 2","73919","3","6","2","12","18","4","","2","0","1","0","0"
"POINT (8.619085699000038 50.088110065000080)","Unfall 73920 (2023) Kat:3, Licht: 0","73920","3","6","2","12","14","4","","0","0","1","0","0"
"POINT (8.671701330000076 50.090013794000072)","Unfall 73921 (2023) Kat:3, Licht: 2","73921","3","3","5","12","22","4","","2","0","0","0","0"
"POINT (8.679237102000059 50.103253881000057)","Unfall 73922 (2023) Kat:3, Licht: 0","73922","3","4","6","12","15","4","","0","0","1","1","0"
"POINT (8.675563529000044 50.132046110000033)","Unfall 73923 (2023) Kat:3, Licht: 2","73923","3","6","3","12","18","4","","2","0","1","0","0"
"POINT (8.600297770000054 50.044937800000071)","Unfall 73950 (2023) Kat:3, Licht: 2","73950","3","6","2","12","07","4","","2","0","1","0","0"
"POINT (8.674751874000037 50.170871349000038)","Unfall 73956 (2023) Kat:3, Licht: 1","73956","3","2","4","12","16","3","","1","1","1","0","0"
"POINT (8.719151050000050 50.113812341000028)","Unfall 73957 (2023) Kat:3, Licht: 2","73957","3","7","6","12","21","3","","2","0","1","1","0"
"POINT (8.667441787000030 50.163952044000041)","Unfall 73978 (2023) Kat:2, Licht: 0","73978","2","1","9","12","10","3","","0","0","1","0","0"
"POINT (8.649997831000064 50.105226464000054)","Unfall 73991 (2023) Kat:3, Licht: 2","73991","3","6","2","12","16","2","","2","0","1","0","0"
"POINT (8.591709243000025 50.053708844000028)","Unfall 74015 (2023) Kat:3, Licht: 2","74015","3","1","9","12","17","2","","2","0","1","0","0"
"POINT (8.559245687000043 50.101954136000074)","Unfall 74022 (2023) Kat:3, Licht: 2","74022","3","1","0","12","06","1","","2","0","0","0","0"
"POINT (8.658010210000043 50.146080782000070)","Unfall 74023 (2023) Kat:3, Licht: 0","74023","3","3","5","12","13","1","","0","1","1","0","0"
"POINT (8.630013849000022 50.192092091000063)","Unfall 74038 (2023) Kat:3, Licht: 2","74038","3","6","3","12","00","1","","2","0","1","0","0"
"POINT (8.568536734000077 50.097560388000034)","Unfall 74045 (2023) Kat:3, Licht: 0","74045","3","6","3","12","13","7","","0","0","0","0","1"
"POINT (8.698356500000045 50.102260375000071)","Unfall 74046 (2023) Kat:3, Licht: 0","74046","3","3","5","12","12","7","","0","1","1","0","0"
"POINT (8.589735025000039 50.132922193000070)","Unfall 74098 (2023) Kat:3, Licht: 1","74098","3","6","2","12","07","6","","1","0","1","0","0"
"POINT (8.530161732000067 50.114322708000032)","Unfall 74099 (2023) Kat:3, Licht: 2","74099","3","3","5","12","18","6","","2","0","1","0","0"
"POINT (8.740533850000077 50.132688103000078)","Unfall 74123 (2023) Kat:3, Licht: 0","74123","3","3","5","12","10","5","","0","0","0","0","0"
"POINT (8.740091929000073 50.100130757000045)","Unfall 74169 (2023) Kat:3, Licht: 0","74169","3","6","2","12","14","4","","0","0","1","0","0"
"POINT (8.540579818000026 50.099004829000080)","Unfall 74175 (2023) Kat:3, Licht: 2","74175","3","6","2","12","20","3","","2","0","1","0","0"
"POINT (8.670264918000044 50.097012516000063)","Unfall 74176 (2023) Kat:3, Licht: 0","74176","3","6","2","12","14","7","","0","0","1","0","0"
"POINT (8.699870349000037 50.110337156000071)","Unfall 74177 (2023) Kat:3, Licht: 0","74177","3","2","3","12","12","3","","0","1","0","0","0"
"POINT (8.660485335000033 50.109417730000075)","Unfall 74178 (2023) Kat:3, Licht: 2","74178","3","2","4","12","19","3","","2","0","1","0","0"
"POINT (8.725134602000026 50.127238035000062)","Unfall 74212 (2023) Kat:3, Licht: 2","74212","3","6","2","12","18","3","","2","0","1","0","0"
"POINT (8.669985038000050 50.140069166000046)","Unfall 74251 (2023) Kat:2, Licht: 2","74251","2","2","3","12","03","1","","2","1","1","0","0"
"POINT (8.725901916000055 50.144963511000071)","Unfall 74252 (2023) Kat:3, Licht: 2","74252","3","1","8","12","00","1","","2","0","1","0","0"
"POINT (8.740366661000053 50.122668869000051)","Unfall 74273 (2023) Kat:3, Licht: 2","74273","3","6","2","12","02","7","","2","0","1","0","0"
"POINT (8.643849506000038 50.103077311000050)","Unfall 74274 (2023) Kat:3, Licht: 2","74274","3","4","6","12","18","7","","2","0","1","1","0"
"POINT (8.740856243000053 50.131781872000033)","Unfall 74290 (2023) Kat:3, Licht: 2","74290","3","2","0","12","20","7","","2","0","1","0","0"
"POINT (8.647844819000056 50.200946216000034)","Unfall 74294 (2023) Kat:3, Licht: 2","74294","3","1","8","12","23","7","","2","0","1","0","0"
"POINT (8.483019836000040 50.096250374000078)","Unfall 74305 (2023) Kat:3, Licht: 1","74305","3","2","4","12","07","6","","1","0","1","0","0"
"POINT (8.631675325000060 50.077999640000030)","Unfall 74306 (2023) Kat:3, Licht: 0","74306","3","3","5","12","08","6","","0","1","0","0","0"
"POINT (8.688611683000033 50.062157859000081)","Unfall 74333 (2023) Kat:3, Licht: 2","74333","3","2","4","12","18","4","","2","0","1","0","0"
"POINT (8.628738960000021 50.115495504000080)","Unfall 74336 (2023) Kat:3, Licht: 1","74336","3","6","3","12","17","5","","1","0","1","0","0"
"POINT (8.671439613000075 50.136434535000035)","Unfall 74337 (2023) Kat:1, Licht: 2","74337","1","4","6","12","18","5","","2","0","0","1","0"
"POINT (8.714548891000049 50.064043888000072)","Unfall 74355 (2023) Kat:3, Licht: 2","74355","3","6","3","12","21","5","","2","0","1","0","0"
"POINT (8.622813572000041 50.135262636000050)","Unfall 74357 (2023) Kat:3, Licht: 2","74357","3","1","8","12","04","5","","2","0","1","0","0"
"POINT (8.595080367000037 50.120395404000078)","Unfall 74358 (2023) Kat:3, Licht: 2","74358","3","6","2","12","18","5","","2","0","1","0","0"
"POINT (8.664969333000045 50.105809370000031)","Unfall 74372 (2023) Kat:2, Licht: 2","74372","2","7","6","12","21","4","","2","1","0","1","0"
"POINT (8.648972644000025 50.104821155000081)","Unfall 74373 (2023) Kat:3, Licht: 2","74373","3","2","4","12","17","4","","2","0","1","0","1"
"POINT (8.601955998000051 50.112939326000060)","Unfall 74391 (2023) Kat:2, Licht: 2","74391","2","6","2","12","17","4","","2","0","1","0","0"
"POINT (8.733162554000046 50.114732756000080)","Unfall 74392 (2023) Kat:3, Licht: 0","74392","3","3","5","12","13","4","","0","0","1","0","0"
"POINT (8.564300392000064 50.050696512000059)","Unfall 74398 (2023) Kat:3, Licht: 2","74398","3","6","2","12","17","3","","2","0","1","0","0"
"POINT (8.644263946000024 50.083671190000075)","Unfall 74408 (2023) Kat:3, Licht: 2","74408","3","3","5","12","22","3","","2","0","1","0","0"
"POINT (8.731339445000060 50.119139342000040)","Unfall 74410 (2023) Kat:3, Licht: 0","74410","3","6","2","12","12","3","","0","0","1","0","0"
"POINT (8.690920026000072 50.096553859000039)","Unfall 74436 (2023) Kat:3, Licht: 2","74436","3","1","8","12","04","3","","2","0","1","0","0"
"POINT (8.654680317000043 50.137204627000074)","Unfall 74445 (2023) Kat:3, Licht: 2","74445","3","6","2","12","17","2","","2","0","1","0","0"
"POINT (8.597130210000046 50.137913046000051)","Unfall 74446 (2023) Kat:3, Licht: 2","74446","3","6","2","12","18","2","","2","0","1","0","0"
"POINT (8.712052961000040 50.135046530000068)","Unfall 74449 (2023) Kat:2, Licht: 0","74449","2","6","0","12","13","2","","0","0","1","0","0"
"POINT (8.648292094000055 50.104552067000043)","Unfall 74450 (2023) Kat:3, Licht: 2","74450","3","1","8","12","22","2","","2","0","0","0","0"
"POINT (8.618705960000057 50.052288962000034)","Unfall 74478 (2023) Kat:3, Licht: 0","74478","3","6","2","12","13","5","","0","0","0","0","0"
"POINT (8.783869596000045 50.159813114000031)","Unfall 74489 (2023) Kat:2, Licht: 0","74489","2","1","8","12","15","2","","0","0","1","0","0"
"POINT (8.698919479000040 50.140995408000038)","Unfall 74500 (2023) Kat:3, Licht: 2","74500","3","6","2","12","16","1","","2","0","1","0","0"
"POINT (8.705151560000047 50.144048273000067)","Unfall 74502 (2023) Kat:3, Licht: 0","74502","3","6","2","12","16","4","","0","0","1","0","0"
"POINT (8.592768159000059 50.053504027000031)","Unfall 74518 (2023) Kat:3, Licht: 0","74518","3","1","9","12","11","1","","0","0","1","0","0"
"POINT (8.652972246000047 50.112733111000068)","Unfall 74523 (2023) Kat:3, Licht: 2","74523","3","1","0","12","00","7","","2","0","0","0","0"
"POINT (8.672294189000070 50.131893936000040)","Unfall 74524 (2023) Kat:3, Licht: 2","74524","3","2","5","12","17","7","","2","0","1","0","0"
"POINT (8.703258537000067 50.143819785000062)","Unfall 74540 (2023) Kat:3, Licht: 1","74540","3","6","2","12","18","7","","1","0","1","0","0"
"POINT (8.527905450000048 50.097756581000056)","Unfall 74548 (2023) Kat:3, Licht: 2","74548","3","6","3","12","22","6","","2","0","1","0","0"
"POINT (8.655313252000042 50.111696735000066)","Unfall 74582 (2023) Kat:3, Licht: 0","74582","3","4","6","11","13","5","","0","0","1","1","0"
"POINT (8.670954928000072 50.136969554000075)","Unfall 74584 (2023) Kat:3, Licht: 2","74584","3","1","0","11","19","5","","2","1","0","0","0"
"POINT (8.686235922000037 50.155306177000057)","Unfall 74585 (2023) Kat:3, Licht: 0","74585","3","3","5","11","10","5","","0","0","1","0","0"
"POINT (8.695620431000066 50.133492741000055)","Unfall 74586 (2023) Kat:3, Licht: 0","74586","3","3","5","11","09","5","","0","1","1","0","0"
"POINT (8.627535423000040 50.101455982000061)","Unfall 74587 (2023) Kat:3, Licht: 2","74587","3","4","6","11","17","5","","2","0","0","1","0"
"POINT (8.583571791000054 50.054804686000068)","Unfall 74616 (2023) Kat:3, Licht: 0","74616","3","6","2","11","07","5","","0","0","1","0","0"
"POINT (8.490468901000042 50.096442107000030)","Unfall 74625 (2023) Kat:3, Licht: 2","74625","3","2","5","11","18","4","","2","0","1","0","0"
"POINT (8.547386022000069 50.102615482000033)","Unfall 74627 (2023) Kat:3, Licht: 0","74627","3","4","6","11","13","4","","0","0","1","1","0"
"POINT (8.659496526000055 50.146518948000050)","Unfall 74628 (2023) Kat:3, Licht: 0","74628","3","6","2","11","08","4","","0","0","1","0","0"
"POINT (8.773053826000023 50.166104860000075)","Unfall 74644 (2023) Kat:3, Licht: 0","74644","3","3","5","11","11","4","","0","0","1","0","0"
"POINT (8.483660834000034 50.091890835000072)","Unfall 74654 (2023) Kat:3, Licht: 2","74654","3","6","2","11","17","4","","2","0","1","0","0"
"POINT (8.605771373000039 50.105012033000037)","Unfall 74655 (2023) Kat:3, Licht: 0","74655","3","6","2","11","08","4","","0","0","1","0","0"
"POINT (8.644636553000055 50.200432588000069)","Unfall 74657 (2023) Kat:3, Licht: 1","74657","3","6","2","11","07","4","","1","0","1","0","0"
"POINT (8.650669965000077 50.105492183000081)","Unfall 74672 (2023) Kat:3, Licht: 0","74672","3","6","2","11","15","3","","0","0","1","0","0"
"POINT (8.656951445000061 50.133964019000075)","Unfall 74702 (2023) Kat:3, Licht: 0","74702","3","1","9","11","14","2","","0","0","1","0","0"
"POINT (8.667915107000056 50.099848197000028)","Unfall 74703 (2023) Kat:2, Licht: 2","74703","2","4","6","11","17","2","","2","0","1","1","0"
"POINT (8.726310624000064 50.071874818000026)","Unfall 74704 (2023) Kat:3, Licht: 2","74704","3","1","8","11","16","2","","2","0","1","0","0"
"POINT (8.664864908000027 50.102676569000039)","Unfall 74705 (2023) Kat:3, Licht: 2","74705","3","6","2","11","19","2","","2","0","1","0","0"
"POINT (8.664573449000045 50.103554864000046)","Unfall 74706 (2023) Kat:2, Licht: 2","74706","2","4","6","11","16","2","","2","0","0","1","0"
"POINT (8.649084704000074 50.104865459000052)","Unfall 74708 (2023) Kat:3, Licht: 0","74708","3","6","0","11","12","2","","0","0","1","0","0"
"POINT (8.683238196000048 50.158998077000035)","Unfall 74755 (2023) Kat:3, Licht: 0","74755","3","7","7","11","12","2","","0","0","1","0","0"
"POINT (8.719277783000052 50.123285920000058)","Unfall 74774 (2023) Kat:3, Licht: 2","74774","3","3","5","12","17","6","","2","0","1","0","0"
"POINT (8.702540907000071 50.061837532000027)","Unfall 74776 (2023) Kat:1, Licht: 2","74776","1","6","2","11","23","1","","2","0","1","0","0"
"POINT (8.648234269000056 50.119909947000053)","Unfall 74794 (2023) Kat:3, Licht: 2","74794","3","7","6","11","16","7","","2","0","1","1","0"
"POINT (8.693473790000041 50.101062947000059)","Unfall 192221 (2023) Kat:3, Licht: 0","192221","3","3","5","03","14","6","","0","1","1","0","0"
"POINT (8.538186481000025 50.096794709000051)","Unfall 192231 (2023) Kat:3, Licht: 0","192231","3","3","5","03","15","5","","0","0","1","0","0"
"POINT (8.691196804000072 50.150801003000026)","Unfall 192232 (2023) Kat:3, Licht: 0","192232","3","3","5","03","08","5","","0","0","1","0","0"
"POINT (8.645419803000038 50.081867053000053)","Unfall 192233 (2023) Kat:3, Licht: 0","192233","3","3","5","03","07","5","","0","1","1","0","0"
"POINT (8.663522277000027 50.110667953000075)","Unfall 192234 (2023) Kat:2, Licht: 0","192234","2","4","6","03","15","5","","0","0","1","1","0"
"POINT (8.582373581000070 50.132566157000042)","Unfall 192243 (2023) Kat:3, Licht: 0","192243","3","6","2","03","07","5","","0","0","1","0","0"
"POINT (8.662154326000064 50.110303267000063)","Unfall 192248 (2023) Kat:3, Licht: 0","192248","3","3","5","03","10","4","","0","1","1","0","0"
"POINT (8.609884828000077 50.124735283000064)","Unfall 192249 (2023) Kat:3, Licht: 0","192249","3","7","6","03","10","4","","0","0","1","1","0"
"POINT (8.591860513000029 50.035787759000073)","Unfall 192261 (2023) Kat:3, Licht: 0","192261","3","6","3","03","13","3","","0","0","1","0","0"
"POINT (8.624754751000069 50.153972330000045)","Unfall 192266 (2023) Kat:3, Licht: 1","192266","3","3","5","03","17","3","","1","0","1","0","0"
"POINT (8.651320408000061 50.110501283000076)","Unfall 192267 (2023) Kat:3, Licht: 2","192267","3","7","6","03","19","3","","2","0","1","1","0"
"POINT (8.593756515000052 50.132368474000032)","Unfall 192268 (2023) Kat:3, Licht: 0","192268","3","5","1","03","10","3","","0","0","1","0","0"
"POINT (8.663509928000053 50.117934260000027)","Unfall 192269 (2023) Kat:3, Licht: 0","192269","3","2","5","03","10","3","","0","1","1","0","0"
"POINT (8.539066980000030 50.111868145000074)","Unfall 192290 (2023) Kat:3, Licht: 2","192290","3","3","5","03","22","7","","2","0","1","0","0"
"POINT (8.670484016000046 50.198577245000081)","Unfall 192299 (2023) Kat:3, Licht: 0","192299","3","3","5","03","16","6","","0","1","1","0","0"
"POINT (8.633756210000058 50.186563107000040)","Unfall 192300 (2023) Kat:1, Licht: 2","192300","1","7","0","03","18","6","","2","1","1","0","0"
"POINT (8.647872421000045 50.108493750000036)","Unfall 192301 (2023) Kat:3, Licht: 2","192301","3","5","1","03","19","6","","2","1","1","0","0"
"POINT (8.541844578000052 50.099986985000044)","Unfall 192306 (2023) Kat:3, Licht: 0","192306","3","3","5","03","13","5","","0","0","1","0","0"
"POINT (8.633548871000073 50.082124342000043)","Unfall 192307 (2023) Kat:3, Licht: 2","192307","3","3","5","03","20","5","","2","0","1","0","0"
"POINT (8.625363408000055 50.104805510000062)","Unfall 192308 (2023) Kat:3, Licht: 0","192308","3","3","5","03","12","5","","0","0","1","0","0"
"POINT (8.695354747000067 50.120132431000059)","Unfall 192309 (2023) Kat:3, Licht: 2","192309","3","6","3","03","20","5","","2","1","1","0","0"
"POINT (8.668262794000043 50.131571175000033)","Unfall 192310 (2023) Kat:3, Licht: 0","192310","3","3","5","03","12","5","","0","0","1","0","0"
"POINT (8.684941030000061 50.116515597000046)","Unfall 192311 (2023) Kat:3, Licht: 2","192311","3","3","0","03","22","5","","2","1","1","0","0"
"POINT (8.580597765000050 50.127698473000066)","Unfall 192321 (2023) Kat:3, Licht: 0","192321","3","3","5","03","07","4","","0","0","1","0","0"
"POINT (8.662723901000049 50.110350138000058)","Unfall 192322 (2023) Kat:3, Licht: 2","192322","3","6","3","03","18","4","","2","0","1","0","0"
"POINT (8.662786452000034 50.118200755000032)","Unfall 192323 (2023) Kat:2, Licht: 2","192323","2","2","5","03","18","4","","2","0","1","0","1"
"POINT (8.640712312000062 50.115595334000034)","Unfall 192333 (2023) Kat:3, Licht: 0","192333","3","3","5","03","12","3","","0","0","1","0","0"
"POINT (8.682359282000050 50.141752924000059)","Unfall 192334 (2023) Kat:3, Licht: 2","192334","3","7","0","03","17","3","","2","0","0","0","1"
"POINT (8.687639189000038 50.105248942000060)","Unfall 192335 (2023) Kat:3, Licht: 2","192335","3","4","6","03","21","3","","2","1","0","1","0"
"POINT (8.688966767000068 50.099619781000058)","Unfall 192346 (2023) Kat:3, Licht: 0","192346","3","6","3","03","13","2","","0","0","1","0","0"
"POINT (8.628486156000065 50.133056346000046)","Unfall 192359 (2023) Kat:3, Licht: 2","192359","3","3","5","03","18","1","","2","0","1","0","0"
"POINT (8.668546115000026 50.108419580000032)","Unfall 192360 (2023) Kat:2, Licht: 0","192360","2","1","0","03","08","1","","0","1","0","0","0"
"POINT (8.632777479000026 50.118539018000035)","Unfall 192369 (2023) Kat:3, Licht: 0","192369","3","1","1","03","17","7","","0","0","1","0","0"
"POINT (8.671940219000021 50.109234891000028)","Unfall 192370 (2023) Kat:3, Licht: 0","192370","3","7","5","03","12","7","","0","1","1","0","0"
"POINT (8.496143834000065 50.095768587000066)","Unfall 192378 (2023) Kat:3, Licht: 0","192378","3","3","5","03","10","6","","0","0","1","0","0"
"POINT (8.575175677000061 50.104631206000079)","Unfall 192379 (2023) Kat:3, Licht: 0","192379","3","6","2","03","17","6","","0","0","1","0","0"
"POINT (8.662447031000056 50.192927165000071)","Unfall 192380 (2023) Kat:3, Licht: 0","192380","3","4","6","03","14","6","","0","0","1","1","0"
"POINT (8.681043995000039 50.167748749000054)","Unfall 192381 (2023) Kat:3, Licht: 0","192381","3","4","6","03","16","6","","0","0","1","1","0"
"POINT (8.705967398000041 50.111616367000067)","Unfall 192382 (2023) Kat:3, Licht: 2","192382","3","3","5","03","04","6","","2","0","1","0","0"
"POINT (8.770460369000034 50.122313921000057)","Unfall 192392 (2023) Kat:3, Licht: 0","192392","3","2","6","03","10","6","","0","0","0","1","0"
"POINT (8.656656763000058 50.148638253000058)","Unfall 192414 (2023) Kat:3, Licht: 0","192414","3","3","5","03","14","4","","0","0","1","0","0"
"POINT (8.628466486000036 50.080608096000049)","Unfall 192415 (2023) Kat:3, Licht: 0","192415","3","3","5","03","16","4","","0","1","1","0","0"
"POINT (8.690744787000028 50.130183176000060)","Unfall 192416 (2023) Kat:3, Licht: 2","192416","3","3","5","03","18","4","","2","0","1","0","0"
"POINT (8.660692063000056 50.115303317000041)","Unfall 192434 (2023) Kat:3, Licht: 0","192434","3","3","5","02","17","3","","0","1","0","0","0"
"POINT (8.667575777000025 50.148258834000046)","Unfall 192440 (2023) Kat:3, Licht: 0","192440","3","6","3","03","16","6","","0","0","1","0","0"
"POINT (8.748648304000028 50.144288837000033)","Unfall 192445 (2023) Kat:3, Licht: 2","192445","3","2","5","02","21","3","","2","1","1","0","0"
"POINT (8.641450983000027 50.080153266000082)","Unfall 192449 (2023) Kat:3, Licht: 0","192449","3","6","2","02","13","2","","0","1","1","0","0"
"POINT (8.671362180000074 50.086505615000078)","Unfall 192450 (2023) Kat:3, Licht: 0","192450","3","3","5","02","08","2","","0","1","1","0","0"
"POINT (8.663396109000075 50.101769604000026)","Unfall 192451 (2023) Kat:3, Licht: 2","192451","3","1","0","02","19","2","","2","0","0","0","1"
"POINT (8.694504348000066 50.121031675000040)","Unfall 192452 (2023) Kat:2, Licht: 0","192452","2","3","5","02","11","2","","0","1","1","0","0"
"POINT (8.674307184000043 50.115793422000081)","Unfall 192453 (2023) Kat:3, Licht: 0","192453","3","6","0","02","12","2","","0","0","1","0","1"
"POINT (8.629221686000051 50.084525309000071)","Unfall 192471 (2023) Kat:3, Licht: 2","192471","3","2","0","02","05","1","","2","0","0","0","1"
"POINT (8.658637206000037 50.102508214000068)","Unfall 192472 (2023) Kat:3, Licht: 2","192472","3","1","1","02","00","1","","2","0","1","0","0"
"POINT (8.625708949000057 50.104837805000045)","Unfall 192473 (2023) Kat:3, Licht: 0","192473","3","6","2","02","13","1","","0","1","1","0","0"
"POINT (8.670980163000024 50.118848122000031)","Unfall 192474 (2023) Kat:2, Licht: 1","192474","2","3","5","02","18","1","","1","0","1","0","0"
"POINT (8.514798784000050 50.085023814000067)","Unfall 192500 (2023) Kat:3, Licht: 0","192500","3","6","2","02","09","5","","0","0","1","0","0"
"POINT (8.643874081000035 50.108646685000053)","Unfall 192501 (2023) Kat:3, Licht: 2","192501","3","6","0","02","19","5","","2","1","0","0","0"
"POINT (8.649831147000043 50.123315601000058)","Unfall 192502 (2023) Kat:3, Licht: 0","192502","3","3","5","02","16","5","","0","1","1","0","0"
"POINT (8.643656122000039 50.112750243000050)","Unfall 192503 (2023) Kat:2, Licht: 0","192503","2","2","5","02","08","5","","0","0","1","0","0"
"POINT (8.628067549000036 50.101908619000028)","Unfall 192512 (2023) Kat:3, Licht: 0","192512","3","6","3","02","16","4","","0","0","1","0","1"
"POINT (8.732945693000033 50.072983040000054)","Unfall 192523 (2023) Kat:3, Licht: 0","192523","3","6","2","02","08","4","","0","0","1","0","0"
"POINT (8.653319153000041 50.121555555000043)","Unfall 192526 (2023) Kat:3, Licht: 0","192526","3","3","5","02","17","3","","0","0","1","0","0"
"POINT (8.644119864000061 50.113891568000042)","Unfall 192527 (2023) Kat:3, Licht: 0","192527","3","6","2","02","14","3","","0","0","1","0","0"
"POINT (8.569350101000055 50.085092316000043)","Unfall 192528 (2023) Kat:3, Licht: 0","192528","3","5","0","02","09","3","","0","0","1","0","0"
"POINT (8.692100100000062 50.127430746000073)","Unfall 192529 (2023) Kat:3, Licht: 2","192529","3","2","3","02","01","3","","2","0","1","0","1"
"POINT (8.664803199000062 50.117381091000027)","Unfall 192530 (2023) Kat:3, Licht: 0","192530","3","5","1","02","09","3","","0","1","1","0","0"
"POINT (8.675559858000042 50.120885548000047)","Unfall 192531 (2023) Kat:2, Licht: 0","192531","2","2","6","02","14","3","","0","0","1","1","0"
"POINT (8.746376495000050 50.143832950000046)","Unfall 192538 (2023) Kat:3, Licht: 0","192538","3","2","4","02","17","3","","0","1","1","0","0"
"POINT (8.678210494000041 50.104951853000046)","Unfall 192544 (2023) Kat:3, Licht: 0","192544","3","7","0","02","15","2","","0","0","1","0","0"
"POINT (8.767728638000051 50.127508933000058)","Unfall 192556 (2023) Kat:3, Licht: 0","192556","3","3","0","02","11","2","","0","0","1","0","0"
"POINT (8.599251943000070 50.095161336000047)","Unfall 192561 (2023) Kat:3, Licht: 0","192561","3","3","5","02","12","1","","0","0","1","0","0"
"POINT (8.709224549000055 50.146251687000074)","Unfall 192562 (2023) Kat:3, Licht: 0","192562","3","6","6","02","12","1","","0","0","1","1","0"
"POINT (8.697328368000058 50.128378900000030)","Unfall 192580 (2023) Kat:3, Licht: 2","192580","3","6","2","02","18","6","","2","0","1","0","0"
"POINT (8.687795987000072 50.114161676000037)","Unfall 192581 (2023) Kat:3, Licht: 0","192581","3","4","6","02","08","6","","0","1","0","1","0"
"POINT (8.668457059000048 50.131609181000044)","Unfall 192595 (2023) Kat:2, Licht: 0","192595","2","2","5","02","12","5","","0","0","1","0","0"
"POINT (8.631278525000027 50.176176747000056)","Unfall 192607 (2023) Kat:3, Licht: 2","192607","3","5","1","02","20","4","","2","0","1","0","0"
"POINT (8.630579153000042 50.176700188000041)","Unfall 192608 (2023) Kat:3, Licht: 2","192608","3","4","6","02","18","4","","2","0","1","1","0"
"POINT (8.676300129000026 50.136870535000071)","Unfall 192609 (2023) Kat:3, Licht: 0","192609","3","7","6","02","08","4","","0","0","0","1","0"
"POINT (8.680579639000030 50.101692219000029)","Unfall 192610 (2023) Kat:3, Licht: 1","192610","3","6","3","02","18","4","","1","1","1","0","0"
"POINT (8.652854140000045 50.184975113000064)","Unfall 192620 (2023) Kat:3, Licht: 1","192620","3","6","2","02","07","3","","1","0","1","0","0"
"POINT (8.663284781000073 50.116921459000082)","Unfall 192621 (2023) Kat:3, Licht: 0","192621","3","6","2","02","13","3","","0","1","1","0","0"
"POINT (8.747747610000033 50.122210980000034)","Unfall 192622 (2023) Kat:3, Licht: 2","192622","3","6","3","02","05","3","","2","0","1","0","0"
"POINT (8.656731018000073 50.148624869000059)","Unfall 192638 (2023) Kat:2, Licht: 2","192638","2","3","5","02","20","2","","2","0","1","0","0"
"POINT (8.656497527000056 50.144116113000052)","Unfall 192639 (2023) Kat:3, Licht: 0","192639","3","2","5","02","08","2","","0","1","1","0","0"
"POINT (8.661206852000021 50.121047920000080)","Unfall 192641 (2023) Kat:3, Licht: 0","192641","3","5","0","02","13","4","","0","1","1","0","0"
"POINT (8.703782044000036 50.124143698000069)","Unfall 192652 (2023) Kat:3, Licht: 0","192652","3","5","1","02","17","7","","0","0","1","0","0"
"POINT (8.646007566000037 50.162072658000056)","Unfall 192662 (2023) Kat:3, Licht: 0","192662","3","4","6","02","09","6","","0","0","1","1","0"
"POINT (8.682118866000053 50.141698424000026)","Unfall 192663 (2023) Kat:3, Licht: 2","192663","3","5","0","02","19","6","","2","1","0","0","0"
"POINT (8.686378445000059 50.142731916000059)","Unfall 192664 (2023) Kat:2, Licht: 2","192664","2","6","3","02","23","6","","2","0","0","0","0"