WKT,Name,OBJECTID,UKATEGORIE,UTYP1,UART,UMONAT,USTUNDE,UWOCHENTAG,STRZUSTAND,ULICHTVERH,ISTRAD,ISTPKW,ISTFUSS,ISTKRAD
"POINT (8.588648130000024 50.125231034000080)","Unfall 192667 (2023) Kat:3, Licht: 0","192667","3","7","1","03","17","5","","0","0","1","0","0"
"POINT (8.500601834000065 50.097046434000049)","Unfall 192677 (2023) Kat:3, Licht: 0","192677","3","2","4","02","11","5","","0","1","1","0","0"
"POINT (8.659534667000059 50.207438935000027)","Unfall 192678 (2023) Kat:3, Licht: 0","192678","3","3","5","02","08","5","","0","0","1","0","0"
"POINT (8.723972119000052 50.103519946000063)","Unfall 192679 (2023) Kat:3, Licht: 0","192679","3","3","5","02","09","5","","0","1","1","0","0"
"POINT (8.609169349000069 50.136231526000074)","Unfall 192696 (2023) Kat:3, Licht: 0","192696","3","4","6","02","08","4","","0","0","1","1","0"
"POINT (8.667570857000044 50.107286126000076)","Unfall 192697 (2023) Kat:3, Licht: 2","192697","3","3","5","02","01","4","","2","0","1","0","0"
"POINT (8.664280406000046 50.104049881000037)","Unfall 192698 (2023) Kat:3, Licht: 0","192698","3","2","6","02","12","4","","0","0","1","1","0"
"POINT (8.675874706000059 50.128989974000035)","Unfall 192699 (2023) Kat:3, Licht: 0","192699","3","3","5","02","13","4","","0","1","1","0","0"
"POINT (8.640915732000053 50.119773982000027)","Unfall 192721 (2023) Kat:2, Licht: 0","192721","2","2","4","02","09","2","","0","1","1","0","0"
"POINT (8.671241302000055 50.094598253000072)","Unfall 192722 (2023) Kat:3, Licht: 0","192722","3","4","6","02","07","2","","0","1","0","1","0"
"POINT (8.661713470000052 50.111153007000041)","Unfall 192733 (2023) Kat:3, Licht: 2","192733","3","2","4","02","20","1","","2","0","1","0","0"
"POINT (8.691442046000077 50.126141677000078)","Unfall 192734 (2023) Kat:3, Licht: 2","192734","3","3","5","02","23","1","","2","0","1","0","1"
"POINT (8.649585125000044 50.118480297000076)","Unfall 192737 (2023) Kat:3, Licht: 0","192737","3","2","5","02","16","7","","0","1","1","1","0"
"POINT (8.609624320000023 50.125535359000025)","Unfall 192738 (2023) Kat:3, Licht: 2","192738","3","5","1","02","18","7","","2","0","1","0","0"
"POINT (8.661738089000039 50.097028779000027)","Unfall 192739 (2023) Kat:3, Licht: 2","192739","3","2","5","02","18","7","","2","0","0","0","0"
"POINT (8.599261204000072 50.095135696000057)","Unfall 192748 (2023) Kat:2, Licht: 2","192748","2","3","5","02","17","6","","2","0","1","0","0"
"POINT (8.645422307000047 50.113497680000080)","Unfall 192749 (2023) Kat:3, Licht: 2","192749","3","6","2","02","19","6","","2","0","1","0","0"
"POINT (8.670619051000074 50.114939625000034)","Unfall 192750 (2023) Kat:3, Licht: 0","192750","3","6","3","02","10","6","","0","0","1","0","0"
"POINT (8.694367957000054 50.105510651000031)","Unfall 192751 (2023) Kat:3, Licht: 2","192751","3","6","2","02","05","6","","2","0","1","0","0"
"POINT (8.658507711000027 50.119353049000040)","Unfall 192752 (2023) Kat:3, Licht: 2","192752","3","5","1","02","18","6","","2","1","1","0","0"
"POINT (8.655027844000074 50.146856684000056)","Unfall 192768 (2023) Kat:3, Licht: 2","192768","3","3","5","02","19","4","","2","0","1","0","0"
"POINT (8.648956074000068 50.116946027000040)","Unfall 192779 (2023) Kat:3, Licht: 2","192779","3","5","1","01","19","3","","2","1","1","0","0"
"POINT (8.536179651000054 50.110085236000032)","Unfall 192801 (2023) Kat:3, Licht: 0","192801","3","3","5","01","12","2","","0","0","1","0","0"
"POINT (8.652977560000068 50.127071487000080)","Unfall 192802 (2023) Kat:3, Licht: 0","192802","3","3","5","01","08","2","","0","0","1","0","0"
"POINT (8.649114500000053 50.116942706000032)","Unfall 192803 (2023) Kat:3, Licht: 2","192803","3","3","5","01","19","2","","2","1","1","0","0"
"POINT (8.609860917000049 50.124071476000040)","Unfall 192804 (2023) Kat:3, Licht: 0","192804","3","5","0","01","12","2","","0","0","1","1","0"
"POINT (8.710097834000067 50.118273667000039)","Unfall 192805 (2023) Kat:3, Licht: 2","192805","3","3","5","01","00","2","","2","0","1","0","0"
"POINT (8.505228901000066 50.098177294000038)","Unfall 192807 (2023) Kat:3, Licht: 0","192807","3","5","1","01","13","1","","0","0","1","0","0"
"POINT (8.681370794000031 50.127748655000062)","Unfall 192808 (2023) Kat:3, Licht: 2","192808","3","1","8","01","19","1","","2","0","1","0","0"
"POINT (8.636054113000057 50.170883998000079)","Unfall 192817 (2023) Kat:3, Licht: 2","192817","3","1","0","01","02","7","","2","0","0","0","0"
"POINT (8.688061863000030 50.113724741000055)","Unfall 192818 (2023) Kat:3, Licht: 2","192818","3","6","2","01","18","7","","2","0","1","0","0"
"POINT (8.658556000000033 50.159557946000064)","Unfall 192822 (2023) Kat:3, Licht: 0","192822","3","1","8","02","17","3","","0","0","0","0","0"
"POINT (8.643406323000022 50.121328752000068)","Unfall 192829 (2023) Kat:3, Licht: 0","192829","3","6","2","01","12","6","","0","1","1","0","0"
"POINT (8.627212990000032 50.134450382000068)","Unfall 192830 (2023) Kat:3, Licht: 0","192830","3","3","5","01","11","6","","0","1","1","0","0"
"POINT (8.683340039000029 50.114613552000037)","Unfall 192831 (2023) Kat:3, Licht: 0","192831","3","7","6","01","11","6","","0","1","0","1","0"
"POINT (8.676544882000030 50.111533507000047)","Unfall 192832 (2023) Kat:3, Licht: 0","192832","3","5","1","01","14","6","","0","1","1","0","0"
"POINT (8.657909776000054 50.156012064000038)","Unfall 192833 (2023) Kat:3, Licht: 1","192833","3","2","3","03","17","2","","1","1","1","0","0"
"POINT (8.590969690000065 50.101718652000045)","Unfall 192846 (2023) Kat:3, Licht: 1","192846","3","2","6","01","18","5","","1","0","0","1","0"
"POINT (8.646275813000045 50.122392196000078)","Unfall 192847 (2023) Kat:3, Licht: 0","192847","3","2","3","01","10","5","","0","1","0","0","0"
"POINT (8.660932936000052 50.121884512000065)","Unfall 192848 (2023) Kat:3, Licht: 2","192848","3","1","0","01","01","5","","2","0","0","0","0"
"POINT (8.668453797000041 50.131648972000050)","Unfall 192849 (2023) Kat:3, Licht: 0","192849","3","2","5","01","10","5","","0","1","1","0","0"
"POINT (8.667134047000047 50.121785507000027)","Unfall 192850 (2023) Kat:3, Licht: 0","192850","3","2","5","01","14","5","","0","1","1","0","0"
"POINT (8.553305388000069 50.105134724000038)","Unfall 192863 (2023) Kat:3, Licht: 2","192863","3","3","5","01","18","4","","2","1","1","0","0"
"POINT (8.663609692000023 50.117949324000051)","Unfall 192864 (2023) Kat:3, Licht: 2","192864","3","2","3","01","18","4","","2","1","1","0","0"
"POINT (8.597698951000041 50.133712631000037)","Unfall 192875 (2023) Kat:3, Licht: 0","192875","3","6","3","01","08","4","","0","0","1","0","0"
"POINT (8.549107025000069 50.111014140000066)","Unfall 192882 (2023) Kat:3, Licht: 2","192882","3","3","5","01","19","3","","2","0","1","0","0"
"POINT (8.617823412000064 50.105224336000049)","Unfall 192883 (2023) Kat:3, Licht: 0","192883","3","6","0","01","09","3","","0","1","0","0","0"
"POINT (8.716987316000029 50.130584276000036)","Unfall 192899 (2023) Kat:3, Licht: 0","192899","3","6","2","01","14","2","","0","0","1","0","0"
"POINT (8.658366065000052 50.123183276000077)","Unfall 192900 (2023) Kat:3, Licht: 0","192900","3","1","8","01","15","2","","0","0","1","0","0"
"POINT (8.763715340000033 50.135741764000045)","Unfall 192917 (2023) Kat:3, Licht: 0","192917","3","7","1","01","15","2","","0","0","1","0","0"
"POINT (8.634791554000060 50.158605893000072)","Unfall 192919 (2023) Kat:3, Licht: 2","192919","3","3","2","01","23","1","","2","0","1","0","0"
"POINT (8.651423483000031 50.122547396000073)","Unfall 192920 (2023) Kat:3, Licht: 2","192920","3","3","5","01","17","1","","2","1","1","0","0"
"POINT (8.673513993000029 50.098099805000061)","Unfall 192926 (2023) Kat:3, Licht: 0","192926","3","3","5","01","10","7","","0","0","1","0","0"
"POINT (8.685730107000040 50.118251775000033)","Unfall 192927 (2023) Kat:3, Licht: 2","192927","3","3","5","01","18","7","","2","0","1","1","0"
"POINT (8.552140793000035 50.102492721000033)","Unfall 192935 (2023) Kat:3, Licht: 2","192935","3","4","6","01","21","6","","2","0","0","1","0"
"POINT (8.587891851000052 50.056570410000063)","Unfall 192949 (2023) Kat:3, Licht: 2","192949","3","3","5","01","23","5","","2","0","1","0","0"
"POINT (8.639904569000066 50.085543023000071)","Unfall 192952 (2023) Kat:3, Licht: 0","192952","3","4","6","01","08","5","","0","1","0","1","0"
"POINT (8.681353564000062 50.095256497000037)","Unfall 192957 (2023) Kat:3, Licht: 0","192957","3","4","6","02","09","6","","0","0","0","1","0"
"POINT (8.695642662000068 50.115767824000045)","Unfall 192967 (2023) Kat:3, Licht: 0","192967","3","6","3","01","08","4","","0","1","1","0","0"
"POINT (8.660476780000067 50.104454959000066)","Unfall 192986 (2023) Kat:3, Licht: 0","192986","3","7","6","03","11","3","","0","0","1","1","0"
"POINT (8.709602038000071 50.205271841000069)","Unfall 192989 (2023) Kat:3, Licht: 0","192989","3","2","6","01","10","3","","0","0","0","1","0"
"POINT (8.667215015000068 50.137588936000043)","Unfall 192990 (2023) Kat:3, Licht: 2","192990","3","1","0","01","20","3","","2","1","0","0","0"
"POINT (8.642651747000059 50.091188964000025)","Unfall 192991 (2023) Kat:3, Licht: 1","192991","3","6","2","01","17","3","","1","0","1","0","0"
"POINT (8.727363108000077 50.127459775000034)","Unfall 193006 (2023) Kat:3, Licht: 0","193006","3","4","6","01","09","3","","0","0","1","1","0"
"POINT (8.670484016000046 50.198577245000081)","Unfall 193013 (2023) Kat:3, Licht: 2","193013","3","4","6","01","16","2","","2","0","1","1","0"
"POINT (8.667895833000046 50.139443101000040)","Unfall 193014 (2023) Kat:3, Licht: 2","193014","3","3","4","01","17","2","","2","1","0","0","0"
"POINT (8.762016487000039 50.158976365000058)","Unfall 193027 (2023) Kat:3, Licht: 0","193027","3","6","4","01","14","2","","0","0","1","0","0"
"POINT (8.691959039000039 50.154754162000074)","Unfall 193030 (2023) Kat:3, Licht: 0","193030","3","3","5","03","11","4","","0","0","1","0","1"
"POINT (8.665829071000076 50.110286211000073)","Unfall 193032 (2023) Kat:2, Licht: 1","193032","2","1","0","01","16","1","","1","0","0","0","0"
"POINT (8.685443594000049 50.151637974000039)","Unfall 193046 (2023) Kat:3, Licht: 0","193046","3","2","6","01","14","7","","0","0","1","1","0"
"POINT (8.584052277000069 50.103962563000039)","Unfall 193057 (2023) Kat:3, Licht: 2","193057","3","7","0","01","18","6","","2","0","1","0","0"
"POINT (8.644871531000035 50.160634988000027)","Unfall 193058 (2023) Kat:3, Licht: 2","193058","3","4","6","01","07","6","","2","0","0","1","0"
"POINT (8.651193162000027 50.082986741000070)","Unfall 193059 (2023) Kat:3, Licht: 2","193059","3","2","6","01","17","6","","2","0","1","1","0"
"POINT (8.728293647000044 50.115724090000072)","Unfall 193060 (2023) Kat:3, Licht: 2","193060","3","2","6","01","06","6","","2","0","1","1","0"
"POINT (8.693064403000051 50.114967796000030)","Unfall 193061 (2023) Kat:3, Licht: 2","193061","3","3","5","01","19","6","","2","0","1","0","0"
"POINT (8.693070968000029 50.113339970000027)","Unfall 193062 (2023) Kat:3, Licht: 0","193062","3","3","5","01","08","6","","0","1","1","0","0"
"POINT (8.628385155000046 50.162889255000039)","Unfall 193082 (2023) Kat:3, Licht: 0","193082","3","4","6","01","08","5","","0","0","1","1","0"
"POINT (8.654582835000042 50.109930608000070)","Unfall 193083 (2023) Kat:3, Licht: 0","193083","3","7","5","01","09","5","","0","0","0","0","0"
"POINT (8.664497426000025 50.139006979000044)","Unfall 193084 (2023) Kat:3, Licht: 0","193084","3","3","5","01","14","5","","0","1","1","0","0"
"POINT (8.665658060000055 50.102429941000025)","Unfall 193099 (2023) Kat:3, Licht: 0","193099","3","6","4","03","09","2","","0","0","1","0","1"
"POINT (8.537836319000064 50.104528432000052)","Unfall 193125 (2023) Kat:3, Licht: 2","193125","3","2","6","02","18","5","","2","0","1","1","0"
"POINT (8.644001016000061 50.121054123000079)","Unfall 193126 (2023) Kat:3, Licht: 2","193126","3","2","6","01","18","2","","2","0","1","1","0"
"POINT (8.696472034000067 50.126640257000076)","Unfall 193128 (2023) Kat:3, Licht: 0","193128","3","6","4","01","14","2","","0","1","0","0","0"
"POINT (8.616430052000055 50.166426960000081)","Unfall 193140 (2023) Kat:2, Licht: 2","193140","2","7","0","01","00","7","","2","1","0","0","0"
"POINT (8.677191473000050 50.089881920000039)","Unfall 193141 (2023) Kat:3, Licht: 2","193141","3","1","1","01","05","7","","2","0","1","0","0"
"POINT (8.672551544000044 50.105949720000069)","Unfall 193142 (2023) Kat:3, Licht: 2","193142","3","4","6","01","19","7","","2","0","1","1","0"
"POINT (8.616111341000021 50.148360109000066)","Unfall 193149 (2023) Kat:2, Licht: 0","193149","2","3","5","01","12","6","","0","0","1","0","0"
"POINT (8.497952316000067 50.095068643000047)","Unfall 193158 (2023) Kat:3, Licht: 2","193158","3","3","5","01","05","5","","2","0","1","0","1"
"POINT (8.546850685000038 50.100895924000042)","Unfall 193159 (2023) Kat:3, Licht: 0","193159","3","3","5","01","15","5","","0","0","1","0","0"
"POINT (8.597257359000025 50.095160201000056)","Unfall 193160 (2023) Kat:3, Licht: 2","193160","3","2","5","01","18","5","","2","0","1","0","0"
"POINT (8.681892002000041 50.148040005000041)","Unfall 193162 (2023) Kat:2, Licht: 0","193162","2","3","5","01","12","5","","0","1","1","0","0"
"POINT (8.663381392000076 50.101568935000046)","Unfall 193163 (2023) Kat:3, Licht: 2","193163","3","3","5","01","01","5","","2","0","1","0","0"
"POINT (8.542626173000031 50.101857892000055)","Unfall 193170 (2023) Kat:3, Licht: 2","193170","3","4","6","01","19","4","","2","0","1","1","0"
"POINT (8.684548560000053 50.128191979000064)","Unfall 193171 (2023) Kat:3, Licht: 2","193171","3","3","5","01","21","4","","2","0","1","0","0"
"POINT (8.675953752000055 50.107573154000079)","Unfall 193172 (2023) Kat:3, Licht: 2","193172","3","4","6","01","05","4","","2","0","1","1","0"
"POINT (8.592266465000023 50.098835856000051)","Unfall 193184 (2023) Kat:3, Licht: 0","193184","3","2","6","01","11","3","","0","0","1","1","0"
"POINT (8.698868666000067 50.121776301000068)","Unfall 193185 (2023) Kat:3, Licht: 2","193185","3","2","4","01","19","3","","2","1","1","0","0"
"POINT (8.676436664000050 50.132233220000046)","Unfall 193199 (2023) Kat:3, Licht: 2","193199","3","2","6","01","20","2","","2","0","0","1","0"
"POINT (8.768695943000068 50.121203520000051)","Unfall 193206 (2023) Kat:3, Licht: 2","193206","3","3","5","01","22","2","","2","0","1","0","1"
"POINT (8.771255026000063 50.121946672000036)","Unfall 193207 (2023) Kat:3, Licht: 2","193207","3","7","6","01","16","2","","2","0","1","1","0"
"POINT (8.656507244000068 50.149057254000070)","Unfall 193245 (2023) Kat:3, Licht: 0","193245","3","4","6","02","15","3","","0","0","1","1","0"
"POINT (8.680711029000065 50.101708228000064)","Unfall 193250 (2023) Kat:3, Licht: 0","193250","3","1","0","01","09","3","","0","0","0","0","1"
"POINT (8.671721547000061 50.118904079000060)","Unfall 193260 (2023) Kat:3, Licht: 2","193260","3","4","6","05","22","3","","2","1","0","1","0"
"POINT (8.682180610000046 50.125818753000033)","Unfall 193261 (2023) Kat:3, Licht: 0","193261","3","6","2","05","18","3","","0","1","1","0","0"
"POINT (8.551678143000061 50.104782021000062)","Unfall 193276 (2023) Kat:3, Licht: 0","193276","3","1","0","05","15","2","","0","1","0","0","0"
"POINT (8.655123686000024 50.159197117000076)","Unfall 193277 (2023) Kat:3, Licht: 0","193277","3","7","0","05","10","2","","0","0","1","0","0"
"POINT (8.697901000000059 50.121323628000027)","Unfall 193278 (2023) Kat:3, Licht: 0","193278","3","7","6","05","07","2","","0","0","0","1","0"
"POINT (8.686713473000054 50.118370110000058)","Unfall 193279 (2023) Kat:3, Licht: 0","193279","3","6","3","05","18","2","","0","1","1","0","0"
"POINT (8.651446380000039 50.098223581000070)","Unfall 193291 (2023) Kat:3, Licht: 2","193291","3","6","4","05","22","1","","2","1","0","0","0"
"POINT (8.699366506000047 50.112583787000062)","Unfall 193308 (2023) Kat:3, Licht: 0","193308","3","6","0","05","15","7","","0","1","0","0","0"
"POINT (8.662699404000023 50.105341751000026)","Unfall 193309 (2023) Kat:3, Licht: 0","193309","3","4","6","05","11","7","","0","0","1","1","0"
"POINT (8.669823955000027 50.115550408000047)","Unfall 193310 (2023) Kat:3, Licht: 2","193310","3","1","0","05","01","7","","2","0","0","0","0"
"POINT (8.645981692000021 50.122485746000052)","Unfall 193323 (2023) Kat:3, Licht: 0","193323","3","4","6","05","16","6","","0","0","0","1","0"
"POINT (8.684271393000074 50.151449348000028)","Unfall 193324 (2023) Kat:3, Licht: 0","193324","3","3","5","05","12","6","","0","1","1","0","0"
"POINT (8.724066309000023 50.127117846000033)","Unfall 193325 (2023) Kat:3, Licht: 0","193325","3","2","6","05","11","6","","0","0","0","1","0"
"POINT (8.705957617000024 50.114340455000047)","Unfall 193326 (2023) Kat:3, Licht: 0","193326","3","4","0","05","12","6","","0","1","1","1","0"
"POINT (8.572980834000020 50.051502648000053)","Unfall 193333 (2023) Kat:3, Licht: 2","193333","3","7","6","05","23","5","","2","0","1","1","0"
"POINT (8.588366698000073 50.124086342000055)","Unfall 193336 (2023) Kat:3, Licht: 0","193336","3","7","0","05","17","5","","0","0","0","1","0"
"POINT (8.643777678000049 50.114128655000059)","Unfall 193337 (2023) Kat:3, Licht: 0","193337","3","2","4","05","18","5","","0","1","1","0","0"
"POINT (8.669474838000042 50.112043198000038)","Unfall 193338 (2023) Kat:2, Licht: 0","193338","2","3","5","05","19","5","","0","1","1","0","0"
"POINT (8.516750318000049 50.081210022000050)","Unfall 193361 (2023) Kat:3, Licht: 0","193361","3","4","6","05","17","4","","0","0","1","1","0"
"POINT (8.698220728000024 50.131160370000032)","Unfall 193362 (2023) Kat:3, Licht: 0","193362","3","5","0","05","07","4","","0","1","1","0","0"
"POINT (8.665166526000064 50.121939156000053)","Unfall 193363 (2023) Kat:3, Licht: 0","193363","3","3","5","05","15","4","","0","1","1","0","0"
"POINT (8.669953061000058 50.122749982000073)","Unfall 193364 (2023) Kat:3, Licht: 0","193364","3","3","5","05","10","4","","0","1","1","0","0"
"POINT (8.669413922000047 50.115733572000067)","Unfall 193365 (2023) Kat:3, Licht: 0","193365","3","6","2","05","18","4","","0","1","1","0","0"
"POINT (8.656072030000075 50.108585152000046)","Unfall 193386 (2023) Kat:3, Licht: 0","193386","3","5","1","05","18","3","","0","1","1","0","0"
"POINT (8.650365257000033 50.113849320000043)","Unfall 193387 (2023) Kat:3, Licht: 2","193387","3","7","5","05","22","3","","2","1","1","0","0"
"POINT (8.546669567000038 50.080619433000038)","Unfall 193388 (2023) Kat:3, Licht: 0","193388","3","6","3","05","14","3","","0","0","1","0","0"
"POINT (8.723025711000048 50.123623274000067)","Unfall 193389 (2023) Kat:3, Licht: 0","193389","3","7","1","05","17","3","","0","0","1","0","1"
"POINT (8.582470235000073 50.123971616000063)","Unfall 193403 (2023) Kat:3, Licht: 0","193403","3","4","6","05","18","2","","0","0","1","1","0"
"POINT (8.617540086000076 50.107759826000063)","Unfall 193404 (2023) Kat:3, Licht: 0","193404","3","3","5","05","16","2","","0","1","1","0","0"
"POINT (8.621504762000029 50.125949525000067)","Unfall 193405 (2023) Kat:3, Licht: 0","193405","3","1","0","05","08","2","","0","0","0","0","0"
"POINT (8.688189299000044 50.117497625000055)","Unfall 193406 (2023) Kat:3, Licht: 0","193406","3","1","0","05","08","2","","0","0","0","0","0"
"POINT (8.603354719000038 50.100319866000063)","Unfall 193422 (2023) Kat:3, Licht: 2","193422","3","6","2","05","21","1","","2","0","1","0","0"
"POINT (8.613606160000074 50.091109435000078)","Unfall 193423 (2023) Kat:2, Licht: 0","193423","2","3","5","05","08","1","","0","0","1","0","0"
"POINT (8.656202940000071 50.116454499000042)","Unfall 193424 (2023) Kat:3, Licht: 0","193424","3","3","5","05","17","1","","0","1","1","0","0"
"POINT (8.724323699000024 50.114307654000072)","Unfall 193425 (2023) Kat:3, Licht: 0","193425","3","2","2","05","18","1","","0","0","1","0","1"
"POINT (8.517149222000057 50.080608228000074)","Unfall 193443 (2023) Kat:3, Licht: 1","193443","3","3","5","05","20","7","","1","1","1","0","0"
"POINT (8.651471575000073 50.189064917000053)","Unfall 193444 (2023) Kat:3, Licht: 0","193444","3","6","2","05","13","7","","0","0","1","0","1"
"POINT (8.645026228000063 50.165950145000068)","Unfall 193445 (2023) Kat:3, Licht: 0","193445","3","6","2","05","10","7","","0","1","1","0","0"
"POINT (8.655423492000068 50.141561634000027)","Unfall 193446 (2023) Kat:3, Licht: 0","193446","3","5","0","05","10","7","","0","1","1","0","0"
"POINT (8.691001171000039 50.104137481000066)","Unfall 193447 (2023) Kat:3, Licht: 2","193447","3","6","4","05","01","7","","2","1","1","0","0"
"POINT (8.770552507000048 50.122330595000051)","Unfall 193454 (2023) Kat:3, Licht: 0","193454","3","3","5","05","10","7","","0","0","1","0","1"
"POINT (8.539842124000074 50.100606289000041)","Unfall 193458 (2023) Kat:3, Licht: 0","193458","3","3","5","05","16","6","","0","1","1","0","0"
"POINT (8.634532814000067 50.156052356000032)","Unfall 193459 (2023) Kat:3, Licht: 0","193459","3","6","2","05","08","6","","0","0","1","0","0"
"POINT (8.694348839000043 50.139018247000081)","Unfall 193460 (2023) Kat:3, Licht: 0","193460","3","3","5","05","07","6","","0","0","1","0","1"
"POINT (8.658277058000067 50.103373790000035)","Unfall 193461 (2023) Kat:3, Licht: 1","193461","3","6","0","05","06","6","","1","0","1","0","1"
"POINT (8.660353547000057 50.100783947000082)","Unfall 193462 (2023) Kat:3, Licht: 0","193462","3","6","0","05","09","6","","0","0","1","0","1"
"POINT (8.586789355000064 50.057562629000074)","Unfall 193475 (2023) Kat:3, Licht: 1","193475","3","3","5","05","17","5","","1","0","1","0","0"
"POINT (8.646235787000023 50.134783220000031)","Unfall 193478 (2023) Kat:3, Licht: 0","193478","3","3","5","05","19","5","","0","1","1","0","0"
"POINT (8.623724993000053 50.121058347000030)","Unfall 193479 (2023) Kat:3, Licht: 0","193479","3","3","5","05","18","5","","0","0","1","0","0"
"POINT (8.668293577000043 50.108355362000054)","Unfall 193480 (2023) Kat:3, Licht: 0","193480","3","2","6","05","15","5","","0","0","1","1","0"
"POINT (8.754210328000056 50.157398238000042)","Unfall 193493 (2023) Kat:3, Licht: 0","193493","3","3","5","05","13","5","","0","0","1","0","0"
"POINT (8.572009739000066 50.124290431000077)","Unfall 193498 (2023) Kat:2, Licht: 0","193498","2","6","2","05","15","4","","0","1","1","0","0"
"POINT (8.646475432000045 50.128751677000082)","Unfall 193499 (2023) Kat:3, Licht: 0","193499","3","4","6","05","11","4","","0","1","0","1","0"
"POINT (8.668372726000030 50.132637583000076)","Unfall 193500 (2023) Kat:3, Licht: 0","193500","3","7","4","05","12","4","","0","0","1","0","0"
"POINT (8.652514655000061 50.094187716000079)","Unfall 193501 (2023) Kat:3, Licht: 0","193501","3","6","2","05","20","4","","0","0","1","0","0"
"POINT (8.660747860000072 50.096684095000057)","Unfall 193502 (2023) Kat:3, Licht: 0","193502","3","6","2","05","13","4","","0","0","1","0","0"
"POINT (8.695509432000051 50.128914786000053)","Unfall 193503 (2023) Kat:3, Licht: 0","193503","3","3","5","05","07","4","","0","1","1","0","0"
"POINT (8.637447550000047 50.104062694000049)","Unfall 193504 (2023) Kat:3, Licht: 2","193504","3","3","5","05","21","4","","2","0","0","0","0"
"POINT (8.665748177000069 50.107708008000031)","Unfall 193505 (2023) Kat:3, Licht: 0","193505","3","5","1","05","12","4","","0","1","0","0","0"
"POINT (8.695155806000059 50.059638623000069)","Unfall 193509 (2023) Kat:3, Licht: 0","193509","3","6","2","05","20","4","","0","1","1","0","0"
"POINT (8.507591689000037 50.083481769000059)","Unfall 193527 (2023) Kat:3, Licht: 0","193527","3","7","2","05","09","3","","0","0","1","0","0"
"POINT (8.636588110000048 50.175020360000076)","Unfall 193528 (2023) Kat:3, Licht: 0","193528","3","3","5","05","13","3","","0","1","1","0","0"
"POINT (8.607453210000074 50.134115356000052)","Unfall 193529 (2023) Kat:3, Licht: 0","193529","3","4","6","05","14","3","","0","0","1","1","0"
"POINT (8.635783823000054 50.104435934000037)","Unfall 193530 (2023) Kat:3, Licht: 0","193530","3","5","0","05","14","3","","0","0","1","0","1"
"POINT (8.683600825000042 50.114054183000064)","Unfall 193531 (2023) Kat:3, Licht: 0","193531","3","4","6","05","18","3","","0","1","0","1","0"
"POINT (8.692508049000025 50.110267251000039)","Unfall 193532 (2023) Kat:2, Licht: 0","193532","2","4","6","05","08","3","","0","0","1","1","0"
"POINT (8.592889261000039 50.097639447000063)","Unfall 193556 (2023) Kat:3, Licht: 0","193556","3","5","1","05","06","2","","0","1","1","0","0"
"POINT (8.647584529000028 50.156524087000037)","Unfall 193557 (2023) Kat:3, Licht: 2","193557","3","5","1","05","23","2","","2","1","1","0","0"
"POINT (8.634300664000023 50.112744197000040)","Unfall 193558 (2023) Kat:2, Licht: 0","193558","2","7","6","05","19","2","","0","0","1","1","0"
"POINT (8.649247262000074 50.159546737000028)","Unfall 193573 (2023) Kat:3, Licht: 0","193573","3","6","4","05","16","1","","0","1","1","0","0"
"POINT (8.667553369000075 50.148311501000080)","Unfall 193574 (2023) Kat:3, Licht: 0","193574","3","3","5","05","17","1","","0","1","1","0","0"
"POINT (8.546198856000046 50.080579208000074)","Unfall 193575 (2023) Kat:2, Licht: 0","193575","2","6","2","05","18","1","","0","0","1","0","1"
"POINT (8.667580080000050 50.107279266000035)","Unfall 193576 (2023) Kat:3, Licht: 1","193576","3","2","0","05","20","1","","1","1","1","0","0"
"POINT (8.686347228000045 50.123734888000058)","Unfall 193577 (2023) Kat:2, Licht: 1","193577","2","2","2","05","20","1","","1","0","1","0","1"
"POINT (8.696592776000045 50.115800082000078)","Unfall 193586 (2023) Kat:3, Licht: 0","193586","3","6","2","05","12","7","","0","1","1","0","0"
"POINT (8.684932494000066 50.109413477000032)","Unfall 193603 (2023) Kat:3, Licht: 0","193603","3","1","0","05","19","7","","0","1","0","0","0"
"POINT (8.599239200000056 50.095196423000061)","Unfall 193604 (2023) Kat:1, Licht: 0","193604","1","3","5","05","11","6","","0","1","1","0","0"
"POINT (8.627176829000064 50.164474168000027)","Unfall 193605 (2023) Kat:3, Licht: 0","193605","3","3","5","05","08","6","","0","1","1","0","0"
"POINT (8.654815045000021 50.116529355000068)","Unfall 193607 (2023) Kat:3, Licht: 0","193607","3","2","4","05","17","6","","0","1","1","0","0"
"POINT (8.656740599000045 50.150692785000047)","Unfall 193608 (2023) Kat:3, Licht: 0","193608","3","3","0","05","17","6","","0","1","0","0","1"
"POINT (8.608820175000062 50.125137962000053)","Unfall 193609 (2023) Kat:2, Licht: 0","193609","2","3","5","05","14","6","","0","0","1","0","0"
"POINT (8.656750538000040 50.107778821000068)","Unfall 193610 (2023) Kat:3, Licht: 0","193610","3","2","6","05","14","6","","0","0","1","1","0"
"POINT (8.683310453000047 50.128545189000079)","Unfall 193611 (2023) Kat:3, Licht: 0","193611","3","2","4","05","08","6","","0","1","1","0","0"
"POINT (8.616031462000024 50.166173596000078)","Unfall 193631 (2023) Kat:3, Licht: 0","193631","3","3","5","05","15","5","","0","1","1","0","0"