WKT,Name,OBJECTID,UKATEGORIE,UTYP1,UART,UMONAT,USTUNDE,UWOCHENTAG,STRZUSTAND,ULICHTVERH,ISTRAD,ISTPKW,ISTFUSS,ISTKRAD
"POINT (8.691872507000028 50.126220972000056)","Unfall 193632 (2023) Kat:2, Licht: 2","193632","2","3","5","05","21","5","","2","1","1","0","0"
"POINT (8.679724403000023 50.119208948000050)","Unfall 193633 (2023) Kat:3, Licht: 0","193633","3","5","1","05","11","5","","0","1","0","0","0"
"POINT (8.544978494000077 50.101166489000036)","Unfall 193658 (2023) Kat:2, Licht: 0","193658","2","3","5","05","17","4","","0","0","1","0","1"
"POINT (8.675650967000024 50.120901370000070)","Unfall 193659 (2023) Kat:3, Licht: 0","193659","3","2","3","05","09","4","","0","1","0","0","0"
"POINT (8.687022925000065 50.119897243000025)","Unfall 193660 (2023) Kat:3, Licht: 0","193660","3","6","2","05","09","4","","0","0","1","0","1"
"POINT (8.677464164000071 50.116543722000074)","Unfall 193661 (2023) Kat:3, Licht: 0","193661","3","6","2","05","17","4","","0","0","1","0","0"
"POINT (8.614567673000067 50.113363190000030)","Unfall 193682 (2023) Kat:2, Licht: 0","193682","2","3","5","05","15","3","","0","0","1","0","1"
"POINT (8.656990735000022 50.157831700000031)","Unfall 193683 (2023) Kat:3, Licht: 0","193683","3","4","6","05","09","3","","0","0","1","1","0"
"POINT (8.702251840000031 50.124900883000066)","Unfall 193684 (2023) Kat:3, Licht: 0","193684","3","4","6","05","18","3","","0","1","0","1","0"
"POINT (8.698470057000065 50.119697660000043)","Unfall 193685 (2023) Kat:2, Licht: 0","193685","2","4","6","05","16","3","","0","1","0","1","0"
"POINT (8.664232133000041 50.120185532000050)","Unfall 193686 (2023) Kat:3, Licht: 0","193686","3","1","0","05","12","3","","0","0","1","1","0"
"POINT (8.690221494000070 50.103927349000060)","Unfall 193692 (2023) Kat:3, Licht: 0","193692","3","7","0","05","09","3","","0","1","0","0","0"
"POINT (8.748159145000045 50.122079900000074)","Unfall 193697 (2023) Kat:3, Licht: 2","193697","3","6","2","05","22","3","","2","0","1","0","0"
"POINT (8.684265331000063 50.150134379000065)","Unfall 193699 (2023) Kat:2, Licht: 2","193699","2","5","1","05","05","2","","2","0","1","0","0"
"POINT (8.701548562000028 50.118287081000062)","Unfall 193700 (2023) Kat:3, Licht: 0","193700","3","6","2","05","11","2","","0","1","1","0","0"
"POINT (8.685789695000040 50.126381540000068)","Unfall 193701 (2023) Kat:3, Licht: 0","193701","3","2","6","05","14","2","","0","0","1","1","0"
"POINT (8.675866877000033 50.112625632000061)","Unfall 193702 (2023) Kat:3, Licht: 0","193702","3","7","2","05","18","2","","0","1","1","0","0"
"POINT (8.694645174000073 50.098047479000059)","Unfall 193716 (2023) Kat:3, Licht: 0","193716","3","7","1","04","11","1","","0","0","1","1","1"
"POINT (8.685626058000025 50.118361885000070)","Unfall 193717 (2023) Kat:3, Licht: 0","193717","3","3","5","04","16","1","","0","1","1","0","0"
"POINT (8.537810749000073 50.104617804000043)","Unfall 193729 (2023) Kat:3, Licht: 1","193729","3","2","2","04","20","7","","1","0","1","0","1"
"POINT (8.646165865000057 50.113979750000055)","Unfall 193730 (2023) Kat:3, Licht: 0","193730","3","6","2","04","16","7","","0","0","1","0","0"
"POINT (8.640751875000035 50.068924752000044)","Unfall 193731 (2023) Kat:3, Licht: 0","193731","3","7","0","04","15","7","","0","0","1","0","0"
"POINT (8.655881276000059 50.107362047000038)","Unfall 193732 (2023) Kat:3, Licht: 1","193732","3","6","2","04","20","7","","1","0","1","0","0"
"POINT (8.673904508000021 50.114040115000080)","Unfall 193733 (2023) Kat:3, Licht: 0","193733","3","6","0","04","13","7","","0","1","1","0","0"
"POINT (8.589079430000027 50.053021110000032)","Unfall 193742 (2023) Kat:3, Licht: 2","193742","3","6","3","04","21","6","","2","0","1","0","1"
"POINT (8.662557026000059 50.118271979000042)","Unfall 193745 (2023) Kat:3, Licht: 1","193745","3","1","0","04","20","6","","1","0","0","0","0"
"POINT (8.670802641000023 50.121463557000027)","Unfall 193746 (2023) Kat:3, Licht: 0","193746","3","5","1","04","15","6","","0","1","1","0","0"
"POINT (8.688117522000027 50.143048341000053)","Unfall 193761 (2023) Kat:3, Licht: 0","193761","3","2","3","04","08","5","","0","0","1","0","0"
"POINT (8.651478113000053 50.088511063000055)","Unfall 193762 (2023) Kat:3, Licht: 0","193762","3","2","5","04","18","5","","0","0","1","0","0"
"POINT (8.666919324000048 50.112024101000031)","Unfall 193763 (2023) Kat:3, Licht: 0","193763","3","6","2","04","18","5","","0","0","1","0","0"
"POINT (8.679832775000023 50.117123314000025)","Unfall 193764 (2023) Kat:2, Licht: 2","193764","2","3","5","04","19","5","","2","0","1","0","1"
"POINT (8.688409992000061 50.109558151000044)","Unfall 193765 (2023) Kat:2, Licht: 0","193765","2","6","4","04","07","5","","0","0","1","0","1"
"POINT (8.634029743000042 50.155943766000064)","Unfall 193780 (2023) Kat:3, Licht: 0","193780","3","3","5","04","17","4","","0","0","1","0","1"
"POINT (8.637138671000059 50.108094404000042)","Unfall 193781 (2023) Kat:3, Licht: 0","193781","3","2","3","04","09","4","","0","0","1","0","0"
"POINT (8.623985312000059 50.080700710000031)","Unfall 193782 (2023) Kat:3, Licht: 0","193782","3","6","2","04","09","4","","0","0","1","0","0"
"POINT (8.629613496000047 50.105304477000061)","Unfall 193783 (2023) Kat:3, Licht: 0","193783","3","3","5","04","12","4","","0","0","0","0","1"
"POINT (8.763725550000061 50.114987512000027)","Unfall 193792 (2023) Kat:3, Licht: 0","193792","3","6","2","04","14","4","","0","0","1","0","0"
"POINT (8.539108817000056 50.111885801000028)","Unfall 193797 (2023) Kat:3, Licht: 0","193797","3","6","3","04","15","3","","0","0","1","0","1"
"POINT (8.582234032000031 50.106677807000040)","Unfall 193798 (2023) Kat:3, Licht: 1","193798","3","3","5","04","05","3","","1","0","1","0","0"
"POINT (8.666286467000020 50.097765465000066)","Unfall 193799 (2023) Kat:3, Licht: 2","193799","3","7","6","04","04","3","","2","0","0","1","0"
"POINT (8.690290083000036 50.100200716000074)","Unfall 193800 (2023) Kat:3, Licht: 0","193800","3","6","3","04","19","3","","0","0","1","0","1"
"POINT (8.594274038000037 50.096448563000081)","Unfall 193818 (2023) Kat:3, Licht: 0","193818","3","3","5","04","13","2","","0","0","1","0","0"
"POINT (8.661763752000070 50.155192998000075)","Unfall 193819 (2023) Kat:3, Licht: 0","193819","3","3","5","04","14","2","","0","1","1","0","0"
"POINT (8.689045701000055 50.098042628000030)","Unfall 193820 (2023) Kat:3, Licht: 0","193820","3","6","4","04","08","2","","0","1","1","0","0"
"POINT (8.659512906000032 50.119124252000063)","Unfall 193821 (2023) Kat:3, Licht: 0","193821","3","6","3","04","14","2","","0","0","0","0","0"
"POINT (8.649352397000030 50.114314753000031)","Unfall 193831 (2023) Kat:3, Licht: 0","193831","3","6","0","04","16","1","","0","0","1","0","0"
"POINT (8.667542449000052 50.148337166000033)","Unfall 193832 (2023) Kat:3, Licht: 0","193832","3","7","5","04","18","1","","0","0","1","0","0"
"POINT (8.680250324000042 50.149063398000067)","Unfall 193833 (2023) Kat:3, Licht: 0","193833","3","5","1","04","10","1","","0","1","1","0","0"
"POINT (8.670182840000052 50.107913432000032)","Unfall 193834 (2023) Kat:2, Licht: 0","193834","2","7","5","04","17","1","","0","1","1","0","0"
"POINT (8.647688902000027 50.186793921000060)","Unfall 193845 (2023) Kat:3, Licht: 0","193845","3","2","5","04","17","7","","0","0","1","0","0"
"POINT (8.768523822000077 50.125881718000073)","Unfall 193858 (2023) Kat:3, Licht: 0","193858","3","7","0","04","16","7","","0","0","0","0","0"
"POINT (8.629440590000058 50.133454285000028)","Unfall 193862 (2023) Kat:3, Licht: 0","193862","3","3","5","04","12","6","","0","1","0","0","0"
"POINT (8.673321650000048 50.102744009000048)","Unfall 193863 (2023) Kat:3, Licht: 0","193863","3","3","5","04","10","6","","0","1","0","0","0"
"POINT (8.688220032000061 50.111367060000077)","Unfall 193864 (2023) Kat:3, Licht: 0","193864","3","2","3","04","19","6","","0","1","1","0","0"
"POINT (8.586080664000065 50.054297833000078)","Unfall 193876 (2023) Kat:3, Licht: 0","193876","3","6","2","04","06","5","","0","0","1","0","0"
"POINT (8.688020645000051 50.114770413000031)","Unfall 193878 (2023) Kat:3, Licht: 0","193878","3","2","0","05","19","5","","0","1","1","0","0"
"POINT (8.653101263000053 50.136193067000079)","Unfall 193883 (2023) Kat:3, Licht: 0","193883","3","6","2","04","09","5","","0","0","1","0","0"
"POINT (8.646773860000053 50.136977407000074)","Unfall 193884 (2023) Kat:3, Licht: 0","193884","3","6","0","04","17","5","","0","0","0","0","0"
"POINT (8.617572035000023 50.124316021000027)","Unfall 193885 (2023) Kat:3, Licht: 0","193885","3","3","5","04","09","5","","0","1","1","0","0"
"POINT (8.684467652000023 50.105031162000046)","Unfall 193886 (2023) Kat:3, Licht: 0","193886","3","3","5","04","15","5","","0","0","1","0","0"
"POINT (8.681252564000033 50.123087599000030)","Unfall 193887 (2023) Kat:3, Licht: 2","193887","3","2","4","04","22","5","","2","1","1","0","0"
"POINT (8.687875573000042 50.126852946000042)","Unfall 193888 (2023) Kat:3, Licht: 0","193888","3","1","0","04","08","5","","0","1","0","0","0"
"POINT (8.676759694000054 50.111716182000066)","Unfall 193889 (2023) Kat:3, Licht: 0","193889","3","5","1","04","15","5","","0","0","1","0","0"
"POINT (8.687814215000060 50.098927533000051)","Unfall 193902 (2023) Kat:3, Licht: 0","193902","3","4","6","04","17","4","","0","0","1","1","0"
"POINT (8.672466836000069 50.108633873000031)","Unfall 193903 (2023) Kat:3, Licht: 0","193903","3","3","5","04","19","4","","0","0","1","0","0"
"POINT (8.676158089000069 50.112943821000044)","Unfall 193904 (2023) Kat:3, Licht: 0","193904","3","7","0","04","13","4","","0","1","0","0","0"
"POINT (8.679191849000063 50.111735096000075)","Unfall 193905 (2023) Kat:3, Licht: 1","193905","3","3","5","04","06","4","","1","1","1","0","0"
"POINT (8.638510752000059 50.115767287000040)","Unfall 193923 (2023) Kat:3, Licht: 2","193923","3","4","6","04","23","3","","2","0","1","1","0"
"POINT (8.679922114000021 50.098625912000045)","Unfall 193924 (2023) Kat:3, Licht: 0","193924","3","2","3","04","16","3","","0","1","1","0","0"
"POINT (8.701405103000070 50.136604610000063)","Unfall 193925 (2023) Kat:3, Licht: 0","193925","3","6","4","04","07","3","","0","0","0","0","0"
"POINT (8.514810749000048 50.086101960000065)","Unfall 193939 (2023) Kat:3, Licht: 0","193939","3","1","9","04","09","2","","0","0","1","0","0"
"POINT (8.697170863000053 50.153705788000082)","Unfall 193940 (2023) Kat:3, Licht: 0","193940","3","3","5","04","15","2","","0","0","1","0","0"
"POINT (8.687372393000032 50.110011712000073)","Unfall 193941 (2023) Kat:3, Licht: 1","193941","3","6","4","04","19","2","","1","0","0","1","1"
"POINT (8.755971673000033 50.149577950000037)","Unfall 193944 (2023) Kat:3, Licht: 0","193944","3","7","0","05","19","5","","0","1","0","0","0"
"POINT (8.747397234000061 50.144041249000054)","Unfall 193952 (2023) Kat:3, Licht: 0","193952","3","6","2","04","12","2","","0","1","1","0","0"
"POINT (8.647651959000029 50.118624100000034)","Unfall 193958 (2023) Kat:2, Licht: 2","193958","2","7","0","04","01","1","","2","0","0","0","0"
"POINT (8.646904552000024 50.126819298000044)","Unfall 193959 (2023) Kat:3, Licht: 2","193959","3","3","5","04","01","1","","2","0","1","0","0"
"POINT (8.690378777000035 50.103451534000044)","Unfall 193967 (2023) Kat:3, Licht: 0","193967","3","7","0","04","16","7","","0","0","1","0","0"
"POINT (8.669628296000042 50.111865820000048)","Unfall 193968 (2023) Kat:3, Licht: 0","193968","3","3","5","04","17","7","","0","1","1","0","0"
"POINT (8.695933017000073 50.126591017000067)","Unfall 193969 (2023) Kat:2, Licht: 2","193969","2","5","1","04","23","7","","2","0","1","0","0"
"POINT (8.763733653000031 50.126238981000029)","Unfall 193981 (2023) Kat:3, Licht: 0","193981","3","3","5","04","10","6","","0","0","1","0","0"
"POINT (8.668613236000056 50.148408282000048)","Unfall 193984 (2023) Kat:3, Licht: 1","193984","3","3","0","04","06","5","","1","0","1","0","0"
"POINT (8.604107454000030 50.081759820000059)","Unfall 193986 (2023) Kat:3, Licht: 2","193986","3","3","5","04","20","5","","2","0","1","0","0"
"POINT (8.680757444000051 50.101709681000045)","Unfall 193987 (2023) Kat:2, Licht: 2","193987","2","3","5","04","02","5","","2","1","0","0","0"
"POINT (8.646844808000026 50.126806373000079)","Unfall 193996 (2023) Kat:3, Licht: 0","193996","3","3","5","04","11","4","","0","0","1","0","0"
"POINT (8.667370653000035 50.137617921000071)","Unfall 193997 (2023) Kat:3, Licht: 2","193997","3","2","6","04","21","4","","2","0","1","1","0"
"POINT (8.674120943000048 50.123999499000035)","Unfall 193998 (2023) Kat:3, Licht: 0","193998","3","3","5","04","12","4","","0","0","1","0","0"
"POINT (8.686428280000030 50.120118672000046)","Unfall 194000 (2023) Kat:3, Licht: 0","194000","3","3","5","04","09","4","","0","1","0","0","0"
"POINT (8.681292637000070 50.123351488000026)","Unfall 194005 (2023) Kat:3, Licht: 2","194005","3","1","1","04","21","7","","2","0","1","0","0"
"POINT (8.656805233000057 50.081308225000043)","Unfall 194028 (2023) Kat:3, Licht: 0","194028","3","6","2","05","16","2","","0","0","1","0","0"
"POINT (8.617738501000076 50.105585291000068)","Unfall 194029 (2023) Kat:3, Licht: 2","194029","3","3","0","04","23","1","","2","0","1","0","1"
"POINT (8.634946462000073 50.158350265000081)","Unfall 194038 (2023) Kat:3, Licht: 0","194038","3","3","0","04","11","7","","0","0","0","0","0"
"POINT (8.646246892000022 50.122401395000054)","Unfall 194039 (2023) Kat:3, Licht: 0","194039","3","4","6","04","14","7","","0","0","0","1","0"
"POINT (8.671762556000033 50.113400423000030)","Unfall 194047 (2023) Kat:3, Licht: 0","194047","3","6","0","04","14","6","","0","0","1","0","1"
"POINT (8.742673310000043 50.131859643000041)","Unfall 194050 (2023) Kat:3, Licht: 2","194050","3","7","6","04","04","6","","2","0","1","1","0"
"POINT (8.615012703000048 50.096579821000034)","Unfall 194053 (2023) Kat:3, Licht: 0","194053","3","2","2","04","18","5","","0","0","1","0","1"
"POINT (8.670092867000051 50.114423105000071)","Unfall 194054 (2023) Kat:3, Licht: 0","194054","3","6","3","04","11","5","","0","0","1","0","0"
"POINT (8.670127457000035 50.138565365000034)","Unfall 194055 (2023) Kat:2, Licht: 0","194055","2","2","3","04","17","5","","0","1","0","0","0"
"POINT (8.670933435000052 50.107302700000048)","Unfall 194056 (2023) Kat:3, Licht: 2","194056","3","7","5","04","21","5","","2","0","1","0","0"
"POINT (8.669597492000037 50.133051609000063)","Unfall 194068 (2023) Kat:3, Licht: 0","194068","3","4","6","04","17","5","","0","0","1","1","0"
"POINT (8.543674348000025 50.099446102000059)","Unfall 194074 (2023) Kat:3, Licht: 0","194074","3","3","5","04","10","4","","0","0","1","0","0"
"POINT (8.621737408000058 50.124226370000031)","Unfall 194075 (2023) Kat:3, Licht: 0","194075","3","3","5","04","19","4","","0","1","1","0","0"
"POINT (8.677839411000036 50.105374282000071)","Unfall 194076 (2023) Kat:3, Licht: 0","194076","3","2","2","04","12","4","","0","1","1","0","0"
"POINT (8.681461985000055 50.094430529000078)","Unfall 194077 (2023) Kat:3, Licht: 0","194077","3","4","6","04","09","4","","0","0","1","1","0"
"POINT (8.686743273000047 50.097902489000035)","Unfall 194078 (2023) Kat:3, Licht: 0","194078","3","7","5","04","07","4","","0","1","1","0","0"
"POINT (8.695542837000062 50.120220417000041)","Unfall 194079 (2023) Kat:3, Licht: 0","194079","3","2","5","04","17","4","","0","1","1","0","0"
"POINT (8.683776886000032 50.097964926000031)","Unfall 194098 (2023) Kat:3, Licht: 0","194098","3","6","3","04","06","3","","0","0","0","0","0"
"POINT (8.757793614000036 50.129010516000051)","Unfall 194120 (2023) Kat:3, Licht: 2","194120","3","6","3","04","06","2","","2","0","1","0","0"
"POINT (8.648955221000051 50.087112761000071)","Unfall 194121 (2023) Kat:3, Licht: 0","194121","3","2","5","04","10","1","","0","1","1","0","0"
"POINT (8.666329350000069 50.139103049000028)","Unfall 194126 (2023) Kat:3, Licht: 2","194126","3","5","1","04","02","7","","2","0","1","0","0"
"POINT (8.662472307000030 50.101159279000058)","Unfall 194127 (2023) Kat:3, Licht: 2","194127","3","6","3","04","23","7","","2","0","1","0","0"
"POINT (8.671697772000073 50.112556176000055)","Unfall 194142 (2023) Kat:3, Licht: 0","194142","3","6","6","03","14","6","","0","0","0","1","0"
"POINT (8.678447309000035 50.114062241000056)","Unfall 194159 (2023) Kat:1, Licht: 0","194159","1","7","6","03","20","5","","0","0","0","1","0"
"POINT (8.687963067000055 50.112555319000080)","Unfall 194160 (2023) Kat:3, Licht: 0","194160","3","2","0","03","14","5","","0","0","1","0","0"
"POINT (8.751448987000060 50.150296391000040)","Unfall 194168 (2023) Kat:3, Licht: 0","194168","3","6","2","03","17","5","","0","1","1","0","0"
"POINT (8.761667135000039 50.130479956000045)","Unfall 194169 (2023) Kat:3, Licht: 0","194169","3","6","2","03","15","5","","0","0","1","0","0"
"POINT (8.692605116000038 50.145761794000066)","Unfall 194173 (2023) Kat:3, Licht: 2","194173","3","1","9","03","01","4","","2","0","1","0","0"
"POINT (8.643194425000047 50.071121634000065)","Unfall 194174 (2023) Kat:3, Licht: 0","194174","3","1","4","03","16","4","","0","1","1","0","0"
"POINT (8.678266193000070 50.104888446000075)","Unfall 194175 (2023) Kat:2, Licht: 0","194175","2","1","2","03","07","4","","0","1","1","0","0"
"POINT (8.671250034000025 50.116730294000035)","Unfall 194176 (2023) Kat:3, Licht: 0","194176","3","6","2","03","14","4","","0","1","1","0","0"
"POINT (8.634111234000045 50.159403754000039)","Unfall 194194 (2023) Kat:3, Licht: 0","194194","3","6","3","03","18","3","","0","0","1","0","1"
"POINT (8.679650220000042 50.118234046000055)","Unfall 194195 (2023) Kat:3, Licht: 0","194195","3","2","2","03","16","3","","0","1","0","0","0"
"POINT (8.515809483000055 50.073482468000066)","Unfall 194216 (2023) Kat:3, Licht: 2","194216","3","1","9","03","22","2","","2","0","1","0","0"
"POINT (8.617375448000075 50.159373741000081)","Unfall 194217 (2023) Kat:3, Licht: 0","194217","3","3","5","03","18","2","","0","1","0","0","0"
"POINT (8.639026984000054 50.100936821000062)","Unfall 194218 (2023) Kat:3, Licht: 0","194218","3","2","0","04","17","5","","0","1","0","0","0"
"POINT (8.653385541000034 50.197037602000080)","Unfall 194219 (2023) Kat:3, Licht: 0","194219","3","6","3","03","15","2","","0","0","1","0","1"
"POINT (8.641639487000020 50.106131746000074)","Unfall 194220 (2023) Kat:3, Licht: 1","194220","3","5","0","03","18","2","","1","1","1","0","0"
"POINT (8.670941941000024 50.116341513000066)","Unfall 194221 (2023) Kat:3, Licht: 0","194221","3","6","3","03","09","2","","0","0","1","0","0"
"POINT (8.687697568000033 50.109603060000040)","Unfall 194222 (2023) Kat:3, Licht: 0","194222","3","2","5","03","09","2","","0","0","1","0","0"
"POINT (8.685100198000043 50.119220887000040)","Unfall 194223 (2023) Kat:3, Licht: 0","194223","3","1","0","03","11","2","","0","1","0","0","0"
"POINT (8.660824127000069 50.096711892000030)","Unfall 194232 (2023) Kat:3, Licht: 2","194232","3","6","2","03","21","1","","2","0","1","0","0"
"POINT (8.684670602000040 50.119288865000044)","Unfall 194233 (2023) Kat:3, Licht: 2","194233","3","6","2","03","22","1","","2","0","1","0","0"
"POINT (8.674510496000039 50.138798113000064)","Unfall 194242 (2023) Kat:2, Licht: 2","194242","2","1","0","03","00","7","","2","0","0","0","0"
"POINT (8.731782701000043 50.118594696000059)","Unfall 194243 (2023) Kat:3, Licht: 0","194243","3","3","5","03","13","7","","0","0","1","0","0"
"POINT (8.679720482000050 50.118918850000057)","Unfall 194244 (2023) Kat:3, Licht: 2","194244","3","5","1","03","04","7","","2","0","1","0","0"
"POINT (8.547621708000065 50.100216253000042)","Unfall 194252 (2023) Kat:3, Licht: 0","194252","3","5","1","03","13","6","","0","1","1","0","0"
"POINT (8.675163195000039 50.140013225000075)","Unfall 194253 (2023) Kat:3, Licht: 0","194253","3","1","0","03","07","6","","0","1","1","0","0"
"POINT (8.675160174000041 50.140012339000066)","Unfall 194254 (2023) Kat:3, Licht: 0","194254","3","1","0","03","08","6","","0","1","0","0","0"
"POINT (8.686680900000056 50.119986657000027)","Unfall 194255 (2023) Kat:3, Licht: 0","194255","3","6","3","03","16","6","","0","0","1","0","0"
"POINT (8.675814851000041 50.107536872000026)","Unfall 194256 (2023) Kat:3, Licht: 1","194256","3","2","0","03","19","6","","1","1","1","0","0"
"POINT (8.680338109000047 50.116536084000074)","Unfall 194257 (2023) Kat:3, Licht: 0","194257","3","5","1","03","17","6","","0","1","1","0","0"
"POINT (8.693139090000045 50.113538215000062)","Unfall 194273 (2023) Kat:2, Licht: 2","194273","2","6","3","05","21","3","","2","0","1","0","1"
"POINT (8.659282401000041 50.119176716000027)","Unfall 194285 (2023) Kat:3, Licht: 0","194285","3","5","1","05","16","2","","0","1","0","0","0"
"POINT (8.738957232000075 50.136513419000039)","Unfall 194297 (2023) Kat:3, Licht: 0","194297","3","1","0","03","06","5","","0","0","0","0","1"
"POINT (8.529563905000032 50.111663990000068)","Unfall 194303 (2023) Kat:3, Licht: 0","194303","3","6","3","03","14","4","","0","0","1","0","0"
"POINT (8.645353032000060 50.113151662000064)","Unfall 194304 (2023) Kat:3, Licht: 1","194304","3","6","3","03","19","4","","1","0","1","0","0"
"POINT (8.656571153000073 50.081640812000046)","Unfall 194305 (2023) Kat:3, Licht: 0","194305","3","6","2","03","09","4","","0","0","1","0","0"
"POINT (8.633242755000026 50.083428797000067)","Unfall 194306 (2023) Kat:3, Licht: 0","194306","3","7","0","03","17","4","","0","0","0","0","0"
"POINT (8.704979575000038 50.115356407000036)","Unfall 194307 (2023) Kat:3, Licht: 0","194307","3","5","1","03","13","4","","0","1","1","0","0"
"POINT (8.644473694000055 50.104904879000060)","Unfall 194308 (2023) Kat:3, Licht: 2","194308","3","6","3","03","19","4","","2","1","0","0","0"
"POINT (8.675508117000049 50.108003524000026)","Unfall 194309 (2023) Kat:3, Licht: 0","194309","3","5","1","03","07","4","","0","1","1","0","0"
"POINT (8.683891044000063 50.162921485000027)","Unfall 194315 (2023) Kat:3, Licht: 0","194315","3","3","5","03","15","3","","0","0","1","0","1"
"POINT (8.636055194000051 50.170708854000054)","Unfall 194316 (2023) Kat:3, Licht: 0","194316","3","6","2","03","13","3","","0","0","1","0","0"
"POINT (8.627956098000027 50.167907738000054)","Unfall 194317 (2023) Kat:3, Licht: 1","194317","3","1","0","03","18","3","","1","1","0","0","0"
"POINT (8.689263319000077 50.091399726000077)","Unfall 194318 (2023) Kat:3, Licht: 2","194318","3","7","0","03","21","3","","2","0","1","0","0"
"POINT (8.720458620000045 50.142417425000076)","Unfall 194320 (2023) Kat:3, Licht: 0","194320","3","6","0","03","08","3","","0","0","0","0","0"
"POINT (8.656537932000049 50.106704370000045)","Unfall 194321 (2023) Kat:3, Licht: 2","194321","3","2","6","03","05","3","","2","0","1","1","0"
"POINT (8.671820383000068 50.116785651000043)","Unfall 194322 (2023) Kat:3, Licht: 0","194322","3","4","0","03","08","3","","0","0","0","1","1"
"POINT (8.673185709000052 50.110949116000029)","Unfall 194323 (2023) Kat:2, Licht: 0","194323","2","4","6","03","12","3","","0","0","1","1","0"
"POINT (8.727217337000070 50.113228045000028)","Unfall 194325 (2023) Kat:3, Licht: 0","194325","3","1","1","04","16","3","","0","0","1","0","0"
"POINT (8.675240314000064 50.110362878000046)","Unfall 194329 (2023) Kat:3, Licht: 0","194329","3","3","5","05","17","5","","0","0","1","0","0"
"POINT (8.663046042000076 50.137969893000047)","Unfall 194343 (2023) Kat:3, Licht: 1","194343","3","4","6","03","18","2","","1","0","0","1","0"
"POINT (8.548340520000067 50.110427740000034)","Unfall 194347 (2023) Kat:3, Licht: 0","194347","3","5","1","04","09","7","","0","0","1","0","0"
"POINT (8.654939856000055 50.108427822000067)","Unfall 194355 (2023) Kat:2, Licht: 0","194355","2","1","0","03","07","1","","0","0","0","0","0"
"POINT (8.715796846000046 50.096118385000068)","Unfall 194356 (2023) Kat:3, Licht: 0","194356","3","5","1","03","15","1","","0","1","1","0","0"
"POINT (8.700459654000042 50.128888797000059)","Unfall 194357 (2023) Kat:3, Licht: 0","194357","3","5","2","03","11","1","","0","0","1","0","0"
"POINT (8.666881557000067 50.109241647000033)","Unfall 194358 (2023) Kat:2, Licht: 2","194358","2","6","6","03","00","1","","2","0","1","1","0"
"POINT (8.684082643000067 50.114583311000047)","Unfall 194359 (2023) Kat:3, Licht: 0","194359","3","6","6","03","13","1","","0","0","0","1","0"
"POINT (8.637320901000066 50.157967237000037)","Unfall 194368 (2023) Kat:3, Licht: 0","194368","3","7","6","03","17","7","","0","0","0","1","0"
"POINT (8.701303909000046 50.136790886000028)","Unfall 194369 (2023) Kat:3, Licht: 0","194369","3","5","1","03","13","7","","0","0","1","0","1"
"POINT (8.681081482000025 50.112802153000075)","Unfall 194370 (2023) Kat:3, Licht: 2","194370","3","3","5","03","01","7","","2","0","1","0","0"
"POINT (8.630459883000071 50.156468869000037)","Unfall 194389 (2023) Kat:3, Licht: 0","194389","3","3","5","07","13","3","","0","1","1","0","0"
"POINT (8.644428564000066 50.083541891000039)","Unfall 194390 (2023) Kat:3, Licht: 0","194390","3","6","3","07","06","3","","0","0","1","0","1"
"POINT (8.668451452000056 50.131677564000029)","Unfall 194391 (2023) Kat:3, Licht: 0","194391","3","2","2","07","08","3","","0","0","1","0","0"
"POINT (8.752042982000034 50.144622784000035)","Unfall 194405 (2023) Kat:2, Licht: 0","194405","2","3","5","07","13","3","","0","1","1","0","0"
"POINT (8.528754929000058 50.104439726000066)","Unfall 194414 (2023) Kat:3, Licht: 0","194414","3","6","0","07","20","2","","0","0","1","0","0"
"POINT (8.666209832000050 50.106907704000037)","Unfall 194415 (2023) Kat:3, Licht: 0","194415","3","7","6","07","15","2","","0","0","1","1","0"
"POINT (8.660939275000032 50.109669411000027)","Unfall 194416 (2023) Kat:3, Licht: 0","194416","3","6","2","07","10","2","","0","0","1","0","0"
"POINT (8.672586205000073 50.118879983000056)","Unfall 194417 (2023) Kat:3, Licht: 2","194417","3","5","1","07","22","2","","2","1","1","0","0"
"POINT (8.761834480000061 50.116184372000077)","Unfall 194426 (2023) Kat:3, Licht: 0","194426","3","3","5","07","16","2","","0","1","0","0","1"
"POINT (8.696263354000052 50.128201113000046)","Unfall 194429 (2023) Kat:3, Licht: 0","194429","3","7","0","07","21","1","","0","0","1","0","0"
"POINT (8.607154197000057 50.096555073000047)","Unfall 194437 (2023) Kat:3, Licht: 2","194437","3","2","5","07","22","7","","2","0","1","0","0"
"POINT (8.654617259000077 50.115503631000081)","Unfall 194438 (2023) Kat:3, Licht: 0","194438","3","3","5","07","11","7","","0","0","1","0","0"
"POINT (8.659072401000060 50.117771119000054)","Unfall 194439 (2023) Kat:3, Licht: 0","194439","3","2","5","07","10","7","","0","1","1","0","0"
"POINT (8.670563760000050 50.138701451000031)","Unfall 194440 (2023) Kat:3, Licht: 0","194440","3","3","5","07","15","7","","0","0","0","0","1"