WKT,Name,OBJECTID,UKATEGORIE,UTYP1,UART,UMONAT,USTUNDE,UWOCHENTAG,STRZUSTAND,ULICHTVERH,ISTRAD,ISTPKW,ISTFUSS,ISTKRAD
"POINT (8.671353425000063 50.127367388000039)","Unfall 194441 (2023) Kat:3, Licht: 0","194441","3","6","2","07","13","3","","0","0","1","0","0"
"POINT (8.651791341000035 50.106374551000044)","Unfall 194442 (2023) Kat:3, Licht: 1","194442","3","4","6","07","21","7","","1","0","1","1","0"
"POINT (8.641156584000043 50.122709050000026)","Unfall 194460 (2023) Kat:3, Licht: 0","194460","3","7","5","06","12","6","","0","0","0","0","1"
"POINT (8.695899816000065 50.129834519000042)","Unfall 194461 (2023) Kat:3, Licht: 0","194461","3","3","5","06","20","6","","0","0","1","0","1"
"POINT (8.705585581000037 50.128400368000030)","Unfall 194462 (2023) Kat:3, Licht: 0","194462","3","5","1","06","07","6","","0","1","1","0","0"
"POINT (8.662204827000039 50.110222507000060)","Unfall 194463 (2023) Kat:3, Licht: 0","194463","3","3","5","06","15","6","","0","0","1","0","0"
"POINT (8.669600108000054 50.111898402000065)","Unfall 194464 (2023) Kat:3, Licht: 0","194464","3","3","5","06","14","6","","0","1","1","0","0"
"POINT (8.679880806000028 50.132172470000057)","Unfall 194465 (2023) Kat:2, Licht: 2","194465","2","7","0","06","22","6","","2","1","0","0","0"
"POINT (8.643110724000053 50.158355696000058)","Unfall 194485 (2023) Kat:3, Licht: 0","194485","3","3","5","06","17","5","","0","0","1","0","0"
"POINT (8.630159632000073 50.176800413000080)","Unfall 194486 (2023) Kat:3, Licht: 0","194486","3","3","5","06","20","5","","0","0","1","0","0"
"POINT (8.696196401000066 50.144655640000053)","Unfall 194487 (2023) Kat:3, Licht: 0","194487","3","6","2","06","17","5","","0","1","1","0","0"
"POINT (8.688217276000046 50.111346747000027)","Unfall 194488 (2023) Kat:3, Licht: 0","194488","3","2","5","06","12","5","","0","1","1","0","0"
"POINT (8.687823638000054 50.113786047000076)","Unfall 194489 (2023) Kat:3, Licht: 0","194489","3","6","3","06","18","5","","0","1","1","0","0"
"POINT (8.630368264000026 50.084572329000082)","Unfall 194507 (2023) Kat:3, Licht: 0","194507","3","3","5","06","18","4","","0","1","1","0","0"
"POINT (8.662031633000026 50.091000704000066)","Unfall 194508 (2023) Kat:3, Licht: 0","194508","3","3","5","06","11","4","","0","1","1","0","0"
"POINT (8.670985307000024 50.118848511000067)","Unfall 194509 (2023) Kat:2, Licht: 0","194509","2","2","4","06","17","4","","0","0","1","0","1"
"POINT (8.678852890000030 50.167376982000064)","Unfall 194524 (2023) Kat:3, Licht: 0","194524","3","3","5","06","15","3","","0","0","1","0","1"
"POINT (8.726685490000023 50.117624416000069)","Unfall 194525 (2023) Kat:3, Licht: 0","194525","3","7","3","06","14","3","","0","1","1","0","0"
"POINT (8.677346787000033 50.110163590000070)","Unfall 194526 (2023) Kat:3, Licht: 2","194526","3","1","9","06","22","3","","2","0","1","0","0"
"POINT (8.690464008000049 50.116641885000035)","Unfall 194527 (2023) Kat:3, Licht: 1","194527","3","6","2","06","21","3","","1","0","1","0","0"
"POINT (8.707033357000057 50.204054492000068)","Unfall 194551 (2023) Kat:3, Licht: 0","194551","3","3","5","06","14","2","","0","1","1","0","0"
"POINT (8.695634470000073 50.115766703000077)","Unfall 194552 (2023) Kat:3, Licht: 0","194552","3","3","5","06","15","2","","0","0","0","0","0"
"POINT (8.671138337000059 50.108155279000073)","Unfall 194553 (2023) Kat:3, Licht: 0","194553","3","7","2","06","17","2","","0","0","1","0","0"
"POINT (8.652878258000044 50.106264541000030)","Unfall 194554 (2023) Kat:3, Licht: 0","194554","3","6","3","06","16","2","","0","0","1","0","1"
"POINT (8.620547249000026 50.133266437000032)","Unfall 194579 (2023) Kat:3, Licht: 0","194579","3","1","0","06","05","1","","0","0","0","0","0"
"POINT (8.547353488000056 50.102649033000034)","Unfall 194593 (2023) Kat:3, Licht: 0","194593","3","6","2","06","15","7","","0","0","1","0","1"
"POINT (8.533347288000073 50.109627708000062)","Unfall 194594 (2023) Kat:3, Licht: 2","194594","3","2","4","06","02","7","","2","1","0","0","0"
"POINT (8.635655589000066 50.087168060000067)","Unfall 194615 (2023) Kat:3, Licht: 2","194615","3","7","6","06","23","6","","2","0","1","1","0"
"POINT (8.700070549000031 50.128602356000044)","Unfall 194616 (2023) Kat:3, Licht: 2","194616","3","7","0","06","22","6","","2","1","0","0","0"
"POINT (8.658329555000023 50.103239512000073)","Unfall 194617 (2023) Kat:3, Licht: 0","194617","3","7","3","06","16","6","","0","1","0","0","0"
"POINT (8.669254581000075 50.108599734000052)","Unfall 194618 (2023) Kat:3, Licht: 0","194618","3","4","6","06","09","6","","0","0","0","1","1"
"POINT (8.698925590000044 50.121764159000065)","Unfall 194619 (2023) Kat:3, Licht: 0","194619","3","2","5","06","21","6","","0","0","1","0","1"
"POINT (8.689733914000044 50.119490657000028)","Unfall 194621 (2023) Kat:3, Licht: 0","194621","3","6","3","06","18","6","","0","1","1","0","0"
"POINT (8.587772585000039 50.134399556000062)","Unfall 194632 (2023) Kat:3, Licht: 0","194632","3","6","3","06","17","6","","0","0","1","0","0"
"POINT (8.507442944000047 50.087075591000030)","Unfall 194639 (2023) Kat:2, Licht: 0","194639","2","4","6","06","16","5","","0","0","1","1","0"
"POINT (8.706475959000045 50.145454390000054)","Unfall 194640 (2023) Kat:2, Licht: 0","194640","2","3","5","06","09","5","","0","1","1","0","0"
"POINT (8.670753729000069 50.119974748000061)","Unfall 194641 (2023) Kat:3, Licht: 0","194641","3","2","3","06","17","5","","0","1","1","0","0"
"POINT (8.678138104000027 50.112717677000035)","Unfall 194642 (2023) Kat:3, Licht: 0","194642","3","7","7","06","08","5","","0","1","0","0","0"
"POINT (8.600076718000025 50.101124582000068)","Unfall 194665 (2023) Kat:3, Licht: 0","194665","3","6","0","06","15","4","","0","1","1","0","0"
"POINT (8.637341225000057 50.186593994000077)","Unfall 194666 (2023) Kat:3, Licht: 0","194666","3","6","6","06","08","4","","0","0","0","1","0"
"POINT (8.651913108000031 50.123464384000044)","Unfall 194667 (2023) Kat:3, Licht: 0","194667","3","5","1","06","17","4","","0","1","1","0","0"
"POINT (8.691067290000035 50.120719347000033)","Unfall 194668 (2023) Kat:3, Licht: 0","194668","3","5","1","06","18","4","","0","1","1","0","0"
"POINT (8.677020916000060 50.126078120000045)","Unfall 194669 (2023) Kat:2, Licht: 0","194669","2","7","0","06","09","4","","0","1","0","0","0"
"POINT (8.566636542000026 50.049982571000044)","Unfall 194688 (2023) Kat:3, Licht: 1","194688","3","7","1","06","05","3","","1","0","1","0","1"
"POINT (8.669889639000075 50.105555183000035)","Unfall 194693 (2023) Kat:3, Licht: 0","194693","3","2","4","06","13","3","","0","1","1","0","0"
"POINT (8.624457985000049 50.106367152000075)","Unfall 194694 (2023) Kat:3, Licht: 0","194694","3","5","1","06","20","3","","0","1","1","0","0"
"POINT (8.659075580000035 50.102325873000041)","Unfall 194695 (2023) Kat:3, Licht: 0","194695","3","6","2","06","09","3","","0","0","1","0","0"
"POINT (8.691994162000071 50.117405422000047)","Unfall 194696 (2023) Kat:3, Licht: 2","194696","3","5","1","06","23","3","","2","0","1","0","1"
"POINT (8.669456530000048 50.121847470000034)","Unfall 194697 (2023) Kat:3, Licht: 0","194697","3","4","6","06","12","3","","0","0","1","1","0"
"POINT (8.669249705000027 50.121899188000043)","Unfall 194699 (2023) Kat:3, Licht: 1","194699","3","3","5","06","05","3","","1","0","1","0","1"
"POINT (8.692754041000057 50.129001460000040)","Unfall 194720 (2023) Kat:3, Licht: 0","194720","3","2","5","06","08","3","","0","1","1","0","0"
"POINT (8.721390451000048 50.142104811000081)","Unfall 194722 (2023) Kat:3, Licht: 0","194722","3","6","2","06","14","2","","0","0","1","0","0"
"POINT (8.686252828000022 50.119980997000027)","Unfall 194723 (2023) Kat:2, Licht: 0","194723","2","3","5","06","18","2","","0","1","1","0","0"
"POINT (8.665312789000041 50.117224025000041)","Unfall 194724 (2023) Kat:3, Licht: 0","194724","3","5","1","06","18","2","","0","1","1","0","0"
"POINT (8.672045311000034 50.113330915000063)","Unfall 194725 (2023) Kat:3, Licht: 0","194725","3","6","2","06","14","2","","0","1","1","0","0"
"POINT (8.668712470000060 50.135872729000027)","Unfall 194731 (2023) Kat:3, Licht: 0","194731","3","6","2","07","16","3","","0","0","1","0","0"
"POINT (8.757194039000069 50.132933118000039)","Unfall 194741 (2023) Kat:3, Licht: 2","194741","3","2","5","06","22","2","","2","0","1","0","0"
"POINT (8.617804077000073 50.105304966000062)","Unfall 194743 (2023) Kat:3, Licht: 0","194743","3","3","5","06","18","1","","0","1","1","0","0"
"POINT (8.685183783000070 50.110207283000079)","Unfall 194744 (2023) Kat:3, Licht: 0","194744","3","1","0","06","10","1","","0","0","0","0","0"
"POINT (8.497633779000068 50.100683359000072)","Unfall 194758 (2023) Kat:3, Licht: 0","194758","3","6","4","06","09","7","","0","1","1","0","0"
"POINT (8.640996067000060 50.159146752000026)","Unfall 194759 (2023) Kat:3, Licht: 0","194759","3","3","5","06","14","7","","0","0","1","0","1"
"POINT (8.587236548000021 50.055547846000081)","Unfall 194770 (2023) Kat:3, Licht: 0","194770","3","2","5","06","16","6","","0","0","1","0","0"
"POINT (8.700647458000049 50.210039858000073)","Unfall 194781 (2023) Kat:3, Licht: 0","194781","3","3","5","06","16","6","","0","0","1","0","0"
"POINT (8.639086081000073 50.119838693000077)","Unfall 194782 (2023) Kat:3, Licht: 0","194782","3","3","5","06","08","6","","0","1","1","0","0"
"POINT (8.691082492000021 50.143778204000057)","Unfall 194783 (2023) Kat:3, Licht: 0","194783","3","3","5","06","11","6","","0","1","1","0","0"
"POINT (8.753910745000042 50.118855783000072)","Unfall 194801 (2023) Kat:3, Licht: 0","194801","3","3","0","06","14","6","","0","1","1","0","0"
"POINT (8.636348099000031 50.152593842000044)","Unfall 194807 (2023) Kat:3, Licht: 0","194807","3","2","3","06","16","5","","0","1","1","0","0"
"POINT (8.664407856000025 50.133433940000032)","Unfall 194808 (2023) Kat:3, Licht: 0","194808","3","7","5","06","17","5","","0","0","0","1","0"
"POINT (8.692085049000070 50.127325663000079)","Unfall 194809 (2023) Kat:3, Licht: 2","194809","3","2","6","06","01","5","","2","0","1","1","0"
"POINT (8.544589997000060 50.103327568000054)","Unfall 194836 (2023) Kat:3, Licht: 0","194836","3","6","0","06","14","4","","0","1","0","0","0"
"POINT (8.634057731000041 50.155874376000043)","Unfall 194837 (2023) Kat:3, Licht: 0","194837","3","6","2","06","17","4","","0","0","1","0","0"
"POINT (8.693169786000055 50.182444740000051)","Unfall 194838 (2023) Kat:3, Licht: 2","194838","3","1","0","06","01","4","","2","0","0","0","1"
"POINT (8.659045597000045 50.185159818000045)","Unfall 194839 (2023) Kat:3, Licht: 0","194839","3","6","2","06","07","4","","0","0","1","0","0"
"POINT (8.670661624000047 50.148828918000049)","Unfall 194840 (2023) Kat:3, Licht: 0","194840","3","2","3","06","17","4","","0","0","1","0","0"
"POINT (8.662188202000038 50.108097144000055)","Unfall 194841 (2023) Kat:3, Licht: 0","194841","3","5","1","06","08","4","","0","1","1","0","0"
"POINT (8.669483089000039 50.107736269000043)","Unfall 194842 (2023) Kat:3, Licht: 0","194842","3","5","1","06","19","4","","0","1","1","0","0"
"POINT (8.679356243000029 50.120143142000074)","Unfall 194844 (2023) Kat:3, Licht: 0","194844","3","2","2","06","11","4","","0","0","1","0","1"
"POINT (8.498640356000067 50.097974478000026)","Unfall 194864 (2023) Kat:3, Licht: 0","194864","3","1","9","06","13","3","","0","0","1","0","1"
"POINT (8.680830255000046 50.141406342000039)","Unfall 194865 (2023) Kat:3, Licht: 0","194865","3","6","2","06","18","3","","0","0","1","0","0"
"POINT (8.646060761000058 50.084319450000066)","Unfall 194866 (2023) Kat:3, Licht: 0","194866","3","3","5","06","11","3","","0","1","1","0","0"
"POINT (8.652171359000022 50.081924641000057)","Unfall 194867 (2023) Kat:3, Licht: 0","194867","3","2","4","06","18","3","","0","0","1","0","0"
"POINT (8.604152715000055 50.082621421000056)","Unfall 194889 (2023) Kat:3, Licht: 0","194889","3","3","5","06","12","2","","0","1","1","0","0"
"POINT (8.689062296000031 50.098177265000061)","Unfall 194890 (2023) Kat:3, Licht: 0","194890","3","2","4","06","13","2","","0","0","1","0","0"
"POINT (8.673245482000027 50.107384429000035)","Unfall 194891 (2023) Kat:3, Licht: 0","194891","3","6","3","06","14","2","","0","1","0","0","1"
"POINT (8.685758870000029 50.125134864000074)","Unfall 194892 (2023) Kat:3, Licht: 0","194892","3","5","1","06","20","2","","0","1","1","0","0"
"POINT (8.684928750000040 50.119405731000029)","Unfall 194918 (2023) Kat:3, Licht: 0","194918","3","3","5","06","20","1","","0","0","1","0","1"
"POINT (8.683439385000042 50.114449989000036)","Unfall 194919 (2023) Kat:3, Licht: 2","194919","3","7","0","06","02","1","","2","0","0","0","0"
"POINT (8.688047580000045 50.111464081000065)","Unfall 194922 (2023) Kat:3, Licht: 0","194922","3","2","0","06","20","5","","0","1","0","0","0"
"POINT (8.704315679000047 50.120454299000073)","Unfall 194934 (2023) Kat:3, Licht: 0","194934","3","6","3","06","12","5","","0","0","1","0","1"
"POINT (8.514916025000048 50.084813999000062)","Unfall 194950 (2023) Kat:3, Licht: 0","194950","3","7","0","06","18","6","","0","0","0","1","0"
"POINT (8.637644063000039 50.170149558000048)","Unfall 194952 (2023) Kat:2, Licht: 0","194952","2","4","6","06","15","6","","0","0","1","1","0"
"POINT (8.591595495000035 50.086219660000040)","Unfall 194953 (2023) Kat:3, Licht: 0","194953","3","6","4","06","10","6","","0","1","0","0","0"
"POINT (8.669211854000025 50.112347213000078)","Unfall 194954 (2023) Kat:3, Licht: 0","194954","3","7","6","06","09","6","","0","0","1","1","0"
"POINT (8.678786131000038 50.117809306000026)","Unfall 194955 (2023) Kat:3, Licht: 0","194955","3","3","5","06","12","6","","0","0","1","0","0"
"POINT (8.690576684000064 50.127241875000038)","Unfall 194956 (2023) Kat:3, Licht: 0","194956","3","5","1","06","10","6","","0","1","1","0","0"
"POINT (8.678146108000021 50.116705765000063)","Unfall 194957 (2023) Kat:2, Licht: 0","194957","2","4","6","06","16","6","","0","0","0","1","1"
"POINT (8.676442189000056 50.111908525000047)","Unfall 194958 (2023) Kat:3, Licht: 0","194958","3","4","6","06","08","6","","0","0","1","1","0"
"POINT (8.767102216000069 50.121090434000052)","Unfall 194975 (2023) Kat:3, Licht: 0","194975","3","2","6","06","14","6","","0","0","1","1","0"
"POINT (8.623421578000034 50.170645912000055)","Unfall 194979 (2023) Kat:3, Licht: 2","194979","3","1","8","06","23","5","","2","0","0","0","0"
"POINT (8.691730686000028 50.123471383000037)","Unfall 194980 (2023) Kat:3, Licht: 2","194980","3","1","0","06","04","5","","2","0","0","0","0"
"POINT (8.636730802000045 50.157784462000052)","Unfall 194993 (2023) Kat:3, Licht: 0","194993","3","2","6","06","17","4","","0","1","0","1","0"
"POINT (8.613987092000059 50.129353500000036)","Unfall 194994 (2023) Kat:3, Licht: 0","194994","3","3","5","06","14","4","","0","0","1","0","0"
"POINT (8.620316527000057 50.084149095000043)","Unfall 194995 (2023) Kat:3, Licht: 0","194995","3","3","5","06","17","4","","0","1","1","0","0"
"POINT (8.671271996000030 50.094052199000032)","Unfall 194996 (2023) Kat:3, Licht: 0","194996","3","6","4","06","07","4","","0","1","0","0","0"
"POINT (8.669859715000030 50.123556976000032)","Unfall 194997 (2023) Kat:3, Licht: 0","194997","3","2","4","06","18","4","","0","0","1","0","1"
"POINT (8.691737688000046 50.123731147000058)","Unfall 194998 (2023) Kat:3, Licht: 0","194998","3","6","4","06","17","4","","0","1","1","0","0"
"POINT (8.695256794000045 50.128119388000073)","Unfall 194999 (2023) Kat:2, Licht: 2","194999","2","2","8","06","23","4","","2","0","0","0","0"
"POINT (8.672481916000038 50.114547655000081)","Unfall 195000 (2023) Kat:3, Licht: 0","195000","3","6","3","06","15","4","","0","0","1","0","1"
"POINT (8.674154216000034 50.111548824000067)","Unfall 195001 (2023) Kat:3, Licht: 0","195001","3","2","6","06","12","4","","0","0","1","0","0"
"POINT (8.629084777000060 50.107785522000029)","Unfall 195037 (2023) Kat:3, Licht: 0","195037","3","7","0","06","12","3","","0","1","0","0","0"
"POINT (8.660341019000043 50.092726467000034)","Unfall 195038 (2023) Kat:3, Licht: 0","195038","3","6","3","06","09","3","","0","1","1","0","0"
"POINT (8.720765374000052 50.130577055000060)","Unfall 195039 (2023) Kat:2, Licht: 1","195039","2","3","0","06","17","3","","1","0","0","0","1"
"POINT (8.676123272000041 50.111174968000057)","Unfall 195040 (2023) Kat:3, Licht: 0","195040","3","4","0","06","10","3","","0","1","1","1","0"
"POINT (8.618691869000031 50.115017581000075)","Unfall 195048 (2023) Kat:3, Licht: 0","195048","3","6","2","06","18","4","","0","0","1","0","0"
"POINT (8.654114827000058 50.144019664000041)","Unfall 195070 (2023) Kat:3, Licht: 1","195070","3","6","0","06","21","2","","1","1","1","0","0"
"POINT (8.648601881000047 50.143485379000026)","Unfall 195071 (2023) Kat:3, Licht: 0","195071","3","4","6","06","18","2","","0","0","1","1","0"
"POINT (8.707856810000067 50.120021455000028)","Unfall 195072 (2023) Kat:3, Licht: 0","195072","3","1","0","06","07","2","","0","1","0","0","0"
"POINT (8.659560792000036 50.101731711000070)","Unfall 195073 (2023) Kat:3, Licht: 0","195073","3","3","5","06","15","2","","0","0","1","0","0"
"POINT (8.606925919000048 50.096554473000026)","Unfall 195088 (2023) Kat:2, Licht: 1","195088","2","6","6","06","21","1","","1","1","0","1","0"
"POINT (8.672305779000055 50.087982840000052)","Unfall 195089 (2023) Kat:3, Licht: 2","195089","3","5","1","06","22","1","","2","0","1","0","0"
"POINT (8.667578820000074 50.107280203000073)","Unfall 195090 (2023) Kat:3, Licht: 0","195090","3","2","3","06","05","1","","0","0","1","0","0"
"POINT (8.663888444000065 50.118536476000031)","Unfall 195091 (2023) Kat:3, Licht: 0","195091","3","3","5","06","16","1","","0","1","1","0","0"
"POINT (8.680623982000043 50.102101674000039)","Unfall 195109 (2023) Kat:3, Licht: 2","195109","3","3","5","06","23","7","","2","0","1","0","0"
"POINT (8.701330244000076 50.136742408000032)","Unfall 195110 (2023) Kat:3, Licht: 2","195110","3","1","0","06","23","7","","2","0","0","0","0"
"POINT (8.659475446000044 50.120350817000030)","Unfall 195111 (2023) Kat:1, Licht: 0","195111","1","1","0","06","15","7","","0","0","1","0","0"
"POINT (8.539817144000040 50.105276108000055)","Unfall 195128 (2023) Kat:2, Licht: 0","195128","2","3","5","06","18","6","","0","0","1","0","0"
"POINT (8.635879162000037 50.108254038000041)","Unfall 195129 (2023) Kat:3, Licht: 0","195129","3","7","6","06","15","6","","0","1","0","1","0"
"POINT (8.646762284000033 50.126807449000069)","Unfall 195130 (2023) Kat:3, Licht: 0","195130","3","3","5","06","20","6","","0","0","1","0","0"
"POINT (8.594336529000032 50.086782740000046)","Unfall 195131 (2023) Kat:3, Licht: 0","195131","3","7","0","06","11","6","","0","1","0","0","0"
"POINT (8.723699457000066 50.103139295000062)","Unfall 195132 (2023) Kat:3, Licht: 2","195132","3","1","0","06","23","6","","2","0","1","0","0"
"POINT (8.777803756000026 50.137749810000059)","Unfall 195150 (2023) Kat:3, Licht: 0","195150","3","6","2","06","19","6","","0","1","0","0","0"
"POINT (8.682756988000051 50.095761888000027)","Unfall 195165 (2023) Kat:3, Licht: 0","195165","3","1","3","06","15","5","","0","1","1","0","0"
"POINT (8.695871199000067 50.133909279000079)","Unfall 195166 (2023) Kat:3, Licht: 0","195166","3","3","5","06","07","5","","0","1","1","0","0"
"POINT (8.696780207000074 50.130041561000041)","Unfall 195167 (2023) Kat:3, Licht: 0","195167","3","4","6","06","07","5","","0","1","0","1","0"
"POINT (8.735409260000040 50.120544871000050)","Unfall 195168 (2023) Kat:3, Licht: 0","195168","3","2","5","06","14","5","","0","0","0","0","0"
"POINT (8.723085613000023 50.116482412000039)","Unfall 195169 (2023) Kat:2, Licht: 0","195169","2","3","5","06","13","5","","0","0","0","0","0"
"POINT (8.679190740000024 50.121762428000068)","Unfall 195171 (2023) Kat:3, Licht: 0","195171","3","3","5","06","12","5","","0","1","1","0","0"
"POINT (8.758959363000031 50.144015181000043)","Unfall 195188 (2023) Kat:3, Licht: 0","195188","3","1","0","06","15","5","","0","0","0","0","1"
"POINT (8.635200593000036 50.187975989000051)","Unfall 195194 (2023) Kat:3, Licht: 0","195194","3","2","5","05","08","4","","0","1","1","0","0"
"POINT (8.617513776000067 50.106514877000052)","Unfall 195195 (2023) Kat:3, Licht: 0","195195","3","6","4","05","18","4","","0","1","0","0","0"
"POINT (8.656121907000056 50.143164148000039)","Unfall 195196 (2023) Kat:3, Licht: 0","195196","3","2","3","05","17","4","","0","1","1","0","0"
"POINT (8.661606368000037 50.143584528000076)","Unfall 195197 (2023) Kat:2, Licht: 0","195197","2","2","4","05","15","4","","0","1","1","0","0"
"POINT (8.670019803000059 50.150734144000069)","Unfall 195198 (2023) Kat:3, Licht: 0","195198","3","2","4","05","10","4","","0","1","1","0","0"
"POINT (8.715511389000028 50.132631058000072)","Unfall 195199 (2023) Kat:3, Licht: 0","195199","3","3","5","05","15","4","","0","1","0","0","0"
"POINT (8.654979757000035 50.126488508000079)","Unfall 195200 (2023) Kat:3, Licht: 0","195200","3","2","5","05","14","4","","0","1","1","0","0"
"POINT (8.542183897000029 50.113183144000061)","Unfall 195222 (2023) Kat:2, Licht: 0","195222","2","1","0","05","11","3","","0","1","0","0","0"
"POINT (8.685269569000070 50.151026515000069)","Unfall 195223 (2023) Kat:2, Licht: 0","195223","2","4","6","05","08","3","","0","0","1","1","0"
"POINT (8.643742088000067 50.077105825000046)","Unfall 195224 (2023) Kat:3, Licht: 0","195224","3","5","1","05","18","3","","0","1","1","0","0"
"POINT (8.718613911000034 50.112424864000047)","Unfall 195225 (2023) Kat:2, Licht: 0","195225","2","2","0","05","08","3","","0","1","1","0","0"
"POINT (8.647537343000067 50.085200078000071)","Unfall 195257 (2023) Kat:3, Licht: 0","195257","3","2","5","05","12","2","","0","0","1","0","0"
"POINT (8.710081099000035 50.134110147000058)","Unfall 195258 (2023) Kat:3, Licht: 0","195258","3","5","1","05","18","2","","0","1","1","0","0"
"POINT (8.681374051000034 50.117378918000043)","Unfall 195279 (2023) Kat:3, Licht: 2","195279","3","5","1","05","00","1","","2","0","1","0","0"
"POINT (8.752935118000039 50.149712748000070)","Unfall 195292 (2023) Kat:3, Licht: 0","195292","3","7","0","05","19","1","","0","0","1","0","1"
"POINT (8.678133063000075 50.105039998000052)","Unfall 195297 (2023) Kat:3, Licht: 0","195297","3","5","1","05","15","7","","0","1","1","0","0"
"POINT (8.690574946000027 50.127241625000067)","Unfall 195299 (2023) Kat:3, Licht: 1","195299","3","1","0","05","20","7","","1","1","0","0","0"
"POINT (8.677097633000074 50.115687608000030)","Unfall 195300 (2023) Kat:3, Licht: 0","195300","3","7","6","05","17","7","","0","0","1","1","0"
"POINT (8.629167660000064 50.118513200000052)","Unfall 195301 (2023) Kat:3, Licht: 0","195301","3","5","0","06","16","6","","0","0","1","0","1"
"POINT (8.682875509000041 50.113231871000039)","Unfall 195303 (2023) Kat:3, Licht: 0","195303","3","4","0","05","11","7","","0","1","1","1","0"
"POINT (8.669245129000046 50.166713185000049)","Unfall 195323 (2023) Kat:3, Licht: 0","195323","3","1","0","05","14","6","","0","0","1","0","0"
"POINT (8.634785555000065 50.158615792000035)","Unfall 195324 (2023) Kat:2, Licht: 0","195324","2","4","6","05","09","6","","0","0","1","1","0"
"POINT (8.626881923000042 50.078108516000043)","Unfall 195325 (2023) Kat:3, Licht: 0","195325","3","4","6","05","18","6","","0","0","1","1","0"
"POINT (8.625361516000055 50.104879092000033)","Unfall 195326 (2023) Kat:3, Licht: 0","195326","3","3","5","05","19","6","","0","0","1","0","0"
"POINT (8.656553171000041 50.106791104000081)","Unfall 195327 (2023) Kat:3, Licht: 2","195327","3","3","5","05","03","6","","2","0","1","0","0"
"POINT (8.680301648000068 50.116545787000064)","Unfall 195328 (2023) Kat:3, Licht: 0","195328","3","3","0","05","11","6","","0","1","1","0","0"
"POINT (8.660273125000060 50.100877515000036)","Unfall 195344 (2023) Kat:3, Licht: 0","195344","3","6","3","06","09","6","","0","0","1","0","0"
"POINT (8.635466437000048 50.110386111000025)","Unfall 195353 (2023) Kat:3, Licht: 0","195353","3","3","5","05","18","5","","0","1","1","0","0"
"POINT (8.672894491000022 50.111263631000043)","Unfall 195354 (2023) Kat:3, Licht: 2","195354","3","1","0","05","22","5","","2","0","0","0","1"
"POINT (8.754782151000029 50.144972639000059)","Unfall 195379 (2023) Kat:3, Licht: 2","195379","3","3","5","05","22","5","","2","0","1","0","0"
"POINT (8.679497830000059 50.115096745000073)","Unfall 195380 (2023) Kat:3, Licht: 0","195380","3","7","1","06","12","3","","0","0","0","0","0"
"POINT (8.643100870000069 50.158400808000067)","Unfall 195388 (2023) Kat:3, Licht: 1","195388","3","3","0","05","21","4","","1","1","0","0","0"
"POINT (8.680226303000040 50.167539674000068)","Unfall 195389 (2023) Kat:3, Licht: 0","195389","3","3","4","05","07","4","","0","0","1","0","0"
"POINT (8.680419146000077 50.096133749000046)","Unfall 195390 (2023) Kat:3, Licht: 0","195390","3","7","6","05","12","4","","0","1","0","1","0"
"POINT (8.668385921000038 50.113188344000037)","Unfall 195391 (2023) Kat:3, Licht: 0","195391","3","4","6","05","18","4","","0","1","0","1","0"
"POINT (8.693555463000052 50.127706992000071)","Unfall 195392 (2023) Kat:3, Licht: 0","195392","3","7","3","05","18","4","","0","0","1","0","0"
"POINT (8.662350046000029 50.131223210000030)","Unfall 195393 (2023) Kat:3, Licht: 0","195393","3","3","5","05","19","4","","0","1","1","0","0"
"POINT (8.661320619000037 50.118655650000051)","Unfall 195394 (2023) Kat:3, Licht: 0","195394","3","6","3","05","11","4","","0","0","1","0","1"
"POINT (8.549272819000066 50.047612674000050)","Unfall 195418 (2023) Kat:2, Licht: 0","195418","2","6","2","05","14","3","","0","0","1","0","0"
"POINT (8.690079181000044 50.114819427000043)","Unfall 195419 (2023) Kat:3, Licht: 0","195419","3","6","2","09","19","2","","0","1","1","0","0"
"POINT (8.705603256000074 50.127480966000064)","Unfall 195441 (2023) Kat:3, Licht: 2","195441","3","6","2","09","21","1","","2","0","1","0","0"
"POINT (8.698592804000043 50.119583411000065)","Unfall 195442 (2023) Kat:2, Licht: 2","195442","2","1","0","09","03","1","","2","0","0","0","0"
"POINT (8.672060243000033 50.112164656000061)","Unfall 195443 (2023) Kat:3, Licht: 2","195443","3","1","0","09","02","1","","2","0","0","0","0"
"POINT (8.569902385000034 50.051933456000029)","Unfall 195447 (2023) Kat:2, Licht: 2","195447","2","3","4","09","05","7","","2","0","1","0","1"
"POINT (8.616212089000044 50.100513251000052)","Unfall 195453 (2023) Kat:3, Licht: 0","195453","3","4","6","09","19","7","","0","0","1","1","0"
"POINT (8.634254273000067 50.159315172000049)","Unfall 195469 (2023) Kat:2, Licht: 0","195469","2","7","4","09","14","6","","0","0","1","0","0"
"POINT (8.718558296000026 50.126727065000068)","Unfall 195470 (2023) Kat:3, Licht: 0","195470","3","6","3","09","10","6","","0","0","1","0","0"