WKT,Name,OBJECTID,UKATEGORIE,UTYP1,UART,UMONAT,USTUNDE,UWOCHENTAG,STRZUSTAND,ULICHTVERH,ISTRAD,ISTPKW,ISTFUSS,ISTKRAD
"POINT (8.571616775000052 50.127392216000032)","Unfall 196390 (2023) Kat:2, Licht: 0","196390","2","5","1","07","14","2","","0","0","1","0","1"
"POINT (8.614099305000025 50.114216273000068)","Unfall 196391 (2023) Kat:3, Licht: 0","196391","3","3","5","07","15","2","","0","0","1","0","0"
"POINT (8.671441765000054 50.131651075000036)","Unfall 196392 (2023) Kat:3, Licht: 0","196392","3","6","2","07","20","2","","0","0","1","0","0"
"POINT (8.676078001000064 50.111136469000030)","Unfall 196393 (2023) Kat:3, Licht: 0","196393","3","4","6","07","12","2","","0","1","0","1","0"
"POINT (8.635923882000043 50.103896777000045)","Unfall 196403 (2023) Kat:3, Licht: 0","196403","3","4","6","08","18","5","","0","0","1","1","0"
"POINT (8.715016187000060 50.132565226000054)","Unfall 196413 (2023) Kat:3, Licht: 2","196413","3","6","3","07","00","1","","2","1","1","0","0"
"POINT (8.722740867000027 50.127214231000039)","Unfall 196414 (2023) Kat:3, Licht: 0","196414","3","7","6","07","11","1","","0","0","1","1","0"
"POINT (8.625370700000076 50.104849605000027)","Unfall 196415 (2023) Kat:3, Licht: 0","196415","3","3","5","07","13","1","","0","1","1","0","0"
"POINT (8.686091270000077 50.114696249000076)","Unfall 196416 (2023) Kat:3, Licht: 2","196416","3","6","6","07","00","1","","2","0","0","1","0"
"POINT (8.658838626000033 50.183645098000056)","Unfall 196430 (2023) Kat:3, Licht: 0","196430","3","6","2","07","15","7","","0","0","1","0","0"
"POINT (8.690194799000039 50.103999772000066)","Unfall 196431 (2023) Kat:2, Licht: 1","196431","2","3","5","07","21","7","","1","1","1","0","0"
"POINT (8.538799889000074 50.102525413000080)","Unfall 196460 (2023) Kat:3, Licht: 0","196460","3","6","2","07","15","6","","0","0","1","0","0"
"POINT (8.609953103000066 50.096584875000076)","Unfall 196461 (2023) Kat:3, Licht: 0","196461","3","7","4","07","13","6","","0","0","1","0","1"
"POINT (8.653644718000066 50.121461848000081)","Unfall 196463 (2023) Kat:3, Licht: 0","196463","3","6","0","07","13","6","","0","0","1","0","0"
"POINT (8.693274369000051 50.098649852000051)","Unfall 196464 (2023) Kat:3, Licht: 0","196464","3","2","4","07","11","6","","0","0","1","0","1"
"POINT (8.658946069000024 50.099815294000052)","Unfall 196465 (2023) Kat:3, Licht: 0","196465","3","7","0","07","10","4","","0","1","0","0","0"
"POINT (8.683931430000030 50.130331294000030)","Unfall 196475 (2023) Kat:3, Licht: 0","196475","3","2","3","08","09","7","","0","1","1","0","0"
"POINT (8.570882889000075 50.050789549000058)","Unfall 196485 (2023) Kat:3, Licht: 0","196485","3","7","6","07","15","5","","0","0","1","1","0"
"POINT (8.642357991000040 50.174743950000050)","Unfall 196490 (2023) Kat:3, Licht: 0","196490","3","7","8","07","11","5","","0","0","1","0","0"
"POINT (8.663256216000036 50.111546100000055)","Unfall 196491 (2023) Kat:3, Licht: 0","196491","3","4","6","07","14","5","","0","1","1","1","0"
"POINT (8.660000756000045 50.119013219000067)","Unfall 196492 (2023) Kat:3, Licht: 0","196492","3","2","5","07","10","5","","0","1","0","0","0"
"POINT (8.684206812000070 50.131538309000064)","Unfall 196493 (2023) Kat:2, Licht: 0","196493","2","4","6","07","15","5","","0","0","1","1","0"
"POINT (8.602687260000039 50.096544713000071)","Unfall 196519 (2023) Kat:3, Licht: 0","196519","3","2","5","07","14","4","","0","0","1","0","0"
"POINT (8.631406667000022 50.160162861000060)","Unfall 196520 (2023) Kat:3, Licht: 0","196520","3","6","2","07","18","4","","0","0","1","0","0"
"POINT (8.688841902000036 50.161880167000049)","Unfall 196521 (2023) Kat:3, Licht: 0","196521","3","3","5","07","16","4","","0","1","1","0","0"
"POINT (8.681472523000025 50.094421207000039)","Unfall 196522 (2023) Kat:3, Licht: 0","196522","3","3","5","07","10","4","","0","1","1","0","0"
"POINT (8.698161485000071 50.139008906000072)","Unfall 196523 (2023) Kat:2, Licht: 2","196523","2","7","3","07","22","4","","2","0","1","0","0"
"POINT (8.729661926000063 50.120176507000053)","Unfall 196524 (2023) Kat:3, Licht: 0","196524","3","6","2","07","17","4","","0","0","1","0","0"
"POINT (8.703964057000064 50.123468687000070)","Unfall 196525 (2023) Kat:3, Licht: 0","196525","3","3","5","07","17","4","","0","1","1","0","0"
"POINT (8.707737250000037 50.116930859000036)","Unfall 196526 (2023) Kat:2, Licht: 2","196526","2","6","3","07","23","4","","2","1","0","0","0"
"POINT (8.686279712000044 50.122493130000066)","Unfall 196527 (2023) Kat:3, Licht: 0","196527","3","5","3","07","16","4","","0","1","1","0","0"
"POINT (8.692194987000050 50.114786784000046)","Unfall 196529 (2023) Kat:3, Licht: 0","196529","3","2","6","08","12","5","","0","0","1","1","0"
"POINT (8.605584402000034 50.125424358000032)","Unfall 196540 (2023) Kat:3, Licht: 0","196540","3","2","5","07","13","6","","0","0","1","0","1"
"POINT (8.656209224000065 50.116490002000035)","Unfall 196544 (2023) Kat:3, Licht: 2","196544","3","3","5","11","20","4","","2","1","1","0","0"
"POINT (8.677759175000062 50.105465585000047)","Unfall 196545 (2023) Kat:3, Licht: 0","196545","3","3","5","11","08","4","","0","1","0","0","0"
"POINT (8.658703930000058 50.095732697000074)","Unfall 196546 (2023) Kat:3, Licht: 0","196546","3","2","5","11","08","4","","0","0","1","0","0"
"POINT (8.716872501000068 50.129355247000035)","Unfall 196547 (2023) Kat:3, Licht: 2","196547","3","7","6","11","22","4","","2","0","0","1","0"
"POINT (8.663287168000068 50.110576291000029)","Unfall 196548 (2023) Kat:3, Licht: 0","196548","3","2","3","11","14","4","","0","0","1","0","0"
"POINT (8.668802255000060 50.122011117000056)","Unfall 196549 (2023) Kat:3, Licht: 0","196549","3","5","1","11","13","4","","0","1","1","0","0"
"POINT (8.665578326000059 50.136740250000059)","Unfall 196559 (2023) Kat:3, Licht: 0","196559","3","2","2","10","11","3","","0","0","1","0","0"
"POINT (8.697371555000075 50.105945239000050)","Unfall 196560 (2023) Kat:3, Licht: 0","196560","3","1","0","10","14","3","","0","0","0","0","0"
"POINT (8.698658859000034 50.111415574000034)","Unfall 196561 (2023) Kat:2, Licht: 0","196561","2","4","6","10","15","3","","0","0","1","1","0"
"POINT (8.712575456000025 50.111746777000064)","Unfall 196562 (2023) Kat:3, Licht: 0","196562","3","3","5","10","08","3","","0","1","1","0","0"
"POINT (8.641262900000072 50.116847734000032)","Unfall 196577 (2023) Kat:3, Licht: 2","196577","3","2","6","10","18","2","","2","0","1","1","0"
"POINT (8.701514827000040 50.126370923000081)","Unfall 196578 (2023) Kat:3, Licht: 2","196578","3","2","5","10","19","2","","2","1","1","0","0"
"POINT (8.689999418000070 50.130411494000043)","Unfall 196579 (2023) Kat:2, Licht: 2","196579","2","3","5","10","17","2","","2","0","1","0","0"
"POINT (8.674075189000064 50.113992297000038)","Unfall 196580 (2023) Kat:3, Licht: 2","196580","3","5","1","10","16","2","","2","1","1","0","0"
"POINT (8.543235489000040 50.096038098000065)","Unfall 196596 (2023) Kat:3, Licht: 2","196596","3","1","0","10","22","1","","2","0","1","0","0"
"POINT (8.650660955000035 50.087782439000080)","Unfall 196597 (2023) Kat:3, Licht: 0","196597","3","4","6","10","11","1","","0","1","0","1","0"
"POINT (8.667224026000042 50.109367869000039)","Unfall 196598 (2023) Kat:2, Licht: 2","196598","2","4","6","10","02","1","","2","0","0","1","0"
"POINT (8.671414746000039 50.113140912000063)","Unfall 196599 (2023) Kat:2, Licht: 2","196599","2","1","9","10","03","1","","2","0","1","0","0"
"POINT (8.688635063000049 50.118386003000069)","Unfall 196608 (2023) Kat:3, Licht: 0","196608","3","2","2","10","12","7","","0","0","1","0","0"
"POINT (8.688229472000046 50.112062539000078)","Unfall 196609 (2023) Kat:3, Licht: 0","196609","3","6","2","10","11","7","","0","0","1","0","0"
"POINT (8.611656150000044 50.094024342000068)","Unfall 196619 (2023) Kat:3, Licht: 2","196619","3","2","6","10","05","6","","2","0","1","1","0"
"POINT (8.678840365000042 50.124663140000052)","Unfall 196620 (2023) Kat:3, Licht: 0","196620","3","7","2","10","14","6","","0","0","1","0","0"
"POINT (8.567376272000047 50.100510989000043)","Unfall 196629 (2023) Kat:3, Licht: 0","196629","3","3","5","10","13","5","","0","0","1","0","0"
"POINT (8.671429320000072 50.093535692000046)","Unfall 196630 (2023) Kat:3, Licht: 0","196630","3","3","0","10","08","5","","0","1","1","0","0"
"POINT (8.536164966000058 50.110099205000040)","Unfall 196645 (2023) Kat:3, Licht: 0","196645","3","1","0","10","16","4","","0","1","0","0","0"
"POINT (8.585799414000064 50.107715522000035)","Unfall 196646 (2023) Kat:3, Licht: 0","196646","3","2","2","10","15","4","","0","1","1","0","0"
"POINT (8.707095979000030 50.116653102000043)","Unfall 196647 (2023) Kat:3, Licht: 2","196647","3","2","6","10","23","4","","2","0","1","1","0"
"POINT (8.638856068000052 50.104405171000053)","Unfall 196648 (2023) Kat:3, Licht: 2","196648","3","2","5","10","20","4","","2","0","1","0","1"
"POINT (8.656460032000041 50.106781531000081)","Unfall 196649 (2023) Kat:2, Licht: 0","196649","2","2","6","10","11","4","","0","0","0","1","0"
"POINT (8.658423971000047 50.187569472000064)","Unfall 196658 (2023) Kat:3, Licht: 2","196658","3","5","1","10","19","3","","2","1","1","0","0"
"POINT (8.711639342000069 50.126287813000033)","Unfall 196659 (2023) Kat:2, Licht: 0","196659","2","4","6","10","15","3","","0","0","1","1","0"
"POINT (8.666735115000051 50.111909468000079)","Unfall 196660 (2023) Kat:2, Licht: 1","196660","2","1","9","10","18","3","","1","0","1","0","0"
"POINT (8.691796861000057 50.125367836000066)","Unfall 196666 (2023) Kat:3, Licht: 0","196666","3","3","0","10","17","2","","0","0","1","0","1"
"POINT (8.768697708000047 50.121203710000032)","Unfall 196675 (2023) Kat:3, Licht: 2","196675","3","3","5","10","19","2","","2","0","1","0","0"
"POINT (8.667866085000071 50.201633770000058)","Unfall 196680 (2023) Kat:3, Licht: 0","196680","3","6","2","10","11","1","","0","1","0","0","0"
"POINT (8.633605827000054 50.081881635000059)","Unfall 196685 (2023) Kat:3, Licht: 1","196685","3","7","6","10","19","7","","1","0","1","1","0"
"POINT (8.635474599000077 50.105786161000026)","Unfall 196686 (2023) Kat:3, Licht: 0","196686","3","3","5","10","10","7","","0","0","0","0","0"
"POINT (8.687994029000038 50.114769778000039)","Unfall 196687 (2023) Kat:3, Licht: 2","196687","3","2","3","10","19","7","","2","0","1","0","0"
"POINT (8.583938938000074 50.107189317000064)","Unfall 196702 (2023) Kat:2, Licht: 1","196702","2","7","6","10","18","6","","1","0","1","1","0"
"POINT (8.643733436000048 50.110169816000052)","Unfall 196703 (2023) Kat:3, Licht: 0","196703","3","3","5","10","14","6","","0","0","1","0","0"
"POINT (8.611406518000024 50.115866591000042)","Unfall 196722 (2023) Kat:3, Licht: 0","196722","3","6","0","10","08","5","","0","1","1","0","0"
"POINT (8.664246581000043 50.115674067000043)","Unfall 196723 (2023) Kat:3, Licht: 0","196723","3","3","0","10","17","5","","0","1","1","0","0"
"POINT (8.668359391000024 50.133475500000031)","Unfall 196724 (2023) Kat:3, Licht: 0","196724","3","2","5","10","09","5","","0","0","1","0","1"
"POINT (8.685037178000073 50.097353067000029)","Unfall 196725 (2023) Kat:3, Licht: 0","196725","3","6","0","10","17","5","","0","0","0","0","1"
"POINT (8.683148056000050 50.098761306000029)","Unfall 196726 (2023) Kat:3, Licht: 0","196726","3","2","3","10","08","5","","0","1","0","0","0"
"POINT (8.677217737000035 50.116485165000029)","Unfall 196727 (2023) Kat:3, Licht: 0","196727","3","7","6","10","16","5","","0","0","1","1","0"
"POINT (8.584289588000047 50.133387461000041)","Unfall 196743 (2023) Kat:3, Licht: 0","196743","3","6","2","10","15","5","","0","0","1","0","0"
"POINT (8.538626776000058 50.102658645000076)","Unfall 196749 (2023) Kat:3, Licht: 0","196749","3","3","5","10","14","4","","0","0","1","0","0"
"POINT (8.654111533000048 50.184622072000082)","Unfall 196750 (2023) Kat:3, Licht: 2","196750","3","7","2","10","19","4","","2","0","1","0","0"
"POINT (8.634395798000071 50.078888929000072)","Unfall 196751 (2023) Kat:3, Licht: 0","196751","3","4","6","10","09","4","","0","0","1","1","0"
"POINT (8.681015545000037 50.095134147000067)","Unfall 196752 (2023) Kat:3, Licht: 2","196752","3","3","5","10","21","4","","2","1","1","0","0"
"POINT (8.643649805000052 50.112795818000052)","Unfall 196773 (2023) Kat:3, Licht: 0","196773","3","2","5","10","19","3","","0","0","1","0","0"
"POINT (8.693067403000043 50.074846458000081)","Unfall 196774 (2023) Kat:2, Licht: 1","196774","2","3","5","10","18","3","","1","1","1","0","0"
"POINT (8.694144136000034 50.104455615000063)","Unfall 196775 (2023) Kat:3, Licht: 0","196775","3","5","0","10","10","3","","0","0","1","0","0"
"POINT (8.679376727000033 50.111466788000030)","Unfall 196776 (2023) Kat:3, Licht: 2","196776","3","6","2","10","22","3","","2","0","1","0","0"
"POINT (8.543860196000026 50.113929774000042)","Unfall 196797 (2023) Kat:3, Licht: 0","196797","3","3","5","10","16","2","","0","0","1","0","0"
"POINT (8.631897564000042 50.084635027000047)","Unfall 196798 (2023) Kat:3, Licht: 0","196798","3","6","2","10","16","2","","0","0","1","0","1"
"POINT (8.650943277000067 50.082898346000036)","Unfall 196799 (2023) Kat:3, Licht: 0","196799","3","4","6","10","07","2","","0","1","0","1","0"
"POINT (8.756731478000063 50.131348535000029)","Unfall 196814 (2023) Kat:3, Licht: 0","196814","3","7","2","10","16","1","","0","0","1","0","0"
"POINT (8.686260535000031 50.101460599000063)","Unfall 196816 (2023) Kat:3, Licht: 2","196816","3","1","1","10","05","7","","2","0","1","0","0"
"POINT (8.681494658000076 50.094401629000060)","Unfall 196829 (2023) Kat:3, Licht: 0","196829","3","4","6","10","16","6","","0","0","1","1","0"
"POINT (8.670121321000067 50.110287028000073)","Unfall 196830 (2023) Kat:3, Licht: 0","196830","3","6","3","10","16","6","","0","0","1","0","0"
"POINT (8.688916946000063 50.124048327000025)","Unfall 196831 (2023) Kat:3, Licht: 2","196831","3","5","1","10","00","6","","2","0","1","0","0"
"POINT (8.633711525000024 50.155654749000064)","Unfall 196848 (2023) Kat:3, Licht: 2","196848","3","7","6","10","19","5","","2","0","0","1","0"
"POINT (8.662944464000077 50.115820718000066)","Unfall 196849 (2023) Kat:3, Licht: 1","196849","3","3","5","10","18","5","","1","1","0","0","0"
"POINT (8.643655747000025 50.112752951000061)","Unfall 196850 (2023) Kat:2, Licht: 0","196850","2","2","4","10","16","5","","0","0","1","0","1"
"POINT (8.656656002000034 50.159058727000058)","Unfall 196851 (2023) Kat:2, Licht: 0","196851","2","7","0","10","15","5","","0","1","0","0","0"
"POINT (8.651427712000043 50.076885729000026)","Unfall 196852 (2023) Kat:2, Licht: 0","196852","2","3","5","10","11","5","","0","0","1","0","1"
"POINT (8.710730850000061 50.111227946000042)","Unfall 196854 (2023) Kat:3, Licht: 0","196854","3","2","3","10","11","7","","0","1","1","0","0"
"POINT (8.602432419000024 50.104001842000059)","Unfall 196876 (2023) Kat:3, Licht: 2","196876","3","6","3","10","05","4","","2","0","0","0","0"
"POINT (8.673088855000060 50.167310983000050)","Unfall 196877 (2023) Kat:3, Licht: 0","196877","3","5","1","10","13","4","","0","1","1","0","0"
"POINT (8.628162083000063 50.096227962000057)","Unfall 196894 (2023) Kat:3, Licht: 0","196894","3","2","5","10","09","3","","0","0","1","0","1"
"POINT (8.674939149000068 50.136812889000055)","Unfall 196895 (2023) Kat:3, Licht: 0","196895","3","6","4","10","13","3","","0","1","1","0","0"
"POINT (8.684027479000065 50.117975036000075)","Unfall 196896 (2023) Kat:3, Licht: 2","196896","3","6","2","10","19","3","","2","0","1","0","0"
"POINT (8.692519967000067 50.109279712000045)","Unfall 196897 (2023) Kat:2, Licht: 1","196897","2","2","3","10","07","3","","1","1","0","0","0"
"POINT (8.672872082000026 50.111068047000060)","Unfall 196919 (2023) Kat:3, Licht: 2","196919","3","2","2","10","23","3","","2","0","1","0","0"
"POINT (8.545339849000072 50.114436728000044)","Unfall 196927 (2023) Kat:3, Licht: 2","196927","3","2","5","10","06","2","","2","0","1","0","1"
"POINT (8.686191088000044 50.124467990000028)","Unfall 196928 (2023) Kat:3, Licht: 0","196928","3","7","0","10","12","2","","0","1","0","0","0"
"POINT (8.663644739000063 50.117881141000055)","Unfall 196929 (2023) Kat:3, Licht: 0","196929","3","2","3","10","10","2","","0","1","1","0","0"
"POINT (8.691777267000020 50.125060739000048)","Unfall 196930 (2023) Kat:3, Licht: 0","196930","3","4","6","10","07","2","","0","0","0","1","0"
"POINT (8.669249489000038 50.201745366000068)","Unfall 196944 (2023) Kat:3, Licht: 0","196944","3","2","3","10","12","1","","0","1","1","0","0"
"POINT (8.646938310000053 50.086833609000053)","Unfall 196945 (2023) Kat:3, Licht: 0","196945","3","5","0","10","14","1","","0","0","1","0","1"
"POINT (8.519257842000059 50.097851493000064)","Unfall 196957 (2023) Kat:3, Licht: 0","196957","3","7","6","10","11","7","","0","0","1","1","0"
"POINT (8.624802309000074 50.153977133000069)","Unfall 196959 (2023) Kat:2, Licht: 0","196959","2","1","7","10","18","7","","0","0","1","0","1"
"POINT (8.659595180000053 50.115150007000068)","Unfall 196960 (2023) Kat:3, Licht: 0","196960","3","6","0","10","14","7","","0","1","0","0","0"
"POINT (8.666380881000066 50.111701733000075)","Unfall 196961 (2023) Kat:3, Licht: 0","196961","3","2","3","10","12","7","","0","0","1","0","0"
"POINT (8.763386098000069 50.122295297000051)","Unfall 196971 (2023) Kat:3, Licht: 0","196971","3","2","4","10","18","7","","0","0","1","0","0"
"POINT (8.588347339000052 50.123914936000062)","Unfall 196978 (2023) Kat:3, Licht: 0","196978","3","2","4","10","11","6","","0","0","1","0","0"
"POINT (8.514279682000051 50.085168348000082)","Unfall 196979 (2023) Kat:3, Licht: 0","196979","3","6","3","10","15","6","","0","1","1","0","0"
"POINT (8.619262305000063 50.113611820000074)","Unfall 196980 (2023) Kat:3, Licht: 0","196980","3","7","0","10","18","6","","0","0","0","0","0"
"POINT (8.604281111000034 50.086128293000058)","Unfall 196981 (2023) Kat:3, Licht: 0","196981","3","3","5","10","13","6","","0","1","1","0","0"
"POINT (8.684150830000021 50.096745415000044)","Unfall 196982 (2023) Kat:3, Licht: 0","196982","3","7","0","10","12","6","","0","1","0","1","0"
"POINT (8.688002062000066 50.113677172000052)","Unfall 196983 (2023) Kat:3, Licht: 0","196983","3","2","3","10","16","6","","0","1","1","0","0"
"POINT (8.682878644000027 50.111173382000061)","Unfall 196984 (2023) Kat:3, Licht: 0","196984","3","5","1","10","17","6","","0","1","1","0","0"
"POINT (8.677615891000073 50.140629861000036)","Unfall 196995 (2023) Kat:3, Licht: 0","196995","3","2","5","10","15","5","","0","1","1","0","0"
"POINT (8.641703849000066 50.086460669000076)","Unfall 196996 (2023) Kat:3, Licht: 0","196996","3","7","6","10","16","5","","0","0","0","1","0"
"POINT (8.698925061000068 50.120113617000072)","Unfall 196997 (2023) Kat:3, Licht: 0","196997","3","3","5","10","08","5","","0","1","1","0","0"
"POINT (8.671960589000037 50.106278181000050)","Unfall 196998 (2023) Kat:3, Licht: 0","196998","3","5","1","10","11","5","","0","0","1","0","0"
"POINT (8.692517292000048 50.107169797000040)","Unfall 196999 (2023) Kat:3, Licht: 2","196999","3","7","0","10","03","1","","2","1","0","0","0"
"POINT (8.664881105000063 50.111230119000027)","Unfall 197000 (2023) Kat:3, Licht: 0","197000","3","5","0","10","10","5","","0","0","1","0","1"
"POINT (8.679886542000077 50.117126460000065)","Unfall 197001 (2023) Kat:3, Licht: 0","197001","3","6","3","10","15","5","","0","1","1","0","0"
"POINT (8.681524747000026 50.101610123000057)","Unfall 197003 (2023) Kat:3, Licht: 0","197003","3","7","1","10","13","5","","0","0","1","0","0"
"POINT (8.668854958000054 50.108498116000078)","Unfall 197019 (2023) Kat:3, Licht: 0","197019","3","5","1","10","10","4","","0","0","1","0","0"
"POINT (8.681051320000051 50.122405552000032)","Unfall 197020 (2023) Kat:3, Licht: 0","197020","3","5","1","10","09","4","","0","0","0","0","1"
"POINT (8.662836671000036 50.111463882000066)","Unfall 197028 (2023) Kat:3, Licht: 1","197028","3","3","5","10","18","3","","1","1","1","0","0"
"POINT (8.614103949000025 50.114216081000052)","Unfall 197032 (2023) Kat:3, Licht: 0","197032","3","3","5","10","16","3","","0","0","1","0","0"
"POINT (8.700317472000052 50.112912905000030)","Unfall 197033 (2023) Kat:3, Licht: 2","197033","3","3","5","10","18","3","","2","0","1","0","0"
"POINT (8.669922053000050 50.138495276000071)","Unfall 197044 (2023) Kat:3, Licht: 0","197044","3","6","0","10","15","2","","0","1","1","0","0"
"POINT (8.693074227000068 50.074797408000052)","Unfall 197045 (2023) Kat:3, Licht: 0","197045","3","3","5","10","09","2","","0","1","1","0","0"
"POINT (8.670516130000067 50.107997797000053)","Unfall 197046 (2023) Kat:3, Licht: 0","197046","3","4","6","10","10","2","","0","0","0","1","0"
"POINT (8.697754808000070 50.122021459000052)","Unfall 197047 (2023) Kat:3, Licht: 0","197047","3","5","1","10","09","2","","0","0","1","0","0"
"POINT (8.677835046000041 50.114118301000076)","Unfall 197048 (2023) Kat:3, Licht: 0","197048","3","7","6","10","14","2","","0","1","0","1","0"
"POINT (8.670107370000039 50.114433469000062)","Unfall 197065 (2023) Kat:3, Licht: 2","197065","3","6","2","10","19","1","","2","0","1","0","1"
"POINT (8.664120645000025 50.137463064000030)","Unfall 197066 (2023) Kat:2, Licht: 0","197066","2","6","6","10","14","1","","0","0","0","1","0"
"POINT (8.717367206000063 50.141382934000035)","Unfall 197067 (2023) Kat:3, Licht: 2","197067","3","5","1","10","01","1","","2","0","1","0","0"
"POINT (8.679435567000041 50.114612577000059)","Unfall 197082 (2023) Kat:3, Licht: 0","197082","3","5","1","09","16","7","","0","1","1","0","0"
"POINT (8.657818555000063 50.103421317000027)","Unfall 197104 (2023) Kat:3, Licht: 0","197104","3","6","3","09","13","6","","0","0","0","0","0"
"POINT (8.675190214000054 50.108520973000054)","Unfall 197105 (2023) Kat:2, Licht: 0","197105","2","7","6","09","15","6","","0","1","0","1","0"
"POINT (8.611537915000042 50.125511418000031)","Unfall 197124 (2023) Kat:3, Licht: 0","197124","3","3","5","09","07","5","","0","0","1","0","0"
"POINT (8.644165282000074 50.086616333000052)","Unfall 197125 (2023) Kat:3, Licht: 0","197125","3","4","6","09","08","5","","0","0","1","1","0"
"POINT (8.597873665000066 50.098947512000052)","Unfall 197148 (2023) Kat:3, Licht: 0","197148","3","3","5","09","06","4","","0","0","1","0","0"
"POINT (8.631470649000050 50.157795463000070)","Unfall 197149 (2023) Kat:3, Licht: 0","197149","3","6","2","09","13","4","","0","0","1","0","0"
"POINT (8.613743908000060 50.127120167000044)","Unfall 197150 (2023) Kat:3, Licht: 0","197150","3","4","6","09","08","4","","0","0","0","1","0"
"POINT (8.694264888000021 50.109340054000029)","Unfall 197151 (2023) Kat:3, Licht: 0","197151","3","3","5","09","12","4","","0","1","1","0","0"
"POINT (8.621810116000063 50.105919967000034)","Unfall 197152 (2023) Kat:3, Licht: 1","197152","3","1","8","09","18","4","","1","0","1","0","0"
"POINT (8.691411886000026 50.122703840000042)","Unfall 197153 (2023) Kat:3, Licht: 2","197153","3","6","0","09","19","4","","2","0","1","0","1"
"POINT (8.672812384000053 50.128052420000074)","Unfall 197154 (2023) Kat:3, Licht: 1","197154","3","2","3","09","19","4","","1","1","1","0","0"
"POINT (8.674935877000053 50.109226231000036)","Unfall 197155 (2023) Kat:3, Licht: 0","197155","3","3","5","09","16","4","","0","1","0","0","0"
"POINT (8.567375807000076 50.100511367000081)","Unfall 197173 (2023) Kat:3, Licht: 0","197173","3","3","5","09","16","3","","0","0","1","0","1"
"POINT (8.622206358000028 50.132980149000048)","Unfall 197175 (2023) Kat:3, Licht: 0","197175","3","3","5","09","18","3","","0","1","1","0","0"
"POINT (8.667835238000066 50.131566558000031)","Unfall 197178 (2023) Kat:3, Licht: 0","197178","3","6","2","09","07","3","","0","0","1","0","0"
"POINT (8.599248152000030 50.095171772000072)","Unfall 197193 (2023) Kat:3, Licht: 0","197193","3","3","5","09","18","2","","0","0","1","0","0"
"POINT (8.622637010000062 50.168640327000048)","Unfall 197194 (2023) Kat:3, Licht: 2","197194","3","5","1","09","20","2","","2","0","1","0","0"
"POINT (8.623357594000026 50.170595632000072)","Unfall 197195 (2023) Kat:2, Licht: 0","197195","2","1","0","09","11","2","","0","0","0","0","0"
"POINT (8.677431043000070 50.140624425000055)","Unfall 197196 (2023) Kat:3, Licht: 2","197196","3","5","1","09","19","2","","2","1","1","0","0"
"POINT (8.639094464000038 50.081676774000073)","Unfall 197197 (2023) Kat:3, Licht: 0","197197","3","7","0","09","17","2","","0","1","0","0","0"
"POINT (8.631664116000024 50.157474649000051)","Unfall 197217 (2023) Kat:3, Licht: 0","197217","3","6","3","10","14","3","","0","0","1","0","1"
"POINT (8.670168823000040 50.122473549000063)","Unfall 197219 (2023) Kat:3, Licht: 2","197219","3","7","4","09","20","1","","2","0","1","0","0"
"POINT (8.658276289000071 50.103605764000065)","Unfall 197243 (2023) Kat:3, Licht: 0","197243","3","7","6","09","19","7","","0","0","1","1","0"
"POINT (8.667530670000076 50.116350351000051)","Unfall 197244 (2023) Kat:2, Licht: 0","197244","2","7","0","09","12","7","","0","1","0","0","0"
"POINT (8.679052706000050 50.116948451000042)","Unfall 197245 (2023) Kat:2, Licht: 0","197245","2","6","2","09","15","7","","0","0","1","0","0"
"POINT (8.684751085000073 50.113478318000034)","Unfall 197246 (2023) Kat:3, Licht: 0","197246","3","3","5","09","13","7","","0","1","1","0","0"
"POINT (8.674854851000021 50.113864806000038)","Unfall 197247 (2023) Kat:3, Licht: 0","197247","3","6","2","09","11","7","","0","1","1","0","0"
"POINT (8.681131380000068 50.095179989000030)","Unfall 197249 (2023) Kat:2, Licht: 0","197249","2","2","5","10","12","1","","0","0","1","0","0"
"POINT (8.628493872000035 50.117283082000029)","Unfall 197250 (2023) Kat:3, Licht: 2","197250","3","1","0","09","01","6","","2","0","0","0","0"
"POINT (8.662973983000029 50.115817219000064)","Unfall 197262 (2023) Kat:3, Licht: 0","197262","3","3","5","09","09","6","","0","1","1","0","0"
"POINT (8.653686847000074 50.147326199000076)","Unfall 197263 (2023) Kat:3, Licht: 2","197263","3","1","0","09","21","6","","2","0","0","0","1"
"POINT (8.735440806000042 50.117201370000032)","Unfall 197264 (2023) Kat:3, Licht: 0","197264","3","5","1","09","13","6","","0","1","0","0","0"
"POINT (8.762150792000057 50.143132509000054)","Unfall 197271 (2023) Kat:3, Licht: 0","197271","3","6","2","09","14","6","","0","0","1","0","0"
"POINT (8.530850496000028 50.109592982000038)","Unfall 197275 (2023) Kat:3, Licht: 0","197275","3","6","4","09","18","5","","0","0","1","0","1"
"POINT (8.650809406000064 50.121193764000054)","Unfall 197276 (2023) Kat:3, Licht: 0","197276","3","3","5","09","16","5","","0","1","1","0","0"
"POINT (8.690055717000064 50.103957544000082)","Unfall 197277 (2023) Kat:3, Licht: 2","197277","3","3","5","09","00","5","","2","0","1","0","0"
"POINT (8.665148145000046 50.144712975000061)","Unfall 197278 (2023) Kat:3, Licht: 0","197278","3","3","5","10","13","6","","0","1","1","0","0"