WKT,Name,OBJECTID,UKATEGORIE,UTYP1,UART,UMONAT,USTUNDE,UWOCHENTAG,STRZUSTAND,ULICHTVERH,ISTRAD,ISTPKW,ISTFUSS,ISTKRAD
"POINT (8.700162909000028 50.112915131000079)","Unfall 197279 (2023) Kat:3, Licht: 2","197279","3","6","2","09","23","5","","2","0","1","0","0"
"POINT (8.679400339000040 50.111260005000076)","Unfall 197280 (2023) Kat:3, Licht: 2","197280","3","2","5","09","20","5","","2","0","1","0","0"
"POINT (8.675593527000046 50.107475269000076)","Unfall 197283 (2023) Kat:3, Licht: 0","197283","3","2","3","10","16","2","","0","1","1","0","0"
"POINT (8.569808226000021 50.050530291000030)","Unfall 197294 (2023) Kat:3, Licht: 1","197294","3","5","1","09","18","4","","1","0","1","0","0"
"POINT (8.659596118000024 50.101688453000065)","Unfall 197297 (2023) Kat:3, Licht: 1","197297","3","2","3","10","17","6","","1","1","1","0","0"
"POINT (8.675585639000076 50.166918501000055)","Unfall 197304 (2023) Kat:3, Licht: 0","197304","3","5","1","09","09","4","","0","0","1","0","0"
"POINT (8.643652100000054 50.112779266000075)","Unfall 197305 (2023) Kat:3, Licht: 0","197305","3","2","5","09","16","4","","0","0","1","0","1"
"POINT (8.694371046000072 50.096831767000026)","Unfall 197306 (2023) Kat:3, Licht: 0","197306","3","3","5","09","18","4","","0","1","1","0","0"
"POINT (8.677821505000054 50.127262091000034)","Unfall 197307 (2023) Kat:3, Licht: 0","197307","3","4","6","09","18","4","","0","0","0","1","0"
"POINT (8.746113997000066 50.132086624000067)","Unfall 197325 (2023) Kat:3, Licht: 0","197325","3","3","5","09","18","4","","0","1","0","0","0"
"POINT (8.588061878000076 50.126162047000037)","Unfall 197334 (2023) Kat:3, Licht: 0","197334","3","3","0","09","16","3","","0","0","1","0","0"
"POINT (8.731826266000041 50.119066672000031)","Unfall 197335 (2023) Kat:3, Licht: 0","197335","3","6","3","09","10","3","","0","0","1","0","0"
"POINT (8.662431404000074 50.105230846000040)","Unfall 197336 (2023) Kat:3, Licht: 0","197336","3","5","1","09","07","3","","0","1","1","0","0"
"POINT (8.663662327000054 50.104666973000064)","Unfall 197337 (2023) Kat:3, Licht: 2","197337","3","1","0","09","20","5","","2","0","0","0","1"
"POINT (8.681346226000073 50.123704379000060)","Unfall 197338 (2023) Kat:3, Licht: 2","197338","3","5","1","09","21","3","","2","1","1","0","0"
"POINT (8.677376036000055 50.112257789000068)","Unfall 197339 (2023) Kat:3, Licht: 0","197339","3","1","0","09","17","3","","0","1","0","0","0"
"POINT (8.581788522000068 50.132289682000078)","Unfall 197355 (2023) Kat:3, Licht: 0","197355","3","6","2","09","18","3","","0","0","1","0","0"
"POINT (8.588587105000045 50.054773828000066)","Unfall 197356 (2023) Kat:3, Licht: 0","197356","3","6","6","09","14","2","","0","0","1","1","0"
"POINT (8.627637796000045 50.175130195000065)","Unfall 197364 (2023) Kat:3, Licht: 0","197364","3","7","0","09","08","2","","0","0","0","0","1"
"POINT (8.656320833000052 50.106803102000072)","Unfall 197365 (2023) Kat:3, Licht: 0","197365","3","2","5","09","15","2","","0","0","1","0","0"
"POINT (8.587796307000076 50.052749579000078)","Unfall 197377 (2023) Kat:3, Licht: 0","197377","3","6","6","09","15","1","","0","0","1","1","0"
"POINT (8.619917686000065 50.163268982000034)","Unfall 197382 (2023) Kat:2, Licht: 0","197382","2","5","1","09","14","1","","0","0","0","0","1"
"POINT (8.632822572000066 50.123115127000062)","Unfall 197383 (2023) Kat:3, Licht: 0","197383","3","5","1","09","14","1","","0","1","1","0","0"
"POINT (8.711277562000021 50.106328677000079)","Unfall 197384 (2023) Kat:2, Licht: 2","197384","2","1","8","09","03","1","","2","1","0","0","0"
"POINT (8.639655807000054 50.105987989000027)","Unfall 197385 (2023) Kat:3, Licht: 2","197385","3","7","2","09","00","1","","2","0","1","0","0"
"POINT (8.767455980000022 50.129086190000066)","Unfall 197400 (2023) Kat:3, Licht: 0","197400","3","1","0","09","16","1","","0","1","0","0","0"
"POINT (8.703113631000065 50.208925000000079)","Unfall 197407 (2023) Kat:3, Licht: 0","197407","3","6","0","09","11","7","","0","0","1","0","1"
"POINT (8.642479144000049 50.175143244000026)","Unfall 197408 (2023) Kat:3, Licht: 0","197408","3","6","2","09","15","7","","0","0","1","0","0"
"POINT (8.713083614000027 50.129418919000045)","Unfall 197409 (2023) Kat:3, Licht: 0","197409","3","7","5","09","15","7","","0","1","0","0","0"
"POINT (8.625383774000056 50.104807631000028)","Unfall 197410 (2023) Kat:3, Licht: 0","197410","3","3","5","09","10","7","","0","0","1","0","0"
"POINT (8.624657779000074 50.113880113000050)","Unfall 197440 (2023) Kat:3, Licht: 0","197440","3","7","0","09","15","6","","0","1","1","0","0"
"POINT (8.705045832000053 50.144274095000071)","Unfall 197441 (2023) Kat:3, Licht: 0","197441","3","6","2","09","11","6","","0","0","1","0","0"
"POINT (8.748644983000077 50.141442158000075)","Unfall 197443 (2023) Kat:3, Licht: 0","197443","3","7","5","10","12","6","","0","0","1","0","0"
"POINT (8.592542850000029 50.098743715000069)","Unfall 197469 (2023) Kat:3, Licht: 0","197469","3","3","5","09","16","5","","0","0","1","0","1"
"POINT (8.696323530000029 50.117489730000045)","Unfall 197470 (2023) Kat:2, Licht: 0","197470","2","5","1","09","17","5","","0","0","1","0","0"
"POINT (8.668065053000021 50.201653883000063)","Unfall 197478 (2023) Kat:3, Licht: 0","197478","3","5","0","10","13","4","","0","0","0","0","1"
"POINT (8.655659225000022 50.107587453000065)","Unfall 197505 (2023) Kat:3, Licht: 1","197505","3","7","0","09","20","4","","1","1","0","0","0"
"POINT (8.680284496000070 50.141282608000040)","Unfall 197506 (2023) Kat:3, Licht: 0","197506","3","1","5","09","16","4","","0","0","1","0","1"
"POINT (8.606481233000068 50.133411399000067)","Unfall 197507 (2023) Kat:3, Licht: 0","197507","3","6","4","09","08","4","","0","1","0","0","0"
"POINT (8.718070394000051 50.120118311000056)","Unfall 197508 (2023) Kat:3, Licht: 2","197508","3","5","1","09","23","4","","2","0","1","0","0"
"POINT (8.679947878000064 50.120535382000071)","Unfall 197509 (2023) Kat:3, Licht: 0","197509","3","7","0","09","08","4","","0","1","0","0","0"
"POINT (8.674131642000077 50.115751663000026)","Unfall 197510 (2023) Kat:3, Licht: 0","197510","3","6","2","09","11","4","","0","0","1","0","1"
"POINT (8.630342263000045 50.122295557000029)","Unfall 197520 (2023) Kat:3, Licht: 0","197520","3","3","5","09","19","5","","0","1","0","0","0"
"POINT (8.626697948000071 50.125987794000082)","Unfall 197538 (2023) Kat:3, Licht: 0","197538","3","5","1","09","13","3","","0","1","1","0","0"
"POINT (8.697509393000075 50.147262551000040)","Unfall 197567 (2023) Kat:3, Licht: 0","197567","3","7","1","09","17","2","","0","0","1","0","0"
"POINT (8.732291101000044 50.101611731000048)","Unfall 197568 (2023) Kat:3, Licht: 2","197568","3","7","9","09","20","2","","2","1","0","0","0"
"POINT (8.714295008000022 50.124426038000081)","Unfall 197569 (2023) Kat:3, Licht: 2","197569","3","1","0","09","21","2","","2","1","0","0","0"
"POINT (8.674211055000058 50.131868268000062)","Unfall 197570 (2023) Kat:3, Licht: 0","197570","3","6","2","09","12","2","","0","0","1","0","0"
"POINT (8.662837194000076 50.111463053000080)","Unfall 197585 (2023) Kat:2, Licht: 0","197585","2","3","5","09","07","3","","0","1","1","0","0"
"POINT (8.602285510000058 50.076874043000032)","Unfall 197602 (2023) Kat:3, Licht: 0","197602","3","3","5","09","12","7","","0","0","1","0","0"
"POINT (8.690119910000021 50.104153064000059)","Unfall 197604 (2023) Kat:3, Licht: 2","197604","3","6","2","09","20","7","","2","0","1","0","1"
"POINT (8.674113507000072 50.097401030000071)","Unfall 197605 (2023) Kat:3, Licht: 0","197605","3","5","1","09","15","7","","0","1","1","0","0"
"POINT (8.697848129000022 50.126478477000035)","Unfall 197606 (2023) Kat:3, Licht: 2","197606","3","6","2","09","00","7","","2","0","1","0","0"
"POINT (8.719135546000075 50.122264659000052)","Unfall 197607 (2023) Kat:3, Licht: 2","197607","3","4","6","09","22","7","","2","0","0","1","0"
"POINT (8.683939976000033 50.117954655000062)","Unfall 197608 (2023) Kat:3, Licht: 2","197608","3","7","0","09","03","7","","2","0","0","0","1"
"POINT (8.687839962000055 50.110017412000047)","Unfall 197609 (2023) Kat:3, Licht: 2","197609","3","7","0","09","00","7","","2","0","0","0","0"
"POINT (8.767229721000035 50.118734709000080)","Unfall 197624 (2023) Kat:2, Licht: 0","197624","2","3","5","09","11","7","","0","1","1","0","0"
"POINT (8.590924913000038 50.058840194000027)","Unfall 197626 (2023) Kat:3, Licht: 0","197626","3","3","5","09","08","6","","0","0","1","0","0"
"POINT (8.598764038000070 50.096504672000037)","Unfall 197635 (2023) Kat:3, Licht: 2","197635","3","3","5","09","20","6","","2","0","1","0","0"
"POINT (8.685063923000030 50.163819367000031)","Unfall 197636 (2023) Kat:2, Licht: 0","197636","2","1","0","09","17","6","","0","0","0","0","0"
"POINT (8.599001727000029 50.084844383000075)","Unfall 197637 (2023) Kat:3, Licht: 0","197637","3","3","5","09","18","6","","0","1","1","0","0"
"POINT (8.680333156000074 50.102354789000060)","Unfall 197638 (2023) Kat:3, Licht: 0","197638","3","5","1","09","12","6","","0","1","1","0","0"
"POINT (8.664879550000023 50.108503786000028)","Unfall 197639 (2023) Kat:3, Licht: 2","197639","3","6","3","09","21","6","","2","1","1","0","0"
"POINT (8.692865632000064 50.118993454000076)","Unfall 197640 (2023) Kat:3, Licht: 0","197640","3","4","6","09","08","6","","0","0","1","1","0"
"POINT (8.643458519000035 50.158828687000039)","Unfall 197662 (2023) Kat:3, Licht: 0","197662","3","6","2","09","09","5","","0","0","1","0","0"
"POINT (8.657363024000063 50.080889653000042)","Unfall 197663 (2023) Kat:3, Licht: 0","197663","3","6","0","09","16","5","","0","1","1","0","0"
"POINT (8.674844968000059 50.101572741000041)","Unfall 197664 (2023) Kat:3, Licht: 0","197664","3","6","3","09","13","5","","0","1","1","0","0"
"POINT (8.667141460000039 50.109253292000062)","Unfall 197665 (2023) Kat:3, Licht: 2","197665","3","2","6","09","01","5","","2","0","1","1","0"
"POINT (8.674772648000044 50.109186747000081)","Unfall 197666 (2023) Kat:3, Licht: 0","197666","3","3","5","09","11","5","","0","0","1","0","0"
"POINT (8.686253822000026 50.120265446000076)","Unfall 197667 (2023) Kat:3, Licht: 0","197667","3","6","2","09","08","5","","0","0","1","0","0"
"POINT (8.692184318000045 50.117225555000061)","Unfall 197684 (2023) Kat:3, Licht: 0","197684","3","6","2","09","10","6","","0","0","1","0","1"
"POINT (8.663255534000029 50.142371577000063)","Unfall 197690 (2023) Kat:3, Licht: 1","197690","3","6","2","09","18","4","","1","0","1","0","0"
"POINT (8.567377042000032 50.100510363000069)","Unfall 197700 (2023) Kat:3, Licht: 1","197700","3","3","5","10","19","7","","1","0","1","0","0"
"POINT (8.592760015000067 50.131684423000081)","Unfall 197719 (2023) Kat:3, Licht: 0","197719","3","3","5","09","17","3","","0","1","1","0","0"
"POINT (8.601208878000023 50.081081249000079)","Unfall 197720 (2023) Kat:3, Licht: 0","197720","3","6","4","09","18","3","","0","1","0","0","0"
"POINT (8.703469407000057 50.099797199000079)","Unfall 197721 (2023) Kat:3, Licht: 0","197721","3","2","2","09","12","3","","0","0","1","0","0"
"POINT (8.671251552000058 50.109107412000071)","Unfall 197722 (2023) Kat:3, Licht: 0","197722","3","5","1","09","13","3","","0","1","1","0","0"
"POINT (8.673911721000024 50.110164951000058)","Unfall 197723 (2023) Kat:3, Licht: 0","197723","3","4","6","09","15","3","","0","0","0","1","0"
"POINT (8.663427731000070 50.117966652000064)","Unfall 197735 (2023) Kat:3, Licht: 0","197735","3","4","6","10","12","5","","0","1","0","1","0"
"POINT (8.605407890000038 50.092404371000043)","Unfall 197754 (2023) Kat:3, Licht: 0","197754","3","3","5","09","17","2","","0","1","1","0","0"
"POINT (8.686377956000058 50.095490268000049)","Unfall 197755 (2023) Kat:3, Licht: 0","197755","3","7","0","09","16","2","","0","0","0","0","0"
"POINT (8.692495790000066 50.117047724000031)","Unfall 197756 (2023) Kat:3, Licht: 2","197756","3","1","8","09","23","2","","2","0","1","0","0"
"POINT (8.680469453000057 50.121644220000064)","Unfall 197757 (2023) Kat:3, Licht: 0","197757","3","6","2","09","17","2","","0","1","1","0","0"
"POINT (8.687753713000063 50.114735764000045)","Unfall 197758 (2023) Kat:3, Licht: 0","197758","3","4","0","09","15","2","","0","1","0","1","0"
"POINT (8.624455275000059 50.094812275000038)","Unfall 197893 (2023) Kat:3, Licht: 2","197893","3","3","5","12","17","1","","2","1","1","0","0"
"POINT (8.695647445000077 50.115768478000064)","Unfall 197913 (2023) Kat:3, Licht: 2","197913","3","4","6","12","16","5","","2","1","0","1","0"
"POINT (8.690090784000063 50.120031767000057)","Unfall 197928 (2023) Kat:3, Licht: 2","197928","3","6","2","12","17","3","","2","0","1","0","0"
"POINT (8.632656942000040 50.098423497000056)","Unfall 197935 (2023) Kat:3, Licht: 2","197935","3","6","2","12","18","1","","2","0","1","0","1"
"POINT (8.613475159000075 50.126924202000055)","Unfall 197946 (2023) Kat:3, Licht: 1","197946","3","4","6","12","16","6","","1","0","1","1","0"
"POINT (8.682686015000058 50.095726160000027)","Unfall 197947 (2023) Kat:3, Licht: 0","197947","3","3","0","12","09","6","","0","0","1","0","1"
"POINT (8.696452364000038 50.114582190000078)","Unfall 197948 (2023) Kat:3, Licht: 2","197948","3","6","4","12","18","6","","2","0","1","0","0"
"POINT (8.681289314000026 50.123329602000069)","Unfall 197949 (2023) Kat:2, Licht: 2","197949","2","6","3","12","17","6","","2","1","0","0","0"
"POINT (8.687798016000045 50.130610805000060)","Unfall 197950 (2023) Kat:3, Licht: 0","197950","3","2","5","12","10","6","","0","1","1","0","0"
"POINT (8.599351657000057 50.095172219000062)","Unfall 197960 (2023) Kat:3, Licht: 0","197960","3","3","5","12","13","5","","0","0","1","0","0"
"POINT (8.659771869000053 50.108783135000067)","Unfall 197962 (2023) Kat:3, Licht: 1","197962","3","4","6","12","20","5","","1","0","1","1","0"
"POINT (8.669673875000058 50.123489915000050)","Unfall 197963 (2023) Kat:3, Licht: 0","197963","3","2","4","12","14","5","","0","1","1","0","0"
"POINT (8.684602199000039 50.128248593000080)","Unfall 197975 (2023) Kat:3, Licht: 2","197975","3","3","5","12","23","4","","2","1","1","0","0"
"POINT (8.613113188000057 50.093375162000029)","Unfall 197988 (2023) Kat:3, Licht: 2","197988","3","4","6","12","17","3","","2","0","1","1","0"
"POINT (8.625324969000076 50.104996438000057)","Unfall 197989 (2023) Kat:2, Licht: 2","197989","2","4","6","12","07","3","","2","0","1","1","0"
"POINT (8.683280398000022 50.128010329000062)","Unfall 197990 (2023) Kat:3, Licht: 0","197990","3","6","3","12","13","3","","0","1","0","0","0"
"POINT (8.678827604000048 50.111672501000044)","Unfall 197991 (2023) Kat:3, Licht: 2","197991","3","5","1","12","19","3","","2","0","1","0","0"
"POINT (8.769400424000025 50.122059900000068)","Unfall 198006 (2023) Kat:2, Licht: 2","198006","2","4","6","12","20","3","","2","0","1","1","0"
"POINT (8.586692629000026 50.054756095000073)","Unfall 198007 (2023) Kat:2, Licht: 2","198007","2","3","5","12","19","2","","2","0","1","0","0"
"POINT (8.620912892000035 50.084179491000043)","Unfall 198014 (2023) Kat:3, Licht: 2","198014","3","6","2","12","18","2","","2","0","1","0","0"
"POINT (8.675063884000053 50.108751594000069)","Unfall 198015 (2023) Kat:3, Licht: 2","198015","3","1","0","12","20","2","","2","0","0","0","0"
"POINT (8.626255139000023 50.084403045000045)","Unfall 198031 (2023) Kat:3, Licht: 2","198031","3","5","1","12","20","7","","2","1","1","0","0"
"POINT (8.662928293000050 50.115822635000029)","Unfall 198040 (2023) Kat:2, Licht: 2","198040","2","7","0","12","23","6","","2","0","0","0","0"
"POINT (8.647268901000075 50.104208467000035)","Unfall 198042 (2023) Kat:3, Licht: 0","198042","3","2","3","12","07","6","","0","0","1","0","0"
"POINT (8.755364487000065 50.121200259000034)","Unfall 198049 (2023) Kat:3, Licht: 1","198049","3","3","5","12","16","6","","1","0","1","0","0"
"POINT (8.666716866000058 50.107954399000050)","Unfall 198054 (2023) Kat:2, Licht: 2","198054","2","2","4","12","21","5","","2","0","1","0","0"
"POINT (8.670066584000040 50.123534533000054)","Unfall 198055 (2023) Kat:3, Licht: 2","198055","3","7","0","12","02","5","","2","0","0","0","0"
"POINT (8.673574694000024 50.110528977000058)","Unfall 198056 (2023) Kat:3, Licht: 0","198056","3","7","6","12","09","5","","0","0","0","1","0"
"POINT (8.754713920000029 50.144918120000057)","Unfall 198064 (2023) Kat:3, Licht: 2","198064","3","2","6","12","21","5","","2","0","1","1","0"
"POINT (8.552130843000043 50.104874317000053)","Unfall 198068 (2023) Kat:3, Licht: 1","198068","3","3","5","12","07","4","","1","1","1","0","0"
"POINT (8.647955531000036 50.078437787000041)","Unfall 198069 (2023) Kat:3, Licht: 0","198069","3","3","5","12","09","4","","0","1","1","0","0"
"POINT (8.656778410000072 50.095222527000033)","Unfall 198070 (2023) Kat:3, Licht: 0","198070","3","1","0","12","13","4","","0","0","0","0","1"
"POINT (8.677941392000037 50.116657120000070)","Unfall 198071 (2023) Kat:2, Licht: 0","198071","2","3","0","12","08","4","","0","0","1","0","1"
"POINT (8.591442413000038 50.115927750000026)","Unfall 198086 (2023) Kat:3, Licht: 2","198086","3","7","0","12","20","4","","2","0","1","0","0"
"POINT (8.632993857000031 50.174920981000071)","Unfall 198091 (2023) Kat:3, Licht: 2","198091","3","4","6","12","17","3","","2","0","1","1","0"
"POINT (8.730067691000045 50.130141478000041)","Unfall 198118 (2023) Kat:3, Licht: 0","198118","3","7","0","12","15","2","","0","0","1","0","0"
"POINT (8.664493672000049 50.138992829000074)","Unfall 198120 (2023) Kat:3, Licht: 0","198120","3","3","5","12","14","1","","0","0","1","0","0"
"POINT (8.671466656000064 50.090350237000052)","Unfall 198121 (2023) Kat:3, Licht: 0","198121","3","3","5","12","13","1","","0","1","1","0","0"
"POINT (8.546007196000062 50.101638396000055)","Unfall 198131 (2023) Kat:3, Licht: 2","198131","3","4","6","12","17","7","","2","0","1","1","0"
"POINT (8.611378298000034 50.125395008000055)","Unfall 198132 (2023) Kat:3, Licht: 2","198132","3","2","6","12","19","7","","2","0","1","1","0"
"POINT (8.740277779000053 50.122157113000071)","Unfall 198133 (2023) Kat:3, Licht: 2","198133","3","6","2","12","17","7","","2","0","1","0","0"
"POINT (8.711276708000071 50.132436219000056)","Unfall 198145 (2023) Kat:3, Licht: 2","198145","3","2","6","12","17","6","","2","0","1","1","0"
"POINT (8.669983551000030 50.111462144000029)","Unfall 198146 (2023) Kat:2, Licht: 0","198146","2","7","3","12","08","6","","0","0","1","0","0"
"POINT (8.759640302000037 50.129657438000038)","Unfall 198156 (2023) Kat:3, Licht: 2","198156","3","6","2","12","01","6","","2","0","1","0","0"
"POINT (8.589284656000075 50.027455604000068)","Unfall 198157 (2023) Kat:3, Licht: 2","198157","3","3","5","12","17","5","","2","0","1","0","0"
"POINT (8.603151330000060 50.101108553000074)","Unfall 198162 (2023) Kat:3, Licht: 1","198162","3","3","5","12","07","5","","1","1","1","0","0"
"POINT (8.607027234000043 50.112577014000067)","Unfall 198163 (2023) Kat:3, Licht: 2","198163","3","2","4","12","18","5","","2","0","1","0","0"
"POINT (8.660963520000053 50.116076458000066)","Unfall 198164 (2023) Kat:3, Licht: 2","198164","3","3","5","12","17","5","","2","1","1","0","0"
"POINT (8.686612196000056 50.098251210000058)","Unfall 198165 (2023) Kat:3, Licht: 2","198165","3","2","3","12","21","5","","2","0","1","0","0"
"POINT (8.687636957000052 50.117965296000079)","Unfall 198166 (2023) Kat:3, Licht: 0","198166","3","6","2","12","08","5","","0","0","1","0","0"
"POINT (8.675162984000053 50.140013164000038)","Unfall 198183 (2023) Kat:3, Licht: 1","198183","3","6","2","12","07","4","","1","0","1","0","0"
"POINT (8.618039515000021 50.130896281000048)","Unfall 198184 (2023) Kat:3, Licht: 0","198184","3","6","2","12","13","4","","0","0","1","0","0"
"POINT (8.617848679000076 50.105115692000027)","Unfall 198196 (2023) Kat:3, Licht: 0","198196","3","2","3","12","11","3","","0","0","1","0","0"
"POINT (8.615539591000072 50.162646522000045)","Unfall 198197 (2023) Kat:2, Licht: 2","198197","2","7","0","12","18","3","","2","0","1","0","0"
"POINT (8.681365480000068 50.094576733000054)","Unfall 198198 (2023) Kat:3, Licht: 2","198198","3","3","5","12","07","3","","2","1","1","0","0"
"POINT (8.704338998000026 50.128516403000049)","Unfall 198199 (2023) Kat:2, Licht: 0","198199","2","4","6","12","15","3","","0","0","1","1","0"
"POINT (8.700996621000058 50.137356526000076)","Unfall 198200 (2023) Kat:3, Licht: 0","198200","3","7","6","12","15","3","","0","0","0","1","0"
"POINT (8.708825197000067 50.109150231000058)","Unfall 198201 (2023) Kat:3, Licht: 2","198201","3","3","5","12","17","3","","2","0","1","0","0"
"POINT (8.656530631000066 50.106711703000030)","Unfall 198202 (2023) Kat:3, Licht: 2","198202","3","4","6","12","16","3","","2","0","1","1","0"
"POINT (8.669845110000040 50.129329067000072)","Unfall 198203 (2023) Kat:3, Licht: 2","198203","3","2","6","12","21","3","","2","0","1","1","0"
"POINT (8.569908557000076 50.061629726000035)","Unfall 198213 (2023) Kat:3, Licht: 0","198213","3","1","9","12","08","2","","0","0","1","0","0"
"POINT (8.607052473000067 50.112600110000074)","Unfall 198220 (2023) Kat:3, Licht: 0","198220","3","3","5","12","11","2","","0","0","1","0","0"
"POINT (8.678314237000052 50.092874795000057)","Unfall 198221 (2023) Kat:3, Licht: 2","198221","3","5","1","12","22","2","","2","1","1","0","0"
"POINT (8.664870523000047 50.102451225000038)","Unfall 198222 (2023) Kat:2, Licht: 0","198222","2","4","6","12","12","2","","0","0","1","1","0"
"POINT (8.694164940000064 50.150510758000053)","Unfall 198238 (2023) Kat:3, Licht: 2","198238","3","1","8","12","17","1","","2","0","1","0","0"
"POINT (8.663957295000046 50.139269488000082)","Unfall 198254 (2023) Kat:3, Licht: 2","198254","3","6","4","12","18","6","","2","0","1","0","0"
"POINT (8.698713731000055 50.156502323000041)","Unfall 198255 (2023) Kat:3, Licht: 2","198255","3","2","6","12","18","6","","2","0","1","1","0"
"POINT (8.596729468000035 50.101867975000062)","Unfall 198266 (2023) Kat:3, Licht: 2","198266","3","2","6","11","07","5","","2","0","1","1","0"
"POINT (8.654809882000052 50.116582717000028)","Unfall 198267 (2023) Kat:2, Licht: 2","198267","2","4","6","11","18","5","","2","1","0","1","0"
"POINT (8.556945892000044 50.115586753000059)","Unfall 198284 (2023) Kat:3, Licht: 0","198284","3","2","6","11","07","4","","0","0","1","1","0"
"POINT (8.651125215000036 50.108907453000029)","Unfall 198285 (2023) Kat:3, Licht: 0","198285","3","6","3","11","12","4","","0","0","1","0","1"
"POINT (8.656189145000042 50.143135487000052)","Unfall 198286 (2023) Kat:3, Licht: 0","198286","3","3","5","11","13","4","","0","0","1","0","0"
"POINT (8.675600435000035 50.100584969000067)","Unfall 198287 (2023) Kat:3, Licht: 1","198287","3","7","2","11","17","4","","1","1","1","0","0"
"POINT (8.665582252000036 50.107665813000040)","Unfall 198288 (2023) Kat:3, Licht: 0","198288","3","7","0","11","08","4","","0","1","0","0","0"
"POINT (8.693236867000053 50.132039041000041)","Unfall 198289 (2023) Kat:3, Licht: 2","198289","3","7","4","11","17","4","","2","0","1","0","0"
"POINT (8.671005625000021 50.116886694000073)","Unfall 198290 (2023) Kat:3, Licht: 2","198290","3","2","6","11","17","4","","2","0","1","1","0"
"POINT (8.605978626000024 50.115032670000062)","Unfall 198304 (2023) Kat:3, Licht: 2","198304","3","6","2","11","18","4","","2","0","1","0","0"
"POINT (8.678681866000034 50.117788105000045)","Unfall 198309 (2023) Kat:3, Licht: 1","198309","3","4","6","11","08","3","","1","0","1","1","0"
"POINT (8.675444283000047 50.108041702000037)","Unfall 198310 (2023) Kat:3, Licht: 2","198310","3","3","5","11","17","3","","2","1","1","0","0"
"POINT (8.658902293000040 50.193782322000061)","Unfall 198325 (2023) Kat:3, Licht: 2","198325","3","7","1","11","19","2","","2","0","1","1","0"
"POINT (8.630063586000063 50.111715159000028)","Unfall 198326 (2023) Kat:3, Licht: 0","198326","3","4","6","11","15","2","","0","0","1","1","0"
"POINT (8.702811771000029 50.123679102000040)","Unfall 198327 (2023) Kat:3, Licht: 2","198327","3","4","6","11","19","2","","2","1","0","1","0"
"POINT (8.702810343000067 50.125167458000078)","Unfall 198328 (2023) Kat:3, Licht: 2","198328","3","2","6","11","17","2","","2","0","1","1","0"
"POINT (8.727670986000021 50.116514033000044)","Unfall 198329 (2023) Kat:3, Licht: 0","198329","3","6","2","11","11","2","","0","0","1","0","0"
"POINT (8.687318893000054 50.125328059000026)","Unfall 198330 (2023) Kat:3, Licht: 0","198330","3","3","5","11","11","2","","0","1","1","0","0"
"POINT (8.684480638000025 50.111656667000034)","Unfall 198331 (2023) Kat:3, Licht: 2","198331","3","3","5","11","19","2","","2","0","1","0","0"
"POINT (8.716968348000023 50.130880984000044)","Unfall 198357 (2023) Kat:3, Licht: 0","198357","3","7","6","11","14","7","","0","0","1","1","0"
"POINT (8.666548778000049 50.115155965000042)","Unfall 198370 (2023) Kat:3, Licht: 0","198370","3","3","5","11","10","6","","0","1","1","0","0"
"POINT (8.646053377000044 50.124359978000030)","Unfall 198371 (2023) Kat:3, Licht: 0","198371","3","2","0","11","09","6","","0","1","1","0","0"
"POINT (8.686461153000039 50.098166621000075)","Unfall 198372 (2023) Kat:3, Licht: 2","198372","3","3","5","11","19","6","","2","0","1","0","0"
"POINT (8.672405516000026 50.131680298000049)","Unfall 198373 (2023) Kat:2, Licht: 1","198373","2","1","0","11","16","6","","1","1","0","0","0"
"POINT (8.671186250000062 50.116728384000055)","Unfall 198374 (2023) Kat:3, Licht: 0","198374","3","3","5","11","10","6","","0","0","0","0","1"
"POINT (8.670806997000057 50.119576295000059)","Unfall 198399 (2023) Kat:3, Licht: 0","198399","3","2","5","11","15","5","","0","1","1","0","0"
"POINT (8.505998501000022 50.084579819000055)","Unfall 198415 (2023) Kat:3, Licht: 2","198415","3","5","1","11","19","4","","2","0","1","0","0"
"POINT (8.635007238000071 50.156214214000045)","Unfall 198416 (2023) Kat:3, Licht: 0","198416","3","6","3","11","14","4","","0","0","1","0","0"
"POINT (8.640618668000059 50.102910234000035)","Unfall 198417 (2023) Kat:3, Licht: 0","198417","3","5","1","11","13","4","","0","0","1","0","0"
"POINT (8.682006839000053 50.125748957000042)","Unfall 198418 (2023) Kat:2, Licht: 0","198418","2","2","5","11","09","4","","0","1","1","0","0"
"POINT (8.688858794000055 50.143263942000033)","Unfall 198426 (2023) Kat:2, Licht: 2","198426","2","6","2","11","17","3","","2","0","1","0","0"
"POINT (8.716613926000036 50.128072973000030)","Unfall 198427 (2023) Kat:3, Licht: 2","198427","3","6","4","11","18","3","","2","1","1","0","0"
"POINT (8.704992440000069 50.144212942000081)","Unfall 198428 (2023) Kat:2, Licht: 0","198428","2","3","5","11","10","3","","0","1","1","0","0"
"POINT (8.698903082000072 50.120125327000039)","Unfall 198429 (2023) Kat:3, Licht: 0","198429","3","3","5","11","08","3","","0","1","1","0","0"