WKT,Name,OBJECTID,UKATEGORIE,UTYP1,UART,UMONAT,USTUNDE,UWOCHENTAG,STRZUSTAND,ULICHTVERH,ISTRAD,ISTPKW,ISTFUSS,ISTKRAD
"POINT (8.649360971000021 50.107483336000030)","Unfall 198430 (2023) Kat:3, Licht: 2","198430","3","1","0","11","17","3","","2","0","0","0","1"
"POINT (8.691487693000056 50.127373019000061)","Unfall 198431 (2023) Kat:3, Licht: 0","198431","3","7","0","11","10","3","","0","1","0","0","0"
"POINT (8.540582089000054 50.104068104000078)","Unfall 198446 (2023) Kat:3, Licht: 0","198446","3","4","6","11","08","2","","0","0","0","1","0"
"POINT (8.669346664000045 50.131604095000057)","Unfall 198447 (2023) Kat:2, Licht: 2","198447","2","4","6","11","20","2","","2","0","1","1","0"
"POINT (8.544903628000043 50.099986141000045)","Unfall 198465 (2023) Kat:3, Licht: 2","198465","3","3","5","11","05","1","","2","0","1","0","0"
"POINT (8.636373580000054 50.163213980000080)","Unfall 198466 (2023) Kat:3, Licht: 2","198466","3","5","1","11","17","1","","2","1","1","0","0"
"POINT (8.687888626000074 50.112903222000057)","Unfall 198467 (2023) Kat:3, Licht: 0","198467","3","6","2","11","12","1","","0","0","1","0","1"
"POINT (8.642436146000023 50.174943737000035)","Unfall 198478 (2023) Kat:3, Licht: 2","198478","3","2","5","11","17","2","","2","1","1","0","0"
"POINT (8.598538734000044 50.110982051000065)","Unfall 198479 (2023) Kat:3, Licht: 0","198479","3","2","4","11","15","7","","0","0","1","0","0"
"POINT (8.685184423000067 50.127465235000045)","Unfall 198480 (2023) Kat:3, Licht: 0","198480","3","2","4","11","16","7","","0","1","1","0","0"
"POINT (8.670239262000052 50.204408430000058)","Unfall 198481 (2023) Kat:3, Licht: 0","198481","3","6","6","11","13","4","","0","0","1","0","0"
"POINT (8.684279709000066 50.112248823000073)","Unfall 198482 (2023) Kat:3, Licht: 2","198482","3","6","2","11","20","7","","2","0","1","0","0"
"POINT (8.509312107000028 50.076325814000029)","Unfall 198483 (2023) Kat:3, Licht: 2","198483","3","1","8","12","23","1","","2","0","1","0","1"
"POINT (8.630427716000042 50.118505976000051)","Unfall 198493 (2023) Kat:3, Licht: 0","198493","3","3","5","11","09","6","","0","0","1","0","0"
"POINT (8.671889016000023 50.121077564000075)","Unfall 198494 (2023) Kat:3, Licht: 0","198494","3","3","5","11","13","6","","0","1","1","0","0"
"POINT (8.535097938000035 50.110454647000040)","Unfall 198514 (2023) Kat:3, Licht: 0","198514","3","5","1","11","13","5","","0","0","1","0","0"
"POINT (8.628038212000035 50.167894266000076)","Unfall 198515 (2023) Kat:3, Licht: 0","198515","3","1","0","11","09","5","","0","1","0","0","0"
"POINT (8.682545899000047 50.141795234000028)","Unfall 198516 (2023) Kat:3, Licht: 0","198516","3","1","0","11","15","5","","0","0","0","0","1"
"POINT (8.679024216000073 50.091327432000071)","Unfall 198517 (2023) Kat:3, Licht: 2","198517","3","5","1","11","19","5","","2","1","1","0","0"
"POINT (8.658832149000034 50.102623965000078)","Unfall 198518 (2023) Kat:3, Licht: 2","198518","3","1","0","11","23","5","","2","0","0","0","0"
"POINT (8.687633441000060 50.117966946000081)","Unfall 198519 (2023) Kat:3, Licht: 2","198519","3","6","3","11","19","5","","2","0","1","0","0"
"POINT (8.687826321000045 50.113749597000037)","Unfall 198520 (2023) Kat:3, Licht: 0","198520","3","6","2","11","14","5","","0","0","1","0","0"
"POINT (8.677615718000027 50.110467346000064)","Unfall 198521 (2023) Kat:3, Licht: 0","198521","3","7","6","11","11","5","","0","0","1","1","0"
"POINT (8.610904873000038 50.096571414000039)","Unfall 198527 (2023) Kat:3, Licht: 2","198527","3","2","3","11","18","2","","2","0","1","0","0"
"POINT (8.756951977000028 50.152122187000032)","Unfall 198535 (2023) Kat:3, Licht: 0","198535","3","7","1","11","08","3","","0","0","1","0","0"
"POINT (8.541980433000049 50.097111139000049)","Unfall 198544 (2023) Kat:3, Licht: 0","198544","3","3","5","11","14","4","","0","1","1","0","0"
"POINT (8.645848081000054 50.162947949000056)","Unfall 198545 (2023) Kat:3, Licht: 0","198545","3","2","0","11","12","4","","0","0","1","0","1"
"POINT (8.646344745000022 50.087660235000044)","Unfall 198546 (2023) Kat:3, Licht: 0","198546","3","2","0","11","15","4","","0","1","0","0","1"
"POINT (8.629473632000042 50.177712030000066)","Unfall 198559 (2023) Kat:3, Licht: 2","198559","3","4","6","11","18","3","","2","1","1","1","0"
"POINT (8.671957898000073 50.109292588000073)","Unfall 198560 (2023) Kat:3, Licht: 1","198560","3","3","5","11","16","3","","1","1","1","0","0"
"POINT (8.675739401000044 50.107562549000079)","Unfall 198561 (2023) Kat:2, Licht: 0","198561","2","2","4","11","14","3","","0","1","1","0","0"
"POINT (8.691406159000053 50.116155774000049)","Unfall 198562 (2023) Kat:2, Licht: 0","198562","2","5","1","11","08","3","","0","1","1","0","0"
"POINT (8.613075846000072 50.071113435000029)","Unfall 198575 (2023) Kat:3, Licht: 2","198575","3","6","2","11","17","3","","2","0","1","0","0"
"POINT (8.537831018000077 50.104539610000074)","Unfall 198582 (2023) Kat:3, Licht: 2","198582","3","2","6","11","05","2","","2","0","1","1","0"
"POINT (8.659150850000060 50.117750294000075)","Unfall 198584 (2023) Kat:3, Licht: 0","198584","3","3","0","11","15","2","","0","1","1","0","0"
"POINT (8.670058664000067 50.136335960000054)","Unfall 198585 (2023) Kat:3, Licht: 0","198585","3","5","5","11","07","2","","0","1","1","0","0"
"POINT (8.652106472000071 50.081804516000034)","Unfall 198586 (2023) Kat:3, Licht: 2","198586","3","2","6","11","18","2","","2","0","1","1","0"
"POINT (8.680556072000059 50.102092841000058)","Unfall 198588 (2023) Kat:3, Licht: 0","198588","3","3","5","11","07","2","","0","0","1","0","0"
"POINT (8.697693160000028 50.115866962000041)","Unfall 198589 (2023) Kat:3, Licht: 0","198589","3","3","5","11","14","2","","0","1","1","0","0"
"POINT (8.592995681000048 50.102725016000079)","Unfall 198610 (2023) Kat:3, Licht: 0","198610","3","3","5","11","12","1","","0","1","1","0","0"
"POINT (8.663293474000056 50.110739434000038)","Unfall 198611 (2023) Kat:3, Licht: 2","198611","3","7","0","11","21","1","","2","0","0","0","0"
"POINT (8.691401917000064 50.100576753000041)","Unfall 198612 (2023) Kat:3, Licht: 2","198612","3","3","5","11","23","1","","2","0","1","0","0"
"POINT (8.679601265000031 50.091897832000029)","Unfall 198623 (2023) Kat:3, Licht: 2","198623","3","2","6","11","18","7","","2","0","1","1","0"
"POINT (8.660539548000031 50.096587161000059)","Unfall 198624 (2023) Kat:3, Licht: 0","198624","3","3","5","11","09","7","","0","0","1","0","0"
"POINT (8.675823541000057 50.107539142000064)","Unfall 198625 (2023) Kat:3, Licht: 2","198625","3","2","5","11","23","7","","2","0","1","0","0"
"POINT (8.550307263000036 50.102355769000042)","Unfall 198643 (2023) Kat:3, Licht: 2","198643","3","2","6","11","20","6","","2","0","1","1","0"
"POINT (8.537779883000042 50.104640370000027)","Unfall 198644 (2023) Kat:3, Licht: 2","198644","3","3","0","11","19","6","","2","0","1","0","1"
"POINT (8.699595792000025 50.116969649000055)","Unfall 198646 (2023) Kat:3, Licht: 2","198646","3","7","0","11","02","6","","2","0","0","0","0"
"POINT (8.631384010000033 50.105429863000040)","Unfall 198647 (2023) Kat:3, Licht: 1","198647","3","4","6","11","16","6","","1","0","1","1","0"
"POINT (8.647838516000036 50.086958229000061)","Unfall 198660 (2023) Kat:3, Licht: 2","198660","3","4","6","11","21","7","","2","0","1","1","0"
"POINT (8.687646137000058 50.123073360000035)","Unfall 198662 (2023) Kat:3, Licht: 0","198662","3","7","6","12","08","3","","0","0","1","0","0"
"POINT (8.667693581000037 50.112723457000072)","Unfall 198669 (2023) Kat:3, Licht: 0","198669","3","5","1","11","15","5","","0","0","1","0","0"
"POINT (8.680975932000024 50.101512003000039)","Unfall 198670 (2023) Kat:3, Licht: 0","198670","3","4","0","11","13","5","","0","0","1","1","0"
"POINT (8.700923298000021 50.128814152000075)","Unfall 198671 (2023) Kat:3, Licht: 1","198671","3","1","0","11","07","5","","1","0","0","0","1"
"POINT (8.664862151000023 50.122855266000045)","Unfall 198672 (2023) Kat:3, Licht: 2","198672","3","5","0","11","19","5","","2","1","1","0","0"
"POINT (8.691021343000045 50.114841870000078)","Unfall 198673 (2023) Kat:3, Licht: 0","198673","3","5","1","11","14","5","","0","1","1","0","0"
"POINT (8.628298588000064 50.175278218000074)","Unfall 198693 (2023) Kat:3, Licht: 0","198693","3","5","1","11","16","4","","0","1","1","0","0"
"POINT (8.693329667000057 50.104433018000066)","Unfall 198696 (2023) Kat:2, Licht: 0","198696","2","3","5","11","13","3","","0","1","1","0","0"
"POINT (8.693676271000072 50.070528063000040)","Unfall 198701 (2023) Kat:3, Licht: 2","198701","3","7","7","11","07","1","","2","0","1","0","0"
"POINT (8.748620802000062 50.154824093000059)","Unfall 198707 (2023) Kat:3, Licht: 0","198707","3","1","0","11","16","4","","0","0","0","0","1"
"POINT (8.615926853000076 50.127610739000033)","Unfall 198713 (2023) Kat:3, Licht: 0","198713","3","4","6","11","08","3","","0","1","0","1","0"
"POINT (8.661976102000040 50.119779059000052)","Unfall 198714 (2023) Kat:3, Licht: 0","198714","3","3","5","11","14","3","","0","1","1","0","0"
"POINT (8.569904630000053 50.061692038000047)","Unfall 198722 (2023) Kat:3, Licht: 2","198722","3","1","9","11","02","2","","2","0","1","0","0"
"POINT (8.538566318000051 50.096423930000071)","Unfall 198729 (2023) Kat:3, Licht: 2","198729","3","3","5","11","17","2","","2","0","1","0","0"
"POINT (8.618495461000066 50.102357870000048)","Unfall 198730 (2023) Kat:3, Licht: 0","198730","3","4","6","11","16","2","","0","0","1","1","0"
"POINT (8.658454988000074 50.103085892000081)","Unfall 198731 (2023) Kat:3, Licht: 2","198731","3","6","2","11","21","2","","2","0","1","0","0"
"POINT (8.709677904000046 50.127701516000059)","Unfall 198743 (2023) Kat:2, Licht: 2","198743","2","3","5","11","20","1","","2","0","1","0","1"
"POINT (8.679310043000044 50.121757252000066)","Unfall 198744 (2023) Kat:3, Licht: 0","198744","3","2","6","11","15","1","","0","0","1","1","0"
"POINT (8.672871419000046 50.111067818000038)","Unfall 198745 (2023) Kat:3, Licht: 2","198745","3","7","8","11","05","1","","2","0","1","0","0"
"POINT (8.544058906000032 50.100778170000069)","Unfall 198753 (2023) Kat:3, Licht: 2","198753","3","3","5","11","21","7","","2","0","1","0","0"
"POINT (8.635188393000021 50.157951029000060)","Unfall 198754 (2023) Kat:3, Licht: 0","198754","3","6","3","11","14","7","","0","0","1","0","0"
"POINT (8.668213880000053 50.137912386000039)","Unfall 198755 (2023) Kat:2, Licht: 2","198755","2","4","6","11","19","7","","2","0","1","1","0"
"POINT (8.686676844000033 50.119987318000028)","Unfall 198756 (2023) Kat:3, Licht: 2","198756","3","6","3","11","19","7","","2","0","1","0","0"
"POINT (8.693021548000047 50.117997631000037)","Unfall 198767 (2023) Kat:3, Licht: 0","198767","3","3","5","11","11","6","","0","0","1","0","0"
"POINT (8.582470097000055 50.123977201000059)","Unfall 198785 (2023) Kat:3, Licht: 0","198785","3","3","5","11","14","5","","0","1","1","0","0"
"POINT (8.617373739000072 50.178880583000080)","Unfall 198787 (2023) Kat:2, Licht: 0","198787","2","4","6","11","16","5","","0","0","1","1","0"
"POINT (8.533815338000068 50.109908693000079)","Unfall 198803 (2023) Kat:3, Licht: 1","198803","3","3","5","11","16","4","","1","1","1","0","0"
"POINT (8.701640546000021 50.128314702000068)","Unfall 198804 (2023) Kat:3, Licht: 0","198804","3","5","1","11","07","5","","0","1","1","0","0"
"POINT (8.624458525000023 50.094807640000056)","Unfall 198805 (2023) Kat:3, Licht: 2","198805","3","3","5","11","18","4","","2","1","1","0","0"
"POINT (8.642275963000031 50.190645030000042)","Unfall 198806 (2023) Kat:3, Licht: 0","198806","3","5","1","11","16","4","","0","0","1","0","0"
"POINT (8.709757200000070 50.149691665000034)","Unfall 264883 (2023) Kat:3, Licht: 2","264883","3","3","5","01","18","3","","2","1","1","0","0"
"POINT (8.697014218000049 50.106715863000034)","Unfall 264885 (2023) Kat:3, Licht: 2","264885","3","7","6","01","17","5","","2","1","0","1","0"
"POINT (8.724606669000025 50.083157548000031)","Unfall 264898 (2023) Kat:3, Licht: 0","264898","3","6","0","03","17","2","","0","1","0","0","1"
"POINT (8.635739253000054 50.134071013000039)","Unfall 264901 (2023) Kat:2, Licht: 0","264901","2","7","0","03","12","3","","0","1","0","0","0"
"POINT (8.585678750000056 50.131850168000028)","Unfall 264907 (2023) Kat:3, Licht: 0","264907","3","1","0","04","19","2","","0","1","0","0","0"
"POINT (8.612281534000033 50.090057446000060)","Unfall 264916 (2023) Kat:3, Licht: 0","264916","3","6","6","04","15","1","","0","1","0","1","0"
"POINT (8.610611822000067 50.119964002000074)","Unfall 264922 (2023) Kat:3, Licht: 1","264922","3","7","0","05","20","2","","1","1","0","0","0"
"POINT (8.573392885000032 50.087461031000032)","Unfall 264937 (2023) Kat:3, Licht: 0","264937","3","7","5","05","15","7","","0","1","0","0","1"
"POINT (8.627973397000062 50.159823180000046)","Unfall 264994 (2023) Kat:3, Licht: 0","264994","3","3","5","06","20","4","","0","1","0","0","0"
"POINT (8.596001832000070 50.114627613000039)","Unfall 264995 (2023) Kat:3, Licht: 0","264995","3","6","3","06","18","4","","0","1","0","0","0"
"POINT (8.525277806000076 50.113133253000058)","Unfall 264996 (2023) Kat:3, Licht: 0","264996","3","7","0","06","12","4","","0","1","0","0","0"
"POINT (8.645367825000051 50.153851619000079)","Unfall 265006 (2023) Kat:3, Licht: 0","265006","3","7","7","06","13","4","","0","1","0","0","0"
"POINT (8.683937726000067 50.118596339000078)","Unfall 265037 (2023) Kat:3, Licht: 0","265037","3","6","0","07","18","2","","0","1","0","0","0"
"POINT (8.601382805000071 50.160850307000032)","Unfall 265042 (2023) Kat:3, Licht: 1","265042","3","6","0","07","21","5","","1","1","0","0","0"
"POINT (8.644126199000027 50.145355199000051)","Unfall 265053 (2023) Kat:3, Licht: 0","265053","3","6","4","07","08","3","","0","1","0","0","0"
"POINT (8.667346669000040 50.100090987000044)","Unfall 265068 (2023) Kat:3, Licht: 0","265068","3","6","2","07","07","5","","0","1","0","0","0"
"POINT (8.712620367000056 50.105643821000058)","Unfall 265072 (2023) Kat:3, Licht: 0","265072","3","6","3","07","11","2","","0","1","0","0","0"
"POINT (8.559144774000060 50.083959255000082)","Unfall 265075 (2023) Kat:2, Licht: 0","265075","2","2","5","08","16","6","","0","1","0","0","0"
"POINT (8.704065470000046 50.106009252000035)","Unfall 265091 (2023) Kat:3, Licht: 0","265091","3","6","4","08","16","6","","0","1","0","0","0"
"POINT (8.696702652000056 50.108015757000032)","Unfall 265095 (2023) Kat:3, Licht: 0","265095","3","6","4","08","14","1","","0","1","0","0","0"
"POINT (8.680286229000046 50.106899389000034)","Unfall 265103 (2023) Kat:3, Licht: 0","265103","3","6","6","08","19","6","","0","1","0","1","0"
"POINT (8.631890608000049 50.160167882000053)","Unfall 265112 (2023) Kat:3, Licht: 0","265112","3","2","0","08","11","2","","0","1","0","0","0"
"POINT (8.616359198000055 50.171923218000074)","Unfall 265113 (2023) Kat:2, Licht: 0","265113","2","6","4","08","16","3","","0","1","0","0","1"
"POINT (8.723858820000032 50.106656838000049)","Unfall 265123 (2023) Kat:3, Licht: 2","265123","3","7","7","08","22","1","","2","1","0","0","0"
"POINT (8.660589272000038 50.096834426000044)","Unfall 265128 (2023) Kat:3, Licht: 1","265128","3","6","4","08","19","4","","1","1","0","0","0"
"POINT (8.709540295000068 50.105732161000049)","Unfall 265155 (2023) Kat:2, Licht: 2","265155","2","6","4","09","20","1","","2","1","0","0","0"
"POINT (8.573846338000067 50.109705077000058)","Unfall 265159 (2023) Kat:3, Licht: 0","265159","3","1","0","09","16","4","","0","1","0","0","0"
"POINT (8.618071208000060 50.127214297000080)","Unfall 265177 (2023) Kat:3, Licht: 0","265177","3","7","0","10","14","1","","0","1","0","0","0"
"POINT (8.724377977000074 50.119385245000046)","Unfall 265181 (2023) Kat:3, Licht: 0","265181","3","6","6","10","17","6","","0","1","0","1","0"
"POINT (8.615168278000056 50.141772846000038)","Unfall 265187 (2023) Kat:3, Licht: 0","265187","3","6","6","10","09","4","","0","1","0","1","0"
"POINT (8.671053008000058 50.111948777000066)","Unfall 265194 (2023) Kat:3, Licht: 0","265194","3","7","6","10","16","3","","0","1","0","1","0"
"POINT (8.705805308000038 50.146186627000077)","Unfall 265195 (2023) Kat:3, Licht: 2","265195","3","6","4","10","17","3","","2","1","0","0","0"
"POINT (8.724670691000028 50.127437428000064)","Unfall 265196 (2023) Kat:3, Licht: 1","265196","3","7","0","11","17","4","","1","1","0","0","0"
"POINT (8.577283203000036 50.092965300000060)","Unfall 60622 (2024) Kat:3, Licht: 0","60622","3","6","2","01","10","3","","0","0","1","0","0"
"POINT (8.598701212000037 50.057827795000037)","Unfall 60636 (2024) Kat:3, Licht: 2","60636","3","6","2","01","18","3","","2","0","1","0","0"
"POINT (8.602865515000076 50.108882284000060)","Unfall 60637 (2024) Kat:3, Licht: 0","60637","3","6","2","01","07","3","","0","0","1","0","0"
"POINT (8.617690291000031 50.172887909000053)","Unfall 60644 (2024) Kat:3, Licht: 0","60644","3","6","2","01","15","2","","0","0","1","0","0"
"POINT (8.646802533000027 50.119666700000039)","Unfall 60645 (2024) Kat:3, Licht: 1","60645","3","7","6","01","16","2","","1","1","1","1","0"
"POINT (8.657319172000030 50.111255834000076)","Unfall 60646 (2024) Kat:3, Licht: 2","60646","3","3","5","01","05","2","","2","0","1","0","0"
"POINT (8.676384850000034 50.132134853000082)","Unfall 60647 (2024) Kat:3, Licht: 2","60647","3","3","5","01","18","2","","2","1","1","0","0"
"POINT (8.730924924000021 50.118163206000077)","Unfall 60675 (2024) Kat:3, Licht: 2","60675","3","3","5","01","20","1","","2","0","1","0","0"
"POINT (8.682335583000054 50.104300445000035)","Unfall 60686 (2024) Kat:3, Licht: 0","60686","3","3","5","01","11","7","","0","0","1","0","0"
"POINT (8.585177461000058 50.053693011000064)","Unfall 60697 (2024) Kat:3, Licht: 2","60697","3","1","8","01","01","7","","2","0","1","0","0"
"POINT (8.608898091000071 50.062748933000080)","Unfall 60698 (2024) Kat:3, Licht: 2","60698","3","1","9","01","23","7","","2","0","1","0","0"
"POINT (8.684453062000046 50.162371939000082)","Unfall 60702 (2024) Kat:2, Licht: 2","60702","2","6","2","01","18","6","","2","0","1","0","0"
"POINT (8.655256127000030 50.112489719000052)","Unfall 60703 (2024) Kat:3, Licht: 2","60703","3","6","2","01","23","6","","2","0","1","0","0"
"POINT (8.663747829000044 50.147493195000038)","Unfall 60704 (2024) Kat:3, Licht: 2","60704","3","4","6","01","18","6","","2","0","1","1","0"
"POINT (8.667528094000033 50.100281408000058)","Unfall 60705 (2024) Kat:3, Licht: 2","60705","3","6","2","01","18","6","","2","0","1","0","0"
"POINT (8.664037353000026 50.108167608000031)","Unfall 60706 (2024) Kat:3, Licht: 2","60706","3","3","5","01","20","6","","2","1","1","0","0"
"POINT (8.602855587000022 50.130613988000050)","Unfall 60733 (2024) Kat:2, Licht: 0","60733","2","7","0","01","14","5","","0","0","0","0","0"
"POINT (8.769406741000068 50.135849747000066)","Unfall 60751 (2024) Kat:3, Licht: 0","60751","3","6","2","01","12","5","","0","0","1","0","0"
"POINT (8.713989831000049 50.137655622000068)","Unfall 60755 (2024) Kat:3, Licht: 0","60755","3","6","2","01","11","5","","0","0","0","0","0"
"POINT (8.671893424000075 50.133367435000082)","Unfall 60761 (2024) Kat:3, Licht: 0","60761","3","3","5","01","11","4","","0","0","1","0","0"
"POINT (8.722143365000022 50.135776228000054)","Unfall 60773 (2024) Kat:3, Licht: 0","60773","3","6","2","01","11","4","","0","0","1","0","0"
"POINT (8.562924809000037 50.049967589000062)","Unfall 60794 (2024) Kat:3, Licht: 1","60794","3","6","2","01","07","2","","1","0","1","0","0"
"POINT (8.684580671000049 50.137310032000073)","Unfall 60800 (2024) Kat:3, Licht: 0","60800","3","7","3","01","16","2","","0","0","1","0","0"
"POINT (8.731961134000073 50.118651150000062)","Unfall 60817 (2024) Kat:3, Licht: 0","60817","3","6","2","01","11","1","","0","0","1","0","0"
"POINT (8.666489632000037 50.147913076000066)","Unfall 60844 (2024) Kat:3, Licht: 2","60844","3","2","0","01","18","7","","2","0","1","0","0"
"POINT (8.607559440000045 50.127820985000028)","Unfall 60845 (2024) Kat:3, Licht: 0","60845","3","2","5","01","10","6","","0","1","1","0","0"
"POINT (8.697409331000074 50.137265261000039)","Unfall 60846 (2024) Kat:3, Licht: 0","60846","3","6","2","01","15","6","","0","0","1","0","0"
"POINT (8.552064331000054 50.050031378000028)","Unfall 60859 (2024) Kat:3, Licht: 2","60859","3","6","2","01","05","6","","2","0","1","0","0"
"POINT (8.646495123000022 50.200174275000052)","Unfall 60883 (2024) Kat:2, Licht: 0","60883","2","1","9","01","10","5","","0","0","1","0","0"
"POINT (8.565717677000066 50.098028626000030)","Unfall 60891 (2024) Kat:2, Licht: 2","60891","2","1","8","01","02","4","","2","0","1","0","0"
"POINT (8.620597493000048 50.052134453000065)","Unfall 60896 (2024) Kat:3, Licht: 0","60896","3","3","5","01","14","3","","0","0","1","0","0"
"POINT (8.600727547000076 50.045798406000074)","Unfall 60899 (2024) Kat:3, Licht: 0","60899","3","6","2","01","08","4","","0","0","1","0","0"
"POINT (8.592797102000077 50.053339532000052)","Unfall 60900 (2024) Kat:3, Licht: 2","60900","3","6","9","01","05","4","","2","0","1","0","0"
"POINT (8.484362545000067 50.097376178000047)","Unfall 60901 (2024) Kat:3, Licht: 0","60901","3","1","8","01","08","4","","0","0","1","0","0"
"POINT (8.647348176000037 50.104178822000051)","Unfall 60911 (2024) Kat:3, Licht: 2","60911","3","3","5","01","16","3","","2","1","1","0","0"
"POINT (8.689485330000025 50.061139278000041)","Unfall 60937 (2024) Kat:3, Licht: 2","60937","3","6","2","01","19","3","","2","0","1","0","0"
"POINT (8.555315794000023 50.123471349000056)","Unfall 60938 (2024) Kat:3, Licht: 2","60938","3","1","3","01","05","3","","2","0","1","0","0"
"POINT (8.590281815000026 50.134014802000081)","Unfall 60939 (2024) Kat:3, Licht: 2","60939","3","1","9","01","05","3","","2","0","1","0","0"
"POINT (8.617213947000039 50.088169829000037)","Unfall 60944 (2024) Kat:3, Licht: 2","60944","3","6","3","01","01","2","","2","0","1","0","0"
"POINT (8.646411378000039 50.161977019000062)","Unfall 61240 (2024) Kat:3, Licht: 0","61240","3","1","0","01","08","1","","0","1","0","0","0"
"POINT (8.704459398000040 50.113026598000033)","Unfall 61577 (2024) Kat:3, Licht: 1","61577","3","7","6","01","17","6","","1","0","1","1","0"
"POINT (8.616592490000073 50.056014771000036)","Unfall 61624 (2024) Kat:3, Licht: 2","61624","3","7","0","01","21","1","","2","0","1","0","0"
"POINT (8.740528556000072 50.093820171000061)","Unfall 61744 (2024) Kat:3, Licht: 2","61744","3","6","3","03","23","1","","2","0","1","0","0"
"POINT (8.783860853000022 50.175224395000043)","Unfall 61764 (2024) Kat:2, Licht: 2","61764","2","1","9","03","20","7","","2","0","1","0","0"
"POINT (8.546356916000036 50.105164050000042)","Unfall 61785 (2024) Kat:3, Licht: 0","61785","3","2","6","03","10","5","","0","0","1","1","0"
"POINT (8.536541187000068 50.112607715000081)","Unfall 61809 (2024) Kat:3, Licht: 0","61809","3","4","6","03","18","4","","0","0","1","1","0"
"POINT (8.666475283000068 50.147927133000053)","Unfall 61810 (2024) Kat:3, Licht: 1","61810","3","2","5","03","06","4","","1","0","1","0","0"
"POINT (8.659638911000059 50.101708811000037)","Unfall 61811 (2024) Kat:3, Licht: 0","61811","3","3","5","03","14","4","","0","1","1","0","0"
"POINT (8.661898091000069 50.108789296000054)","Unfall 61812 (2024) Kat:3, Licht: 0","61812","3","6","3","03","07","4","","0","0","1","0","1"
"POINT (8.630739890000029 50.055272443000035)","Unfall 61822 (2024) Kat:3, Licht: 0","61822","3","6","2","03","17","4","","0","0","1","0","0"
"POINT (8.554462881000063 50.103230183000051)","Unfall 61827 (2024) Kat:3, Licht: 0","61827","3","3","5","03","09","3","","0","0","1","0","0"
"POINT (8.719279769000025 50.123285944000031)","Unfall 61828 (2024) Kat:3, Licht: 0","61828","3","4","6","03","18","3","","0","0","1","1","0"
"POINT (8.655537869000057 50.060345711000082)","Unfall 61838 (2024) Kat:3, Licht: 2","61838","3","6","3","03","18","3","","2","0","1","0","0"
"POINT (8.622725539000044 50.151233296000044)","Unfall 61850 (2024) Kat:3, Licht: 0","61850","3","3","5","03","16","2","","0","0","1","0","0"
"POINT (8.666476457000044 50.147925983000050)","Unfall 61851 (2024) Kat:3, Licht: 1","61851","3","2","4","03","18","2","","1","0","1","0","0"
"POINT (8.576001804000043 50.089719894000041)","Unfall 61852 (2024) Kat:3, Licht: 0","61852","3","6","2","03","17","2","","0","0","1","0","0"
"POINT (8.715071868000052 50.124192981000078)","Unfall 61853 (2024) Kat:3, Licht: 0","61853","3","2","6","03","07","2","","0","0","1","1","0"
"POINT (8.711058637000065 50.150430953000068)","Unfall 61873 (2024) Kat:3, Licht: 0","61873","3","6","2","03","17","1","","0","0","1","0","0"
"POINT (8.679678259000070 50.132173250000051)","Unfall 61874 (2024) Kat:3, Licht: 0","61874","3","6","4","03","11","1","","0","0","1","0","0"
"POINT (8.727448490000029 50.070519584000067)","Unfall 61884 (2024) Kat:2, Licht: 0","61884","2","1","8","03","10","1","","0","0","0","0","1"
"POINT (8.662155041000062 50.131600885000069)","Unfall 61888 (2024) Kat:2, Licht: 2","61888","2","7","5","03","00","7","","2","0","1","0","0"
"POINT (8.666450756000074 50.147951206000073)","Unfall 61926 (2024) Kat:3, Licht: 0","61926","3","2","5","03","14","6","","0","0","1","0","0"
"POINT (8.668546463000041 50.142491386000074)","Unfall 61927 (2024) Kat:3, Licht: 0","61927","3","3","0","03","08","6","","0","1","0","0","1"
"POINT (8.623689816000024 50.118701302000034)","Unfall 61928 (2024) Kat:3, Licht: 0","61928","3","5","1","03","18","6","","0","0","1","0","0"
"POINT (8.628867893000063 50.078140202000043)","Unfall 61929 (2024) Kat:3, Licht: 0","61929","3","4","6","03","07","6","","0","0","1","1","0"
"POINT (8.731306948000054 50.117947866000065)","Unfall 61950 (2024) Kat:3, Licht: 0","61950","3","3","0","03","16","6","","0","0","1","0","1"
"POINT (8.519159672000058 50.023574839000048)","Unfall 61952 (2024) Kat:3, Licht: 0","61952","3","1","9","03","17","5","","0","0","1","0","0"
"POINT (8.527585881000050 50.100672996000071)","Unfall 61960 (2024) Kat:3, Licht: 2","61960","3","4","6","03","23","5","","2","0","1","1","0"
"POINT (8.680788735000021 50.165579488000049)","Unfall 61961 (2024) Kat:3, Licht: 0","61961","3","6","2","03","09","5","","0","0","1","0","0"
"POINT (8.620386102000055 50.150799114000051)","Unfall 61962 (2024) Kat:3, Licht: 2","61962","3","6","3","03","05","5","","2","0","0","0","0"
"POINT (8.723699769000063 50.115481715000044)","Unfall 61963 (2024) Kat:3, Licht: 0","61963","3","3","5","03","15","5","","0","0","1","0","1"
"POINT (8.699551003000067 50.124797996000041)","Unfall 61964 (2024) Kat:3, Licht: 2","61964","3","6","3","03","20","5","","2","0","1","0","0"
"POINT (8.591097589000071 50.135505602000080)","Unfall 61981 (2024) Kat:3, Licht: 0","61981","3","6","3","03","10","5","","0","0","1","0","0"