WKT,Name,OBJECTID,UKATEGORIE,UTYP1,UART,UMONAT,USTUNDE,UWOCHENTAG,STRZUSTAND,ULICHTVERH,ISTRAD,ISTPKW,ISTFUSS,ISTKRAD
"POINT (8.666008200000022 50.148042289000045)","Unfall 61990 (2024) Kat:3, Licht: 2","61990","3","3","5","03","22","4","","2","1","1","0","0"
"POINT (8.616344765000065 50.134553741000047)","Unfall 61991 (2024) Kat:3, Licht: 0","61991","3","3","5","03","07","4","","0","1","1","0","0"
"POINT (8.687433273000067 50.106743882000046)","Unfall 61992 (2024) Kat:3, Licht: 0","61992","3","6","3","03","17","4","","0","1","1","0","0"
"POINT (8.609671585000058 50.063695358000075)","Unfall 62013 (2024) Kat:1, Licht: 2","62013","1","6","8","03","22","4","","2","0","1","0","1"
"POINT (8.666151157000058 50.061037027000054)","Unfall 62014 (2024) Kat:3, Licht: 2","62014","3","6","3","03","18","4","","2","0","1","0","0"
"POINT (8.659585017000040 50.088065509000046)","Unfall 62048 (2024) Kat:2, Licht: 0","62048","2","2","3","03","07","2","","0","0","1","0","1"
"POINT (8.716705550000029 50.112982614000032)","Unfall 62049 (2024) Kat:3, Licht: 0","62049","3","6","2","03","10","2","","0","0","1","0","1"
"POINT (8.636032063000073 50.123823048000077)","Unfall 62101 (2024) Kat:3, Licht: 0","62101","3","2","3","03","17","6","","0","1","1","0","0"
"POINT (8.621174968000048 50.130663404000074)","Unfall 62102 (2024) Kat:3, Licht: 2","62102","3","6","3","03","18","6","","2","0","1","0","1"
"POINT (8.629079423000064 50.129508980000026)","Unfall 62103 (2024) Kat:3, Licht: 0","62103","3","6","3","03","14","6","","0","0","1","0","0"
"POINT (8.724251724000055 50.131673282000065)","Unfall 62120 (2024) Kat:3, Licht: 0","62120","3","6","2","03","15","6","","0","0","1","0","0"
"POINT (8.555044378000048 50.113668041000039)","Unfall 62131 (2024) Kat:3, Licht: 0","62131","3","3","5","03","07","5","","0","0","1","0","0"
"POINT (8.665433176000022 50.184449347000054)","Unfall 62132 (2024) Kat:3, Licht: 0","62132","3","4","6","03","06","5","","0","0","1","1","0"
"POINT (8.663492326000039 50.091507024000066)","Unfall 62133 (2024) Kat:3, Licht: 0","62133","3","6","2","03","09","5","","0","0","1","0","0"
"POINT (8.660345222000046 50.109360718000062)","Unfall 62170 (2024) Kat:3, Licht: 2","62170","3","3","5","03","18","4","","2","0","1","0","0"
"POINT (8.694013522000034 50.109267475000081)","Unfall 62172 (2024) Kat:2, Licht: 0","62172","2","3","5","03","09","4","","0","1","1","0","0"
"POINT (8.693654371000036 50.101420076000068)","Unfall 62197 (2024) Kat:3, Licht: 0","62197","3","6","3","03","14","3","","0","1","1","0","0"
"POINT (8.687298692000070 50.107229625000059)","Unfall 62198 (2024) Kat:3, Licht: 0","62198","3","2","4","03","08","3","","0","1","1","0","0"
"POINT (8.546359527000050 50.103704279000056)","Unfall 62219 (2024) Kat:3, Licht: 0","62219","3","2","5","03","14","2","","0","1","1","0","0"
"POINT (8.732239306000054 50.118906329000026)","Unfall 62220 (2024) Kat:3, Licht: 0","62220","3","6","2","03","15","2","","0","0","1","0","0"
"POINT (8.565247041000021 50.126791346000061)","Unfall 62235 (2024) Kat:3, Licht: 0","62235","3","6","2","03","14","2","","0","0","1","0","0"
"POINT (8.723672385000043 50.105329990000030)","Unfall 62240 (2024) Kat:1, Licht: 2","62240","1","4","6","03","01","1","","2","0","1","1","0"
"POINT (8.659565473000043 50.109043434000057)","Unfall 62241 (2024) Kat:3, Licht: 0","62241","3","3","5","03","16","1","","0","0","1","0","0"
"POINT (8.733089401000029 50.115437010000051)","Unfall 62247 (2024) Kat:3, Licht: 2","62247","3","1","8","03","05","1","","2","0","1","0","0"
"POINT (8.636628879000057 50.123447538000050)","Unfall 62260 (2024) Kat:3, Licht: 2","62260","3","1","8","03","20","7","","2","1","0","0","0"
"POINT (8.600764718000050 50.091299349000053)","Unfall 62281 (2024) Kat:3, Licht: 2","62281","3","5","0","03","23","6","","2","0","1","0","0"
"POINT (8.653022226000076 50.191783547000057)","Unfall 62282 (2024) Kat:3, Licht: 0","62282","3","6","2","03","15","6","","0","0","1","0","0"
"POINT (8.652762715000051 50.116483303000052)","Unfall 62283 (2024) Kat:3, Licht: 0","62283","3","6","2","03","15","6","","0","0","1","0","0"
"POINT (8.584657697000068 50.134853386000032)","Unfall 62284 (2024) Kat:3, Licht: 0","62284","3","6","2","03","13","6","","0","0","1","0","0"
"POINT (8.654233976000057 50.076753719000067)","Unfall 62285 (2024) Kat:2, Licht: 0","62285","2","6","2","03","12","6","","0","0","0","0","0"
"POINT (8.695599024000046 50.102158877000079)","Unfall 62286 (2024) Kat:3, Licht: 0","62286","3","2","6","03","12","6","","0","0","1","1","0"
"POINT (8.614994464000063 50.100195882000037)","Unfall 62320 (2024) Kat:3, Licht: 0","62320","3","6","2","03","09","5","","0","0","1","0","0"
"POINT (8.558293450000065 50.102210369000034)","Unfall 62347 (2024) Kat:3, Licht: 0","62347","3","6","2","03","12","4","","0","0","1","0","0"
"POINT (8.666466898000067 50.147935348000033)","Unfall 62348 (2024) Kat:3, Licht: 0","62348","3","2","4","03","14","4","","0","0","1","0","0"
"POINT (8.656067239000038 50.107625755000072)","Unfall 62349 (2024) Kat:3, Licht: 2","62349","3","6","2","03","21","4","","2","1","1","0","0"
"POINT (8.665843706000032 50.148199120000072)","Unfall 62358 (2024) Kat:3, Licht: 2","62358","3","6","2","03","00","7","","2","0","1","0","0"
"POINT (8.659663306000027 50.088011071000039)","Unfall 62376 (2024) Kat:3, Licht: 2","62376","3","1","9","03","23","7","","2","0","1","0","0"
"POINT (8.646123750000072 50.137972825000077)","Unfall 62379 (2024) Kat:3, Licht: 2","62379","3","7","0","03","21","3","","2","1","0","0","0"
"POINT (8.666491679000046 50.147911070000077)","Unfall 62380 (2024) Kat:3, Licht: 1","62380","3","2","4","03","18","3","","1","0","1","0","0"
"POINT (8.730278156000054 50.118494401000078)","Unfall 62401 (2024) Kat:3, Licht: 0","62401","3","6","2","03","10","2","","0","0","1","0","0"
"POINT (8.535920076000025 50.116431256000055)","Unfall 62414 (2024) Kat:3, Licht: 0","62414","3","6","2","03","07","2","","0","0","1","0","0"
"POINT (8.669289092000042 50.098641101000055)","Unfall 62421 (2024) Kat:3, Licht: 2","62421","3","6","2","03","20","1","","2","0","1","0","0"
"POINT (8.655952352000043 50.111416839000071)","Unfall 62449 (2024) Kat:3, Licht: 2","62449","3","6","2","03","18","7","","2","0","1","0","0"
"POINT (8.634581873000059 50.124500776000048)","Unfall 62450 (2024) Kat:3, Licht: 0","62450","3","7","0","03","09","7","","0","0","0","0","1"
"POINT (8.650922790000038 50.113325223000061)","Unfall 62451 (2024) Kat:3, Licht: 2","62451","3","3","5","03","21","7","","2","0","1","0","0"
"POINT (8.666427676000069 50.147973880000052)","Unfall 62453 (2024) Kat:3, Licht: 0","62453","3","2","4","03","10","7","","0","0","1","0","0"
"POINT (8.610762445000034 50.171202497000081)","Unfall 62477 (2024) Kat:3, Licht: 0","62477","3","6","2","03","12","7","","0","0","1","0","0"
"POINT (8.515727442000070 50.097226621000061)","Unfall 62482 (2024) Kat:3, Licht: 2","62482","3","7","9","03","21","6","","2","1","0","0","0"
"POINT (8.671632890000069 50.134348300000056)","Unfall 62483 (2024) Kat:3, Licht: 0","62483","3","6","4","03","08","6","","0","1","0","0","0"
"POINT (8.708916935000047 50.111446976000082)","Unfall 62484 (2024) Kat:3, Licht: 0","62484","3","3","5","03","09","6","","0","1","0","0","0"
"POINT (8.724636075000035 50.115800087000082)","Unfall 62507 (2024) Kat:3, Licht: 2","62507","3","6","2","02","18","5","","2","1","1","0","0"
"POINT (8.659771180000064 50.109738554000046)","Unfall 62537 (2024) Kat:3, Licht: 2","62537","3","6","3","02","22","4","","2","1","1","0","0"
"POINT (8.703446050000025 50.143727382000066)","Unfall 62557 (2024) Kat:3, Licht: 2","62557","3","6","2","02","18","4","","2","0","1","0","0"
"POINT (8.579219839000075 50.123559635000049)","Unfall 62596 (2024) Kat:3, Licht: 0","62596","3","2","4","02","17","2","","0","0","1","0","0"
"POINT (8.605555133000053 50.180609167000057)","Unfall 62597 (2024) Kat:3, Licht: 0","62597","3","6","2","02","08","2","","0","0","1","0","0"
"POINT (8.737403227000073 50.121219310000072)","Unfall 62598 (2024) Kat:3, Licht: 0","62598","3","2","2","02","12","2","","0","0","1","0","0"
"POINT (8.607727422000039 50.143963551000070)","Unfall 62625 (2024) Kat:3, Licht: 1","62625","3","4","0","02","17","1","","1","1","0","1","0"
"POINT (8.698863856000060 50.061470605000068)","Unfall 62637 (2024) Kat:3, Licht: 0","62637","3","6","2","02","12","1","","0","0","1","0","0"
"POINT (8.539307166000071 50.101167071000077)","Unfall 62643 (2024) Kat:3, Licht: 2","62643","3","2","5","02","19","7","","2","0","1","0","0"
"POINT (8.683948311000051 50.161044584000081)","Unfall 62644 (2024) Kat:2, Licht: 0","62644","2","6","2","02","15","7","","0","0","1","0","0"
"POINT (8.682291738000060 50.107016378000026)","Unfall 62645 (2024) Kat:3, Licht: 0","62645","3","7","3","02","11","7","","0","0","1","0","0"
"POINT (8.710373529000037 50.105174286000079)","Unfall 62646 (2024) Kat:3, Licht: 1","62646","3","6","9","02","06","7","","1","0","1","0","0"
"POINT (8.667208626000047 50.105013092000036)","Unfall 62648 (2024) Kat:3, Licht: 2","62648","3","6","2","02","21","7","","2","0","1","0","0"
"POINT (8.695131435000064 50.132743366000057)","Unfall 62690 (2024) Kat:3, Licht: 0","62690","3","2","3","02","09","5","","0","1","0","0","0"
"POINT (8.664530432000049 50.107631338000033)","Unfall 62691 (2024) Kat:2, Licht: 2","62691","2","7","0","02","23","5","","2","0","0","1","0"
"POINT (8.741179872000032 50.133763678000037)","Unfall 62705 (2024) Kat:3, Licht: 0","62705","3","4","6","02","16","5","","0","0","1","1","0"
"POINT (8.547680876000072 50.102451516000031)","Unfall 62712 (2024) Kat:2, Licht: 0","62712","2","6","2","03","08","4","","0","1","1","0","0"
"POINT (8.521356090000040 50.097520436000082)","Unfall 62718 (2024) Kat:2, Licht: 2","62718","2","3","5","02","20","4","","2","0","1","0","1"
"POINT (8.665075617000070 50.107524422000040)","Unfall 62719 (2024) Kat:3, Licht: 2","62719","3","3","0","02","20","4","","2","1","0","0","0"
"POINT (8.689473181000039 50.130141290000040)","Unfall 62721 (2024) Kat:3, Licht: 0","62721","3","6","3","02","08","4","","0","0","1","0","0"
"POINT (8.683211364000044 50.163458862000027)","Unfall 62741 (2024) Kat:2, Licht: 0","62741","2","1","0","02","07","3","","0","0","0","0","0"
"POINT (8.754251902000021 50.127777243000025)","Unfall 62751 (2024) Kat:3, Licht: 0","62751","3","2","3","02","11","3","","0","0","1","0","0"
"POINT (8.529250886000057 50.113988448000043)","Unfall 62756 (2024) Kat:3, Licht: 0","62756","3","6","3","02","11","3","","0","0","1","0","0"
"POINT (8.643951019000042 50.119162023000058)","Unfall 62770 (2024) Kat:3, Licht: 0","62770","3","4","6","02","16","2","","0","0","0","1","0"
"POINT (8.745021475000044 50.138547190000054)","Unfall 62821 (2024) Kat:3, Licht: 2","62821","3","3","5","02","20","7","","2","0","1","0","0"
"POINT (8.714789579000069 50.063887453000063)","Unfall 62826 (2024) Kat:2, Licht: 0","62826","2","6","2","02","13","7","","0","0","1","0","0"
"POINT (8.586047667000059 50.123549321000041)","Unfall 62838 (2024) Kat:3, Licht: 0","62838","3","2","4","02","16","6","","0","0","1","0","0"
"POINT (8.622420440000042 50.100946188000080)","Unfall 62839 (2024) Kat:3, Licht: 2","62839","3","2","3","02","19","6","","2","0","1","0","0"
"POINT (8.607487239000022 50.144546055000035)","Unfall 62840 (2024) Kat:3, Licht: 0","62840","3","6","2","02","13","6","","0","0","1","0","0"
"POINT (8.616615158000059 50.100458895000031)","Unfall 62877 (2024) Kat:3, Licht: 0","62877","3","4","6","03","16","4","","0","1","0","1","0"
"POINT (8.707442955000033 50.062485170000059)","Unfall 62881 (2024) Kat:3, Licht: 0","62881","3","6","2","02","09","5","","0","0","1","0","0"
"POINT (8.730527615000028 50.118671017000054)","Unfall 62892 (2024) Kat:3, Licht: 0","62892","3","6","3","02","14","4","","0","0","1","0","0"
"POINT (8.643951876000074 50.102922166000042)","Unfall 62894 (2024) Kat:3, Licht: 0","62894","3","3","5","02","07","4","","0","1","1","0","0"
"POINT (8.658835084000032 50.131503094000038)","Unfall 62903 (2024) Kat:3, Licht: 0","62903","3","6","2","02","07","4","","0","0","1","0","0"
"POINT (8.600128142000074 50.113082421000058)","Unfall 62904 (2024) Kat:3, Licht: 0","62904","3","6","2","02","08","4","","0","0","1","0","0"
"POINT (8.708948254000063 50.130906220000043)","Unfall 62909 (2024) Kat:3, Licht: 2","62909","3","3","5","02","19","3","","2","0","1","0","0"
"POINT (8.661862351000025 50.108805195000059)","Unfall 62940 (2024) Kat:3, Licht: 2","62940","3","1","0","02","23","2","","2","0","0","0","0"
"POINT (8.646329195000021 50.177160380000032)","Unfall 62951 (2024) Kat:3, Licht: 2","62951","3","1","0","02","04","2","","2","0","0","0","1"
"POINT (8.701783147000071 50.104392540000049)","Unfall 62958 (2024) Kat:3, Licht: 2","62958","3","6","2","02","01","1","","2","0","1","0","1"
"POINT (8.704081097000028 50.143435557000032)","Unfall 62959 (2024) Kat:2, Licht: 0","62959","2","6","3","02","10","1","","0","1","0","0","0"
"POINT (8.687858702000028 50.112534857000071)","Unfall 62960 (2024) Kat:3, Licht: 2","62960","3","2","3","02","22","1","","2","0","1","0","1"
"POINT (8.754422972000043 50.120041370000081)","Unfall 62967 (2024) Kat:3, Licht: 2","62967","3","2","2","02","02","1","","2","0","1","0","0"
"POINT (8.624363301000074 50.052327844000047)","Unfall 62972 (2024) Kat:3, Licht: 2","62972","3","6","3","02","18","1","","2","0","1","0","0"
"POINT (8.621965427000021 50.130163326000059)","Unfall 62982 (2024) Kat:3, Licht: 2","62982","3","6","2","02","19","7","","2","0","1","0","0"
"POINT (8.669555420000052 50.098410284000067)","Unfall 62983 (2024) Kat:3, Licht: 2","62983","3","3","5","02","04","7","","2","0","1","0","0"
"POINT (8.700262255000041 50.113041680000038)","Unfall 62984 (2024) Kat:3, Licht: 0","62984","3","3","5","02","14","7","","0","0","1","0","1"
"POINT (8.613689056000055 50.097507269000062)","Unfall 62994 (2024) Kat:2, Licht: 2","62994","2","4","6","02","01","7","","2","0","0","1","0"
"POINT (8.623595112000032 50.118762282000034)","Unfall 63001 (2024) Kat:2, Licht: 0","63001","2","4","6","02","07","6","","0","0","1","1","0"
"POINT (8.629323253000052 50.053383380000071)","Unfall 63013 (2024) Kat:3, Licht: 2","63013","3","6","2","02","18","7","","2","0","1","0","0"
"POINT (8.547450340000069 50.102342601000032)","Unfall 63028 (2024) Kat:3, Licht: 0","63028","3","4","6","02","08","5","","0","0","1","1","0"
"POINT (8.573348879000037 50.099224187000061)","Unfall 63029 (2024) Kat:3, Licht: 0","63029","3","4","6","02","15","5","","0","0","1","1","0"
"POINT (8.653704213000026 50.119958803000031)","Unfall 63030 (2024) Kat:3, Licht: 2","63030","3","2","6","02","18","5","","2","0","0","1","0"
"POINT (8.670873787000062 50.131640272000027)","Unfall 63031 (2024) Kat:3, Licht: 2","63031","3","6","2","02","18","5","","2","0","1","0","0"
"POINT (8.665058801000043 50.183780516000070)","Unfall 63047 (2024) Kat:3, Licht: 2","63047","3","3","9","02","20","2","","2","0","1","0","0"
"POINT (8.602893104000032 50.108841001000030)","Unfall 63060 (2024) Kat:3, Licht: 0","63060","3","6","3","02","08","5","","0","0","1","0","0"
"POINT (8.740738748000069 50.122818333000055)","Unfall 63072 (2024) Kat:3, Licht: 0","63072","3","3","5","02","09","4","","0","1","1","0","0"
"POINT (8.749006139000073 50.138651933000062)","Unfall 63100 (2024) Kat:3, Licht: 2","63100","3","1","9","02","22","4","","2","0","1","0","0"
"POINT (8.595848976000070 50.057933951000052)","Unfall 63109 (2024) Kat:3, Licht: 2","63109","3","6","3","02","21","4","","2","0","1","0","0"
"POINT (8.699283219000051 50.125032770000075)","Unfall 63120 (2024) Kat:3, Licht: 0","63120","3","6","2","02","08","3","","0","0","1","0","0"
"POINT (8.612609431000067 50.132311368000046)","Unfall 63135 (2024) Kat:3, Licht: 0","63135","3","6","2","02","08","3","","0","0","1","0","0"
"POINT (8.610987799000043 50.146337857000049)","Unfall 63139 (2024) Kat:3, Licht: 0","63139","3","1","6","02","19","2","","0","1","0","1","0"
"POINT (8.730625437000072 50.118658925000034)","Unfall 63163 (2024) Kat:3, Licht: 2","63163","3","6","3","02","20","1","","2","0","1","0","0"
"POINT (8.645888241000023 50.176879582000026)","Unfall 63174 (2024) Kat:3, Licht: 0","63174","3","1","8","02","15","1","","0","0","1","0","0"
"POINT (8.681402683000044 50.165044920000071)","Unfall 63179 (2024) Kat:3, Licht: 1","63179","3","2","5","02","17","7","","1","1","1","0","0"
"POINT (8.653144495000049 50.182064583000056)","Unfall 63191 (2024) Kat:3, Licht: 2","63191","3","1","9","02","05","7","","2","0","1","0","0"
"POINT (8.602887591000069 50.108849249000059)","Unfall 63192 (2024) Kat:3, Licht: 2","63192","3","6","3","02","17","7","","2","0","1","0","0"
"POINT (8.618785827000067 50.132383212000036)","Unfall 63201 (2024) Kat:3, Licht: 0","63201","3","3","5","02","11","6","","0","0","1","0","0"
"POINT (8.684684911000033 50.131469808000077)","Unfall 63202 (2024) Kat:3, Licht: 0","63202","3","6","0","02","08","6","","0","0","1","0","1"
"POINT (8.521482237000043 50.097359573000062)","Unfall 63228 (2024) Kat:2, Licht: 1","63228","2","3","5","02","17","5","","1","0","0","0","0"
"POINT (8.666466898000067 50.147935348000033)","Unfall 63229 (2024) Kat:2, Licht: 0","63229","2","3","5","02","14","5","","0","0","1","0","0"
"POINT (8.620900809000034 50.151205840000046)","Unfall 63237 (2024) Kat:3, Licht: 0","63237","3","2","5","02","07","6","","0","1","1","0","0"
"POINT (8.599881987000060 50.113023838000061)","Unfall 63243 (2024) Kat:3, Licht: 2","63243","3","6","2","02","18","5","","2","0","1","0","0"
"POINT (8.742653692000033 50.149175846000048)","Unfall 63258 (2024) Kat:3, Licht: 2","63258","3","2","5","01","20","4","","2","1","1","0","0"
"POINT (8.749827045000075 50.121580915000038)","Unfall 63259 (2024) Kat:3, Licht: 2","63259","3","2","5","01","18","4","","2","0","1","0","0"
"POINT (8.650617092000061 50.132373214000040)","Unfall 63263 (2024) Kat:2, Licht: 2","63263","2","6","2","01","18","4","","2","0","1","0","0"
"POINT (8.584892180000054 50.133435896000037)","Unfall 63264 (2024) Kat:3, Licht: 2","63264","3","6","2","01","17","4","","2","0","1","0","0"
"POINT (8.604784653000024 50.054519589000051)","Unfall 63265 (2024) Kat:2, Licht: 0","63265","2","3","5","01","16","4","","0","0","1","0","0"
"POINT (8.556942646000039 50.051549150000028)","Unfall 63266 (2024) Kat:2, Licht: 0","63266","2","6","2","01","07","4","","0","0","1","0","0"
"POINT (8.621275778000040 50.121214892000069)","Unfall 63270 (2024) Kat:3, Licht: 1","63270","3","2","6","01","07","3","","1","0","0","1","0"
"POINT (8.647885798000061 50.199123302000032)","Unfall 63303 (2024) Kat:2, Licht: 0","63303","2","7","8","01","14","3","","0","0","1","0","0"
"POINT (8.594055890000050 50.114670225000054)","Unfall 63306 (2024) Kat:3, Licht: 2","63306","3","6","2","01","18","3","","2","0","1","0","0"
"POINT (8.658964385000047 50.146489902000042)","Unfall 63311 (2024) Kat:3, Licht: 0","63311","3","6","3","01","16","2","","0","0","1","0","0"
"POINT (8.555390075000048 50.123503748000076)","Unfall 63329 (2024) Kat:3, Licht: 2","63329","3","6","3","02","06","5","","2","0","1","0","0"
"POINT (8.660684829000047 50.147056118000080)","Unfall 63351 (2024) Kat:3, Licht: 0","63351","3","6","2","03","09","7","","0","0","1","0","0"
"POINT (8.591860300000064 50.134804864000046)","Unfall 63362 (2024) Kat:2, Licht: 2","63362","2","1","9","03","19","4","","2","0","0","0","1"
"POINT (8.662401034000027 50.151622970000062)","Unfall 63363 (2024) Kat:3, Licht: 2","63363","3","3","5","02","18","2","","2","1","1","0","0"
"POINT (8.589008464000074 50.100202240000044)","Unfall 63373 (2024) Kat:3, Licht: 0","63373","3","7","2","01","14","7","","0","0","1","0","1"
"POINT (8.709630973000060 50.116114506000031)","Unfall 63374 (2024) Kat:3, Licht: 0","63374","3","5","1","01","15","7","","0","1","1","0","0"
"POINT (8.703468138000062 50.143722476000050)","Unfall 63388 (2024) Kat:3, Licht: 2","63388","3","6","2","01","18","7","","2","0","1","0","0"
"POINT (8.564280904000043 50.128904528000078)","Unfall 63390 (2024) Kat:3, Licht: 0","63390","3","6","2","01","14","7","","0","0","1","0","0"
"POINT (8.659513721000053 50.207284781000055)","Unfall 63405 (2024) Kat:3, Licht: 0","63405","3","6","2","01","10","6","","0","0","1","0","0"
"POINT (8.594057938000049 50.140840593000064)","Unfall 63425 (2024) Kat:3, Licht: 0","63425","3","6","2","01","16","6","","0","0","1","0","0"
"POINT (8.602648088000024 50.155940860000044)","Unfall 63427 (2024) Kat:3, Licht: 0","63427","3","6","3","01","15","6","","0","0","1","0","0"
"POINT (8.593366392000064 50.139593883000032)","Unfall 63429 (2024) Kat:3, Licht: 0","63429","3","6","2","03","15","7","","0","0","1","0","0"
"POINT (8.701342246000024 50.123100089000047)","Unfall 63432 (2024) Kat:3, Licht: 0","63432","3","3","5","03","17","6","","0","0","1","0","0"
"POINT (8.590904520000038 50.134411041000078)","Unfall 63440 (2024) Kat:3, Licht: 0","63440","3","6","3","03","16","3","","0","0","1","0","0"
"POINT (8.551590482000051 50.046897988000069)","Unfall 63447 (2024) Kat:3, Licht: 0","63447","3","6","2","03","07","3","","0","0","1","0","0"
"POINT (8.740177822000021 50.099930557000050)","Unfall 63465 (2024) Kat:3, Licht: 2","63465","3","6","2","01","17","5","","2","0","1","0","0"
"POINT (8.670748165000020 50.097565140000029)","Unfall 63477 (2024) Kat:3, Licht: 2","63477","3","7","3","03","21","2","","2","0","1","0","0"
"POINT (8.567775084000061 50.120727750000071)","Unfall 63479 (2024) Kat:3, Licht: 2","63479","3","3","5","01","00","4","","2","0","1","0","0"
"POINT (8.592161411000063 50.100066082000069)","Unfall 63480 (2024) Kat:3, Licht: 0","63480","3","3","5","01","10","4","","0","0","1","0","0"
"POINT (8.665016277000063 50.107603695000080)","Unfall 63481 (2024) Kat:2, Licht: 1","63481","2","4","6","01","05","4","","1","0","1","1","0"
"POINT (8.513720898000031 50.073706305000030)","Unfall 63501 (2024) Kat:3, Licht: 1","63501","3","6","3","01","07","4","","1","0","1","0","0"
"POINT (8.657492298000022 50.185478218000071)","Unfall 63502 (2024) Kat:3, Licht: 2","63502","3","6","2","01","19","4","","2","0","1","0","0"
"POINT (8.635472617000062 50.102217231000054)","Unfall 63518 (2024) Kat:3, Licht: 0","63518","3","2","5","03","15","3","","0","0","1","0","0"
"POINT (8.762218633000032 50.114825594000081)","Unfall 63551 (2024) Kat:3, Licht: 0","63551","3","3","5","01","13","3","","0","0","0","0","0"
"POINT (8.745067212000038 50.147968051000078)","Unfall 63552 (2024) Kat:3, Licht: 0","63552","3","3","5","01","09","3","","0","0","1","0","0"
"POINT (8.733339466000075 50.114889775000051)","Unfall 63566 (2024) Kat:3, Licht: 0","63566","3","6","2","01","09","3","","0","0","1","0","0"
"POINT (8.670817794000072 50.137267417000032)","Unfall 63572 (2024) Kat:1, Licht: 0","63572","1","7","0","01","11","2","","0","0","0","1","0"
"POINT (8.617786024000054 50.135071497000069)","Unfall 63589 (2024) Kat:3, Licht: 2","63589","3","1","8","01","23","2","","2","0","1","0","0"
"POINT (8.621937337000077 50.100898820000054)","Unfall 63596 (2024) Kat:3, Licht: 0","63596","3","3","3","01","13","1","","0","0","1","0","0"
"POINT (8.687926645000061 50.107194269000047)","Unfall 63601 (2024) Kat:3, Licht: 0","63601","3","2","6","01","16","2","","0","0","1","1","0"
"POINT (8.739987895000070 50.122287193000034)","Unfall 63632 (2024) Kat:3, Licht: 1","63632","3","4","6","01","07","6","","1","0","0","1","0"
"POINT (8.645764779000046 50.176642810000033)","Unfall 63633 (2024) Kat:3, Licht: 0","63633","3","6","3","02","09","3","","0","0","1","0","0"
"POINT (8.731988823000052 50.118498470000077)","Unfall 63648 (2024) Kat:2, Licht: 0","63648","2","6","2","01","12","6","","0","0","1","0","0"
"POINT (8.727887913000075 50.117071800000076)","Unfall 63657 (2024) Kat:3, Licht: 2","63657","3","6","3","01","18","5","","2","0","1","0","0"
"POINT (8.693416443000046 50.129342890000032)","Unfall 63695 (2024) Kat:3, Licht: 2","63695","3","6","3","01","19","4","","2","0","1","0","0"
"POINT (8.704770954000026 50.120033391000050)","Unfall 63711 (2024) Kat:2, Licht: 0","63711","2","3","5","07","08","4","","0","1","1","0","0"
"POINT (8.596942330000047 50.146064379000052)","Unfall 63720 (2024) Kat:3, Licht: 0","63720","3","6","2","07","08","4","","0","0","1","0","0"
"POINT (8.560460279000040 50.125720289000071)","Unfall 63738 (2024) Kat:3, Licht: 0","63738","3","6","2","07","07","3","","0","0","1","0","0"
"POINT (8.674832528000024 50.153563722000058)","Unfall 63742 (2024) Kat:3, Licht: 1","63742","3","1","9","07","06","2","","1","0","1","0","0"
"POINT (8.695602014000031 50.102031315000033)","Unfall 63743 (2024) Kat:3, Licht: 0","63743","3","6","3","07","09","2","","0","1","1","0","0"
"POINT (8.739822040000035 50.122225334000063)","Unfall 63744 (2024) Kat:3, Licht: 0","63744","3","6","2","07","19","2","","0","0","1","0","0"
"POINT (8.769459522000034 50.135855985000035)","Unfall 63757 (2024) Kat:3, Licht: 0","63757","3","6","2","07","11","2","","0","0","1","0","0"
"POINT (8.647950885000057 50.055425537000076)","Unfall 63759 (2024) Kat:3, Licht: 0","63759","3","6","2","07","15","2","","0","0","1","0","0"
"POINT (8.621934838000072 50.130178322000063)","Unfall 63785 (2024) Kat:3, Licht: 0","63785","3","6","2","07","13","7","","0","0","1","0","0"
"POINT (8.500560679000046 50.097031962000074)","Unfall 63802 (2024) Kat:3, Licht: 0","63802","3","3","5","07","10","6","","0","0","1","0","0"
"POINT (8.683651971000074 50.183709955000040)","Unfall 63803 (2024) Kat:3, Licht: 0","63803","3","3","5","07","16","6","","0","1","1","0","0"
"POINT (8.619982930000049 50.149582916000043)","Unfall 63804 (2024) Kat:2, Licht: 0","63804","2","2","3","07","16","6","","0","1","1","0","0"
"POINT (8.649880024000026 50.120189540000069)","Unfall 63805 (2024) Kat:3, Licht: 0","63805","3","3","5","07","18","6","","0","1","0","0","1"
"POINT (8.633011167000063 50.101982376000080)","Unfall 63806 (2024) Kat:3, Licht: 1","63806","3","1","0","07","21","6","","1","0","0","0","0"
"POINT (8.624364653000043 50.143949322000026)","Unfall 63826 (2024) Kat:2, Licht: 0","63826","2","7","0","07","11","5","","0","0","0","1","1"
"POINT (8.691534712000021 50.100381141000071)","Unfall 63827 (2024) Kat:2, Licht: 0","63827","2","4","6","07","09","5","","0","1","1","1","0"
"POINT (8.658331476000058 50.108526462000043)","Unfall 63828 (2024) Kat:3, Licht: 0","63828","3","4","6","07","21","5","","0","1","0","1","0"
"POINT (8.617447559000027 50.080063764000045)","Unfall 63844 (2024) Kat:3, Licht: 0","63844","3","6","2","07","16","5","","0","0","1","0","0"
"POINT (8.706228197000030 50.111601539000048)","Unfall 63851 (2024) Kat:3, Licht: 0","63851","3","6","4","07","19","5","","0","1","0","0","0"
"POINT (8.535637185000041 50.116328069000076)","Unfall 63861 (2024) Kat:3, Licht: 0","63861","3","6","3","07","18","4","","0","0","1","0","1"
"POINT (8.627804904000072 50.115849341000057)","Unfall 63867 (2024) Kat:3, Licht: 0","63867","3","3","5","07","17","3","","0","0","1","0","0"