WKT,Name,OBJECTID,UKATEGORIE,UTYP1,UART,UMONAT,USTUNDE,UWOCHENTAG,STRZUSTAND,ULICHTVERH,ISTRAD,ISTPKW,ISTFUSS,ISTKRAD
"POINT (8.601303906000055 50.132708461000050)","Unfall 63887 (2024) Kat:2, Licht: 0","63887","2","6","3","07","10","3","","0","0","1","0","1"
"POINT (8.604867681000030 50.106015764000063)","Unfall 63888 (2024) Kat:3, Licht: 0","63888","3","6","2","07","08","3","","0","0","1","0","0"
"POINT (8.513992016000032 50.084676539000043)","Unfall 63894 (2024) Kat:3, Licht: 0","63894","3","3","5","07","18","2","","0","0","1","0","1"
"POINT (8.493183722000026 50.097127161000060)","Unfall 63895 (2024) Kat:3, Licht: 0","63895","3","3","5","07","11","2","","0","0","1","0","0"
"POINT (8.615183609000042 50.147936642000047)","Unfall 63896 (2024) Kat:2, Licht: 0","63896","2","3","0","07","13","2","","0","0","0","0","0"
"POINT (8.713740787000063 50.112098754000044)","Unfall 63897 (2024) Kat:3, Licht: 0","63897","3","6","2","07","08","2","","0","0","1","0","0"
"POINT (8.619336593000071 50.087788638000063)","Unfall 63941 (2024) Kat:3, Licht: 0","63941","3","6","2","07","14","1","","0","0","1","0","0"
"POINT (8.646808226000076 50.200089647000027)","Unfall 63942 (2024) Kat:3, Licht: 0","63942","3","7","0","07","13","1","","0","0","0","0","1"
"POINT (8.659252940000044 50.087233788000049)","Unfall 63947 (2024) Kat:3, Licht: 2","63947","3","6","2","07","23","7","","2","0","1","0","0"
"POINT (8.653832350000073 50.075485771000046)","Unfall 63948 (2024) Kat:3, Licht: 0","63948","3","6","2","07","13","7","","0","0","1","0","0"
"POINT (8.735380343000031 50.120532894000064)","Unfall 63949 (2024) Kat:3, Licht: 0","63949","3","3","5","07","17","7","","0","0","1","0","1"
"POINT (8.654475177000052 50.106996431000027)","Unfall 63950 (2024) Kat:3, Licht: 0","63950","3","6","2","07","12","7","","0","0","1","0","0"
"POINT (8.719129998000028 50.099962064000067)","Unfall 63973 (2024) Kat:3, Licht: 0","63973","3","3","5","07","13","6","","0","1","0","0","0"
"POINT (8.551665998000033 50.104902965000065)","Unfall 63974 (2024) Kat:3, Licht: 0","63974","3","6","2","07","16","4","","0","0","1","0","0"
"POINT (8.630981400000053 50.091435208000064)","Unfall 63975 (2024) Kat:3, Licht: 2","63975","3","1","8","07","22","6","","2","0","0","0","1"
"POINT (8.608357619000060 50.127250731000061)","Unfall 63993 (2024) Kat:3, Licht: 0","63993","3","2","3","07","18","5","","0","1","1","0","0"
"POINT (8.701347085000066 50.104411394000067)","Unfall 63994 (2024) Kat:3, Licht: 2","63994","3","3","0","07","23","5","","2","0","0","0","1"
"POINT (8.633147158000043 50.101995367000029)","Unfall 63995 (2024) Kat:3, Licht: 0","63995","3","2","3","07","12","5","","0","0","1","0","1"
"POINT (8.514839790000053 50.085105564000060)","Unfall 64026 (2024) Kat:3, Licht: 0","64026","3","3","5","07","17","4","","0","0","1","0","0"
"POINT (8.689656735000028 50.107153141000026)","Unfall 64027 (2024) Kat:3, Licht: 2","64027","3","6","4","07","00","4","","2","1","0","0","0"
"POINT (8.664977572000055 50.102894237000044)","Unfall 64028 (2024) Kat:3, Licht: 0","64028","3","2","3","07","17","4","","0","0","1","0","1"
"POINT (8.647621934000028 50.199982890000058)","Unfall 64049 (2024) Kat:3, Licht: 0","64049","3","6","2","07","17","4","","0","0","1","0","0"
"POINT (8.599864538000077 50.115383675000032)","Unfall 64050 (2024) Kat:3, Licht: 0","64050","3","6","2","07","16","4","","0","0","1","0","0"
"POINT (8.741657295000039 50.095925648000048)","Unfall 64051 (2024) Kat:2, Licht: 0","64051","2","1","9","07","14","4","","0","0","0","0","1"
"POINT (8.532434300000034 50.040551879000077)","Unfall 64056 (2024) Kat:3, Licht: 0","64056","3","2","4","07","05","3","","0","0","0","0","0"
"POINT (8.595841112000073 50.123456621000059)","Unfall 64066 (2024) Kat:3, Licht: 2","64066","3","6","2","07","23","3","","2","0","1","0","0"
"POINT (8.691890177000062 50.104612083000063)","Unfall 64067 (2024) Kat:3, Licht: 2","64067","3","3","5","07","21","3","","2","1","1","0","0"
"POINT (8.731970359000059 50.118660438000063)","Unfall 64068 (2024) Kat:3, Licht: 0","64068","3","6","2","07","14","3","","0","0","1","0","0"
"POINT (8.644783156000074 50.103086816000030)","Unfall 64069 (2024) Kat:3, Licht: 0","64069","3","6","3","07","18","3","","0","0","1","0","0"
"POINT (8.626362603000075 50.134752373000026)","Unfall 64081 (2024) Kat:3, Licht: 0","64081","3","6","2","07","12","4","","0","0","1","0","0"
"POINT (8.659673145000056 50.088029708000079)","Unfall 64094 (2024) Kat:3, Licht: 0","64094","3","2","3","07","14","2","","0","0","1","0","1"
"POINT (8.675373814000068 50.104420064000067)","Unfall 64095 (2024) Kat:3, Licht: 0","64095","3","7","6","07","08","2","","0","1","0","1","0"
"POINT (8.732000750000054 50.118691040000044)","Unfall 64097 (2024) Kat:3, Licht: 0","64097","3","6","2","07","08","2","","0","0","1","0","1"
"POINT (8.763772335000056 50.135924616000068)","Unfall 64111 (2024) Kat:3, Licht: 0","64111","3","6","2","07","12","2","","0","0","1","0","0"
"POINT (8.513222158000076 50.108096483000054)","Unfall 64113 (2024) Kat:3, Licht: 0","64113","3","6","9","07","08","2","","0","0","1","0","0"
"POINT (8.534733502000051 50.114053685000044)","Unfall 64119 (2024) Kat:3, Licht: 0","64119","3","6","2","07","15","1","","0","0","1","0","1"
"POINT (8.513634400000058 50.087920493000070)","Unfall 64120 (2024) Kat:2, Licht: 2","64120","2","1","8","07","00","1","","2","0","1","0","0"
"POINT (8.625395542000035 50.091322305000062)","Unfall 64121 (2024) Kat:2, Licht: 0","64121","2","7","1","07","12","1","","0","0","0","0","0"
"POINT (8.658622804000061 50.209094988000061)","Unfall 64122 (2024) Kat:3, Licht: 2","64122","3","7","7","07","23","1","","2","0","1","0","0"
"POINT (8.650500227000066 50.113359288000026)","Unfall 64123 (2024) Kat:3, Licht: 0","64123","3","3","5","07","08","1","","0","1","1","0","0"
"POINT (8.717191661000072 50.123573939000039)","Unfall 64124 (2024) Kat:3, Licht: 0","64124","3","2","3","07","16","1","","0","1","1","0","0"
"POINT (8.607116544000064 50.093202607000080)","Unfall 64145 (2024) Kat:3, Licht: 1","64145","3","3","5","07","21","7","","1","0","1","0","0"
"POINT (8.647875399000043 50.061401052000065)","Unfall 64164 (2024) Kat:3, Licht: 0","64164","3","1","8","07","06","7","","0","0","1","0","0"
"POINT (8.635217847000035 50.195067628000061)","Unfall 64165 (2024) Kat:3, Licht: 0","64165","3","6","2","07","15","7","","0","0","1","0","0"
"POINT (8.646364819000041 50.201327506000041)","Unfall 64166 (2024) Kat:3, Licht: 0","64166","3","1","9","07","14","7","","0","0","1","0","0"
"POINT (8.650993049000022 50.120315819000041)","Unfall 64172 (2024) Kat:3, Licht: 0","64172","3","7","3","07","14","6","","0","0","1","0","1"
"POINT (8.647663661000024 50.104303573000038)","Unfall 64173 (2024) Kat:3, Licht: 2","64173","3","3","5","07","22","6","","2","0","1","0","0"
"POINT (8.591966222000053 50.137422153000045)","Unfall 64187 (2024) Kat:3, Licht: 0","64187","3","6","2","07","17","6","","0","0","1","0","0"
"POINT (8.680807132000041 50.106633320000071)","Unfall 64197 (2024) Kat:3, Licht: 1","64197","3","5","1","07","19","5","","1","1","1","0","0"
"POINT (8.721891755000058 50.114866902000074)","Unfall 64211 (2024) Kat:3, Licht: 0","64211","3","2","4","07","15","7","","0","0","1","0","0"
"POINT (8.659010119000072 50.131485880000071)","Unfall 64215 (2024) Kat:3, Licht: 0","64215","3","6","2","07","08","5","","0","0","1","0","0"
"POINT (8.615829391000034 50.135149605000038)","Unfall 64221 (2024) Kat:3, Licht: 0","64221","3","6","2","07","07","4","","0","0","1","0","0"
"POINT (8.729716073000077 50.119934485000044)","Unfall 64222 (2024) Kat:3, Licht: 0","64222","3","6","2","07","18","4","","0","0","1","0","0"
"POINT (8.602154780000035 50.110183913000071)","Unfall 64239 (2024) Kat:3, Licht: 0","64239","3","6","3","07","12","4","","0","0","1","0","0"
"POINT (8.534164464000071 50.114556967000055)","Unfall 64245 (2024) Kat:2, Licht: 2","64245","2","1","0","07","22","3","","2","0","0","0","1"
"POINT (8.650945268000044 50.114069770000071)","Unfall 64246 (2024) Kat:3, Licht: 1","64246","3","2","3","07","20","3","","1","1","1","0","0"
"POINT (8.635206882000034 50.088679011000067)","Unfall 64247 (2024) Kat:3, Licht: 0","64247","3","6","2","07","14","3","","0","0","1","0","0"
"POINT (8.694863931000043 50.105455088000042)","Unfall 64248 (2024) Kat:3, Licht: 0","64248","3","6","3","07","19","3","","0","0","1","0","0"
"POINT (8.723841633000063 50.159471243000041)","Unfall 64249 (2024) Kat:3, Licht: 0","64249","3","6","2","07","09","3","","0","0","1","0","0"
"POINT (8.647620603000064 50.199975387000052)","Unfall 64264 (2024) Kat:3, Licht: 2","64264","3","1","9","07","22","3","","2","0","1","0","0"
"POINT (8.650799113000062 50.105543278000027)","Unfall 64272 (2024) Kat:3, Licht: 0","64272","3","2","3","07","18","2","","0","1","1","0","0"
"POINT (8.602544376000026 50.052887414000054)","Unfall 64289 (2024) Kat:3, Licht: 0","64289","3","6","2","07","16","2","","0","0","1","0","0"
"POINT (8.621678558000042 50.052333229000055)","Unfall 64291 (2024) Kat:3, Licht: 0","64291","3","6","2","07","06","2","","0","0","1","0","0"
"POINT (8.650682921000055 50.105497309000043)","Unfall 64322 (2024) Kat:3, Licht: 0","64322","3","6","2","06","15","7","","0","0","1","0","0"
"POINT (8.667512377000037 50.131563071000073)","Unfall 64323 (2024) Kat:3, Licht: 0","64323","3","6","3","06","19","7","","0","0","1","0","0"
"POINT (8.603836429000069 50.052018080000039)","Unfall 64341 (2024) Kat:3, Licht: 2","64341","3","6","2","06","22","7","","2","0","1","0","0"
"POINT (8.669200223000075 50.165872551000064)","Unfall 64347 (2024) Kat:3, Licht: 0","64347","3","4","6","06","18","6","","0","0","0","1","0"
"POINT (8.670273608000059 50.138587443000063)","Unfall 64348 (2024) Kat:2, Licht: 0","64348","2","2","3","06","14","6","","0","0","1","0","0"
"POINT (8.642280596000035 50.143355390000067)","Unfall 64349 (2024) Kat:3, Licht: 2","64349","3","1","8","06","02","6","","2","0","1","0","0"
"POINT (8.618367195000076 50.132683106000059)","Unfall 64350 (2024) Kat:3, Licht: 1","64350","3","3","5","06","21","6","","1","0","1","0","0"
"POINT (8.698046208000051 50.102253577000056)","Unfall 64351 (2024) Kat:2, Licht: 0","64351","2","7","3","06","12","6","","0","0","1","0","1"
"POINT (8.695306666000022 50.136920623000037)","Unfall 64359 (2024) Kat:3, Licht: 0","64359","3","1","9","07","20","3","","0","0","0","0","1"
"POINT (8.602245211000024 50.155694535000066)","Unfall 64366 (2024) Kat:3, Licht: 0","64366","3","6","2","06","17","6","","0","0","1","0","0"
"POINT (8.672613471000034 50.149319589000072)","Unfall 64381 (2024) Kat:3, Licht: 0","64381","3","6","2","06","17","5","","0","0","1","0","0"
"POINT (8.670920767000041 50.089617567000062)","Unfall 64382 (2024) Kat:3, Licht: 0","64382","3","4","6","06","16","5","","0","0","0","1","0"
"POINT (8.737435153000035 50.121232620000058)","Unfall 64385 (2024) Kat:3, Licht: 0","64385","3","3","5","06","12","5","","0","1","0","0","0"
"POINT (8.590406902000041 50.133889673000056)","Unfall 64405 (2024) Kat:3, Licht: 2","64405","3","1","3","06","23","5","","2","0","1","0","0"
"POINT (8.665992990000063 50.147850633000076)","Unfall 64413 (2024) Kat:3, Licht: 0","64413","3","6","2","06","17","4","","0","0","1","0","0"
"POINT (8.650646827000060 50.105483028000037)","Unfall 64414 (2024) Kat:3, Licht: 0","64414","3","6","2","06","12","4","","0","0","1","0","0"
"POINT (8.674945400000070 50.160291777000054)","Unfall 64428 (2024) Kat:3, Licht: 0","64428","3","7","9","06","14","4","","0","0","0","0","1"
"POINT (8.591887254000028 50.122954854000056)","Unfall 64448 (2024) Kat:3, Licht: 0","64448","3","6","4","06","08","3","","0","0","1","0","0"
"POINT (8.647298868000064 50.113626456000077)","Unfall 64449 (2024) Kat:3, Licht: 0","64449","3","6","2","06","18","3","","0","0","1","0","0"
"POINT (8.670105258000035 50.139334213000041)","Unfall 64451 (2024) Kat:2, Licht: 0","64451","2","5","1","06","17","3","","0","1","1","0","0"
"POINT (8.679964987000062 50.106286188000070)","Unfall 64452 (2024) Kat:3, Licht: 1","64452","3","6","4","06","21","3","","1","1","0","0","0"
"POINT (8.711122499000055 50.125345607000042)","Unfall 64453 (2024) Kat:2, Licht: 0","64453","2","3","5","06","21","3","","0","1","1","0","0"
"POINT (8.755047351000030 50.161784574000080)","Unfall 64481 (2024) Kat:2, Licht: 0","64481","2","2","3","06","08","3","","0","0","1","0","1"
"POINT (8.648504899000045 50.161402955000028)","Unfall 64501 (2024) Kat:3, Licht: 0","64501","3","3","5","06","08","2","","0","1","0","0","0"
"POINT (8.674394638000024 50.104023923000057)","Unfall 64531 (2024) Kat:3, Licht: 0","64531","3","6","3","06","19","1","","0","1","0","0","0"
"POINT (8.638388826000039 50.196917977000055)","Unfall 64542 (2024) Kat:3, Licht: 0","64542","3","6","2","07","08","5","","0","0","1","0","0"
"POINT (8.519311120000054 50.097318504000043)","Unfall 64557 (2024) Kat:2, Licht: 0","64557","2","6","2","06","18","7","","0","0","1","0","0"
"POINT (8.681144986000049 50.159771553000041)","Unfall 64558 (2024) Kat:3, Licht: 0","64558","3","3","5","06","20","7","","0","0","1","0","0"
"POINT (8.598602962000029 50.113591917000065)","Unfall 64571 (2024) Kat:3, Licht: 0","64571","3","6","2","06","18","7","","0","0","1","0","0"
"POINT (8.668240031000039 50.099947766000071)","Unfall 64580 (2024) Kat:3, Licht: 0","64580","3","2","3","06","20","6","","0","0","1","0","0"
"POINT (8.639384000000064 50.102580157000034)","Unfall 64581 (2024) Kat:3, Licht: 0","64581","3","6","2","06","20","6","","0","0","1","0","1"
"POINT (8.711168906000069 50.105209024000033)","Unfall 64605 (2024) Kat:3, Licht: 0","64605","3","3","5","06","20","5","","0","0","0","0","1"
"POINT (8.664980332000027 50.103808285000071)","Unfall 64606 (2024) Kat:3, Licht: 1","64606","3","1","0","06","21","5","","1","0","0","0","0"
"POINT (8.709838793000074 50.111302184000067)","Unfall 64614 (2024) Kat:2, Licht: 2","64614","2","7","3","07","22","3","","2","0","1","0","1"
"POINT (8.535532540000077 50.116289844000050)","Unfall 64622 (2024) Kat:3, Licht: 0","64622","3","6","3","07","16","5","","0","0","1","0","0"
"POINT (8.602382530000057 50.155943857000068)","Unfall 64625 (2024) Kat:3, Licht: 0","64625","3","6","2","06","18","5","","0","0","1","0","0"
"POINT (8.666340451000053 50.148059429000057)","Unfall 64633 (2024) Kat:3, Licht: 0","64633","3","2","2","06","11","4","","0","0","1","0","1"
"POINT (8.620755253000027 50.186543564000033)","Unfall 64647 (2024) Kat:3, Licht: 2","64647","3","1","8","06","23","4","","2","0","1","0","0"
"POINT (8.546647018000044 50.103420356000072)","Unfall 64652 (2024) Kat:3, Licht: 0","64652","3","2","2","06","11","3","","0","0","1","0","1"
"POINT (8.665160728000046 50.148850266000068)","Unfall 64653 (2024) Kat:3, Licht: 0","64653","3","6","3","06","09","3","","0","1","1","0","0"
"POINT (8.668826406000051 50.148534030000064)","Unfall 64654 (2024) Kat:3, Licht: 0","64654","3","6","2","06","08","3","","0","0","1","0","0"
"POINT (8.740041937000058 50.122538428000041)","Unfall 64681 (2024) Kat:2, Licht: 0","64681","2","3","5","06","09","2","","0","0","1","0","0"
"POINT (8.678771715000039 50.167344966000030)","Unfall 64715 (2024) Kat:3, Licht: 1","64715","3","6","2","06","20","1","","1","0","1","0","0"
"POINT (8.628970554000034 50.078023418000043)","Unfall 64741 (2024) Kat:3, Licht: 0","64741","3","2","3","06","12","7","","0","0","1","0","0"
"POINT (8.698242284000059 50.109822694000059)","Unfall 64742 (2024) Kat:3, Licht: 0","64742","3","2","3","06","19","7","","0","1","1","0","0"
"POINT (8.669337733000020 50.106296061000080)","Unfall 64743 (2024) Kat:3, Licht: 0","64743","3","6","3","06","13","7","","0","1","1","0","0"
"POINT (8.542972116000044 50.106727366000030)","Unfall 64761 (2024) Kat:3, Licht: 0","64761","3","3","5","06","16","6","","0","0","1","0","0"
"POINT (8.670505582000033 50.138721666000038)","Unfall 64762 (2024) Kat:3, Licht: 1","64762","3","3","5","06","22","6","","1","0","1","0","0"
"POINT (8.692813171000068 50.128977190000057)","Unfall 64764 (2024) Kat:2, Licht: 0","64764","2","2","3","06","10","6","","0","1","0","0","0"
"POINT (8.667249936000076 50.100518363000049)","Unfall 64783 (2024) Kat:3, Licht: 0","64783","3","6","6","07","16","7","","0","1","0","1","0"
"POINT (8.668067295000071 50.145072672000026)","Unfall 64790 (2024) Kat:3, Licht: 0","64790","3","6","3","06","17","5","","0","1","1","0","0"
"POINT (8.614789636000069 50.136351637000075)","Unfall 64791 (2024) Kat:3, Licht: 0","64791","3","7","0","06","15","5","","0","1","0","1","0"
"POINT (8.647653562000073 50.104299579000042)","Unfall 64792 (2024) Kat:3, Licht: 0","64792","3","3","5","06","18","5","","0","1","1","0","0"
"POINT (8.668608901000027 50.104876122000064)","Unfall 64793 (2024) Kat:2, Licht: 0","64793","2","6","2","06","17","5","","0","0","1","0","1"
"POINT (8.747962100000052 50.146538343000032)","Unfall 64818 (2024) Kat:3, Licht: 0","64818","3","6","2","06","10","5","","0","0","1","0","0"
"POINT (8.713424724000049 50.063643102000071)","Unfall 64819 (2024) Kat:3, Licht: 0","64819","3","6","2","06","18","5","","0","0","1","0","0"
"POINT (8.601435192000054 50.047215375000064)","Unfall 64820 (2024) Kat:3, Licht: 0","64820","3","6","2","06","16","5","","0","0","1","0","0"
"POINT (8.622558604000062 50.155262597000046)","Unfall 64830 (2024) Kat:3, Licht: 0","64830","3","7","1","06","13","4","","0","0","1","0","0"
"POINT (8.673128783000038 50.090578190000031)","Unfall 64832 (2024) Kat:3, Licht: 0","64832","3","1","0","06","14","4","","0","0","0","0","0"
"POINT (8.727125468000054 50.123824305000028)","Unfall 64855 (2024) Kat:3, Licht: 0","64855","3","6","2","06","19","4","","0","0","1","0","0"
"POINT (8.664882438000063 50.183409467000047)","Unfall 64868 (2024) Kat:2, Licht: 0","64868","2","7","0","07","11","6","","0","1","0","0","0"
"POINT (8.653971102000071 50.119872324000028)","Unfall 64894 (2024) Kat:3, Licht: 0","64894","3","6","2","06","12","2","","0","0","1","0","1"
"POINT (8.683777818000067 50.141764847000047)","Unfall 64895 (2024) Kat:3, Licht: 0","64895","3","1","0","06","21","2","","0","0","0","0","1"
"POINT (8.624700985000061 50.052554369000063)","Unfall 64912 (2024) Kat:3, Licht: 0","64912","3","6","2","06","06","2","","0","0","1","0","0"
"POINT (8.645322797000063 50.113791474000038)","Unfall 64923 (2024) Kat:3, Licht: 0","64923","3","6","2","06","16","1","","0","0","1","0","0"
"POINT (8.665988143000050 50.147849767000082)","Unfall 64926 (2024) Kat:3, Licht: 0","64926","3","6","2","06","17","1","","0","0","1","0","0"
"POINT (8.621274721000077 50.121202600000061)","Unfall 64928 (2024) Kat:1, Licht: 2","64928","1","2","4","06","00","1","","2","1","1","0","0"
"POINT (8.702698219000069 50.104228506000027)","Unfall 64929 (2024) Kat:2, Licht: 2","64929","2","1","8","06","02","1","","2","0","1","0","0"
"POINT (8.645556266000028 50.058798453000065)","Unfall 64950 (2024) Kat:3, Licht: 0","64950","3","1","9","06","06","1","","0","0","1","0","0"
"POINT (8.728627576000065 50.121711376000064)","Unfall 64957 (2024) Kat:2, Licht: 0","64957","2","6","2","06","12","7","","0","0","1","0","0"
"POINT (8.694268642000054 50.059441519000075)","Unfall 64965 (2024) Kat:3, Licht: 0","64965","3","6","2","06","12","7","","0","0","1","0","0"
"POINT (8.730388708000021 50.130306128000029)","Unfall 64985 (2024) Kat:3, Licht: 0","64985","3","2","2","06","17","7","","0","0","1","0","1"
"POINT (8.651517113000068 50.120159812000054)","Unfall 64989 (2024) Kat:3, Licht: 0","64989","3","2","0","06","19","6","","0","1","1","0","0"
"POINT (8.731293062000077 50.119141537000075)","Unfall 64990 (2024) Kat:3, Licht: 0","64990","3","6","2","06","08","6","","0","0","1","0","0"
"POINT (8.652993554000034 50.181990825000071)","Unfall 65036 (2024) Kat:3, Licht: 0","65036","3","6","2","06","17","5","","0","0","1","0","0"
"POINT (8.683983868000041 50.132087817000070)","Unfall 65041 (2024) Kat:3, Licht: 0","65041","3","6","2","06","18","4","","0","0","1","0","1"
"POINT (8.692398582000067 50.106682756000055)","Unfall 65042 (2024) Kat:3, Licht: 0","65042","3","4","6","06","13","4","","0","0","0","1","0"
"POINT (8.742716526000038 50.149121928000056)","Unfall 65050 (2024) Kat:2, Licht: 0","65050","2","3","5","06","08","4","","0","1","0","0","0"
"POINT (8.519641315000058 50.027330884000037)","Unfall 65062 (2024) Kat:3, Licht: 0","65062","3","6","2","06","17","3","","0","0","1","0","0"
"POINT (8.539133776000028 50.101314198000068)","Unfall 65069 (2024) Kat:3, Licht: 0","65069","3","2","5","06","19","3","","0","0","1","0","0"
"POINT (8.637851039000054 50.154476866000039)","Unfall 65070 (2024) Kat:3, Licht: 0","65070","3","6","2","06","11","3","","0","0","1","0","0"
"POINT (8.729934008000043 50.118109624000056)","Unfall 65105 (2024) Kat:2, Licht: 0","65105","2","3","5","06","20","2","","0","1","0","0","0"
"POINT (8.729423822000058 50.120288804000040)","Unfall 65106 (2024) Kat:3, Licht: 0","65106","3","6","2","06","14","2","","0","0","0","0","1"
"POINT (8.623593806000031 50.118763123000065)","Unfall 65127 (2024) Kat:3, Licht: 2","65127","3","4","6","07","01","1","","2","0","1","1","0"
"POINT (8.628701979000027 50.087783987000080)","Unfall 65132 (2024) Kat:3, Licht: 1","65132","3","3","5","06","21","1","","1","0","1","0","0"
"POINT (8.768499343000030 50.133737190000033)","Unfall 65144 (2024) Kat:3, Licht: 0","65144","3","6","2","06","16","1","","0","0","1","0","0"
"POINT (8.652358714000059 50.125011962000031)","Unfall 65159 (2024) Kat:3, Licht: 2","65159","3","1","9","06","04","7","","2","0","1","0","0"
"POINT (8.710868798000035 50.105233093000038)","Unfall 65160 (2024) Kat:3, Licht: 0","65160","3","6","2","06","13","7","","0","0","1","0","0"
"POINT (8.522546919000035 50.095294028000069)","Unfall 65182 (2024) Kat:3, Licht: 2","65182","3","2","5","05","23","6","","2","0","1","0","0"
"POINT (8.586178643000039 50.123535997000033)","Unfall 65183 (2024) Kat:3, Licht: 0","65183","3","2","5","05","17","6","","0","0","1","0","0"
"POINT (8.605702777000033 50.180906970000080)","Unfall 65184 (2024) Kat:3, Licht: 0","65184","3","2","0","05","15","6","","0","0","1","0","0"
"POINT (8.671097948000067 50.089466004000030)","Unfall 65185 (2024) Kat:3, Licht: 0","65185","3","4","6","05","20","6","","0","0","1","1","0"
"POINT (8.697458940000047 50.137713357000052)","Unfall 65186 (2024) Kat:3, Licht: 0","65186","3","2","3","05","19","6","","0","1","0","0","1"
"POINT (8.715452357000061 50.112557390000063)","Unfall 65187 (2024) Kat:2, Licht: 2","65187","2","2","6","05","21","6","","2","0","1","1","0"
"POINT (8.659024905000024 50.077373952000073)","Unfall 65205 (2024) Kat:3, Licht: 2","65205","3","1","0","06","23","4","","2","1","0","0","0"
"POINT (8.708075801000064 50.099066346000029)","Unfall 65216 (2024) Kat:3, Licht: 0","65216","3","6","2","07","17","6","","0","0","1","0","0"
"POINT (8.612179979000075 50.068717497000080)","Unfall 65239 (2024) Kat:3, Licht: 2","65239","3","6","2","05","22","5","","2","0","1","0","0"
"POINT (8.602627923000057 50.108785719000082)","Unfall 65240 (2024) Kat:3, Licht: 0","65240","3","6","3","05","08","5","","0","0","1","0","0"
"POINT (8.546880624000039 50.103155137000044)","Unfall 65252 (2024) Kat:3, Licht: 0","65252","3","4","6","05","15","4","","0","0","1","1","0"
"POINT (8.668583718000036 50.099251636000076)","Unfall 65253 (2024) Kat:3, Licht: 2","65253","3","7","5","05","00","4","","2","0","1","0","0"
"POINT (8.709601321000036 50.131300926000051)","Unfall 65254 (2024) Kat:3, Licht: 0","65254","3","3","5","05","10","4","","0","0","1","0","0"
"POINT (8.639954673000034 50.056167279000078)","Unfall 65264 (2024) Kat:3, Licht: 0","65264","3","6","3","07","10","7","","0","0","1","0","0"
"POINT (8.593033494000053 50.138994079000042)","Unfall 65280 (2024) Kat:3, Licht: 0","65280","3","6","2","05","18","4","","0","0","1","0","0"
"POINT (8.716481176000059 50.064340053000080)","Unfall 65281 (2024) Kat:3, Licht: 0","65281","3","3","5","07","08","2","","0","0","1","0","0"
"POINT (8.687769011000057 50.107192939000072)","Unfall 65284 (2024) Kat:3, Licht: 0","65284","3","2","4","06","20","4","","0","1","1","0","0"
"POINT (8.520086892000052 50.022456131000069)","Unfall 65297 (2024) Kat:3, Licht: 2","65297","3","1","8","06","03","1","","2","0","1","0","0"
"POINT (8.592201673000034 50.137715014000037)","Unfall 65312 (2024) Kat:3, Licht: 0","65312","3","6","2","05","06","3","","0","0","1","0","0"
"POINT (8.595811693000030 50.131299211000055)","Unfall 65322 (2024) Kat:3, Licht: 0","65322","3","3","5","05","16","2","","0","1","1","0","0"
"POINT (8.616700555000023 50.093236249000029)","Unfall 65341 (2024) Kat:3, Licht: 0","65341","3","6","3","05","12","2","","0","0","1","0","0"
"POINT (8.680721022000057 50.159963237000056)","Unfall 65342 (2024) Kat:3, Licht: 0","65342","3","7","0","05","10","2","","0","0","1","0","0"
"POINT (8.571200789000045 50.052258771000027)","Unfall 65345 (2024) Kat:2, Licht: 0","65345","2","4","6","05","12","1","","0","0","1","1","0"
"POINT (8.686232385000039 50.155321304000040)","Unfall 65352 (2024) Kat:3, Licht: 0","65352","3","1","0","05","16","1","","0","0","0","0","1"
"POINT (8.698734546000026 50.109989350000035)","Unfall 65355 (2024) Kat:3, Licht: 0","65355","3","6","4","05","15","1","","0","1","0","0","0"
"POINT (8.661849648000043 50.108949605000078)","Unfall 65356 (2024) Kat:2, Licht: 2","65356","2","3","0","05","21","1","","2","1","1","0","0"
"POINT (8.766425978000029 50.135880612000051)","Unfall 65373 (2024) Kat:2, Licht: 0","65373","2","6","0","05","15","1","","0","0","0","0","1"
"POINT (8.663715189000072 50.147632637000072)","Unfall 65395 (2024) Kat:3, Licht: 0","65395","3","4","6","06","17","7","","0","1","0","1","0"
"POINT (8.612346837000075 50.146841866000045)","Unfall 65396 (2024) Kat:3, Licht: 0","65396","3","6","2","05","13","7","","0","0","1","0","0"
"POINT (8.619591350000064 50.131805779000047)","Unfall 65429 (2024) Kat:3, Licht: 0","65429","3","3","5","05","06","6","","0","0","1","0","0"
"POINT (8.636111946000028 50.093055682000056)","Unfall 65430 (2024) Kat:3, Licht: 0","65430","3","5","1","05","07","6","","0","0","1","0","0"
"POINT (8.700548369000046 50.123923503000071)","Unfall 65442 (2024) Kat:3, Licht: 0","65442","3","6","0","05","18","7","","0","0","0","0","0"
"POINT (8.745077052000056 50.147963241000070)","Unfall 65446 (2024) Kat:3, Licht: 0","65446","3","3","5","05","12","6","","0","0","1","0","0"
"POINT (8.614925886000037 50.133085610000080)","Unfall 65451 (2024) Kat:3, Licht: 0","65451","3","1","3","05","09","6","","0","0","1","0","0"
"POINT (8.591602314000056 50.052992946000074)","Unfall 65453 (2024) Kat:3, Licht: 0","65453","3","1","9","05","13","6","","0","0","1","0","0"
"POINT (8.604204564000042 50.086949010000069)","Unfall 65457 (2024) Kat:3, Licht: 0","65457","3","3","5","06","18","2","","0","0","1","0","0"
"POINT (8.653710186000069 50.119958423000071)","Unfall 65467 (2024) Kat:3, Licht: 0","65467","3","3","5","05","10","5","","0","1","1","0","0"