WKT,Name,OBJECTID,UKATEGORIE,UTYP1,UART,UMONAT,USTUNDE,UWOCHENTAG,STRZUSTAND,ULICHTVERH,ISTRAD,ISTPKW,ISTFUSS,ISTKRAD
"POINT (8.618048800000054 50.132647035000048)","Unfall 65468 (2024) Kat:3, Licht: 0","65468","3","4","6","05","17","5","","0","0","1","1","0"
"POINT (8.589082492000045 50.087267561000033)","Unfall 65469 (2024) Kat:3, Licht: 0","65469","3","7","0","05","15","5","","0","0","1","0","0"
"POINT (8.603227271000037 50.108329323000078)","Unfall 65471 (2024) Kat:3, Licht: 2","65471","3","6","2","06","22","4","","2","0","1","0","0"
"POINT (8.621636736000028 50.124255222000045)","Unfall 65497 (2024) Kat:3, Licht: 0","65497","3","3","5","05","17","4","","0","0","1","0","0"
"POINT (8.749619010000060 50.138750519000041)","Unfall 65512 (2024) Kat:3, Licht: 0","65512","3","6","2","05","06","4","","0","0","1","0","0"
"POINT (8.477820448000045 50.075193711000054)","Unfall 65514 (2024) Kat:2, Licht: 0","65514","2","1","8","05","16","4","","0","0","1","0","0"
"POINT (8.579366259000039 50.123569806000035)","Unfall 65519 (2024) Kat:3, Licht: 0","65519","3","2","4","05","15","3","","0","0","1","0","1"
"POINT (8.730375409000033 50.118821964000063)","Unfall 65520 (2024) Kat:2, Licht: 0","65520","2","6","2","05","17","3","","0","0","1","0","0"
"POINT (8.551556260000041 50.022745345000033)","Unfall 65527 (2024) Kat:3, Licht: 0","65527","3","7","5","05","09","3","","0","0","1","0","0"
"POINT (8.602234506000059 50.109390450000035)","Unfall 65548 (2024) Kat:3, Licht: 0","65548","3","6","2","05","13","3","","0","0","1","0","0"
"POINT (8.709252394000032 50.062841256000070)","Unfall 65550 (2024) Kat:3, Licht: 0","65550","3","6","2","05","14","3","","0","0","1","0","0"
"POINT (8.719320935000042 50.064650893000078)","Unfall 65551 (2024) Kat:3, Licht: 2","65551","3","1","9","05","20","3","","2","0","1","0","0"
"POINT (8.695274909000034 50.109233817000074)","Unfall 65559 (2024) Kat:2, Licht: 2","65559","2","1","9","05","03","2","","2","0","0","0","0"
"POINT (8.701486738000028 50.123157482000067)","Unfall 65565 (2024) Kat:2, Licht: 0","65565","2","3","5","07","19","7","","0","1","0","0","0"
"POINT (8.656262283000046 50.126897581000037)","Unfall 65593 (2024) Kat:3, Licht: 0","65593","3","1","9","05","06","1","","0","0","1","0","0"
"POINT (8.694770180000035 50.137704406000069)","Unfall 65594 (2024) Kat:2, Licht: 0","65594","2","2","2","05","16","1","","0","0","1","0","1"
"POINT (8.654125900000054 50.078247897000040)","Unfall 65595 (2024) Kat:2, Licht: 0","65595","2","4","6","05","17","1","","0","0","1","1","0"
"POINT (8.742302186000074 50.158557872000074)","Unfall 65607 (2024) Kat:3, Licht: 0","65607","3","6","2","05","10","1","","0","0","1","0","0"
"POINT (8.722197234000021 50.135742123000057)","Unfall 65611 (2024) Kat:3, Licht: 2","65611","3","6","3","05","22","1","","2","0","1","0","0"
"POINT (8.706406293000043 50.127267820000043)","Unfall 65613 (2024) Kat:3, Licht: 0","65613","3","4","6","07","13","3","","0","1","0","1","0"
"POINT (8.624485619000041 50.189084210000033)","Unfall 65617 (2024) Kat:3, Licht: 0","65617","3","6","2","07","17","1","","0","0","1","0","0"
"POINT (8.732375891000061 50.119007036000028)","Unfall 65657 (2024) Kat:3, Licht: 0","65657","3","6","2","05","15","6","","0","0","1","0","0"
"POINT (8.610359539000058 50.116047809000065)","Unfall 65686 (2024) Kat:3, Licht: 0","65686","3","1","4","05","13","6","","0","0","1","0","0"
"POINT (8.647201657000039 50.056781135000051)","Unfall 65688 (2024) Kat:3, Licht: 0","65688","3","6","2","05","16","6","","0","0","1","0","0"
"POINT (8.643196685000021 50.199710177000043)","Unfall 65690 (2024) Kat:3, Licht: 0","65690","3","6","2","05","15","6","","0","0","1","0","0"
"POINT (8.522070041000063 50.111892772000033)","Unfall 65699 (2024) Kat:3, Licht: 2","65699","3","3","5","05","22","5","","2","0","1","0","0"
"POINT (8.664653658000077 50.104778790000069)","Unfall 65700 (2024) Kat:2, Licht: 0","65700","2","4","6","05","15","5","","0","0","0","1","0"
"POINT (8.744606432000069 50.157128806000060)","Unfall 65716 (2024) Kat:3, Licht: 0","65716","3","2","2","05","08","5","","0","0","1","0","1"
"POINT (8.664871283000025 50.092655636000075)","Unfall 65723 (2024) Kat:3, Licht: 0","65723","3","6","2","05","08","6","","0","0","1","0","0"
"POINT (8.555129057000045 50.123589884000069)","Unfall 65725 (2024) Kat:3, Licht: 0","65725","3","6","2","05","16","5","","0","0","1","0","0"
"POINT (8.567828527000074 50.120677602000058)","Unfall 65741 (2024) Kat:3, Licht: 0","65741","3","2","0","05","18","4","","0","0","1","0","1"
"POINT (8.692262634000031 50.100895789000049)","Unfall 65742 (2024) Kat:2, Licht: 0","65742","2","7","3","05","19","4","","0","0","1","0","0"
"POINT (8.601582145000066 50.112793389000046)","Unfall 65772 (2024) Kat:3, Licht: 2","65772","3","1","9","05","00","4","","2","0","1","0","0"
"POINT (8.695165202000055 50.132838885000069)","Unfall 65783 (2024) Kat:3, Licht: 0","65783","3","4","6","05","16","3","","0","1","0","1","0"
"POINT (8.737702469000055 50.131311262000054)","Unfall 65806 (2024) Kat:3, Licht: 0","65806","3","5","1","05","08","3","","0","0","1","0","1"
"POINT (8.631623884000021 50.127648012000066)","Unfall 65827 (2024) Kat:3, Licht: 0","65827","3","3","5","05","14","2","","0","1","1","0","0"
"POINT (8.598892037000041 50.131002494000029)","Unfall 65828 (2024) Kat:2, Licht: 0","65828","2","3","5","05","07","2","","0","0","1","0","0"
"POINT (8.694739844000026 50.105388184000049)","Unfall 65830 (2024) Kat:3, Licht: 0","65830","3","2","6","05","12","2","","0","0","1","1","0"
"POINT (8.712188744000059 50.135836773000051)","Unfall 65831 (2024) Kat:3, Licht: 0","65831","3","5","1","05","12","2","","0","1","1","0","0"
"POINT (8.705497831000059 50.112951190000047)","Unfall 65833 (2024) Kat:3, Licht: 0","65833","3","2","5","05","08","2","","0","0","1","0","1"
"POINT (8.729712618000065 50.119938675000071)","Unfall 65834 (2024) Kat:3, Licht: 0","65834","3","6","3","05","14","2","","0","0","1","0","0"
"POINT (8.666292008000028 50.148104464000028)","Unfall 65862 (2024) Kat:2, Licht: 0","65862","2","3","5","06","16","2","","0","1","1","0","0"
"POINT (8.749899485000071 50.121623184000043)","Unfall 65865 (2024) Kat:3, Licht: 0","65865","3","2","2","05","08","2","","0","0","1","0","0"
"POINT (8.658235872000034 50.108485400000063)","Unfall 65867 (2024) Kat:2, Licht: 2","65867","2","7","0","06","01","7","","2","1","0","0","0"
"POINT (8.690922081000053 50.061326773000076)","Unfall 65869 (2024) Kat:3, Licht: 0","65869","3","6","2","05","09","2","","0","0","1","0","0"
"POINT (8.650317302000076 50.120309311000028)","Unfall 65880 (2024) Kat:3, Licht: 0","65880","3","6","3","05","14","1","","0","1","1","0","0"
"POINT (8.668813193000062 50.131585571000073)","Unfall 65915 (2024) Kat:3, Licht: 0","65915","3","6","6","05","08","2","","0","0","1","1","0"
"POINT (8.506600743000035 50.090605951000043)","Unfall 65928 (2024) Kat:2, Licht: 0","65928","2","3","5","05","15","7","","0","1","0","0","0"
"POINT (8.660354263000045 50.102049131000058)","Unfall 65929 (2024) Kat:3, Licht: 1","65929","3","1","0","05","05","7","","1","0","0","0","1"
"POINT (8.751632956000037 50.122322611000072)","Unfall 65934 (2024) Kat:3, Licht: 0","65934","3","3","5","06","14","3","","0","1","1","0","0"
"POINT (8.610687795000047 50.175422278000042)","Unfall 65994 (2024) Kat:2, Licht: 2","65994","2","6","4","05","21","6","","2","0","1","0","0"
"POINT (8.727064475000077 50.144714392000026)","Unfall 65995 (2024) Kat:3, Licht: 0","65995","3","3","5","05","20","6","","0","1","1","0","0"
"POINT (8.646911077000027 50.104001779000043)","Unfall 66008 (2024) Kat:2, Licht: 2","66008","2","1","0","07","23","2","","2","0","0","0","0"
"POINT (8.640017525000076 50.102638838000075)","Unfall 66016 (2024) Kat:3, Licht: 0","66016","3","2","3","06","18","1","","0","0","1","0","1"
"POINT (8.745403435000071 50.124508203000062)","Unfall 66022 (2024) Kat:3, Licht: 0","66022","3","6","3","05","14","6","","0","0","1","0","1"
"POINT (8.649176779000072 50.186455862000059)","Unfall 66034 (2024) Kat:3, Licht: 0","66034","3","6","2","07","17","3","","0","0","1","0","0"
"POINT (8.665940844000033 50.183974739000064)","Unfall 66039 (2024) Kat:3, Licht: 0","66039","3","5","1","05","14","5","","0","1","1","0","0"
"POINT (8.590634670000043 50.127621748000081)","Unfall 66044 (2024) Kat:3, Licht: 0","66044","3","6","2","06","08","4","","0","0","1","0","0"
"POINT (8.609700068000052 50.168766740000081)","Unfall 66054 (2024) Kat:3, Licht: 0","66054","3","6","2","06","13","4","","0","0","1","0","0"
"POINT (8.749964924000039 50.126391043000069)","Unfall 66059 (2024) Kat:3, Licht: 0","66059","3","6","2","05","11","5","","0","0","1","0","0"
"POINT (8.618130424000071 50.084909986000071)","Unfall 66060 (2024) Kat:2, Licht: 0","66060","2","3","5","06","10","6","","0","0","1","0","0"
"POINT (8.538079221000032 50.111092985000028)","Unfall 66066 (2024) Kat:2, Licht: 2","66066","2","4","6","05","01","4","","2","1","0","1","0"
"POINT (8.615652241000021 50.148107714000048)","Unfall 66067 (2024) Kat:2, Licht: 0","66067","2","2","4","05","14","4","","0","1","1","0","0"
"POINT (8.629500187000076 50.168659365000053)","Unfall 66068 (2024) Kat:2, Licht: 0","66068","2","3","5","05","09","4","","0","1","1","0","0"
"POINT (8.609146547000023 50.142785731000060)","Unfall 66090 (2024) Kat:3, Licht: 0","66090","3","6","3","06","08","5","","0","0","1","0","0"
"POINT (8.564921572000060 50.128555753000057)","Unfall 66106 (2024) Kat:3, Licht: 0","66106","3","6","2","07","11","2","","0","0","1","0","0"
"POINT (8.635006011000030 50.195159469000032)","Unfall 66113 (2024) Kat:3, Licht: 0","66113","3","6","2","07","06","2","","0","0","1","0","0"
"POINT (8.694710733000022 50.109166694000066)","Unfall 66116 (2024) Kat:3, Licht: 0","66116","3","6","0","05","08","3","","0","1","0","0","0"
"POINT (8.642941007000047 50.096254053000052)","Unfall 66117 (2024) Kat:3, Licht: 0","66117","3","5","1","05","13","3","","0","0","1","0","0"
"POINT (8.601085940000075 50.153104264000035)","Unfall 66134 (2024) Kat:3, Licht: 0","66134","3","6","2","05","17","3","","0","0","1","0","0"
"POINT (8.512080343000036 50.107492208000053)","Unfall 66139 (2024) Kat:3, Licht: 0","66139","3","6","3","07","17","5","","0","0","1","0","0"
"POINT (8.624438529000031 50.138278770000056)","Unfall 66143 (2024) Kat:3, Licht: 0","66143","3","3","5","05","07","2","","0","1","1","0","0"
"POINT (8.584417309000060 50.135048649000055)","Unfall 66144 (2024) Kat:3, Licht: 0","66144","3","6","2","05","07","2","","0","0","1","0","0"
"POINT (8.677110123000034 50.183048165000059)","Unfall 66147 (2024) Kat:3, Licht: 1","66147","3","7","9","07","04","5","","1","0","1","0","0"
"POINT (8.702489484000068 50.158976009000071)","Unfall 66174 (2024) Kat:3, Licht: 0","66174","3","1","8","05","10","2","","0","0","1","0","0"
"POINT (8.571580540000070 50.096171436000077)","Unfall 66180 (2024) Kat:3, Licht: 0","66180","3","6","2","05","16","1","","0","1","1","0","0"
"POINT (8.521350456000050 50.097518681000054)","Unfall 66218 (2024) Kat:3, Licht: 0","66218","3","6","2","05","14","7","","0","0","1","0","0"
"POINT (8.567006446000050 50.098427014000038)","Unfall 66219 (2024) Kat:3, Licht: 0","66219","3","6","0","05","16","7","","0","1","1","0","0"
"POINT (8.692392554000037 50.143607563000046)","Unfall 66220 (2024) Kat:3, Licht: 0","66220","3","6","2","05","19","7","","0","0","0","0","1"
"POINT (8.676562268000055 50.132148021000035)","Unfall 66221 (2024) Kat:3, Licht: 0","66221","3","2","3","05","18","7","","0","1","1","0","0"
"POINT (8.691271931000074 50.129926533000059)","Unfall 66259 (2024) Kat:3, Licht: 0","66259","3","3","5","05","16","6","","0","0","1","0","0"
"POINT (8.745775968000032 50.147621563000030)","Unfall 66274 (2024) Kat:2, Licht: 0","66274","2","1","7","05","07","6","","0","1","0","0","0"
"POINT (8.691081747000055 50.087915259000056)","Unfall 66281 (2024) Kat:3, Licht: 0","66281","3","6","2","07","14","6","","0","0","1","0","0"
"POINT (8.670275011000058 50.138577143000077)","Unfall 66290 (2024) Kat:3, Licht: 2","66290","3","3","5","05","22","5","","2","0","1","0","0"
"POINT (8.682445631000064 50.144859173000043)","Unfall 66291 (2024) Kat:3, Licht: 1","66291","3","3","5","05","21","5","","1","0","1","0","0"
"POINT (8.628239485000051 50.132977432000075)","Unfall 66292 (2024) Kat:3, Licht: 0","66292","3","3","5","05","19","5","","0","0","1","0","0"
"POINT (8.652003961000048 50.106019593000042)","Unfall 66293 (2024) Kat:3, Licht: 0","66293","3","2","3","05","15","5","","0","0","1","0","0"
"POINT (8.691839884000046 50.129376334000028)","Unfall 66294 (2024) Kat:3, Licht: 1","66294","3","6","3","05","20","5","","1","0","1","0","0"
"POINT (8.571951933000037 50.090314242000034)","Unfall 66315 (2024) Kat:3, Licht: 0","66315","3","1","8","05","15","5","","0","0","0","0","1"
"POINT (8.758995740000046 50.139918187000035)","Unfall 66319 (2024) Kat:3, Licht: 0","66319","3","6","3","06","16","5","","0","1","0","0","0"
"POINT (8.629114553000022 50.129587768000079)","Unfall 66329 (2024) Kat:3, Licht: 2","66329","3","7","0","05","02","4","","2","0","0","0","0"
"POINT (8.669169569000076 50.099215276000052)","Unfall 66330 (2024) Kat:3, Licht: 0","66330","3","6","2","05","17","4","","0","0","1","0","0"
"POINT (8.506961383000032 50.090444987000069)","Unfall 66371 (2024) Kat:3, Licht: 0","66371","3","4","6","04","14","3","","0","0","1","1","0"
"POINT (8.692980061000071 50.142166145000033)","Unfall 66373 (2024) Kat:3, Licht: 2","66373","3","3","5","04","22","3","","2","1","1","0","0"
"POINT (8.706998129000056 50.128394638000032)","Unfall 66374 (2024) Kat:3, Licht: 0","66374","3","3","5","04","17","3","","0","1","1","0","0"
"POINT (8.657853798000076 50.187412676000065)","Unfall 66407 (2024) Kat:3, Licht: 0","66407","3","6","2","04","19","3","","0","0","1","0","0"
"POINT (8.618023756000071 50.082103878000055)","Unfall 66410 (2024) Kat:3, Licht: 0","66410","3","6","3","04","12","3","","0","0","1","0","0"
"POINT (8.640429562000065 50.198108678000040)","Unfall 66412 (2024) Kat:2, Licht: 0","66412","2","6","3","04","07","3","","0","0","1","0","0"
"POINT (8.547333115000072 50.099127324000051)","Unfall 66437 (2024) Kat:3, Licht: 0","66437","3","7","1","04","18","2","","0","1","1","0","0"
"POINT (8.665804728000069 50.183365846000072)","Unfall 66438 (2024) Kat:3, Licht: 0","66438","3","4","2","04","16","2","","0","0","1","1","0"
"POINT (8.652111141000034 50.196284112000058)","Unfall 66439 (2024) Kat:3, Licht: 0","66439","3","6","2","04","15","2","","0","0","1","0","0"
"POINT (8.564191071000039 50.098529181000060)","Unfall 66446 (2024) Kat:3, Licht: 0","66446","3","3","5","06","18","1","","0","1","1","0","0"
"POINT (8.607566649000034 50.144123629000035)","Unfall 66462 (2024) Kat:3, Licht: 1","66462","3","3","5","04","20","1","","1","0","1","0","0"
"POINT (8.667764317000035 50.100067345000070)","Unfall 66476 (2024) Kat:3, Licht: 0","66476","3","6","2","07","18","4","","0","0","1","0","1"
"POINT (8.664786443000025 50.166316693000056)","Unfall 66492 (2024) Kat:3, Licht: 1","66492","3","6","3","06","19","4","","1","0","1","0","0"
"POINT (8.625413157000025 50.101234808000072)","Unfall 66497 (2024) Kat:3, Licht: 0","66497","3","3","5","04","20","7","","0","0","1","0","0"
"POINT (8.586425384000052 50.099931035000054)","Unfall 66498 (2024) Kat:3, Licht: 0","66498","3","3","5","04","15","7","","0","1","1","0","0"
"POINT (8.650034992000030 50.197876746000077)","Unfall 66500 (2024) Kat:3, Licht: 0","66500","3","1","0","04","17","7","","0","0","0","0","1"
"POINT (8.664089826000065 50.108148577000065)","Unfall 66501 (2024) Kat:2, Licht: 2","66501","2","4","6","04","23","7","","2","0","1","1","0"
"POINT (8.573428176000050 50.094911355000079)","Unfall 66533 (2024) Kat:2, Licht: 0","66533","2","1","9","05","08","7","","0","0","1","0","0"
"POINT (8.671116791000031 50.166203192000069)","Unfall 66545 (2024) Kat:3, Licht: 0","66545","3","4","6","04","07","6","","0","0","0","1","0"
"POINT (8.544424723000077 50.107182246000036)","Unfall 66547 (2024) Kat:3, Licht: 0","66547","3","6","3","07","11","5","","0","0","1","0","0"
"POINT (8.654704671000047 50.107087138000054)","Unfall 66549 (2024) Kat:3, Licht: 0","66549","3","2","0","04","11","6","","0","0","0","0","0"
"POINT (8.711535908000030 50.063294939000059)","Unfall 66564 (2024) Kat:3, Licht: 0","66564","3","6","2","04","13","6","","0","0","1","0","0"
"POINT (8.543276374000072 50.097498586000029)","Unfall 66579 (2024) Kat:3, Licht: 0","66579","3","6","2","04","15","5","","0","0","1","0","0"
"POINT (8.666502760000071 50.101154848000078)","Unfall 66582 (2024) Kat:3, Licht: 0","66582","3","6","2","04","12","5","","0","0","1","0","0"
"POINT (8.603392445000054 50.157778353000026)","Unfall 66597 (2024) Kat:3, Licht: 0","66597","3","6","2","04","13","5","","0","0","1","0","0"
"POINT (8.607102943000029 50.164469847000078)","Unfall 66598 (2024) Kat:3, Licht: 0","66598","3","6","2","04","13","5","","0","0","1","0","0"
"POINT (8.633303263000073 50.102010279000069)","Unfall 66603 (2024) Kat:3, Licht: 0","66603","3","3","5","07","09","4","","0","0","1","0","1"
"POINT (8.697829055000057 50.126030119000063)","Unfall 66614 (2024) Kat:2, Licht: 0","66614","2","3","5","04","11","4","","0","1","1","0","0"
"POINT (8.680067950000023 50.132171748000076)","Unfall 66642 (2024) Kat:3, Licht: 0","66642","3","1","9","04","19","3","","0","0","1","0","0"
"POINT (8.535047422000048 50.113776143000052)","Unfall 66643 (2024) Kat:3, Licht: 0","66643","3","6","2","07","14","2","","0","0","1","0","0"
"POINT (8.621611103000021 50.125901293000027)","Unfall 66656 (2024) Kat:3, Licht: 0","66656","3","3","5","05","18","6","","0","1","1","0","0"
"POINT (8.680980592000026 50.165419387000043)","Unfall 66665 (2024) Kat:3, Licht: 0","66665","3","3","5","07","16","2","","0","1","0","0","0"
"POINT (8.716463234000059 50.064145433000078)","Unfall 66666 (2024) Kat:2, Licht: 0","66666","2","6","3","04","18","3","","0","0","1","0","0"
"POINT (8.709362105000025 50.138929071000064)","Unfall 66668 (2024) Kat:3, Licht: 0","66668","3","6","2","04","09","3","","0","0","1","0","0"
"POINT (8.703627349000044 50.147332055000049)","Unfall 66669 (2024) Kat:3, Licht: 0","66669","3","6","2","04","08","3","","0","0","1","0","0"
"POINT (8.704574097000034 50.099202406000074)","Unfall 66672 (2024) Kat:3, Licht: 0","66672","3","3","5","05","07","2","","0","1","1","0","0"
"POINT (8.733811642000035 50.113825097000074)","Unfall 66673 (2024) Kat:3, Licht: 0","66673","3","6","3","04","16","3","","0","0","1","0","0"
"POINT (8.726504422000062 50.144113046000029)","Unfall 66680 (2024) Kat:3, Licht: 0","66680","3","6","2","04","09","2","","0","0","1","0","0"
"POINT (8.591730911000070 50.125561456000071)","Unfall 66722 (2024) Kat:3, Licht: 0","66722","3","6","8","04","12","1","","0","0","1","0","0"
"POINT (8.634972656000059 50.195139949000065)","Unfall 66725 (2024) Kat:3, Licht: 0","66725","3","6","2","04","12","1","","0","0","1","0","0"
"POINT (8.622996082000043 50.101003097000046)","Unfall 66734 (2024) Kat:3, Licht: 0","66734","3","6","2","04","17","7","","0","0","1","0","0"
"POINT (8.622751666000056 50.100979713000072)","Unfall 66735 (2024) Kat:3, Licht: 0","66735","3","6","2","04","17","7","","0","0","1","0","1"
"POINT (8.683979244000056 50.162786703000052)","Unfall 66737 (2024) Kat:3, Licht: 0","66737","3","2","0","04","12","7","","0","0","1","0","1"
"POINT (8.606689540000048 50.144675610000036)","Unfall 66738 (2024) Kat:3, Licht: 0","66738","3","6","2","04","18","7","","0","0","1","0","0"
"POINT (8.677629607000028 50.105332636000071)","Unfall 66739 (2024) Kat:3, Licht: 0","66739","3","4","6","04","14","7","","0","0","1","1","0"
"POINT (8.655768440000031 50.107507586000054)","Unfall 66740 (2024) Kat:3, Licht: 2","66740","3","3","5","04","05","7","","2","0","1","0","0"
"POINT (8.510724342000060 50.115144309000073)","Unfall 66757 (2024) Kat:3, Licht: 0","66757","3","2","2","05","14","7","","0","0","1","0","0"
"POINT (8.629692255000066 50.192125346000068)","Unfall 66762 (2024) Kat:3, Licht: 0","66762","3","6","2","04","17","7","","0","0","1","0","0"
"POINT (8.662470570000039 50.090662863000034)","Unfall 66771 (2024) Kat:3, Licht: 0","66771","3","3","5","04","19","6","","0","0","1","0","1"
"POINT (8.715919324000026 50.099540915000034)","Unfall 66772 (2024) Kat:3, Licht: 0","66772","3","1","0","04","10","6","","0","0","0","0","1"
"POINT (8.748710293000045 50.146175440000036)","Unfall 66807 (2024) Kat:3, Licht: 0","66807","3","3","5","04","11","6","","0","1","1","0","0"
"POINT (8.710290604000022 50.063245090000066)","Unfall 66815 (2024) Kat:3, Licht: 0","66815","3","6","3","04","16","6","","0","0","1","0","0"
"POINT (8.650579424000057 50.059191811000062)","Unfall 66817 (2024) Kat:3, Licht: 0","66817","3","6","2","04","16","6","","0","0","1","0","0"
"POINT (8.699942432000057 50.124454813000057)","Unfall 66826 (2024) Kat:3, Licht: 0","66826","3","2","3","05","11","7","","0","1","1","0","0"
"POINT (8.672097022000059 50.133391242000073)","Unfall 66830 (2024) Kat:3, Licht: 0","66830","3","2","4","04","18","5","","0","1","1","0","0"
"POINT (8.695825121000041 50.133928195000067)","Unfall 66831 (2024) Kat:3, Licht: 0","66831","3","3","5","04","09","5","","0","1","1","0","0"
"POINT (8.652099667000073 50.106057425000074)","Unfall 66832 (2024) Kat:3, Licht: 0","66832","3","2","4","04","10","5","","0","1","1","0","0"
"POINT (8.627474465000034 50.101449773000070)","Unfall 66855 (2024) Kat:3, Licht: 0","66855","3","2","3","06","10","5","","0","1","1","0","0"
"POINT (8.613631402000067 50.052230670000029)","Unfall 66856 (2024) Kat:3, Licht: 0","66856","3","6","2","04","17","5","","0","0","1","0","0"
"POINT (8.722189227000058 50.135747193000043)","Unfall 66857 (2024) Kat:3, Licht: 0","66857","3","6","2","04","13","5","","0","0","1","0","0"
"POINT (8.631159889000060 50.167567250000047)","Unfall 66872 (2024) Kat:3, Licht: 0","66872","3","6","2","04","14","4","","0","0","1","0","0"
"POINT (8.652622724000025 50.106264213000031)","Unfall 66874 (2024) Kat:3, Licht: 0","66874","3","5","0","04","11","4","","0","0","1","0","0"
"POINT (8.675151356000072 50.170673507000060)","Unfall 66911 (2024) Kat:3, Licht: 0","66911","3","3","5","05","20","5","","0","1","1","0","0"
"POINT (8.709902922000026 50.111411840000073)","Unfall 66916 (2024) Kat:2, Licht: 2","66916","2","4","6","06","00","5","","2","0","1","1","0"
"POINT (8.584391685000071 50.123717870000064)","Unfall 66918 (2024) Kat:3, Licht: 0","66918","3","2","4","04","07","3","","0","0","1","0","0"
"POINT (8.609447699000043 50.142455339000037)","Unfall 66919 (2024) Kat:3, Licht: 0","66919","3","3","5","04","18","3","","0","0","1","0","0"
"POINT (8.705353166000066 50.120159120000039)","Unfall 66921 (2024) Kat:3, Licht: 0","66921","3","3","5","04","14","3","","0","0","1","0","0"
"POINT (8.728597111000056 50.121754587000055)","Unfall 66934 (2024) Kat:3, Licht: 2","66934","3","3","5","06","23","6","","2","0","1","0","0"
"POINT (8.653178010000033 50.193667595000079)","Unfall 66938 (2024) Kat:3, Licht: 0","66938","3","6","2","04","07","3","","0","0","1","0","0"
"POINT (8.741353938000032 50.122838628000068)","Unfall 66956 (2024) Kat:3, Licht: 0","66956","3","4","6","04","18","2","","0","0","1","1","0"
"POINT (8.644332481000049 50.113974673000030)","Unfall 66967 (2024) Kat:2, Licht: 2","66967","2","1","8","06","22","3","","2","0","0","0","1"
"POINT (8.612281958000040 50.099210834000075)","Unfall 66971 (2024) Kat:2, Licht: 0","66971","2","6","3","04","12","3","","0","0","1","0","0"
"POINT (8.636924386000032 50.056200240000067)","Unfall 66980 (2024) Kat:3, Licht: 0","66980","3","6","2","04","08","2","","0","0","1","0","0"
"POINT (8.619166774000064 50.052061751000053)","Unfall 66982 (2024) Kat:3, Licht: 0","66982","3","6","2","04","10","2","","0","0","1","0","0"
"POINT (8.675923492000038 50.102024186000051)","Unfall 66993 (2024) Kat:2, Licht: 0","66993","2","6","2","06","15","3","","0","0","1","0","1"
"POINT (8.678289127000028 50.105600905000074)","Unfall 66994 (2024) Kat:3, Licht: 0","66994","3","7","0","04","15","1","","0","0","1","0","0"
"POINT (8.691736669000022 50.104250465000064)","Unfall 66996 (2024) Kat:2, Licht: 2","66996","2","2","3","04","00","1","","2","0","1","0","1"
"POINT (8.725339551000047 50.124623122000060)","Unfall 67016 (2024) Kat:3, Licht: 0","67016","3","6","2","04","16","1","","0","0","1","0","0"
"POINT (8.637875156000064 50.154522234000069)","Unfall 67030 (2024) Kat:3, Licht: 0","67030","3","6","3","04","19","7","","0","0","1","0","0"
"POINT (8.607446466000056 50.144258575000038)","Unfall 67031 (2024) Kat:3, Licht: 0","67031","3","6","2","04","17","7","","0","0","1","0","0"
"POINT (8.731801051000048 50.118489959000044)","Unfall 67033 (2024) Kat:3, Licht: 0","67033","3","6","2","04","19","7","","0","0","1","0","0"
"POINT (8.684175328000038 50.161158934000071)","Unfall 67034 (2024) Kat:3, Licht: 0","67034","3","6","2","04","17","1","","0","0","1","0","0"
"POINT (8.630053444000055 50.101700830000027)","Unfall 67035 (2024) Kat:3, Licht: 2","67035","3","6","2","04","22","7","","2","0","1","0","0"
"POINT (8.662638228000048 50.108460136000076)","Unfall 67036 (2024) Kat:2, Licht: 0","67036","2","6","3","04","11","7","","0","0","0","0","1"
"POINT (8.694974176000073 50.132298516000048)","Unfall 67051 (2024) Kat:3, Licht: 0","67051","3","6","3","07","16","3","","0","0","1","0","0"
"POINT (8.647592885000051 50.199331307000080)","Unfall 67059 (2024) Kat:3, Licht: 2","67059","3","1","8","04","01","7","","2","0","1","0","0"
"POINT (8.731983577000051 50.118362427000079)","Unfall 67108 (2024) Kat:3, Licht: 0","67108","3","6","2","04","13","6","","0","0","1","0","0"
"POINT (8.591033204000041 50.135389573000054)","Unfall 67115 (2024) Kat:3, Licht: 2","67115","3","1","9","05","02","7","","2","0","1","0","0"
"POINT (8.514186077000033 50.086819171000059)","Unfall 67133 (2024) Kat:3, Licht: 2","67133","3","7","0","04","01","5","","2","0","1","0","0"
"POINT (8.638579198000059 50.094507581000073)","Unfall 67135 (2024) Kat:3, Licht: 0","67135","3","1","0","04","08","5","","0","0","0","0","0"
"POINT (8.577581602000066 50.099956176000035)","Unfall 67146 (2024) Kat:3, Licht: 2","67146","3","1","0","06","03","2","","2","1","0","0","0"
"POINT (8.654285525000034 50.158458759000041)","Unfall 67154 (2024) Kat:3, Licht: 0","67154","3","2","3","04","11","7","","0","1","1","0","0"
"POINT (8.756299271000046 50.128621974000055)","Unfall 67159 (2024) Kat:3, Licht: 0","67159","3","3","5","04","18","5","","0","1","1","0","0"
"POINT (8.530864368000039 50.114580543000045)","Unfall 67166 (2024) Kat:3, Licht: 0","67166","3","6","3","04","11","5","","0","0","1","0","0"
"POINT (8.695014743000058 50.059086517000026)","Unfall 67175 (2024) Kat:3, Licht: 2","67175","3","2","5","04","22","4","","2","0","1","0","1"
"POINT (8.732838910000055 50.131062917000065)","Unfall 67182 (2024) Kat:3, Licht: 0","67182","3","2","2","06","13","7","","0","0","1","0","0"