WKT,Name,OBJECTID,UKATEGORIE,UTYP1,UART,UMONAT,USTUNDE,UWOCHENTAG,STRZUSTAND,ULICHTVERH,ISTRAD,ISTPKW,ISTFUSS,ISTKRAD
"POINT (8.647555242000067 50.176092082000082)","Unfall 67193 (2024) Kat:3, Licht: 2","67193","3","7","9","04","22","4","","2","0","1","0","0"
"POINT (8.752110006000066 50.127180257000077)","Unfall 67233 (2024) Kat:3, Licht: 0","67233","3","3","5","04","18","3","","0","1","1","0","0"
"POINT (8.592752273000031 50.115435692000062)","Unfall 67236 (2024) Kat:3, Licht: 0","67236","3","1","9","04","09","3","","0","0","1","0","0"
"POINT (8.676467792000039 50.132142987000066)","Unfall 67241 (2024) Kat:3, Licht: 0","67241","3","3","5","06","08","5","","0","0","1","0","0"
"POINT (8.653874096000038 50.158929345000047)","Unfall 67249 (2024) Kat:1, Licht: 0","67249","1","1","9","04","12","2","","0","0","0","0","1"
"POINT (8.708979760000034 50.130925252000054)","Unfall 67250 (2024) Kat:3, Licht: 0","67250","3","3","0","04","19","2","","0","1","1","0","1"
"POINT (8.674334575000046 50.103999623000050)","Unfall 67251 (2024) Kat:3, Licht: 0","67251","3","3","5","06","17","5","","0","1","1","0","0"
"POINT (8.657373297000049 50.111222040000030)","Unfall 67262 (2024) Kat:3, Licht: 0","67262","3","6","2","06","13","4","","0","0","1","0","0"
"POINT (8.694460952000043 50.109161331000053)","Unfall 67294 (2024) Kat:3, Licht: 0","67294","3","2","3","04","14","1","","0","1","1","0","0"
"POINT (8.603148588000067 50.132429214000069)","Unfall 67327 (2024) Kat:3, Licht: 0","67327","3","6","3","04","17","1","","0","0","1","0","1"
"POINT (8.578901431000077 50.123548425000081)","Unfall 67332 (2024) Kat:3, Licht: 0","67332","3","3","0","04","14","7","","0","0","1","0","1"
"POINT (8.721082007000064 50.105044956000029)","Unfall 67333 (2024) Kat:3, Licht: 0","67333","3","6","2","04","13","7","","0","0","1","0","0"
"POINT (8.673746226000048 50.100231680000036)","Unfall 67334 (2024) Kat:3, Licht: 0","67334","3","6","2","04","15","7","","0","0","1","0","1"
"POINT (8.705133005000050 50.112980693000054)","Unfall 67335 (2024) Kat:3, Licht: 0","67335","3","6","2","04","10","7","","0","0","1","0","0"
"POINT (8.629552967000052 50.131413767000026)","Unfall 67346 (2024) Kat:3, Licht: 0","67346","3","1","9","07","16","7","","0","0","1","0","0"
"POINT (8.740234817000044 50.093680109000047)","Unfall 67368 (2024) Kat:3, Licht: 2","67368","3","7","0","04","22","7","","2","0","1","0","1"
"POINT (8.626460294000026 50.101356414000065)","Unfall 67384 (2024) Kat:3, Licht: 0","67384","3","4","6","04","13","6","","0","0","0","1","1"
"POINT (8.699713202000055 50.101823119000073)","Unfall 67385 (2024) Kat:3, Licht: 0","67385","3","7","0","04","10","6","","0","0","1","0","1"
"POINT (8.529668935000075 50.022736473000066)","Unfall 67386 (2024) Kat:3, Licht: 0","67386","3","7","0","07","14","1","","0","1","0","0","0"
"POINT (8.524211886000046 50.111942627000076)","Unfall 67404 (2024) Kat:2, Licht: 2","67404","2","6","2","04","22","6","","2","0","1","0","0"
"POINT (8.525161330000060 50.112299401000030)","Unfall 67405 (2024) Kat:1, Licht: 2","67405","1","4","6","04","20","6","","2","0","1","1","0"
"POINT (8.653417603000037 50.074176999000031)","Unfall 67417 (2024) Kat:3, Licht: 0","67417","3","6","2","04","18","5","","0","0","1","0","0"
"POINT (8.705900722000024 50.111397858000032)","Unfall 67420 (2024) Kat:3, Licht: 0","67420","3","6","2","04","15","5","","0","0","1","0","0"
"POINT (8.521260272000063 50.110853021000025)","Unfall 67443 (2024) Kat:3, Licht: 2","67443","3","6","2","04","21","6","","2","0","1","0","0"
"POINT (8.539586445000054 50.109748431000071)","Unfall 67458 (2024) Kat:3, Licht: 1","67458","3","5","0","04","06","4","","1","0","0","0","1"
"POINT (8.631154317000039 50.167827823000039)","Unfall 67459 (2024) Kat:3, Licht: 0","67459","3","6","2","04","12","4","","0","0","1","0","0"
"POINT (8.531492615000047 50.114903941000080)","Unfall 67473 (2024) Kat:3, Licht: 1","67473","3","1","9","04","06","4","","1","0","0","0","1"
"POINT (8.542866781000043 50.118966524000029)","Unfall 67474 (2024) Kat:3, Licht: 0","67474","3","6","2","04","15","7","","0","0","1","0","0"
"POINT (8.622576238000022 50.187927125000044)","Unfall 67476 (2024) Kat:3, Licht: 2","67476","3","1","8","04","23","4","","2","0","1","0","0"
"POINT (8.728513160000034 50.117366584000081)","Unfall 67492 (2024) Kat:3, Licht: 0","67492","3","6","3","06","09","2","","0","0","0","0","1"
"POINT (8.692519994000065 50.129097529000035)","Unfall 67503 (2024) Kat:3, Licht: 0","67503","3","6","2","05","14","2","","0","0","1","0","0"
"POINT (8.653193935000047 50.193651111000065)","Unfall 67516 (2024) Kat:3, Licht: 0","67516","3","6","2","04","17","3","","0","0","1","0","0"
"POINT (8.624564211000063 50.189130318000082)","Unfall 67517 (2024) Kat:3, Licht: 0","67517","3","6","2","04","15","3","","0","0","1","0","0"
"POINT (8.742032245000075 50.158572969000033)","Unfall 67520 (2024) Kat:3, Licht: 0","67520","3","1","0","04","15","5","","0","0","0","0","1"
"POINT (8.657536766000021 50.111124242000074)","Unfall 67522 (2024) Kat:3, Licht: 0","67522","3","6","2","04","16","2","","0","0","1","0","0"
"POINT (8.619283947000042 50.087910421000061)","Unfall 67524 (2024) Kat:1, Licht: 0","67524","1","3","5","04","11","2","","0","0","1","0","0"
"POINT (8.691774168000052 50.104320148000056)","Unfall 67528 (2024) Kat:2, Licht: 0","67528","2","2","3","07","14","7","","0","0","1","0","1"
"POINT (8.589720315000022 50.136238256000070)","Unfall 67535 (2024) Kat:3, Licht: 2","67535","3","6","3","04","23","2","","2","0","1","0","0"
"POINT (8.646104693000041 50.058565831000067)","Unfall 67566 (2024) Kat:3, Licht: 2","67566","3","1","9","09","20","7","","2","0","1","0","0"
"POINT (8.615893942000071 50.100225766000051)","Unfall 67579 (2024) Kat:3, Licht: 0","67579","3","6","2","09","15","6","","0","0","1","0","0"
"POINT (8.665727052000022 50.148310338000044)","Unfall 67580 (2024) Kat:3, Licht: 0","67580","3","6","2","09","13","6","","0","0","1","0","0"
"POINT (8.652157539000029 50.070692506000057)","Unfall 67581 (2024) Kat:3, Licht: 0","67581","3","6","2","09","18","6","","0","0","1","0","0"
"POINT (8.698172958000043 50.138875884000072)","Unfall 67582 (2024) Kat:3, Licht: 0","67582","3","6","2","09","16","6","","0","0","1","0","0"
"POINT (8.701669682000045 50.122995754000044)","Unfall 67583 (2024) Kat:2, Licht: 0","67583","2","4","6","09","19","6","","0","0","1","1","0"
"POINT (8.651546363000023 50.203994037000029)","Unfall 67615 (2024) Kat:3, Licht: 0","67615","3","6","2","09","20","5","","0","0","1","0","0"
"POINT (8.650899491000075 50.105582991000063)","Unfall 67616 (2024) Kat:2, Licht: 2","67616","2","4","6","09","22","5","","2","0","1","1","0"
"POINT (8.648281124000050 50.178745546000073)","Unfall 67633 (2024) Kat:3, Licht: 0","67633","3","6","2","09","16","5","","0","0","1","0","0"
"POINT (8.545844564000049 50.045516560000067)","Unfall 67635 (2024) Kat:3, Licht: 0","67635","3","5","1","09","15","4","","0","0","0","0","0"
"POINT (8.603077953000025 50.100353745000064)","Unfall 67641 (2024) Kat:3, Licht: 2","67641","3","3","5","09","21","4","","2","1","1","0","0"
"POINT (8.661594603000026 50.147099260000061)","Unfall 67642 (2024) Kat:3, Licht: 0","67642","3","3","5","09","15","4","","0","1","1","0","0"
"POINT (8.712085052000020 50.105139678000057)","Unfall 67643 (2024) Kat:3, Licht: 0","67643","3","6","3","09","08","4","","0","1","0","0","0"
"POINT (8.704602403000024 50.111237387000074)","Unfall 67644 (2024) Kat:3, Licht: 2","67644","3","6","2","09","22","4","","2","0","1","0","0"
"POINT (8.705778606000024 50.112918379000064)","Unfall 67677 (2024) Kat:3, Licht: 0","67677","3","2","3","09","13","3","","0","0","1","0","1"
"POINT (8.748524261000057 50.138730509000027)","Unfall 67692 (2024) Kat:3, Licht: 0","67692","3","1","9","09","14","3","","0","0","1","0","0"
"POINT (8.559517875000040 50.101973536000060)","Unfall 67704 (2024) Kat:3, Licht: 0","67704","3","6","2","09","11","2","","0","0","1","0","0"
"POINT (8.614648082000031 50.147734794000030)","Unfall 67705 (2024) Kat:3, Licht: 0","67705","3","6","2","09","14","2","","0","1","1","0","0"
"POINT (8.670349199000043 50.138304242000061)","Unfall 67706 (2024) Kat:3, Licht: 0","67706","3","6","0","09","13","2","","0","0","1","0","1"
"POINT (8.622236209000050 50.087972628000045)","Unfall 67707 (2024) Kat:3, Licht: 0","67707","3","6","2","09","08","2","","0","0","1","0","0"
"POINT (8.735736773000042 50.100361762000034)","Unfall 67708 (2024) Kat:3, Licht: 0","67708","3","3","5","09","12","2","","0","1","1","0","0"
"POINT (8.665049742000065 50.104109494000056)","Unfall 67709 (2024) Kat:3, Licht: 0","67709","3","3","0","09","18","2","","0","0","0","0","0"
"POINT (8.606919205000054 50.052521477000028)","Unfall 67711 (2024) Kat:3, Licht: 0","67711","3","6","2","09","14","4","","0","0","1","0","0"
"POINT (8.564057450000064 50.050448458000062)","Unfall 67722 (2024) Kat:3, Licht: 0","67722","3","3","5","09","14","2","","0","0","1","0","0"
"POINT (8.566899668000076 50.053319522000038)","Unfall 67732 (2024) Kat:1, Licht: 2","67732","1","4","6","09","21","2","","2","0","1","1","0"
"POINT (8.650618060000056 50.132373104000067)","Unfall 67733 (2024) Kat:3, Licht: 0","67733","3","6","2","09","08","2","","0","0","1","0","0"
"POINT (8.716852663000054 50.064194954000072)","Unfall 67734 (2024) Kat:3, Licht: 0","67734","3","6","2","09","16","2","","0","0","1","0","0"
"POINT (8.673008721000031 50.149389189000033)","Unfall 67776 (2024) Kat:2, Licht: 2","67776","2","2","5","08","23","7","","2","0","1","0","0"
"POINT (8.687769011000057 50.107192939000072)","Unfall 67777 (2024) Kat:3, Licht: 2","67777","3","3","5","08","02","7","","2","0","0","0","0"
"POINT (8.730500076000055 50.118828624000059)","Unfall 67778 (2024) Kat:3, Licht: 0","67778","3","6","2","08","19","7","","0","0","1","0","0"
"POINT (8.731387568000059 50.119137064000029)","Unfall 67779 (2024) Kat:3, Licht: 0","67779","3","3","5","08","14","7","","0","1","1","0","0"
"POINT (8.688894147000042 50.107202525000048)","Unfall 67786 (2024) Kat:3, Licht: 1","67786","3","6","3","09","18","4","","1","1","0","0","0"
"POINT (8.559899255000062 50.101734904000068)","Unfall 67807 (2024) Kat:2, Licht: 0","67807","2","2","5","08","15","6","","0","0","1","0","0"
"POINT (8.547636044000058 50.102532481000026)","Unfall 67808 (2024) Kat:3, Licht: 0","67808","3","3","5","08","13","6","","0","0","1","0","1"
"POINT (8.544083662000048 50.077467743000057)","Unfall 67809 (2024) Kat:3, Licht: 0","67809","3","1","8","08","19","6","","0","0","0","0","1"
"POINT (8.696190670000021 50.135160917000064)","Unfall 67810 (2024) Kat:3, Licht: 0","67810","3","2","3","08","08","6","","0","1","1","0","0"
"POINT (8.688307523000049 50.130899635000048)","Unfall 67811 (2024) Kat:3, Licht: 0","67811","3","2","3","08","17","6","","0","1","0","0","0"
"POINT (8.694231795000064 50.061359411000069)","Unfall 67837 (2024) Kat:3, Licht: 0","67837","3","6","2","08","14","6","","0","0","1","0","0"
"POINT (8.691689043000054 50.104180427000074)","Unfall 67850 (2024) Kat:3, Licht: 0","67850","3","4","6","08","19","5","","0","0","0","1","0"
"POINT (8.529084921000049 50.113927524000076)","Unfall 67870 (2024) Kat:3, Licht: 0","67870","3","6","3","08","17","5","","0","0","1","0","0"
"POINT (8.546398942000053 50.103669094000054)","Unfall 67879 (2024) Kat:3, Licht: 0","67879","3","2","3","08","10","4","","0","1","0","0","0"
"POINT (8.713956776000032 50.124300558000073)","Unfall 67880 (2024) Kat:3, Licht: 0","67880","3","6","3","08","12","4","","0","1","0","0","1"
"POINT (8.666684555000074 50.101163524000071)","Unfall 67881 (2024) Kat:3, Licht: 0","67881","3","6","2","08","14","4","","0","0","1","0","1"
"POINT (8.706978765000031 50.062395334000030)","Unfall 67907 (2024) Kat:3, Licht: 0","67907","3","6","2","08","18","4","","0","0","1","0","0"
"POINT (8.598633538000058 50.052897343000041)","Unfall 67908 (2024) Kat:3, Licht: 0","67908","3","6","2","08","14","4","","0","0","1","0","0"
"POINT (8.745815830000026 50.159649381000065)","Unfall 67944 (2024) Kat:3, Licht: 0","67944","3","3","5","08","18","3","","0","1","1","0","0"
"POINT (8.620432144000063 50.052133213000047)","Unfall 67951 (2024) Kat:3, Licht: 0","67951","3","6","2","08","16","3","","0","0","1","0","0"
"POINT (8.539286175000029 50.101199653000037)","Unfall 67964 (2024) Kat:3, Licht: 0","67964","3","6","2","08","07","2","","0","0","1","0","0"
"POINT (8.664839175000054 50.092628881000053)","Unfall 67965 (2024) Kat:3, Licht: 0","67965","3","3","5","08","09","2","","0","0","1","0","0"
"POINT (8.687674648000041 50.107086133000053)","Unfall 67966 (2024) Kat:3, Licht: 0","67966","3","2","6","08","07","2","","0","0","1","1","0"
"POINT (8.639760311000032 50.095030273000077)","Unfall 67967 (2024) Kat:3, Licht: 0","67967","3","7","3","08","07","2","","0","0","1","0","0"
"POINT (8.688923675000069 50.112605019000057)","Unfall 67968 (2024) Kat:3, Licht: 0","67968","3","6","2","08","14","2","","0","0","1","0","1"
"POINT (8.663747829000044 50.147493195000038)","Unfall 67988 (2024) Kat:3, Licht: 0","67988","3","4","6","08","16","1","","0","0","1","1","0"
"POINT (8.672026119000066 50.132328356000073)","Unfall 68018 (2024) Kat:3, Licht: 2","68018","3","6","0","08","23","7","","2","0","1","0","1"
"POINT (8.706397197000058 50.127273034000041)","Unfall 68019 (2024) Kat:3, Licht: 0","68019","3","4","6","08","15","7","","0","0","0","1","0"
"POINT (8.641624868000065 50.102787757000044)","Unfall 68020 (2024) Kat:3, Licht: 2","68020","3","7","2","08","23","7","","2","0","1","0","1"
"POINT (8.686876591000043 50.130881091000049)","Unfall 68021 (2024) Kat:3, Licht: 0","68021","3","6","3","08","19","7","","0","0","1","0","0"
"POINT (8.672096375000024 50.131663524000032)","Unfall 68022 (2024) Kat:3, Licht: 0","68022","3","6","0","08","18","7","","0","0","1","0","0"
"POINT (8.733622907000040 50.114256367000053)","Unfall 68081 (2024) Kat:3, Licht: 0","68081","3","6","3","08","08","6","","0","0","1","0","0"
"POINT (8.602044378000073 50.049735136000038)","Unfall 68082 (2024) Kat:3, Licht: 0","68082","3","1","8","08","13","6","","0","0","1","0","0"
"POINT (8.556457890000047 50.114949445000036)","Unfall 68092 (2024) Kat:3, Licht: 0","68092","3","4","6","08","15","5","","0","0","1","1","0"
"POINT (8.665385923000031 50.106854870000063)","Unfall 68093 (2024) Kat:3, Licht: 0","68093","3","3","5","08","08","5","","0","0","1","0","0"
"POINT (8.761339668000062 50.130457944000057)","Unfall 68114 (2024) Kat:3, Licht: 0","68114","3","2","3","08","17","5","","0","1","0","0","0"
"POINT (8.565526122000051 50.125555304000045)","Unfall 68125 (2024) Kat:3, Licht: 0","68125","3","7","6","08","13","4","","0","0","1","1","0"
"POINT (8.621272038000029 50.121171385000082)","Unfall 68126 (2024) Kat:3, Licht: 0","68126","3","3","5","08","18","4","","0","1","0","0","1"
"POINT (8.669220507000034 50.096333059000074)","Unfall 68195 (2024) Kat:3, Licht: 0","68195","3","6","3","08","15","2","","0","0","1","0","0"
"POINT (8.683831805000068 50.162915765000037)","Unfall 68217 (2024) Kat:3, Licht: 0","68217","3","3","5","08","16","1","","0","0","1","0","0"
"POINT (8.695028075000039 50.132450985000048)","Unfall 68219 (2024) Kat:2, Licht: 0","68219","2","4","6","08","09","1","","0","1","0","1","0"
"POINT (8.599407984000038 50.128024694000032)","Unfall 68248 (2024) Kat:3, Licht: 0","68248","3","3","6","08","14","7","","0","0","1","1","0"
"POINT (8.637545336000073 50.081048704000068)","Unfall 68249 (2024) Kat:3, Licht: 0","68249","3","4","6","08","13","7","","0","0","0","1","0"
"POINT (8.701525804000028 50.142114175000074)","Unfall 68272 (2024) Kat:3, Licht: 0","68272","3","6","2","08","17","6","","0","0","1","0","0"
"POINT (8.683934214000033 50.131714204000048)","Unfall 68273 (2024) Kat:3, Licht: 0","68273","3","6","2","08","16","6","","0","1","0","0","0"
"POINT (8.749797038000054 50.121563405000074)","Unfall 68291 (2024) Kat:3, Licht: 1","68291","3","3","5","08","05","6","","1","0","1","0","0"
"POINT (8.714582602000064 50.063854943000081)","Unfall 68293 (2024) Kat:3, Licht: 0","68293","3","6","2","08","14","7","","0","0","1","0","0"
"POINT (8.716988899000057 50.064212278000070)","Unfall 68298 (2024) Kat:3, Licht: 0","68298","3","6","2","08","17","6","","0","0","1","0","0"
"POINT (8.568320482000047 50.121803028000045)","Unfall 68299 (2024) Kat:3, Licht: 2","68299","3","1","8","08","04","6","","2","0","1","0","0"
"POINT (8.614582888000029 50.132970973000056)","Unfall 68301 (2024) Kat:3, Licht: 0","68301","3","6","3","08","19","6","","0","0","1","0","0"
"POINT (8.529627264000055 50.102251933000048)","Unfall 68315 (2024) Kat:2, Licht: 0","68315","2","2","4","08","16","5","","0","1","1","0","0"
"POINT (8.652721034000024 50.116392962000077)","Unfall 68316 (2024) Kat:2, Licht: 0","68316","2","6","4","08","09","5","","0","1","0","0","0"
"POINT (8.716142711000032 50.123677043000043)","Unfall 68317 (2024) Kat:3, Licht: 0","68317","3","7","8","08","20","5","","0","0","1","0","1"
"POINT (8.559885989000065 50.101751084000057)","Unfall 68332 (2024) Kat:3, Licht: 0","68332","3","3","5","08","17","3","","0","0","1","0","0"
"POINT (8.703464046000022 50.143723385000044)","Unfall 68336 (2024) Kat:3, Licht: 0","68336","3","6","2","08","15","5","","0","0","1","0","0"
"POINT (8.507283442000073 50.075453615000072)","Unfall 68337 (2024) Kat:3, Licht: 0","68337","3","3","5","08","07","5","","0","0","1","0","0"
"POINT (8.544824534000043 50.119669152000029)","Unfall 68338 (2024) Kat:3, Licht: 0","68338","3","6","2","08","17","5","","0","0","1","0","0"
"POINT (8.615437140000040 50.095650301000035)","Unfall 68339 (2024) Kat:3, Licht: 0","68339","3","6","3","08","12","5","","0","0","1","0","0"
"POINT (8.670989167000073 50.097608039000079)","Unfall 68349 (2024) Kat:3, Licht: 0","68349","3","4","6","08","19","4","","0","1","0","1","0"
"POINT (8.696708685000033 50.136167594000028)","Unfall 68350 (2024) Kat:2, Licht: 0","68350","2","5","1","08","14","4","","0","1","1","0","0"
"POINT (8.679564366000022 50.111233137000056)","Unfall 68351 (2024) Kat:3, Licht: 1","68351","3","2","3","08","21","4","","1","1","1","0","0"
"POINT (8.549286633000065 50.121042646000035)","Unfall 68364 (2024) Kat:3, Licht: 0","68364","3","6","2","08","18","4","","0","0","1","0","0"
"POINT (8.617603773000042 50.079721391000078)","Unfall 68365 (2024) Kat:3, Licht: 2","68365","3","1","9","08","00","4","","2","0","1","0","0"
"POINT (8.751189226000065 50.144970650000062)","Unfall 68381 (2024) Kat:3, Licht: 0","68381","3","3","5","08","09","3","","0","1","1","0","0"
"POINT (8.694324377000044 50.108980806000034)","Unfall 68388 (2024) Kat:3, Licht: 0","68388","3","6","4","08","18","2","","0","1","0","0","0"
"POINT (8.769445260000055 50.135854300000062)","Unfall 68407 (2024) Kat:3, Licht: 0","68407","3","6","2","08","07","2","","0","0","1","0","0"
"POINT (8.596164506000036 50.144651436000061)","Unfall 68414 (2024) Kat:3, Licht: 0","68414","3","6","2","08","07","2","","0","0","1","0","0"
"POINT (8.617988866000076 50.100618527000051)","Unfall 68423 (2024) Kat:3, Licht: 0","68423","3","3","5","08","19","1","","0","0","1","0","0"
"POINT (8.692142439000065 50.105639728000028)","Unfall 68424 (2024) Kat:3, Licht: 2","68424","3","2","5","08","04","1","","2","0","1","0","0"
"POINT (8.735006137000028 50.100368423000077)","Unfall 68425 (2024) Kat:3, Licht: 0","68425","3","6","3","08","14","1","","0","1","1","0","0"
"POINT (8.710691844000053 50.111278312000081)","Unfall 68427 (2024) Kat:3, Licht: 0","68427","3","2","4","08","14","1","","0","1","1","0","0"
"POINT (8.708041204000040 50.062600952000025)","Unfall 68436 (2024) Kat:3, Licht: 0","68436","3","6","2","08","07","5","","0","0","1","0","0"
"POINT (8.552728080000065 50.106213845000070)","Unfall 68457 (2024) Kat:3, Licht: 0","68457","3","5","1","08","18","7","","0","1","1","0","0"
"POINT (8.683128977000024 50.107186974000058)","Unfall 68458 (2024) Kat:3, Licht: 0","68458","3","6","2","08","13","7","","0","0","1","0","1"
"POINT (8.695019356000046 50.105960603000028)","Unfall 68459 (2024) Kat:3, Licht: 0","68459","3","1","0","08","15","7","","0","0","0","0","1"
"POINT (8.639356643000042 50.197482678000028)","Unfall 68485 (2024) Kat:3, Licht: 0","68485","3","6","3","08","12","7","","0","0","1","0","1"
"POINT (8.705891724000026 50.155559054000037)","Unfall 68486 (2024) Kat:3, Licht: 0","68486","3","3","5","08","11","7","","0","0","1","0","0"
"POINT (8.633589441000026 50.054554761000077)","Unfall 68488 (2024) Kat:3, Licht: 0","68488","3","6","2","08","10","7","","0","0","1","0","0"
"POINT (8.720818129000065 50.114501796000070)","Unfall 68499 (2024) Kat:3, Licht: 0","68499","3","3","5","08","12","6","","0","1","1","0","0"
"POINT (8.629048617000024 50.129439891000061)","Unfall 68541 (2024) Kat:2, Licht: 0","68541","2","3","5","08","18","5","","0","1","1","0","0"
"POINT (8.604603626000028 50.087100270000064)","Unfall 68542 (2024) Kat:3, Licht: 0","68542","3","6","2","08","17","5","","0","0","1","0","0"
"POINT (8.708205384000053 50.111338551000074)","Unfall 68543 (2024) Kat:2, Licht: 0","68543","2","7","0","08","13","5","","0","0","0","0","0"
"POINT (8.683272952000038 50.107217458000036)","Unfall 68545 (2024) Kat:3, Licht: 0","68545","3","6","3","08","14","2","","0","0","1","0","0"
"POINT (8.759172629000034 50.129493199000080)","Unfall 68565 (2024) Kat:3, Licht: 0","68565","3","4","6","08","09","5","","0","0","0","1","0"
"POINT (8.729072165000048 50.121918992000076)","Unfall 68569 (2024) Kat:3, Licht: 0","68569","3","6","2","08","17","5","","0","0","1","0","1"
"POINT (8.539402303000031 50.101019900000040)","Unfall 68577 (2024) Kat:3, Licht: 0","68577","3","2","3","08","16","4","","0","0","1","0","1"
"POINT (8.655075830000044 50.111803585000075)","Unfall 68578 (2024) Kat:3, Licht: 0","68578","3","2","2","08","20","4","","0","1","1","0","0"
"POINT (8.613277523000022 50.122842479000042)","Unfall 68579 (2024) Kat:3, Licht: 0","68579","3","7","0","08","18","4","","0","0","0","0","0"
"POINT (8.652873977000070 50.072954777000064)","Unfall 68580 (2024) Kat:3, Licht: 0","68580","3","6","2","08","20","4","","0","0","1","0","0"
"POINT (8.710953274000076 50.125394357000062)","Unfall 68581 (2024) Kat:2, Licht: 1","68581","2","1","0","08","21","4","","1","1","0","0","0"
"POINT (8.635614184000076 50.088733057000070)","Unfall 68652 (2024) Kat:3, Licht: 0","68652","3","6","2","09","16","2","","0","0","1","0","0"
"POINT (8.546455812000033 50.105204317000073)","Unfall 68656 (2024) Kat:3, Licht: 0","68656","3","3","5","08","15","2","","0","0","1","0","0"
"POINT (8.598894830000063 50.131002225000032)","Unfall 68657 (2024) Kat:3, Licht: 0","68657","3","3","5","08","15","2","","0","0","1","0","0"
"POINT (8.740214123000044 50.122542466000027)","Unfall 68658 (2024) Kat:3, Licht: 0","68658","3","6","2","08","13","2","","0","0","1","0","0"
"POINT (8.650607441000034 50.113769620000028)","Unfall 68694 (2024) Kat:3, Licht: 0","68694","3","1","0","08","15","1","","0","0","0","0","1"
"POINT (8.654202593000036 50.078052751000030)","Unfall 68695 (2024) Kat:3, Licht: 2","68695","3","1","8","08","02","1","","2","0","1","0","0"
"POINT (8.726850628000022 50.144484481000063)","Unfall 68703 (2024) Kat:2, Licht: 0","68703","2","4","6","08","10","7","","0","0","1","1","0"
"POINT (8.611309354000070 50.172200922000059)","Unfall 68704 (2024) Kat:3, Licht: 0","68704","3","6","2","08","14","1","","0","0","1","0","0"
"POINT (8.609464191000029 50.168814235000070)","Unfall 68705 (2024) Kat:2, Licht: 0","68705","2","6","2","08","14","1","","0","0","1","0","1"
"POINT (8.624706293000031 50.188994493000052)","Unfall 68706 (2024) Kat:3, Licht: 0","68706","3","1","0","08","18","1","","0","0","0","0","1"
"POINT (8.652508018000049 50.115791011000056)","Unfall 68715 (2024) Kat:3, Licht: 2","68715","3","1","0","08","22","7","","2","0","0","0","0"
"POINT (8.629554109000026 50.129250230000082)","Unfall 68716 (2024) Kat:3, Licht: 0","68716","3","6","2","08","10","7","","0","0","1","0","0"
"POINT (8.607875462000038 50.127595251000059)","Unfall 68717 (2024) Kat:3, Licht: 2","68717","3","1","9","08","02","7","","2","0","1","0","0"
"POINT (8.616370287000052 50.093327340000030)","Unfall 68731 (2024) Kat:3, Licht: 0","68731","3","6","3","08","15","7","","0","0","1","0","0"
"POINT (8.609210671000028 50.145641005000073)","Unfall 68736 (2024) Kat:3, Licht: 0","68736","3","6","2","08","16","6","","0","0","1","0","0"
"POINT (8.670235066000032 50.138870318000045)","Unfall 68737 (2024) Kat:3, Licht: 0","68737","3","6","2","08","18","6","","0","1","1","0","0"
"POINT (8.691443245000073 50.100167342000077)","Unfall 68738 (2024) Kat:3, Licht: 0","68738","3","4","6","08","13","6","","0","1","0","1","0"
"POINT (8.615302679000024 50.147980108000070)","Unfall 68765 (2024) Kat:3, Licht: 2","68765","3","6","0","08","21","5","","2","1","0","0","0"
"POINT (8.653962443000069 50.119885715000066)","Unfall 68792 (2024) Kat:2, Licht: 0","68792","2","1","0","07","16","4","","0","0","0","0","1"
"POINT (8.706029494000063 50.105565877000060)","Unfall 68793 (2024) Kat:3, Licht: 2","68793","3","6","4","07","03","4","","2","0","1","0","0"
"POINT (8.756716401000062 50.125483516000031)","Unfall 68802 (2024) Kat:3, Licht: 0","68802","3","2","2","07","17","4","","0","0","1","0","0"
"POINT (8.604154895000022 50.057141670000078)","Unfall 68806 (2024) Kat:3, Licht: 2","68806","3","6","3","07","03","4","","2","0","1","0","0"
"POINT (8.731594709000035 50.119127202000072)","Unfall 68819 (2024) Kat:2, Licht: 0","68819","2","6","2","07","16","3","","0","0","1","0","0"
"POINT (8.537786542000049 50.111353944000030)","Unfall 68871 (2024) Kat:3, Licht: 0","68871","3","2","6","07","11","2","","0","0","1","1","0"
"POINT (8.767301979000024 50.132968515000073)","Unfall 68892 (2024) Kat:3, Licht: 0","68892","3","3","5","07","19","2","","0","1","0","0","0"
"POINT (8.638067619000026 50.133816990000071)","Unfall 68900 (2024) Kat:3, Licht: 0","68900","3","6","2","07","16","2","","0","0","1","0","0"
"POINT (8.634003671000073 50.194376898000030)","Unfall 68901 (2024) Kat:2, Licht: 0","68901","2","1","0","07","16","2","","0","0","0","0","1"
"POINT (8.610311250000052 50.170372510000050)","Unfall 68902 (2024) Kat:3, Licht: 0","68902","3","6","2","07","08","2","","0","0","1","0","0"
"POINT (8.678608154000074 50.110981050000078)","Unfall 68912 (2024) Kat:3, Licht: 0","68912","3","6","3","08","12","2","","0","1","1","0","0"
"POINT (8.542907899000056 50.108534148000047)","Unfall 68914 (2024) Kat:3, Licht: 0","68914","3","1","9","07","19","1","","0","0","1","0","0"
"POINT (8.616982764000056 50.148575218000076)","Unfall 68915 (2024) Kat:3, Licht: 0","68915","3","6","2","07","17","1","","0","1","1","0","0"
"POINT (8.682945656000072 50.143941941000037)","Unfall 68916 (2024) Kat:3, Licht: 0","68916","3","6","2","07","12","1","","0","0","1","0","0"
"POINT (8.679018374000066 50.159666501000061)","Unfall 68940 (2024) Kat:3, Licht: 1","68940","3","1","9","07","05","1","","1","0","1","0","0"