WKT,Name,OBJECTID,UKATEGORIE,UTYP1,UART,UMONAT,USTUNDE,UWOCHENTAG,STRZUSTAND,ULICHTVERH,ISTRAD,ISTPKW,ISTFUSS,ISTKRAD
"POINT (8.652985081000054 50.073305560000051)","Unfall 68949 (2024) Kat:2, Licht: 0","68949","2","6","3","08","14","7","","0","0","1","0","1"
"POINT (8.583937480000031 50.053738918000079)","Unfall 68960 (2024) Kat:3, Licht: 0","68960","3","6","2","09","07","2","","0","0","1","0","0"
"POINT (8.681111491000024 50.106737210000063)","Unfall 68965 (2024) Kat:3, Licht: 2","68965","3","7","1","08","22","6","","2","0","1","0","1"
"POINT (8.751539484000034 50.120988669000042)","Unfall 68966 (2024) Kat:3, Licht: 2","68966","3","1","4","07","04","7","","2","0","1","0","0"
"POINT (8.635040212000035 50.195179482000071)","Unfall 68972 (2024) Kat:3, Licht: 2","68972","3","1","9","07","01","7","","2","0","1","0","0"
"POINT (8.681742627000062 50.158816235000074)","Unfall 68973 (2024) Kat:3, Licht: 0","68973","3","1","8","07","12","7","","0","0","1","0","0"
"POINT (8.640248458000030 50.154970654000067)","Unfall 68987 (2024) Kat:3, Licht: 0","68987","3","7","0","07","09","6","","0","1","0","0","0"
"POINT (8.655805760000021 50.107522345000064)","Unfall 68988 (2024) Kat:3, Licht: 2","68988","3","3","5","07","05","6","","2","0","1","0","0"
"POINT (8.659293394000031 50.060783193000077)","Unfall 69017 (2024) Kat:3, Licht: 0","69017","3","6","2","07","17","6","","0","0","1","0","0"
"POINT (8.548228225000059 50.102619023000045)","Unfall 69027 (2024) Kat:3, Licht: 0","69027","3","6","2","07","12","5","","0","0","1","0","0"
"POINT (8.671957417000044 50.173318884000025)","Unfall 69028 (2024) Kat:3, Licht: 0","69028","3","6","0","07","16","5","","0","1","0","0","0"
"POINT (8.619595097000058 50.088094689000059)","Unfall 69031 (2024) Kat:2, Licht: 0","69031","2","6","3","07","18","5","","0","0","1","0","1"
"POINT (8.690708450000045 50.102544864000038)","Unfall 69032 (2024) Kat:2, Licht: 0","69032","2","2","4","07","08","5","","0","1","1","0","0"
"POINT (8.651903769000057 50.120073153000078)","Unfall 69073 (2024) Kat:3, Licht: 0","69073","3","6","6","07","16","4","","0","1","0","1","0"
"POINT (8.671626428000025 50.134378722000065)","Unfall 69083 (2024) Kat:3, Licht: 2","69083","3","3","5","12","21","3","","2","0","1","0","0"
"POINT (8.669783714000062 50.098211402000061)","Unfall 69084 (2024) Kat:3, Licht: 0","69084","3","6","3","12","09","3","","0","0","1","0","0"
"POINT (8.627574481000067 50.101459961000046)","Unfall 69085 (2024) Kat:3, Licht: 0","69085","3","2","3","12","09","3","","0","1","1","0","0"
"POINT (8.645822303000045 50.200394033000066)","Unfall 69109 (2024) Kat:3, Licht: 0","69109","3","6","2","12","08","3","","0","0","1","0","0"
"POINT (8.656069087000049 50.111366136000072)","Unfall 69116 (2024) Kat:3, Licht: 2","69116","3","6","2","12","18","2","","2","0","1","0","0"
"POINT (8.692458983000051 50.106928493000055)","Unfall 69117 (2024) Kat:3, Licht: 2","69117","3","2","0","12","22","2","","2","1","1","0","0"
"POINT (8.689150926000025 50.107191672000056)","Unfall 69118 (2024) Kat:3, Licht: 0","69118","3","6","3","12","13","2","","0","0","0","0","0"
"POINT (8.692207606000068 50.143878329000074)","Unfall 69133 (2024) Kat:2, Licht: 2","69133","2","2","3","12","06","1","","2","1","1","0","0"
"POINT (8.688719488000061 50.150694017000035)","Unfall 69141 (2024) Kat:3, Licht: 2","69141","3","2","6","12","18","7","","2","0","0","1","0"
"POINT (8.666793627000061 50.100907075000066)","Unfall 69142 (2024) Kat:3, Licht: 2","69142","3","6","2","12","21","7","","2","0","1","0","0"
"POINT (8.745101004000048 50.124666936000040)","Unfall 69150 (2024) Kat:3, Licht: 2","69150","3","6","2","12","19","7","","2","0","1","0","0"
"POINT (8.655006808000053 50.107206556000051)","Unfall 69165 (2024) Kat:3, Licht: 2","69165","3","1","0","12","05","6","","2","0","0","0","0"
"POINT (8.717208808000066 50.113275843000054)","Unfall 69180 (2024) Kat:3, Licht: 0","69180","3","6","3","12","10","5","","0","0","1","0","0"
"POINT (8.634599060000028 50.054842522000058)","Unfall 69197 (2024) Kat:3, Licht: 2","69197","3","6","2","12","16","5","","2","0","1","0","0"
"POINT (8.584858974000042 50.134689890000061)","Unfall 69239 (2024) Kat:3, Licht: 2","69239","3","6","2","12","18","3","","2","0","1","0","0"
"POINT (8.762209800000051 50.114820127000030)","Unfall 69258 (2024) Kat:3, Licht: 2","69258","3","3","5","12","06","3","","2","1","1","0","0"
"POINT (8.613345064000043 50.071050325000044)","Unfall 69263 (2024) Kat:3, Licht: 0","69263","3","6","3","12","11","3","","0","0","1","0","0"
"POINT (8.715981203000069 50.137536122000029)","Unfall 69264 (2024) Kat:3, Licht: 0","69264","3","6","2","12","08","3","","0","0","1","0","0"
"POINT (8.718428676000030 50.064388674000043)","Unfall 69265 (2024) Kat:3, Licht: 2","69265","3","6","2","12","19","3","","2","0","1","0","0"
"POINT (8.584340708000070 50.054456399000060)","Unfall 69274 (2024) Kat:3, Licht: 0","69274","3","1","9","12","08","6","","0","0","1","0","0"
"POINT (8.679262530000074 50.111163611000052)","Unfall 69275 (2024) Kat:3, Licht: 2","69275","3","2","6","12","18","2","","2","0","1","1","0"
"POINT (8.617560439000044 50.079615432000026)","Unfall 69291 (2024) Kat:3, Licht: 0","69291","3","6","2","12","11","2","","0","0","1","0","0"
"POINT (8.606062164000036 50.053035105000049)","Unfall 69292 (2024) Kat:3, Licht: 2","69292","3","1","0","12","06","2","","2","0","0","0","1"
"POINT (8.714117742000042 50.063769895000064)","Unfall 69312 (2024) Kat:3, Licht: 0","69312","3","6","2","12","14","1","","0","0","1","0","0"
"POINT (8.543664617000047 50.106109389000039)","Unfall 69321 (2024) Kat:3, Licht: 0","69321","3","3","5","11","10","7","","0","0","1","0","0"
"POINT (8.679138956000031 50.103217566000069)","Unfall 69323 (2024) Kat:3, Licht: 0","69323","3","4","6","11","12","7","","0","0","1","1","0"
"POINT (8.699283219000051 50.125032770000075)","Unfall 69326 (2024) Kat:3, Licht: 2","69326","3","6","2","12","07","2","","2","0","1","0","0"
"POINT (8.750041826000029 50.141090108000071)","Unfall 69336 (2024) Kat:3, Licht: 0","69336","3","6","2","11","16","7","","0","0","1","0","0"
"POINT (8.707523902000048 50.062500837000073)","Unfall 69344 (2024) Kat:3, Licht: 2","69344","3","6","2","11","17","7","","2","0","1","0","0"
"POINT (8.534860981000065 50.116044525000063)","Unfall 69397 (2024) Kat:3, Licht: 2","69397","3","1","8","11","04","5","","2","0","1","0","0"
"POINT (8.696278093000046 50.061386486000060)","Unfall 69398 (2024) Kat:3, Licht: 0","69398","3","6","2","11","09","5","","0","0","1","0","0"
"POINT (8.707923233000031 50.062578119000079)","Unfall 69399 (2024) Kat:3, Licht: 0","69399","3","6","2","11","13","5","","0","0","1","0","0"
"POINT (8.667015778000064 50.104001278000055)","Unfall 69405 (2024) Kat:3, Licht: 1","69405","3","3","5","11","07","4","","1","0","1","0","1"
"POINT (8.684416914000053 50.131541885000047)","Unfall 69407 (2024) Kat:3, Licht: 0","69407","3","2","6","11","09","4","","0","0","1","1","0"
"POINT (8.740550953000024 50.132599180000057)","Unfall 69419 (2024) Kat:2, Licht: 2","69419","2","3","5","11","22","4","","2","1","0","0","0"
"POINT (8.487400841000067 50.098457209000060)","Unfall 69425 (2024) Kat:3, Licht: 0","69425","3","7","8","11","11","4","","0","0","1","0","0"
"POINT (8.653919849000033 50.120212042000048)","Unfall 69437 (2024) Kat:3, Licht: 0","69437","3","6","2","11","11","3","","0","0","1","0","0"
"POINT (8.573844882000060 50.089743297000041)","Unfall 69438 (2024) Kat:3, Licht: 2","69438","3","7","0","11","19","3","","2","0","0","0","1"
"POINT (8.733390603000032 50.114783760000080)","Unfall 69444 (2024) Kat:3, Licht: 0","69444","3","6","2","11","18","3","","0","0","1","0","0"
"POINT (8.684501002000047 50.104942634000054)","Unfall 69453 (2024) Kat:3, Licht: 0","69453","3","3","5","11","10","2","","0","0","1","0","0"
"POINT (8.698962282000025 50.140804968000054)","Unfall 69454 (2024) Kat:3, Licht: 0","69454","3","1","3","11","10","2","","0","0","1","0","0"
"POINT (8.706609498000034 50.112246293000055)","Unfall 69455 (2024) Kat:3, Licht: 0","69455","3","7","1","11","15","2","","0","0","1","0","0"
"POINT (8.716937695000070 50.139021023000055)","Unfall 69456 (2024) Kat:3, Licht: 2","69456","3","3","5","12","16","6","","2","0","1","0","1"
"POINT (8.740702381000062 50.131811862000063)","Unfall 69471 (2024) Kat:3, Licht: 2","69471","3","3","5","11","18","2","","2","1","1","0","0"
"POINT (8.694491645000028 50.109161990000075)","Unfall 69500 (2024) Kat:3, Licht: 2","69500","3","2","5","11","18","7","","2","1","1","0","0"
"POINT (8.633101605000036 50.101991016000056)","Unfall 69501 (2024) Kat:3, Licht: 2","69501","3","4","6","11","17","7","","2","0","1","1","0"
"POINT (8.618252335000022 50.087123253000073)","Unfall 69503 (2024) Kat:3, Licht: 0","69503","3","3","5","11","15","5","","0","0","1","0","0"
"POINT (8.760607250000021 50.161638930000038)","Unfall 69510 (2024) Kat:3, Licht: 0","69510","3","6","2","11","14","7","","0","0","1","0","0"
"POINT (8.708837362000054 50.062758793000057)","Unfall 69511 (2024) Kat:3, Licht: 2","69511","3","6","2","11","17","7","","2","0","1","0","0"
"POINT (8.508521971000050 50.079978658000073)","Unfall 69519 (2024) Kat:3, Licht: 0","69519","3","2","4","11","15","6","","0","0","1","0","0"
"POINT (8.610174731000029 50.078832315000056)","Unfall 69520 (2024) Kat:3, Licht: 2","69520","3","3","3","11","20","6","","2","1","1","0","0"
"POINT (8.672227885000041 50.131666024000026)","Unfall 69521 (2024) Kat:3, Licht: 0","69521","3","2","6","11","09","6","","0","0","1","1","0"
"POINT (8.551902650000045 50.110565031000078)","Unfall 69548 (2024) Kat:3, Licht: 2","69548","3","6","4","11","02","5","","2","0","1","0","0"
"POINT (8.653149366000036 50.106472392000057)","Unfall 69550 (2024) Kat:3, Licht: 1","69550","3","6","2","11","16","5","","1","0","1","0","0"
"POINT (8.655813533000071 50.107525419000069)","Unfall 69551 (2024) Kat:3, Licht: 0","69551","3","3","5","11","06","5","","0","1","0","0","0"
"POINT (8.620402530000035 50.115375053000037)","Unfall 69572 (2024) Kat:3, Licht: 2","69572","3","6","2","11","18","5","","2","0","1","0","0"
"POINT (8.711859902000072 50.063356789000068)","Unfall 69573 (2024) Kat:3, Licht: 2","69573","3","6","2","11","18","5","","2","0","1","0","0"
"POINT (8.744547819000047 50.124140861000058)","Unfall 69581 (2024) Kat:3, Licht: 2","69581","3","4","6","11","18","4","","2","0","0","1","0"
"POINT (8.606740734000027 50.104051953000067)","Unfall 69600 (2024) Kat:3, Licht: 2","69600","3","6","2","11","17","4","","2","0","1","0","0"
"POINT (8.650592044000064 50.113551122000047)","Unfall 69613 (2024) Kat:3, Licht: 0","69613","3","1","0","11","09","3","","0","0","0","0","0"
"POINT (8.706415884000023 50.127405446000068)","Unfall 69626 (2024) Kat:1, Licht: 1","69626","1","2","6","11","17","5","","1","0","0","1","0"
"POINT (8.580247928000063 50.122054496000032)","Unfall 69645 (2024) Kat:3, Licht: 2","69645","3","1","8","11","06","3","","2","0","0","0","1"
"POINT (8.551943322000056 50.104113508000069)","Unfall 69657 (2024) Kat:3, Licht: 2","69657","3","4","6","11","06","2","","2","0","1","1","0"
"POINT (8.666587806000052 50.193357320000075)","Unfall 69658 (2024) Kat:3, Licht: 0","69658","3","7","3","11","13","2","","0","0","1","0","0"
"POINT (8.699098214000060 50.110005716000046)","Unfall 69659 (2024) Kat:3, Licht: 2","69659","3","5","1","11","19","2","","2","1","1","0","0"
"POINT (8.705613981000056 50.145782656000051)","Unfall 69682 (2024) Kat:3, Licht: 0","69682","3","6","2","11","13","2","","0","0","1","0","0"
"POINT (8.555230493000067 50.123633312000038)","Unfall 69683 (2024) Kat:3, Licht: 0","69683","3","6","2","11","09","2","","0","0","1","0","0"
"POINT (8.593273523000050 50.139426558000082)","Unfall 69714 (2024) Kat:3, Licht: 0","69714","3","6","2","11","13","7","","0","0","1","0","0"
"POINT (8.664753063000035 50.107438017000050)","Unfall 69723 (2024) Kat:3, Licht: 2","69723","3","4","6","11","17","6","","2","0","0","1","0"
"POINT (8.547865735000073 50.120731823000028)","Unfall 69769 (2024) Kat:3, Licht: 2","69769","3","6","2","11","16","5","","2","0","1","0","0"
"POINT (8.611797696000053 50.173077682000041)","Unfall 69770 (2024) Kat:3, Licht: 0","69770","3","1","0","11","13","5","","0","0","0","0","1"
"POINT (8.669748737000020 50.139941855000075)","Unfall 69777 (2024) Kat:3, Licht: 0","69777","3","7","6","11","09","4","","0","0","0","1","0"
"POINT (8.694763452000075 50.109263155000065)","Unfall 69779 (2024) Kat:2, Licht: 1","69779","2","1","0","11","16","4","","1","0","0","0","1"
"POINT (8.695250558000055 50.132682050000028)","Unfall 69810 (2024) Kat:3, Licht: 2","69810","3","1","8","11","00","3","","2","0","1","0","0"
"POINT (8.683371297000065 50.112051084000029)","Unfall 69811 (2024) Kat:3, Licht: 0","69811","3","6","2","11","16","3","","0","0","1","0","0"
"POINT (8.653599854000049 50.144087959000046)","Unfall 69840 (2024) Kat:3, Licht: 2","69840","3","1","0","11","20","2","","2","0","0","0","1"
"POINT (8.706181383000057 50.111740213000076)","Unfall 69841 (2024) Kat:2, Licht: 0","69841","2","7","6","11","07","2","","0","0","1","1","0"
"POINT (8.604089832000057 50.057185252000068)","Unfall 69871 (2024) Kat:3, Licht: 0","69871","3","1","8","11","07","2","","0","0","1","0","0"
"POINT (8.708786692000047 50.062748725000063)","Unfall 69882 (2024) Kat:3, Licht: 2","69882","3","6","2","11","17","1","","2","0","1","0","0"
"POINT (8.645795551000049 50.097149521000063)","Unfall 69884 (2024) Kat:3, Licht: 2","69884","3","7","1","11","04","1","","2","0","1","0","0"
"POINT (8.542836110000053 50.106848733000049)","Unfall 69897 (2024) Kat:3, Licht: 0","69897","3","6","4","11","12","7","","0","0","0","1","0"
"POINT (8.526855150000074 50.100390538000056)","Unfall 69919 (2024) Kat:3, Licht: 2","69919","3","6","2","11","22","6","","2","0","1","0","0"
"POINT (8.624663415000043 50.137258925000026)","Unfall 69920 (2024) Kat:3, Licht: 0","69920","3","4","6","11","14","6","","0","0","0","1","0"
"POINT (8.621146829000054 50.121280244000047)","Unfall 69921 (2024) Kat:3, Licht: 2","69921","3","6","2","11","18","6","","2","0","1","0","0"
"POINT (8.678017454000042 50.093284055000026)","Unfall 69922 (2024) Kat:3, Licht: 2","69922","3","3","5","11","17","6","","2","1","1","0","0"
"POINT (8.700932683000076 50.110468652000066)","Unfall 69924 (2024) Kat:3, Licht: 0","69924","3","6","0","11","12","6","","0","0","1","0","1"
"POINT (8.705692578000026 50.111686954000049)","Unfall 69925 (2024) Kat:3, Licht: 1","69925","3","6","3","11","17","6","","1","0","1","0","1"
"POINT (8.615353041000049 50.076692139000045)","Unfall 69937 (2024) Kat:3, Licht: 0","69937","3","6","2","11","16","6","","0","0","1","0","0"
"POINT (8.691511120000030 50.159761813000046)","Unfall 69938 (2024) Kat:3, Licht: 2","69938","3","6","2","11","06","6","","2","0","1","0","0"
"POINT (8.645648446000052 50.113764198000069)","Unfall 69948 (2024) Kat:3, Licht: 2","69948","3","3","5","11","19","5","","2","0","1","0","0"
"POINT (8.749797038000054 50.121563405000074)","Unfall 69960 (2024) Kat:3, Licht: 1","69960","3","2","4","11","17","5","","1","0","1","0","0"
"POINT (8.657700734000059 50.145947870000043)","Unfall 69967 (2024) Kat:2, Licht: 2","69967","2","4","6","11","18","4","","2","0","1","1","0"
"POINT (8.555523584000071 50.114135158000067)","Unfall 69993 (2024) Kat:3, Licht: 0","69993","3","2","3","11","14","3","","0","0","1","0","0"
"POINT (8.539223522000043 50.111817258000031)","Unfall 70023 (2024) Kat:3, Licht: 0","70023","3","3","5","11","09","2","","0","1","1","0","0"
"POINT (8.729298326000048 50.120601625000063)","Unfall 70024 (2024) Kat:3, Licht: 2","70024","3","6","3","11","18","2","","2","1","1","0","0"
"POINT (8.674481120000053 50.131903763000025)","Unfall 70025 (2024) Kat:3, Licht: 0","70025","3","3","5","11","16","2","","0","0","1","0","0"
"POINT (8.695691671000077 50.134114918000080)","Unfall 70051 (2024) Kat:3, Licht: 2","70051","3","6","2","11","17","1","","2","0","1","0","1"
"POINT (8.767406753000046 50.133029184000065)","Unfall 70065 (2024) Kat:3, Licht: 2","70065","3","6","3","11","18","1","","2","0","1","0","0"
"POINT (8.776258389000077 50.137481754000078)","Unfall 70066 (2024) Kat:2, Licht: 2","70066","2","6","3","11","03","1","","2","0","1","0","0"
"POINT (8.707865966000043 50.062567036000075)","Unfall 70067 (2024) Kat:2, Licht: 2","70067","2","6","3","11","18","1","","2","0","1","0","0"
"POINT (8.650781723000023 50.105536398000027)","Unfall 70074 (2024) Kat:2, Licht: 2","70074","2","4","6","11","20","7","","2","0","0","1","0"
"POINT (8.625542237000047 50.189704089000031)","Unfall 70086 (2024) Kat:2, Licht: 2","70086","2","1","8","12","01","6","","2","0","1","0","0"
"POINT (8.536397162000071 50.116605084000071)","Unfall 70094 (2024) Kat:3, Licht: 2","70094","3","6","2","11","18","7","","2","0","1","0","0"
"POINT (8.536188110000069 50.116528915000060)","Unfall 70095 (2024) Kat:3, Licht: 0","70095","3","6","2","11","15","7","","0","0","1","0","0"
"POINT (8.695546748000027 50.104848489000062)","Unfall 70107 (2024) Kat:3, Licht: 2","70107","3","3","5","11","22","3","","2","0","1","0","0"
"POINT (8.593230753000057 50.134813210000061)","Unfall 70122 (2024) Kat:3, Licht: 2","70122","3","6","2","11","18","6","","2","0","1","0","0"
"POINT (8.535805603000028 50.116389547000040)","Unfall 70123 (2024) Kat:3, Licht: 0","70123","3","6","2","11","14","6","","0","0","1","0","0"
"POINT (8.712690000000066 50.099259704000076)","Unfall 70132 (2024) Kat:3, Licht: 2","70132","3","7","3","10","19","5","","2","1","1","0","0"
"POINT (8.691145244000040 50.060932348000051)","Unfall 70134 (2024) Kat:3, Licht: 2","70134","3","6","0","10","17","5","","2","0","1","0","1"
"POINT (8.495751991000077 50.101555810000036)","Unfall 70147 (2024) Kat:3, Licht: 2","70147","3","6","2","10","19","5","","2","0","1","0","0"
"POINT (8.621597397000073 50.150131565000038)","Unfall 70155 (2024) Kat:3, Licht: 0","70155","3","5","0","10","12","4","","0","0","1","0","0"
"POINT (8.616836124000031 50.087894188000064)","Unfall 70156 (2024) Kat:3, Licht: 2","70156","3","6","2","10","21","4","","2","0","1","0","0"
"POINT (8.669272663000072 50.088630984000076)","Unfall 70157 (2024) Kat:3, Licht: 0","70157","3","3","5","10","15","4","","0","1","1","0","0"
"POINT (8.688496962000045 50.130848452000066)","Unfall 70158 (2024) Kat:3, Licht: 2","70158","3","6","2","10","21","4","","2","0","0","0","1"
"POINT (8.593503865000059 50.139841660000059)","Unfall 70178 (2024) Kat:2, Licht: 0","70178","2","6","2","10","17","4","","0","0","1","0","0"
"POINT (8.601217544000065 50.153343246000077)","Unfall 70212 (2024) Kat:3, Licht: 0","70212","3","6","2","10","15","3","","0","0","1","0","0"
"POINT (8.531178944000033 50.114509809000026)","Unfall 70213 (2024) Kat:3, Licht: 2","70213","3","6","2","10","18","3","","2","0","1","0","0"
"POINT (8.594813848000058 50.053115243000036)","Unfall 70214 (2024) Kat:3, Licht: 2","70214","3","6","2","10","18","3","","2","0","1","0","0"
"POINT (8.601435192000054 50.047215375000064)","Unfall 70244 (2024) Kat:2, Licht: 0","70244","2","6","2","10","08","2","","0","0","1","0","1"
"POINT (8.731976760000066 50.118460865000031)","Unfall 70246 (2024) Kat:3, Licht: 2","70246","3","6","2","10","20","2","","2","0","1","0","1"
"POINT (8.552697692000038 50.105841884000029)","Unfall 70253 (2024) Kat:3, Licht: 2","70253","3","1","1","10","00","1","","2","0","1","0","0"
"POINT (8.720834261000050 50.114384688000030)","Unfall 70255 (2024) Kat:3, Licht: 2","70255","3","6","2","10","02","1","","2","0","1","0","0"
"POINT (8.715537258000040 50.064004887000067)","Unfall 70263 (2024) Kat:2, Licht: 2","70263","2","6","2","10","18","1","","2","0","1","0","0"
"POINT (8.608259015000044 50.060868015000040)","Unfall 70264 (2024) Kat:3, Licht: 0","70264","3","6","3","10","14","1","","0","0","1","0","0"
"POINT (8.572122872000023 50.052880084000037)","Unfall 70265 (2024) Kat:3, Licht: 2","70265","3","6","3","10","21","1","","2","0","1","0","0"
"POINT (8.668110751000029 50.144976653000072)","Unfall 70273 (2024) Kat:2, Licht: 2","70273","2","1","8","10","23","7","","2","0","0","0","0"
"POINT (8.695511260000046 50.104861492000055)","Unfall 70274 (2024) Kat:3, Licht: 2","70274","3","2","3","10","01","7","","2","1","1","0","0"
"POINT (8.707740385000022 50.062542733000043)","Unfall 70292 (2024) Kat:3, Licht: 0","70292","3","6","2","11","13","3","","0","0","1","0","0"
"POINT (8.578548189000060 50.125147161000029)","Unfall 70293 (2024) Kat:3, Licht: 2","70293","3","6","3","11","21","2","","2","0","1","0","0"
"POINT (8.657324410000058 50.108122649000052)","Unfall 70302 (2024) Kat:3, Licht: 0","70302","3","2","3","10","15","6","","0","0","1","0","0"
"POINT (8.545334230000037 50.104701797000075)","Unfall 70305 (2024) Kat:3, Licht: 0","70305","3","3","5","11","09","2","","0","1","1","0","0"
"POINT (8.536090155000068 50.042031917000031)","Unfall 70332 (2024) Kat:3, Licht: 1","70332","3","6","3","10","07","5","","1","0","1","0","0"
"POINT (8.680198448000056 50.159310174000041)","Unfall 70337 (2024) Kat:3, Licht: 1","70337","3","6","2","12","07","3","","1","0","1","0","0"
"POINT (8.694905326000026 50.132103792000066)","Unfall 70346 (2024) Kat:3, Licht: 0","70346","3","3","5","10","16","5","","0","1","1","0","0"
"POINT (8.655772039000055 50.107509009000069)","Unfall 70359 (2024) Kat:2, Licht: 0","70359","2","2","4","11","13","4","","0","0","1","0","0"
"POINT (8.657090852000067 50.080489283000077)","Unfall 70363 (2024) Kat:2, Licht: 1","70363","2","3","5","10","18","4","","1","1","1","0","0"
"POINT (8.728633826000021 50.121455924000031)","Unfall 70364 (2024) Kat:3, Licht: 1","70364","3","6","3","10","06","4","","1","0","1","0","0"
"POINT (8.672227885000041 50.131666024000026)","Unfall 70365 (2024) Kat:3, Licht: 0","70365","3","2","2","10","15","4","","0","0","1","0","0"
"POINT (8.777682848000040 50.137897716000055)","Unfall 70374 (2024) Kat:3, Licht: 0","70374","3","6","2","10","16","4","","0","0","1","0","0"
"POINT (8.598886043000050 50.149109370000076)","Unfall 70383 (2024) Kat:3, Licht: 0","70383","3","6","2","10","15","4","","0","0","1","0","0"
"POINT (8.739953306000075 50.122274292000043)","Unfall 70387 (2024) Kat:2, Licht: 2","70387","2","4","6","10","23","3","","2","0","0","1","0"
"POINT (8.685608316000071 50.112359653000055)","Unfall 70388 (2024) Kat:3, Licht: 0","70388","3","2","3","10","15","3","","0","0","0","0","1"
"POINT (8.714604556000040 50.063858391000053)","Unfall 70414 (2024) Kat:3, Licht: 2","70414","3","6","2","10","06","3","","2","0","1","0","0"
"POINT (8.539427366000041 50.109890325000038)","Unfall 70417 (2024) Kat:3, Licht: 0","70417","3","2","4","10","13","2","","0","1","1","0","0"
"POINT (8.545339059000071 50.104703980000068)","Unfall 70419 (2024) Kat:3, Licht: 2","70419","3","2","3","10","18","2","","2","1","1","0","0"
"POINT (8.659810966000066 50.146619852000072)","Unfall 70420 (2024) Kat:3, Licht: 0","70420","3","7","0","10","17","2","","0","0","0","0","0"
"POINT (8.599490648000028 50.128393790000075)","Unfall 70421 (2024) Kat:3, Licht: 1","70421","3","6","2","10","07","2","","1","0","1","0","0"
"POINT (8.691240489000052 50.089838952000036)","Unfall 70422 (2024) Kat:3, Licht: 1","70422","3","6","3","10","17","2","","1","0","0","0","0"
"POINT (8.654607064000061 50.192097090000061)","Unfall 70444 (2024) Kat:3, Licht: 2","70444","3","1","9","10","22","2","","2","0","0","0","1"
"POINT (8.707069058000059 50.112799992000078)","Unfall 70464 (2024) Kat:3, Licht: 0","70464","3","3","5","10","12","7","","0","1","1","0","0"
"POINT (8.665445299000055 50.184443940000051)","Unfall 70476 (2024) Kat:3, Licht: 0","70476","3","4","6","11","14","4","","0","0","1","1","0"
"POINT (8.666301694000026 50.165007573000025)","Unfall 70485 (2024) Kat:3, Licht: 2","70485","3","6","4","10","19","6","","2","0","1","0","0"
"POINT (8.720345743000053 50.139273047000074)","Unfall 70486 (2024) Kat:3, Licht: 0","70486","3","6","4","10","13","6","","0","0","1","0","0"
"POINT (8.699049238000043 50.140868749000049)","Unfall 70488 (2024) Kat:3, Licht: 0","70488","3","6","3","10","07","6","","0","0","0","0","1"
"POINT (8.664922412000067 50.103016279000030)","Unfall 70489 (2024) Kat:3, Licht: 2","70489","3","3","5","10","20","6","","2","0","1","0","0"
"POINT (8.616796926000063 50.087893283000028)","Unfall 70520 (2024) Kat:3, Licht: 0","70520","3","6","2","10","14","5","","0","0","1","0","0"
"POINT (8.603111666000075 50.132265148000045)","Unfall 70538 (2024) Kat:3, Licht: 0","70538","3","6","3","10","08","5","","0","0","1","0","0"
"POINT (8.716924753000058 50.139022377000060)","Unfall 70542 (2024) Kat:3, Licht: 2","70542","3","3","5","11","20","3","","2","0","1","0","0"
"POINT (8.649094116000072 50.140681158000064)","Unfall 70553 (2024) Kat:3, Licht: 2","70553","3","3","5","10","19","4","","2","0","1","0","0"
"POINT (8.702798826000048 50.100209700000050)","Unfall 70554 (2024) Kat:3, Licht: 0","70554","3","6","2","10","15","4","","0","0","1","0","0"
"POINT (8.649333733000049 50.177879873000052)","Unfall 70571 (2024) Kat:3, Licht: 2","70571","3","6","2","11","19","6","","2","0","1","0","0"
"POINT (8.578917874000069 50.053805063000027)","Unfall 70580 (2024) Kat:3, Licht: 2","70580","3","3","5","10","20","4","","2","0","1","0","0"
"POINT (8.595584134000035 50.057936342000062)","Unfall 70581 (2024) Kat:2, Licht: 0","70581","2","7","9","10","16","4","","0","0","1","0","0"
"POINT (8.539225002000023 50.111815940000042)","Unfall 70584 (2024) Kat:3, Licht: 0","70584","3","6","3","10","11","6","","0","0","0","0","0"
"POINT (8.649028672000043 50.056427949000067)","Unfall 70585 (2024) Kat:3, Licht: 0","70585","3","6","2","10","16","4","","0","0","1","0","0"
"POINT (8.754178775000071 50.127752480000026)","Unfall 70603 (2024) Kat:3, Licht: 2","70603","3","6","3","10","21","3","","2","0","1","0","0"
"POINT (8.730510594000066 50.118802837000032)","Unfall 70613 (2024) Kat:3, Licht: 1","70613","3","6","2","10","18","2","","1","0","1","0","0"
"POINT (8.620497550000039 50.088052486000038)","Unfall 70631 (2024) Kat:3, Licht: 2","70631","3","6","2","10","00","1","","2","0","1","0","0"
"POINT (8.668592036000064 50.099244438000028)","Unfall 70633 (2024) Kat:3, Licht: 2","70633","3","3","5","10","04","1","","2","0","1","0","0"
"POINT (8.732009408000067 50.118562640000050)","Unfall 70645 (2024) Kat:3, Licht: 0","70645","3","6","2","10","13","1","","0","0","1","0","1"
"POINT (8.739388891000033 50.095457549000059)","Unfall 70646 (2024) Kat:3, Licht: 2","70646","3","6","4","10","05","1","","2","0","1","0","0"
"POINT (8.638847110000029 50.094641272000047)","Unfall 70655 (2024) Kat:3, Licht: 2","70655","3","3","5","10","19","7","","2","0","1","0","0"
"POINT (8.579341229000022 50.123566624000034)","Unfall 70657 (2024) Kat:3, Licht: 2","70657","3","2","4","12","17","2","","2","0","1","0","0"