WKT,Name,OBJECTID,UKATEGORIE,UTYP1,UART,UMONAT,USTUNDE,UWOCHENTAG,STRZUSTAND,ULICHTVERH,ISTRAD,ISTPKW,ISTFUSS,ISTKRAD
"POINT (8.698206540000058 50.138946755000063)","Unfall 73476 (2024) Kat:3, Licht: 2","73476","3","7","3","12","06","2","","2","0","1","0","0"
"POINT (8.657701166000038 50.185468109000055)","Unfall 73482 (2024) Kat:3, Licht: 1","73482","3","6","3","12","16","3","","1","0","1","0","0"
"POINT (8.541356435000068 50.109916660000067)","Unfall 73489 (2024) Kat:3, Licht: 2","73489","3","3","5","12","23","2","","2","0","1","0","0"
"POINT (8.523732920000043 50.111315155000057)","Unfall 73504 (2024) Kat:3, Licht: 2","73504","3","6","2","12","18","2","","2","0","1","0","0"
"POINT (8.546457554000028 50.120241345000068)","Unfall 73505 (2024) Kat:3, Licht: 0","73505","3","6","2","12","13","2","","0","0","1","0","0"
"POINT (8.535862213000030 50.116410174000066)","Unfall 73506 (2024) Kat:3, Licht: 0","73506","3","6","2","12","11","2","","0","0","1","0","0"
"POINT (8.687724806000062 50.107194987000071)","Unfall 73517 (2024) Kat:3, Licht: 2","73517","3","7","5","12","02","1","","2","0","1","0","0"
"POINT (8.578855040000064 50.053801676000035)","Unfall 73540 (2024) Kat:2, Licht: 2","73540","2","1","8","12","02","1","","2","0","1","0","0"
"POINT (8.539262844000064 50.101235868000060)","Unfall 73549 (2024) Kat:3, Licht: 2","73549","3","2","4","12","00","7","","2","0","1","0","0"
"POINT (8.536624751000033 50.116688005000071)","Unfall 73561 (2024) Kat:3, Licht: 2","73561","3","6","2","12","18","7","","2","0","1","0","0"
"POINT (8.675648296000077 50.149738302000060)","Unfall 73572 (2024) Kat:3, Licht: 0","73572","3","2","2","12","07","6","","0","0","1","0","0"
"POINT (8.683439549000070 50.141997440000068)","Unfall 73573 (2024) Kat:3, Licht: 1","73573","3","2","6","12","07","6","","1","0","1","1","0"
"POINT (8.578338922000057 50.053601316000027)","Unfall 73594 (2024) Kat:3, Licht: 2","73594","3","6","2","12","18","6","","2","0","1","0","0"
"POINT (8.566146222000043 50.119241906000070)","Unfall 73609 (2024) Kat:3, Licht: 2","73609","3","6","2","12","07","5","","2","0","1","0","0"
"POINT (8.692162954000025 50.144034883000074)","Unfall 73610 (2024) Kat:2, Licht: 2","73610","2","4","6","12","19","5","","2","0","1","1","0"
"POINT (8.635716225000067 50.093090429000029)","Unfall 73611 (2024) Kat:3, Licht: 0","73611","3","3","5","12","12","5","","0","1","1","0","0"
"POINT (8.667814131000057 50.131566330000055)","Unfall 73612 (2024) Kat:3, Licht: 1","73612","3","6","2","12","16","5","","1","0","1","0","0"
"POINT (8.690191953000067 50.113426673000049)","Unfall 73613 (2024) Kat:3, Licht: 2","73613","3","2","6","12","07","5","","2","0","1","1","0"
"POINT (8.612036650000050 50.173031574000049)","Unfall 73644 (2024) Kat:3, Licht: 0","73644","3","6","2","12","13","5","","0","0","1","0","0"
"POINT (8.654456431000028 50.060163848000059)","Unfall 73645 (2024) Kat:3, Licht: 0","73645","3","6","2","12","13","5","","0","0","1","0","0"
"POINT (8.607364703000030 50.103482850000034)","Unfall 73646 (2024) Kat:3, Licht: 0","73646","3","6","3","12","12","5","","0","0","1","0","0"
"POINT (8.647960850000061 50.055433676000064)","Unfall 73647 (2024) Kat:3, Licht: 2","73647","3","3","5","12","06","5","","2","0","1","0","0"
"POINT (8.659293394000031 50.060783193000077)","Unfall 73648 (2024) Kat:3, Licht: 0","73648","3","6","2","12","08","5","","0","0","1","0","0"
"POINT (8.616168680000044 50.100415781000038)","Unfall 73663 (2024) Kat:3, Licht: 2","73663","3","3","5","12","16","4","","2","1","1","0","0"
"POINT (8.708851054000036 50.121701688000030)","Unfall 73664 (2024) Kat:3, Licht: 0","73664","3","5","1","12","14","4","","0","1","1","0","0"
"POINT (8.750720238000042 50.141423799000052)","Unfall 73685 (2024) Kat:3, Licht: 2","73685","3","2","4","12","07","4","","2","0","1","0","0"
"POINT (8.650608423000051 50.132374196000058)","Unfall 73687 (2024) Kat:3, Licht: 2","73687","3","6","2","12","17","4","","2","0","1","0","0"
"POINT (8.536513330000048 50.112595690000035)","Unfall 73705 (2024) Kat:3, Licht: 1","73705","3","3","5","12","16","3","","1","1","1","0","0"
"POINT (8.703347243000053 50.142964012000050)","Unfall 73706 (2024) Kat:3, Licht: 0","73706","3","6","2","12","09","3","","0","0","1","0","0"
"POINT (8.698220844000048 50.109815435000030)","Unfall 73707 (2024) Kat:3, Licht: 2","73707","3","3","5","12","21","3","","2","1","1","0","0"
"POINT (8.639578861000075 50.102598207000028)","Unfall 73752 (2024) Kat:3, Licht: 2","73752","3","2","6","12","18","2","","2","0","1","1","0"
"POINT (8.528364467000074 50.113476957000046)","Unfall 73781 (2024) Kat:3, Licht: 0","73781","3","6","3","12","13","2","","0","0","1","0","0"
"POINT (8.605493289000037 50.180788458000052)","Unfall 73791 (2024) Kat:3, Licht: 2","73791","3","6","2","12","17","1","","2","0","1","0","0"
"POINT (8.660004661000073 50.109222143000068)","Unfall 73793 (2024) Kat:3, Licht: 0","73793","3","6","2","12","15","1","","0","0","1","0","1"
"POINT (8.544555657000046 50.107065531000046)","Unfall 73804 (2024) Kat:3, Licht: 0","73804","3","5","1","12","08","7","","0","1","1","0","0"
"POINT (8.739772152000057 50.122285347000059)","Unfall 73805 (2024) Kat:3, Licht: 0","73805","3","2","3","12","12","7","","0","0","1","0","0"
"POINT (8.636251815000037 50.102289889000076)","Unfall 73806 (2024) Kat:3, Licht: 2","73806","3","4","6","12","16","7","","2","0","1","1","0"
"POINT (8.687732001000029 50.112526504000073)","Unfall 73807 (2024) Kat:3, Licht: 2","73807","3","4","6","12","21","7","","2","0","1","1","0"
"POINT (8.604736471000024 50.100145021000060)","Unfall 73832 (2024) Kat:2, Licht: 0","73832","2","7","1","12","14","6","","0","0","1","0","0"
"POINT (8.695004806000043 50.132385163000038)","Unfall 73834 (2024) Kat:3, Licht: 0","73834","3","6","2","12","09","6","","0","0","1","0","1"
"POINT (8.687708665000059 50.131058644000063)","Unfall 73835 (2024) Kat:3, Licht: 2","73835","3","7","6","12","17","6","","2","0","0","1","0"
"POINT (8.600336491000064 50.151745279000068)","Unfall 73855 (2024) Kat:3, Licht: 0","73855","3","6","2","12","14","6","","0","0","1","0","0"
"POINT (8.536830324000050 50.116762904000041)","Unfall 73856 (2024) Kat:3, Licht: 2","73856","3","6","3","12","17","6","","2","0","1","0","0"
"POINT (8.618931322000037 50.115059678000080)","Unfall 73881 (2024) Kat:3, Licht: 1","73881","3","6","3","12","16","5","","1","0","1","0","0"
"POINT (8.703403937000076 50.061778892000063)","Unfall 73882 (2024) Kat:3, Licht: 0","73882","3","6","2","12","14","5","","0","0","1","0","0"
"POINT (8.567412993000062 50.120358812000063)","Unfall 73890 (2024) Kat:3, Licht: 2","73890","3","7","5","12","19","4","","2","0","1","0","0"
"POINT (8.558563170000070 50.102137793000054)","Unfall 73891 (2024) Kat:3, Licht: 2","73891","3","3","5","12","17","4","","2","1","1","0","0"
"POINT (8.584196863000045 50.099721243000033)","Unfall 73892 (2024) Kat:3, Licht: 0","73892","3","6","3","12","13","4","","0","0","1","0","0"
"POINT (8.752879961000076 50.127312650000079)","Unfall 73904 (2024) Kat:3, Licht: 2","73904","3","1","9","12","03","7","","2","0","1","0","0"
"POINT (8.508084658000030 50.084833235000076)","Unfall 189978 (2024) Kat:3, Licht: 1","189978","3","4","6","01","17","3","","1","0","1","1","0"
"POINT (8.696108214000049 50.117348329000038)","Unfall 189979 (2024) Kat:3, Licht: 2","189979","3","4","6","01","20","3","","2","0","1","1","0"
"POINT (8.694304548000048 50.199651309000046)","Unfall 189988 (2024) Kat:3, Licht: 0","189988","3","6","0","01","13","2","","0","0","0","0","1"
"POINT (8.704567658000030 50.129080737000038)","Unfall 189989 (2024) Kat:2, Licht: 0","189989","2","4","6","01","12","2","","0","0","1","1","0"
"POINT (8.676062200000047 50.112653279000028)","Unfall 189990 (2024) Kat:3, Licht: 2","189990","3","7","9","01","23","2","","2","0","0","0","0"
"POINT (8.618766578000077 50.149553921000063)","Unfall 190013 (2024) Kat:3, Licht: 0","190013","3","3","5","01","08","6","","0","1","1","0","0"
"POINT (8.649026986000024 50.122152832000040)","Unfall 190014 (2024) Kat:3, Licht: 0","190014","3","6","4","01","08","6","","0","1","0","0","0"
"POINT (8.690666886000031 50.148075129000063)","Unfall 190015 (2024) Kat:3, Licht: 0","190015","3","4","6","01","10","6","","0","1","0","1","0"
"POINT (8.656317778000073 50.157057626000039)","Unfall 190016 (2024) Kat:3, Licht: 1","190016","3","5","0","01","07","6","","1","1","1","0","0"
"POINT (8.668878071000051 50.107583089000059)","Unfall 190017 (2024) Kat:3, Licht: 2","190017","3","3","5","01","04","6","","2","0","1","0","0"
"POINT (8.609580180000023 50.114686334000055)","Unfall 190029 (2024) Kat:3, Licht: 0","190029","3","3","5","01","16","5","","0","1","1","0","0"
"POINT (8.679250840000066 50.117907139000067)","Unfall 190030 (2024) Kat:3, Licht: 0","190030","3","3","5","01","11","5","","0","0","1","0","0"
"POINT (8.689257649000069 50.115333123000028)","Unfall 190031 (2024) Kat:3, Licht: 2","190031","3","5","1","01","20","5","","2","1","1","0","0"
"POINT (8.662282294000022 50.118538487000080)","Unfall 190045 (2024) Kat:3, Licht: 0","190045","3","4","6","01","13","4","","0","0","1","1","0"
"POINT (8.539867604000051 50.099342660000048)","Unfall 190054 (2024) Kat:2, Licht: 2","190054","2","4","6","01","19","3","","2","0","0","1","0"
"POINT (8.627859096000066 50.154794668000079)","Unfall 190055 (2024) Kat:2, Licht: 2","190055","2","3","5","01","18","3","","2","1","1","0","0"
"POINT (8.671531593000054 50.087674399000036)","Unfall 190056 (2024) Kat:3, Licht: 0","190056","3","3","5","01","12","3","","0","0","1","0","0"
"POINT (8.692518749000044 50.104342939000048)","Unfall 190057 (2024) Kat:3, Licht: 2","190057","3","4","6","01","19","3","","2","1","0","1","0"
"POINT (8.691747427000053 50.124078235000070)","Unfall 190067 (2024) Kat:3, Licht: 0","190067","3","7","3","01","10","2","","0","0","1","0","0"
"POINT (8.669488299000022 50.108659164000073)","Unfall 190075 (2024) Kat:3, Licht: 0","190075","3","2","4","01","13","7","","0","0","1","0","0"
"POINT (8.567302835000021 50.103067842000030)","Unfall 190086 (2024) Kat:2, Licht: 0","190086","2","6","4","01","10","6","","0","0","0","0","0"
"POINT (8.624280018000036 50.079446398000073)","Unfall 190087 (2024) Kat:3, Licht: 2","190087","3","1","8","01","17","6","","2","0","0","0","0"
"POINT (8.728671342000041 50.121649296000044)","Unfall 190088 (2024) Kat:3, Licht: 2","190088","3","1","0","01","22","6","","2","0","0","0","0"
"POINT (8.590941196000074 50.102246168000079)","Unfall 190102 (2024) Kat:3, Licht: 0","190102","3","4","6","01","15","5","","0","0","1","1","0"
"POINT (8.692100509000056 50.127433599000028)","Unfall 190112 (2024) Kat:3, Licht: 2","190112","3","2","3","01","19","4","","2","0","1","0","0"
"POINT (8.674962333000053 50.136661224000079)","Unfall 190116 (2024) Kat:3, Licht: 2","190116","3","5","1","01","17","3","","2","0","1","0","0"
"POINT (8.683985853000024 50.096623967000028)","Unfall 190117 (2024) Kat:3, Licht: 2","190117","3","6","3","01","19","3","","2","0","1","0","0"
"POINT (8.661696311000071 50.118539076000047)","Unfall 190118 (2024) Kat:2, Licht: 0","190118","2","2","6","01","15","3","","0","0","1","1","0"
"POINT (8.588585252000030 50.026529985000082)","Unfall 190128 (2024) Kat:3, Licht: 1","190128","3","7","1","01","16","2","","1","0","1","0","0"
"POINT (8.617757109000024 50.149942131000046)","Unfall 190134 (2024) Kat:3, Licht: 2","190134","3","6","4","01","07","2","","2","0","1","0","1"
"POINT (8.666993643000069 50.153933236000057)","Unfall 190135 (2024) Kat:3, Licht: 0","190135","3","3","5","01","15","2","","0","1","0","0","0"
"POINT (8.670176254000069 50.115573180000069)","Unfall 190136 (2024) Kat:3, Licht: 2","190136","3","6","6","01","19","2","","2","1","0","1","0"
"POINT (8.763853022000035 50.135770847000060)","Unfall 190146 (2024) Kat:3, Licht: 0","190146","3","2","4","01","16","2","","0","0","1","0","0"
"POINT (8.667760885000064 50.099932837000040)","Unfall 190149 (2024) Kat:3, Licht: 2","190149","3","2","9","01","07","1","","2","0","1","0","0"
"POINT (8.675414002000025 50.108099417000062)","Unfall 190153 (2024) Kat:3, Licht: 2","190153","3","6","2","01","05","7","","2","0","1","0","0"
"POINT (8.753701590000048 50.127590889000032)","Unfall 190161 (2024) Kat:3, Licht: 2","190161","3","6","2","01","18","7","","2","0","1","0","0"
"POINT (8.687476934000074 50.150546070000075)","Unfall 190168 (2024) Kat:3, Licht: 0","190168","3","3","5","01","13","6","","0","0","1","0","0"
"POINT (8.756491235000055 50.155868065000050)","Unfall 190180 (2024) Kat:3, Licht: 0","190180","3","5","1","01","15","6","","0","0","1","0","0"
"POINT (8.669018364000067 50.099349469000060)","Unfall 190184 (2024) Kat:3, Licht: 2","190184","3","2","6","01","00","5","","2","0","1","1","0"
"POINT (8.723041802000068 50.113883891000057)","Unfall 190185 (2024) Kat:3, Licht: 0","190185","3","5","1","01","11","5","","0","0","1","0","0"
"POINT (8.633961564000060 50.155101721000051)","Unfall 190193 (2024) Kat:3, Licht: 0","190193","3","3","5","01","10","4","","0","0","1","0","0"
"POINT (8.671030138000049 50.115492187000029)","Unfall 190203 (2024) Kat:3, Licht: 2","190203","3","3","5","01","19","3","","2","1","1","0","0"
"POINT (8.679932952000058 50.102907536000032)","Unfall 190212 (2024) Kat:3, Licht: 0","190212","3","5","1","01","12","2","","0","1","1","0","0"
"POINT (8.630159632000073 50.176800413000080)","Unfall 190216 (2024) Kat:3, Licht: 2","190216","3","3","5","01","00","1","","2","0","1","0","0"
"POINT (8.691747653000050 50.124086341000066)","Unfall 190217 (2024) Kat:3, Licht: 0","190217","3","6","3","01","11","1","","0","0","1","0","0"
"POINT (8.750979420000021 50.155078849000063)","Unfall 190219 (2024) Kat:3, Licht: 0","190219","3","2","2","01","09","1","","0","0","1","0","0"
"POINT (8.664991391000058 50.140057191000039)","Unfall 190223 (2024) Kat:3, Licht: 2","190223","3","3","5","01","23","7","","2","0","1","0","0"
"POINT (8.599238145000072 50.095199324000077)","Unfall 190238 (2024) Kat:3, Licht: 0","190238","3","3","5","01","09","5","","0","1","1","0","0"
"POINT (8.648857295000028 50.136637212000039)","Unfall 190239 (2024) Kat:3, Licht: 0","190239","3","3","5","01","13","5","","0","0","1","0","0"
"POINT (8.673960983000029 50.139663255000073)","Unfall 190240 (2024) Kat:3, Licht: 0","190240","3","3","5","01","12","5","","0","0","1","0","0"
"POINT (8.659128733000045 50.099882637000064)","Unfall 190241 (2024) Kat:3, Licht: 2","190241","3","2","6","01","17","5","","2","0","1","1","0"
"POINT (8.684820270000046 50.115969576000055)","Unfall 190242 (2024) Kat:3, Licht: 2","190242","3","4","6","01","22","5","","2","0","1","1","0"
"POINT (8.641214401000070 50.179915460000075)","Unfall 190254 (2024) Kat:3, Licht: 0","190254","3","3","5","01","14","4","","0","0","1","0","0"
"POINT (8.635856411000077 50.157468422000079)","Unfall 190255 (2024) Kat:3, Licht: 0","190255","3","3","5","01","11","4","","0","1","1","0","0"
"POINT (8.633825378000040 50.159613295000042)","Unfall 190256 (2024) Kat:2, Licht: 0","190256","2","1","9","01","10","4","","0","0","0","0","0"
"POINT (8.560747552000066 50.102384313000073)","Unfall 190264 (2024) Kat:3, Licht: 2","190264","3","3","5","01","17","3","","2","0","1","0","0"
"POINT (8.598528282000075 50.110979344000043)","Unfall 190266 (2024) Kat:3, Licht: 2","190266","3","2","4","01","06","3","","2","0","1","0","0"
"POINT (8.598300529000028 50.097776351000050)","Unfall 190267 (2024) Kat:3, Licht: 2","190267","3","4","6","01","17","3","","2","0","1","1","0"
"POINT (8.614111847000061 50.151106938000055)","Unfall 190268 (2024) Kat:3, Licht: 0","190268","3","5","1","01","10","3","","0","0","1","0","0"
"POINT (8.642332693000071 50.108323813000027)","Unfall 190269 (2024) Kat:3, Licht: 2","190269","3","1","9","01","19","3","","2","0","1","0","0"
"POINT (8.655594806000067 50.107653403000029)","Unfall 190270 (2024) Kat:3, Licht: 0","190270","3","3","5","01","11","3","","0","1","1","0","0"
"POINT (8.662729314000046 50.105354128000045)","Unfall 190271 (2024) Kat:3, Licht: 2","190271","3","4","6","01","18","3","","2","0","1","1","0"
"POINT (8.683877420000044 50.113350805000039)","Unfall 190272 (2024) Kat:3, Licht: 2","190272","3","2","6","01","19","3","","2","0","1","1","0"
"POINT (8.621788205000030 50.151318760000038)","Unfall 190294 (2024) Kat:3, Licht: 2","190294","3","1","0","01","17","5","","2","0","0","0","1"
"POINT (8.687563048000072 50.115257784000050)","Unfall 190337 (2024) Kat:3, Licht: 2","190337","3","3","5","01","23","3","","2","0","1","0","0"
"POINT (8.677174831000059 50.109948347000056)","Unfall 190527 (2024) Kat:3, Licht: 2","190527","3","7","0","01","02","1","","2","0","0","0","0"
"POINT (8.748820440000031 50.154844078000053)","Unfall 190627 (2024) Kat:3, Licht: 2","190627","3","2","5","01","20","5","","2","0","1","0","0"
"POINT (8.619586468000023 50.118887672000028)","Unfall 190672 (2024) Kat:3, Licht: 2","190672","3","6","4","01","19","5","","2","1","1","0","0"
"POINT (8.670859530000030 50.104933374000041)","Unfall 190711 (2024) Kat:3, Licht: 0","190711","3","2","3","01","12","5","","0","1","1","0","0"
"POINT (8.653372627000067 50.136192449000077)","Unfall 190729 (2024) Kat:3, Licht: 2","190729","3","6","3","01","16","7","","2","0","1","0","0"
"POINT (8.601919978000069 50.143355395000071)","Unfall 190770 (2024) Kat:3, Licht: 2","190770","3","1","0","01","06","6","","2","0","0","0","0"
"POINT (8.680727103000038 50.102096846000052)","Unfall 190798 (2024) Kat:3, Licht: 1","190798","3","6","2","01","08","3","","1","0","1","0","0"
"POINT (8.667905163000057 50.190653383000040)","Unfall 191003 (2024) Kat:3, Licht: 0","191003","3","7","0","04","17","1","","0","0","0","1","0"
"POINT (8.670065393000073 50.114123647000042)","Unfall 191004 (2024) Kat:3, Licht: 0","191004","3","2","6","04","15","1","","0","0","1","1","0"
"POINT (8.634332781000069 50.125158189000047)","Unfall 191005 (2024) Kat:2, Licht: 0","191005","2","5","1","04","12","1","","0","1","1","0","0"
"POINT (8.682268530000044 50.114328721000049)","Unfall 191006 (2024) Kat:3, Licht: 2","191006","3","7","6","04","04","1","","2","0","1","1","0"
"POINT (8.644654429000070 50.160690570000042)","Unfall 191018 (2024) Kat:3, Licht: 0","191018","3","2","3","04","15","7","","0","1","1","0","0"
"POINT (8.644411385000069 50.083570942000051)","Unfall 191019 (2024) Kat:3, Licht: 0","191019","3","2","4","04","15","7","","0","0","1","0","0"
"POINT (8.584154698000020 50.084940674000052)","Unfall 191020 (2024) Kat:3, Licht: 0","191020","3","3","5","04","13","7","","0","0","1","0","1"
"POINT (8.705015803000038 50.124734389000082)","Unfall 191021 (2024) Kat:2, Licht: 0","191021","2","4","6","04","18","7","","0","0","0","1","0"
"POINT (8.687959447000026 50.114215420000050)","Unfall 191022 (2024) Kat:3, Licht: 0","191022","3","4","0","04","11","7","","0","0","0","1","0"
"POINT (8.688256884000054 50.150710790000062)","Unfall 191042 (2024) Kat:3, Licht: 0","191042","3","6","2","04","06","6","","0","0","1","0","0"
"POINT (8.679542418000040 50.115382589000035)","Unfall 191043 (2024) Kat:3, Licht: 0","191043","3","2","4","04","06","6","","0","1","0","0","0"
"POINT (8.691103950000070 50.109382233000076)","Unfall 191044 (2024) Kat:3, Licht: 0","191044","3","3","5","04","19","6","","0","0","1","0","1"
"POINT (8.682682165000074 50.146256378000032)","Unfall 191065 (2024) Kat:3, Licht: 0","191065","3","3","5","04","18","5","","0","0","1","0","0"
"POINT (8.601439646000074 50.127709406000065)","Unfall 191066 (2024) Kat:3, Licht: 0","191066","3","6","2","04","12","5","","0","0","1","0","1"
"POINT (8.666539413000066 50.116740843000059)","Unfall 191067 (2024) Kat:3, Licht: 0","191067","3","6","3","04","14","5","","0","1","0","0","0"
"POINT (8.691097099000046 50.151170760000070)","Unfall 191077 (2024) Kat:3, Licht: 0","191077","3","5","1","04","12","4","","0","1","0","0","0"
"POINT (8.664125105000039 50.137460986000065)","Unfall 191078 (2024) Kat:3, Licht: 0","191078","3","3","0","04","06","4","","0","1","1","0","0"
"POINT (8.685893477000036 50.117428980000057)","Unfall 191079 (2024) Kat:3, Licht: 0","191079","3","4","6","04","14","4","","0","0","0","1","0"
"POINT (8.666733243000067 50.107909013000040)","Unfall 191093 (2024) Kat:3, Licht: 2","191093","3","1","0","04","04","3","","2","1","0","0","0"
"POINT (8.680032311000048 50.117134989000078)","Unfall 191094 (2024) Kat:3, Licht: 0","191094","3","2","5","04","09","3","","0","1","1","0","0"
"POINT (8.675463255000068 50.110585560000061)","Unfall 191102 (2024) Kat:3, Licht: 0","191102","3","4","0","04","15","5","","0","0","0","1","1"
"POINT (8.685316779000061 50.089294851000034)","Unfall 191108 (2024) Kat:3, Licht: 1","191108","3","1","8","04","05","2","","1","0","1","0","1"
"POINT (8.691902463000076 50.125584761000027)","Unfall 191109 (2024) Kat:3, Licht: 0","191109","3","6","0","04","14","2","","0","1","1","0","0"
"POINT (8.683599099000048 50.131733845000042)","Unfall 191110 (2024) Kat:3, Licht: 0","191110","3","6","2","04","17","2","","0","0","1","0","0"
"POINT (8.672076406000031 50.109338244000071)","Unfall 191111 (2024) Kat:3, Licht: 0","191111","3","2","6","04","12","2","","0","0","1","1","0"
"POINT (8.659596118000024 50.101688453000065)","Unfall 191129 (2024) Kat:2, Licht: 0","191129","2","3","5","04","15","1","","0","0","1","0","0"
"POINT (8.687878618000070 50.113039177000076)","Unfall 191130 (2024) Kat:3, Licht: 0","191130","3","6","0","04","16","1","","0","1","1","1","0"
"POINT (8.618238550000058 50.160712284000056)","Unfall 191140 (2024) Kat:3, Licht: 0","191140","3","3","5","04","14","7","","0","1","1","0","0"
"POINT (8.683041936000052 50.095929087000059)","Unfall 191141 (2024) Kat:3, Licht: 2","191141","3","3","5","04","20","7","","2","0","1","0","1"
"POINT (8.689853749000065 50.104695712000080)","Unfall 191142 (2024) Kat:3, Licht: 0","191142","3","6","3","04","13","7","","0","1","1","0","0"
"POINT (8.656981638000047 50.157257857000047)","Unfall 191149 (2024) Kat:2, Licht: 0","191149","2","6","3","04","17","6","","0","1","0","0","0"
"POINT (8.734758049000050 50.136404186000050)","Unfall 191155 (2024) Kat:3, Licht: 0","191155","3","4","6","04","17","6","","0","0","0","1","1"
"POINT (8.662785738000025 50.108241343000032)","Unfall 191159 (2024) Kat:3, Licht: 0","191159","3","6","2","04","12","5","","0","1","0","0","0"
"POINT (8.692259625000077 50.100658700000054)","Unfall 191169 (2024) Kat:3, Licht: 0","191169","3","3","5","04","12","4","","0","1","1","0","0"
"POINT (8.681409654000049 50.202215356000067)","Unfall 191182 (2024) Kat:3, Licht: 0","191182","3","2","4","04","17","3","","0","0","1","0","0"
"POINT (8.683316726000044 50.096131382000067)","Unfall 191183 (2024) Kat:2, Licht: 0","191183","2","2","5","04","16","3","","0","0","1","0","1"
"POINT (8.710912377000056 50.128387283000052)","Unfall 191184 (2024) Kat:3, Licht: 0","191184","3","5","1","04","18","3","","0","1","1","0","0"
"POINT (8.686263421000035 50.114151782000079)","Unfall 191185 (2024) Kat:3, Licht: 0","191185","3","4","6","04","18","3","","0","0","1","1","0"
"POINT (8.687359188000073 50.105314132000046)","Unfall 191194 (2024) Kat:2, Licht: 2","191194","2","3","5","04","21","2","","2","1","1","0","0"
"POINT (8.709025964000034 50.096337539000046)","Unfall 191195 (2024) Kat:3, Licht: 0","191195","3","1","8","04","09","2","","0","0","1","0","0"
"POINT (8.684191357000032 50.130115078000074)","Unfall 191196 (2024) Kat:3, Licht: 0","191196","3","3","5","04","18","2","","0","1","1","0","0"
"POINT (8.750639735000050 50.126489490000040)","Unfall 191197 (2024) Kat:2, Licht: 0","191197","2","1","8","04","18","2","","0","0","1","0","0"
"POINT (8.588879285000075 50.026919124000074)","Unfall 191198 (2024) Kat:3, Licht: 0","191198","3","6","3","03","13","1","","0","0","1","0","0"
"POINT (8.687772079000069 50.107211439000082)","Unfall 191204 (2024) Kat:3, Licht: 0","191204","3","2","3","03","15","1","","0","1","1","0","0"
"POINT (8.664116097000033 50.108222445000081)","Unfall 191205 (2024) Kat:3, Licht: 0","191205","3","3","5","03","08","1","","0","0","1","0","0"
"POINT (8.567766643000027 50.097985742000049)","Unfall 191206 (2024) Kat:3, Licht: 0","191206","3","6","2","04","14","2","","0","0","1","0","0"
"POINT (8.672424277000061 50.131681805000028)","Unfall 191207 (2024) Kat:3, Licht: 0","191207","3","6","2","03","18","1","","0","0","1","0","0"
"POINT (8.687873308000064 50.113111310000079)","Unfall 191215 (2024) Kat:3, Licht: 1","191215","3","4","0","03","18","7","","1","0","0","1","0"
"POINT (8.659279197000046 50.181156109000028)","Unfall 191226 (2024) Kat:3, Licht: 0","191226","3","6","6","03","11","6","","0","0","1","1","0"
"POINT (8.641761644000042 50.118843318000074)","Unfall 191228 (2024) Kat:3, Licht: 0","191228","3","4","6","03","14","6","","0","0","1","1","0"
"POINT (8.667650968000032 50.123244231000058)","Unfall 191229 (2024) Kat:3, Licht: 0","191229","3","3","5","03","12","6","","0","0","1","0","0"
"POINT (8.555722693000064 50.106245955000077)","Unfall 191233 (2024) Kat:3, Licht: 0","191233","3","6","2","03","14","5","","0","0","1","0","0"
"POINT (8.678871469000057 50.114032087000055)","Unfall 191234 (2024) Kat:3, Licht: 1","191234","3","4","6","03","18","5","","1","1","0","1","0"
"POINT (8.682609588000048 50.112372475000029)","Unfall 191235 (2024) Kat:3, Licht: 0","191235","3","7","1","03","07","5","","0","0","1","0","0"
"POINT (8.642661501000021 50.171760192000079)","Unfall 191247 (2024) Kat:3, Licht: 0","191247","3","4","6","03","07","4","","0","0","1","1","0"
"POINT (8.647688614000060 50.164502795000033)","Unfall 191248 (2024) Kat:3, Licht: 0","191248","3","5","1","03","14","4","","0","1","1","0","0"
"POINT (8.627803129000029 50.111271212000077)","Unfall 191249 (2024) Kat:3, Licht: 2","191249","3","2","3","03","20","4","","2","0","1","0","0"
"POINT (8.660329806000050 50.113220405000050)","Unfall 191250 (2024) Kat:3, Licht: 0","191250","3","5","1","03","13","4","","0","1","1","0","0"
"POINT (8.687809462000075 50.074205319000043)","Unfall 191251 (2024) Kat:3, Licht: 0","191251","3","6","6","03","12","4","","0","1","0","1","0"
"POINT (8.539541604000021 50.115743175000034)","Unfall 191265 (2024) Kat:3, Licht: 2","191265","3","1","1","03","01","3","","2","0","1","0","0"
"POINT (8.535502606000023 50.110626913000033)","Unfall 191266 (2024) Kat:3, Licht: 0","191266","3","2","6","03","13","3","","0","0","1","1","0"
"POINT (8.679893428000071 50.102962123000054)","Unfall 191267 (2024) Kat:3, Licht: 1","191267","3","5","1","03","18","3","","1","1","1","0","0"
"POINT (8.705021621000071 50.144246366000061)","Unfall 191268 (2024) Kat:3, Licht: 2","191268","3","6","2","03","00","3","","2","0","1","0","0"
"POINT (8.641333056000065 50.106064109000044)","Unfall 191269 (2024) Kat:3, Licht: 0","191269","3","2","6","03","10","3","","0","0","0","1","0"
"POINT (8.698050937000062 50.121960628000068)","Unfall 191270 (2024) Kat:3, Licht: 0","191270","3","6","3","03","15","3","","0","0","1","0","0"