WKT,Name,OBJECTID,UKATEGORIE,UTYP1,UART,UMONAT,USTUNDE,UWOCHENTAG,STRZUSTAND,ULICHTVERH,ISTRAD,ISTPKW,ISTFUSS,ISTKRAD
"POINT (8.667650845000026 50.123244597000053)","Unfall 191271 (2024) Kat:3, Licht: 0","191271","3","3","0","03","09","3","","0","1","1","0","0"
"POINT (8.673434444000065 50.109861473000080)","Unfall 191272 (2024) Kat:3, Licht: 2","191272","3","4","6","03","19","3","","2","1","0","1","0"
"POINT (8.718746448000047 50.101133244000039)","Unfall 191283 (2024) Kat:3, Licht: 0","191283","3","6","6","03","16","2","","0","1","0","1","0"
"POINT (8.710078758000066 50.118262959000049)","Unfall 191289 (2024) Kat:3, Licht: 2","191289","3","3","5","03","20","1","","2","0","1","0","0"
"POINT (8.662220219000062 50.110197892000031)","Unfall 191293 (2024) Kat:3, Licht: 0","191293","3","2","3","03","15","7","","0","1","1","0","0"
"POINT (8.687197100000049 50.105346547000067)","Unfall 191294 (2024) Kat:3, Licht: 0","191294","3","4","6","03","18","7","","0","0","0","1","0"
"POINT (8.589306587000067 50.027484627000035)","Unfall 191299 (2024) Kat:3, Licht: 0","191299","3","3","5","03","14","6","","0","0","1","0","0"
"POINT (8.648899008000058 50.116229773000043)","Unfall 191303 (2024) Kat:3, Licht: 0","191303","3","3","5","03","12","6","","0","1","1","0","0"
"POINT (8.618667898000069 50.101630828000054)","Unfall 191313 (2024) Kat:3, Licht: 0","191313","3","3","5","03","12","5","","0","1","1","0","0"
"POINT (8.697479809000072 50.130135554000049)","Unfall 191314 (2024) Kat:3, Licht: 0","191314","3","2","3","03","15","5","","0","1","1","0","0"
"POINT (8.643184119000068 50.158419421000076)","Unfall 191320 (2024) Kat:3, Licht: 1","191320","3","3","5","04","19","7","","1","0","1","0","0"
"POINT (8.583140942000057 50.106950584000060)","Unfall 191332 (2024) Kat:3, Licht: 0","191332","3","3","5","03","17","4","","0","1","1","0","0"
"POINT (8.624438936000047 50.139417460000061)","Unfall 191333 (2024) Kat:3, Licht: 0","191333","3","3","5","03","07","4","","0","1","1","0","0"
"POINT (8.649945950000074 50.087423418000071)","Unfall 191334 (2024) Kat:2, Licht: 0","191334","2","4","6","03","08","4","","0","0","1","1","0"
"POINT (8.663651020000032 50.104725066000071)","Unfall 191336 (2024) Kat:2, Licht: 0","191336","2","7","6","03","14","4","","0","0","1","1","0"
"POINT (8.733888934000049 50.119726644000082)","Unfall 191337 (2024) Kat:3, Licht: 2","191337","3","3","5","03","18","4","","2","1","1","0","0"
"POINT (8.669910467000022 50.106641156000080)","Unfall 191338 (2024) Kat:3, Licht: 0","191338","3","4","6","03","07","4","","0","0","1","1","0"
"POINT (8.642782959000044 50.114306889000034)","Unfall 191360 (2024) Kat:3, Licht: 0","191360","3","3","5","03","17","3","","0","1","1","0","0"
"POINT (8.668574009000054 50.153076365000061)","Unfall 191361 (2024) Kat:3, Licht: 0","191361","3","4","6","03","09","3","","0","0","1","1","0"
"POINT (8.682083189000025 50.100109859000042)","Unfall 191362 (2024) Kat:3, Licht: 0","191362","3","6","2","03","11","3","","0","0","1","0","0"
"POINT (8.683916992000036 50.096573275000026)","Unfall 191363 (2024) Kat:3, Licht: 1","191363","3","6","2","03","18","3","","1","0","1","0","1"
"POINT (8.662420391000069 50.105226289000029)","Unfall 191364 (2024) Kat:3, Licht: 0","191364","3","6","2","03","07","3","","0","1","1","0","0"
"POINT (8.676906800000040 50.125230814000076)","Unfall 191365 (2024) Kat:3, Licht: 2","191365","3","6","4","03","18","3","","2","1","1","0","0"
"POINT (8.598638387000051 50.110321505000059)","Unfall 191381 (2024) Kat:3, Licht: 0","191381","3","6","4","03","15","2","","0","0","1","0","0"
"POINT (8.649374712000053 50.186322883000059)","Unfall 191382 (2024) Kat:3, Licht: 0","191382","3","3","5","03","10","2","","0","0","1","0","0"
"POINT (8.653342375000022 50.144360533000054)","Unfall 191383 (2024) Kat:3, Licht: 2","191383","3","2","4","03","20","2","","2","0","1","0","0"
"POINT (8.679323226000065 50.112709607000056)","Unfall 191394 (2024) Kat:3, Licht: 2","191394","3","6","4","03","00","1","","2","0","1","0","0"
"POINT (8.571413511000060 50.099056547000032)","Unfall 191401 (2024) Kat:2, Licht: 0","191401","2","3","5","03","15","7","","0","0","1","0","0"
"POINT (8.668225716000052 50.197675712000034)","Unfall 191402 (2024) Kat:3, Licht: 0","191402","3","4","6","03","17","7","","0","0","1","1","0"
"POINT (8.671227100000067 50.095720466000046)","Unfall 191403 (2024) Kat:3, Licht: 0","191403","3","2","3","03","16","7","","0","0","1","0","0"
"POINT (8.537475607000033 50.110570390000078)","Unfall 191414 (2024) Kat:3, Licht: 0","191414","3","6","6","03","14","6","","0","0","0","1","0"
"POINT (8.598685380000063 50.096535437000057)","Unfall 191415 (2024) Kat:3, Licht: 0","191415","3","2","4","03","13","6","","0","0","1","0","0"
"POINT (8.618958654000039 50.096427130000052)","Unfall 191416 (2024) Kat:2, Licht: 0","191416","2","6","4","03","10","6","","0","0","1","0","0"
"POINT (8.665198073000056 50.136622955000064)","Unfall 191417 (2024) Kat:3, Licht: 0","191417","3","6","3","03","17","6","","0","0","1","0","0"
"POINT (8.622708037000052 50.129805972000042)","Unfall 191418 (2024) Kat:3, Licht: 0","191418","3","6","2","03","12","6","","0","0","1","0","0"
"POINT (8.695800432000055 50.115789404000054)","Unfall 191419 (2024) Kat:3, Licht: 0","191419","3","6","2","03","14","6","","0","1","1","0","0"
"POINT (8.670744526000021 50.115404715000068)","Unfall 191420 (2024) Kat:3, Licht: 0","191420","3","2","3","03","12","6","","0","0","1","0","1"
"POINT (8.605395725000051 50.090777145000061)","Unfall 191432 (2024) Kat:3, Licht: 2","191432","3","7","2","03","00","5","","2","0","1","0","0"
"POINT (8.658602520000045 50.114540551000061)","Unfall 191433 (2024) Kat:3, Licht: 0","191433","3","3","5","03","09","5","","0","1","1","0","0"
"POINT (8.695175187000075 50.103520700000047)","Unfall 191434 (2024) Kat:3, Licht: 0","191434","3","3","5","03","12","5","","0","0","1","0","0"
"POINT (8.670963610000058 50.121406003000061)","Unfall 191435 (2024) Kat:3, Licht: 0","191435","3","7","6","03","16","5","","0","0","1","1","0"
"POINT (8.659981079000033 50.119017697000061)","Unfall 191436 (2024) Kat:3, Licht: 0","191436","3","6","2","03","12","5","","0","1","0","0","0"
"POINT (8.680369571000028 50.113831540000035)","Unfall 191437 (2024) Kat:3, Licht: 0","191437","3","7","6","03","10","5","","0","1","0","1","0"
"POINT (8.697385801000053 50.118757238000057)","Unfall 191456 (2024) Kat:3, Licht: 0","191456","3","3","5","03","11","4","","0","1","0","0","0"
"POINT (8.686223120000022 50.120939747000079)","Unfall 191457 (2024) Kat:3, Licht: 0","191457","3","2","0","03","08","4","","0","0","1","0","0"
"POINT (8.595824818000040 50.104235268000082)","Unfall 191470 (2024) Kat:3, Licht: 0","191470","3","7","6","03","17","3","","0","0","1","1","0"
"POINT (8.620720439000024 50.164128609000045)","Unfall 191471 (2024) Kat:3, Licht: 0","191471","3","3","5","03","09","3","","0","0","1","0","0"
"POINT (8.686212430000069 50.142745354000056)","Unfall 191486 (2024) Kat:2, Licht: 2","191486","2","2","3","03","22","2","","2","1","0","0","0"
"POINT (8.683169242000076 50.141936558000054)","Unfall 191487 (2024) Kat:3, Licht: 0","191487","3","3","0","03","17","2","","0","1","1","0","0"
"POINT (8.686157450000053 50.109497786000077)","Unfall 191493 (2024) Kat:3, Licht: 0","191493","3","4","6","03","15","1","","0","0","1","1","0"
"POINT (8.658532423000054 50.108068368000033)","Unfall 191504 (2024) Kat:3, Licht: 0","191504","3","7","6","03","14","7","","0","1","0","1","0"
"POINT (8.616094362000069 50.150181734000057)","Unfall 191515 (2024) Kat:3, Licht: 0","191515","3","6","2","03","16","6","","0","0","1","0","0"
"POINT (8.619284720000053 50.112625621000063)","Unfall 191516 (2024) Kat:2, Licht: 0","191516","2","4","6","03","08","6","","0","0","1","1","0"
"POINT (8.659784106000075 50.088259442000037)","Unfall 191517 (2024) Kat:3, Licht: 0","191517","3","6","2","03","10","6","","0","0","1","0","0"
"POINT (8.700590409000029 50.129122573000075)","Unfall 191518 (2024) Kat:3, Licht: 0","191518","3","3","5","03","17","6","","0","0","1","0","1"
"POINT (8.666129794000028 50.120340246000069)","Unfall 191519 (2024) Kat:3, Licht: 0","191519","3","4","6","03","10","6","","0","1","0","1","0"
"POINT (8.599596928000039 50.111254852000059)","Unfall 191528 (2024) Kat:3, Licht: 0","191528","3","6","2","03","08","5","","0","0","1","0","0"
"POINT (8.760257328000023 50.124634886000081)","Unfall 191535 (2024) Kat:3, Licht: 0","191535","3","4","6","03","17","5","","0","0","1","1","0"
"POINT (8.762225117000071 50.116446321000069)","Unfall 191536 (2024) Kat:2, Licht: 0","191536","2","5","1","03","09","5","","0","0","0","0","0"
"POINT (8.678968573000077 50.139099977000058)","Unfall 191540 (2024) Kat:3, Licht: 0","191540","3","3","5","03","07","4","","0","0","1","0","0"
"POINT (8.672497934000035 50.102954022000063)","Unfall 191541 (2024) Kat:3, Licht: 0","191541","3","7","0","03","16","4","","0","1","0","1","0"
"POINT (8.698050350000074 50.121960749000039)","Unfall 191542 (2024) Kat:3, Licht: 0","191542","3","5","1","03","08","4","","0","1","1","0","0"
"POINT (8.678956205000077 50.114026062000050)","Unfall 191543 (2024) Kat:3, Licht: 0","191543","3","4","6","03","16","4","","0","1","0","1","0"
"POINT (8.692483568000057 50.109349125000051)","Unfall 191544 (2024) Kat:3, Licht: 2","191544","3","6","2","03","19","4","","2","0","1","0","1"
"POINT (8.597015801000055 50.096531514000048)","Unfall 191557 (2024) Kat:3, Licht: 0","191557","3","5","0","03","16","3","","0","1","1","0","0"
"POINT (8.687749680000024 50.108769501000040)","Unfall 191558 (2024) Kat:3, Licht: 2","191558","3","6","3","03","19","3","","2","1","1","0","0"
"POINT (8.724119929000040 50.102570875000026)","Unfall 191580 (2024) Kat:3, Licht: 0","191580","3","6","0","03","16","1","","0","1","1","0","0"
"POINT (8.681837443000063 50.125006586000040)","Unfall 191582 (2024) Kat:3, Licht: 0","191582","3","5","1","03","07","2","","0","1","1","0","0"
"POINT (8.534486918000027 50.109331772000075)","Unfall 191589 (2024) Kat:2, Licht: 0","191589","2","1","0","03","20","7","","0","0","0","0","1"
"POINT (8.690625163000050 50.121309434000068)","Unfall 191590 (2024) Kat:3, Licht: 0","191590","3","2","3","03","17","7","","0","1","1","0","0"
"POINT (8.672791354000026 50.114964518000079)","Unfall 191591 (2024) Kat:2, Licht: 2","191591","2","4","6","03","00","7","","2","0","1","1","0"
"POINT (8.618573346000062 50.102029410000057)","Unfall 191606 (2024) Kat:3, Licht: 0","191606","3","6","2","03","14","6","","0","0","1","0","0"
"POINT (8.618511439000031 50.102290439000058)","Unfall 191607 (2024) Kat:3, Licht: 0","191607","3","3","5","03","13","6","","0","1","1","0","0"
"POINT (8.635959572000047 50.191898565000031)","Unfall 191608 (2024) Kat:3, Licht: 2","191608","3","5","1","03","18","6","","2","1","1","0","0"
"POINT (8.634941049000076 50.156189949000066)","Unfall 191609 (2024) Kat:3, Licht: 0","191609","3","6","2","03","13","6","","0","0","1","0","0"
"POINT (8.670005411000034 50.114078648000032)","Unfall 191610 (2024) Kat:3, Licht: 0","191610","3","6","3","03","10","6","","0","1","1","0","0"
"POINT (8.625767449000023 50.128011393000065)","Unfall 191611 (2024) Kat:3, Licht: 2","191611","3","2","5","03","21","6","","2","0","1","0","1"
"POINT (8.691957891000072 50.125425619000055)","Unfall 191612 (2024) Kat:3, Licht: 0","191612","3","3","5","03","12","6","","0","1","0","0","0"
"POINT (8.674576013000035 50.115857349000066)","Unfall 191613 (2024) Kat:3, Licht: 0","191613","3","2","3","03","09","6","","0","0","1","0","0"
"POINT (8.617958355000042 50.160804003000067)","Unfall 191627 (2024) Kat:2, Licht: 2","191627","2","4","6","02","20","5","","2","0","1","1","0"
"POINT (8.640136221000034 50.152205861000027)","Unfall 191628 (2024) Kat:3, Licht: 0","191628","3","2","2","02","09","5","","0","0","1","0","0"
"POINT (8.633192319000045 50.083643727000037)","Unfall 191629 (2024) Kat:3, Licht: 0","191629","3","4","6","02","16","5","","0","0","1","1","0"
"POINT (8.577966858000025 50.084595347000061)","Unfall 191630 (2024) Kat:3, Licht: 0","191630","3","2","4","02","10","5","","0","1","1","0","0"
"POINT (8.711637647000032 50.107382428000051)","Unfall 191631 (2024) Kat:3, Licht: 2","191631","3","2","3","02","05","5","","2","1","1","0","0"
"POINT (8.767848916000048 50.133259144000078)","Unfall 191646 (2024) Kat:3, Licht: 0","191646","3","3","5","02","08","5","","0","1","1","0","0"
"POINT (8.632983455000044 50.155951379000044)","Unfall 191648 (2024) Kat:3, Licht: 0","191648","3","6","2","02","16","4","","0","0","1","0","0"
"POINT (8.684990632000051 50.099806261000026)","Unfall 191649 (2024) Kat:3, Licht: 0","191649","3","7","0","02","15","4","","0","0","1","0","0"
"POINT (8.678596068000047 50.116825857000038)","Unfall 191650 (2024) Kat:3, Licht: 2","191650","3","6","2","02","21","4","","2","0","1","0","0"
"POINT (8.602075730000024 50.095211166000070)","Unfall 191668 (2024) Kat:3, Licht: 2","191668","3","7","6","02","19","3","","2","0","1","1","0"
"POINT (8.616050511000026 50.150300863000041)","Unfall 191669 (2024) Kat:3, Licht: 2","191669","3","1","8","02","21","3","","2","0","0","0","0"
"POINT (8.637670845000059 50.157646622000073)","Unfall 191671 (2024) Kat:3, Licht: 2","191671","3","5","1","02","20","3","","2","0","1","0","0"
"POINT (8.658732987000064 50.118804642000043)","Unfall 191672 (2024) Kat:3, Licht: 0","191672","3","3","5","02","17","3","","0","1","0","0","0"
"POINT (8.645704118000026 50.081427216000066)","Unfall 191673 (2024) Kat:3, Licht: 0","191673","3","1","9","02","15","3","","0","0","1","0","0"
"POINT (8.652740388000041 50.092555405000041)","Unfall 191674 (2024) Kat:3, Licht: 0","191674","3","4","6","02","10","3","","0","0","1","1","0"
"POINT (8.691993383000067 50.125417363000054)","Unfall 191675 (2024) Kat:3, Licht: 2","191675","3","3","5","02","20","3","","2","1","1","0","0"
"POINT (8.617007263000062 50.147411417000058)","Unfall 191676 (2024) Kat:2, Licht: 2","191676","2","6","3","03","23","6","","2","1","0","0","0"
"POINT (8.718420988000048 50.124473755000054)","Unfall 191691 (2024) Kat:3, Licht: 1","191691","3","6","4","02","17","2","","1","0","1","0","0"
"POINT (8.692156822000072 50.127476210000054)","Unfall 191692 (2024) Kat:3, Licht: 0","191692","3","3","5","02","08","2","","0","0","1","0","0"
"POINT (8.629132398000024 50.084521650000056)","Unfall 191705 (2024) Kat:3, Licht: 2","191705","3","3","5","02","18","1","","2","0","0","0","1"
"POINT (8.610150577000070 50.092384874000061)","Unfall 191711 (2024) Kat:3, Licht: 0","191711","3","3","5","02","12","7","","0","0","1","0","0"
"POINT (8.567090369000027 50.101562552000075)","Unfall 191712 (2024) Kat:3, Licht: 2","191712","3","6","4","02","18","7","","2","1","1","0","0"
"POINT (8.686797859000023 50.142821863000052)","Unfall 191713 (2024) Kat:3, Licht: 0","191713","3","6","2","02","15","7","","0","0","1","0","0"
"POINT (8.755632043000048 50.150509152000041)","Unfall 191719 (2024) Kat:3, Licht: 0","191719","3","1","1","02","15","7","","0","1","1","0","0"
"POINT (8.650002599000061 50.114268211000081)","Unfall 191725 (2024) Kat:3, Licht: 0","191725","3","4","6","02","14","6","","0","0","0","1","0"
"POINT (8.702788641000041 50.119200946000035)","Unfall 191726 (2024) Kat:3, Licht: 0","191726","3","6","0","04","08","4","","0","0","1","0","1"
"POINT (8.641541746000030 50.146462418000056)","Unfall 191727 (2024) Kat:3, Licht: 2","191727","3","3","5","02","21","6","","2","1","1","0","0"
"POINT (8.679700230000037 50.148084470000072)","Unfall 191728 (2024) Kat:3, Licht: 0","191728","3","3","5","02","15","6","","0","1","1","0","0"
"POINT (8.684289745000058 50.096847653000054)","Unfall 191729 (2024) Kat:2, Licht: 1","191729","2","2","6","02","06","6","","1","0","0","1","0"
"POINT (8.675847118000036 50.107545301000073)","Unfall 191730 (2024) Kat:3, Licht: 0","191730","3","2","3","02","14","6","","0","1","1","0","0"
"POINT (8.650105161000056 50.120074042000056)","Unfall 191740 (2024) Kat:3, Licht: 2","191740","3","4","6","02","23","5","","2","0","1","1","0"
"POINT (8.668975565000039 50.108528785000033)","Unfall 191741 (2024) Kat:3, Licht: 2","191741","3","6","3","02","19","5","","2","1","1","0","0"
"POINT (8.661690894000060 50.104924398000037)","Unfall 191742 (2024) Kat:3, Licht: 0","191742","3","1","0","02","09","5","","0","0","0","0","0"
"POINT (8.655885161000072 50.107358125000076)","Unfall 191753 (2024) Kat:3, Licht: 0","191753","3","5","0","02","09","4","","0","1","1","0","0"
"POINT (8.630042346000039 50.103583349000075)","Unfall 191754 (2024) Kat:3, Licht: 2","191754","3","2","6","02","18","4","","2","0","1","1","0"
"POINT (8.650772255000049 50.196487419000050)","Unfall 191760 (2024) Kat:2, Licht: 0","191760","2","6","2","02","08","4","","0","0","1","0","0"
"POINT (8.640786838000054 50.189634466000030)","Unfall 191766 (2024) Kat:3, Licht: 0","191766","3","7","1","02","12","3","","0","0","0","0","1"
"POINT (8.665729435000060 50.108816985000033)","Unfall 191767 (2024) Kat:3, Licht: 0","191767","3","4","6","02","08","3","","0","0","1","1","0"
"POINT (8.631436395000037 50.160123683000052)","Unfall 191782 (2024) Kat:3, Licht: 2","191782","3","1","8","02","18","2","","2","0","1","0","0"
"POINT (8.652940541000021 50.127080074000048)","Unfall 191783 (2024) Kat:3, Licht: 2","191783","3","3","5","02","19","2","","2","0","1","0","0"
"POINT (8.663594524000075 50.101550416000066)","Unfall 191795 (2024) Kat:3, Licht: 2","191795","3","7","0","02","18","1","","2","1","1","0","0"
"POINT (8.762703352000074 50.151194026000042)","Unfall 191801 (2024) Kat:3, Licht: 2","191801","3","3","5","02","23","1","","2","0","1","0","1"
"POINT (8.686732654000025 50.126688379000029)","Unfall 191809 (2024) Kat:3, Licht: 2","191809","3","4","6","02","17","7","","2","0","1","1","0"
"POINT (8.615715280000074 50.135231627000053)","Unfall 191818 (2024) Kat:3, Licht: 0","191818","3","3","5","02","14","6","","0","1","1","0","0"
"POINT (8.683296408000047 50.096116424000058)","Unfall 191819 (2024) Kat:3, Licht: 2","191819","3","1","8","02","22","6","","2","0","1","0","0"
"POINT (8.516967978000025 50.080188182000029)","Unfall 191838 (2024) Kat:3, Licht: 2","191838","3","2","4","02","19","5","","2","1","1","0","0"
"POINT (8.620137007000039 50.167661561000045)","Unfall 191839 (2024) Kat:3, Licht: 0","191839","3","3","5","02","12","5","","0","1","1","0","0"
"POINT (8.670162445000074 50.107908268000074)","Unfall 191840 (2024) Kat:3, Licht: 2","191840","3","4","6","02","20","5","","2","0","1","1","0"
"POINT (8.678038368000045 50.119077429000072)","Unfall 191841 (2024) Kat:3, Licht: 2","191841","3","3","0","02","18","5","","2","1","1","0","0"
"POINT (8.677776052000070 50.116617833000078)","Unfall 191842 (2024) Kat:3, Licht: 0","191842","3","6","3","02","09","5","","0","1","1","0","0"
"POINT (8.692429945000072 50.109762906000071)","Unfall 191843 (2024) Kat:3, Licht: 0","191843","3","6","2","02","08","5","","0","0","1","0","0"
"POINT (8.686262948000035 50.115764581000064)","Unfall 191859 (2024) Kat:3, Licht: 0","191859","3","7","1","03","11","3","","0","0","1","0","0"
"POINT (8.640805173000047 50.152147869000032)","Unfall 191860 (2024) Kat:3, Licht: 0","191860","3","3","0","02","09","4","","0","0","1","0","1"
"POINT (8.637320439000064 50.119981408000058)","Unfall 191862 (2024) Kat:3, Licht: 2","191862","3","1","9","02","18","4","","2","0","1","0","0"
"POINT (8.666071001000034 50.106872561000046)","Unfall 191863 (2024) Kat:3, Licht: 0","191863","3","7","6","02","13","4","","0","0","1","1","0"
"POINT (8.669801036000024 50.129387527000063)","Unfall 191864 (2024) Kat:3, Licht: 2","191864","3","2","6","02","20","4","","2","0","1","1","0"
"POINT (8.671026561000076 50.115431200000046)","Unfall 191865 (2024) Kat:3, Licht: 1","191865","3","7","5","02","17","4","","1","0","1","0","0"
"POINT (8.735552021000046 50.128038808000042)","Unfall 191875 (2024) Kat:3, Licht: 2","191875","3","6","4","03","18","5","","2","1","1","0","0"
"POINT (8.753443883000045 50.134009982000066)","Unfall 191876 (2024) Kat:3, Licht: 0","191876","3","3","5","02","13","4","","0","0","1","0","0"
"POINT (8.663043319000053 50.142654747000051)","Unfall 191880 (2024) Kat:3, Licht: 0","191880","3","5","0","02","07","3","","0","1","1","0","0"
"POINT (8.666651022000053 50.186545136000063)","Unfall 191886 (2024) Kat:2, Licht: 0","191886","2","4","6","02","14","2","","0","0","1","1","0"
"POINT (8.679394573000025 50.138860042000033)","Unfall 191887 (2024) Kat:3, Licht: 0","191887","3","3","5","02","08","2","","0","0","1","0","0"
"POINT (8.700918409000053 50.129328199000042)","Unfall 191888 (2024) Kat:3, Licht: 2","191888","3","6","2","02","18","2","","2","0","1","0","0"
"POINT (8.688373198000022 50.117647076000026)","Unfall 191889 (2024) Kat:3, Licht: 0","191889","3","2","4","02","17","2","","0","1","0","0","0"
"POINT (8.665213900000026 50.111226885000065)","Unfall 191895 (2024) Kat:3, Licht: 0","191895","3","2","3","02","12","1","","0","1","1","0","0"
"POINT (8.644751923000058 50.160665252000058)","Unfall 191904 (2024) Kat:3, Licht: 0","191904","3","3","5","02","10","7","","0","1","1","0","0"
"POINT (8.705580264000048 50.133205636000071)","Unfall 191905 (2024) Kat:3, Licht: 0","191905","3","1","8","02","11","7","","0","0","1","0","1"
"POINT (8.698765516000037 50.125742876000061)","Unfall 191906 (2024) Kat:3, Licht: 0","191906","3","6","0","02","09","7","","0","0","1","0","1"
"POINT (8.627862404000041 50.176441719000081)","Unfall 191921 (2024) Kat:3, Licht: 0","191921","3","7","6","02","16","6","","0","0","1","1","0"
"POINT (8.648926009000036 50.108541001000049)","Unfall 191922 (2024) Kat:3, Licht: 2","191922","3","5","1","02","21","6","","2","1","1","0","0"
"POINT (8.537912024000036 50.104641666000077)","Unfall 191938 (2024) Kat:3, Licht: 2","191938","3","2","6","02","06","5","","2","0","1","1","0"
"POINT (8.677571075000060 50.097490830000027)","Unfall 191939 (2024) Kat:3, Licht: 2","191939","3","7","0","02","18","5","","2","0","1","0","1"
"POINT (8.644443120000062 50.118459014000052)","Unfall 191954 (2024) Kat:3, Licht: 2","191954","3","3","5","02","18","4","","2","0","1","0","0"
"POINT (8.688245636000033 50.143132420000029)","Unfall 191956 (2024) Kat:3, Licht: 2","191956","3","6","2","02","18","4","","2","0","1","0","0"
"POINT (8.652543668000021 50.094203469000036)","Unfall 191957 (2024) Kat:3, Licht: 2","191957","3","6","2","02","18","4","","2","0","1","0","0"
"POINT (8.671089014000074 50.108142795000049)","Unfall 191960 (2024) Kat:3, Licht: 0","191960","3","5","1","02","16","4","","0","1","1","0","0"
"POINT (8.688475724000057 50.114781264000044)","Unfall 191961 (2024) Kat:3, Licht: 1","191961","3","7","6","02","07","4","","1","1","0","1","0"
"POINT (8.758283458000051 50.131526839000060)","Unfall 191972 (2024) Kat:3, Licht: 2","191972","3","3","5","02","19","4","","2","1","1","0","0"
"POINT (8.654292687000066 50.119918452000036)","Unfall 191974 (2024) Kat:3, Licht: 1","191974","3","3","0","02","17","3","","1","0","0","0","1"
"POINT (8.650974811000026 50.106997849000038)","Unfall 191975 (2024) Kat:3, Licht: 0","191975","3","6","2","02","11","3","","0","1","1","0","0"
"POINT (8.495397305000040 50.094170191000046)","Unfall 191983 (2024) Kat:3, Licht: 0","191983","3","2","4","04","06","2","","0","1","1","0","0"
"POINT (8.611114688000043 50.082489085000077)","Unfall 191991 (2024) Kat:2, Licht: 0","191991","2","3","5","02","11","2","","0","0","1","0","0"
"POINT (8.690433861000031 50.102803114000039)","Unfall 191992 (2024) Kat:3, Licht: 0","191992","3","3","5","02","16","2","","0","0","0","0","0"
"POINT (8.705580281000039 50.133203662000028)","Unfall 191993 (2024) Kat:3, Licht: 2","191993","3","5","1","02","18","2","","2","0","1","0","0"
"POINT (8.695760635000056 50.127449057000035)","Unfall 191994 (2024) Kat:3, Licht: 0","191994","3","6","3","02","10","2","","0","0","1","0","0"
"POINT (8.696302020000076 50.142758881000077)","Unfall 192007 (2024) Kat:2, Licht: 0","192007","2","1","0","02","15","1","","0","1","0","0","0"
"POINT (8.703321578000043 50.127351706000070)","Unfall 192008 (2024) Kat:3, Licht: 2","192008","3","6","3","02","00","1","","2","0","1","0","0"
"POINT (8.670494793000046 50.105100007000033)","Unfall 192009 (2024) Kat:3, Licht: 2","192009","3","6","2","02","02","1","","2","0","1","0","0"
"POINT (8.684448193000037 50.097114590000047)","Unfall 192015 (2024) Kat:2, Licht: 0","192015","2","2","3","04","10","5","","0","1","1","0","0"
"POINT (8.687769716000048 50.108103891000042)","Unfall 192019 (2024) Kat:3, Licht: 2","192019","3","6","6","02","22","7","","2","0","0","1","0"
"POINT (8.671659269000031 50.098080797000080)","Unfall 192020 (2024) Kat:3, Licht: 0","192020","3","6","2","02","13","7","","0","0","1","0","0"
"POINT (8.660937453000031 50.109504443000048)","Unfall 192021 (2024) Kat:3, Licht: 0","192021","3","2","6","02","13","7","","0","0","1","1","0"
"POINT (8.646367446000056 50.118748490000030)","Unfall 192036 (2024) Kat:3, Licht: 0","192036","3","3","5","02","15","6","","0","1","1","0","0"
"POINT (8.666521231000047 50.116748005000034)","Unfall 192047 (2024) Kat:3, Licht: 2","192047","3","6","2","02","19","5","","2","0","1","0","0"
"POINT (8.688120025000046 50.110428319000050)","Unfall 192048 (2024) Kat:3, Licht: 0","192048","3","5","1","02","15","5","","0","1","1","0","0"
"POINT (8.620491936000064 50.101770497000075)","Unfall 192060 (2024) Kat:2, Licht: 0","192060","2","4","6","01","14","4","","0","0","1","1","0"
"POINT (8.657607134000045 50.115386607000062)","Unfall 192061 (2024) Kat:3, Licht: 0","192061","3","2","8","01","14","4","","0","0","1","0","0"
"POINT (8.716689536000047 50.126303717000042)","Unfall 192063 (2024) Kat:3, Licht: 2","192063","3","1","0","01","19","4","","2","0","0","0","0"
"POINT (8.767280751000044 50.131549483000072)","Unfall 192069 (2024) Kat:3, Licht: 0","192069","3","7","6","01","15","4","","0","1","0","1","0"
"POINT (8.743667923000032 50.142809522000050)","Unfall 192075 (2024) Kat:3, Licht: 0","192075","3","3","5","06","10","2","","0","1","1","0","0"
"POINT (8.636714465000068 50.203169110000033)","Unfall 192077 (2024) Kat:3, Licht: 0","192077","3","6","3","06","10","2","","0","0","1","0","0"
"POINT (8.649339521000059 50.122529882000038)","Unfall 192080 (2024) Kat:3, Licht: 0","192080","3","5","1","06","17","1","","0","0","1","0","0"
"POINT (8.658796580000057 50.139151660000039)","Unfall 192081 (2024) Kat:3, Licht: 0","192081","3","3","5","06","18","1","","0","1","1","0","0"
"POINT (8.658864010000059 50.182013312000038)","Unfall 192093 (2024) Kat:3, Licht: 2","192093","3","7","0","06","01","7","","2","1","0","0","0"
"POINT (8.638353666000057 50.108146101000045)","Unfall 192094 (2024) Kat:3, Licht: 0","192094","3","6","2","06","18","7","","0","0","1","0","1"
"POINT (8.681076178000069 50.101994993000062)","Unfall 192095 (2024) Kat:3, Licht: 0","192095","3","2","6","06","12","7","","0","0","1","1","0"
"POINT (8.672610111000040 50.108463661000030)","Unfall 192096 (2024) Kat:3, Licht: 0","192096","3","4","6","06","21","7","","0","0","0","1","0"