WKT,Name,OBJECTID,UKATEGORIE,UTYP1,UART,UMONAT,USTUNDE,UWOCHENTAG,STRZUSTAND,ULICHTVERH,ISTRAD,ISTPKW,ISTFUSS,ISTKRAD
"POINT (8.597498677000033 50.099975997000058)","Unfall 192112 (2024) Kat:3, Licht: 0","192112","3","6","2","06","09","6","","0","0","1","0","0"
"POINT (8.632412343000055 50.159504399000070)","Unfall 192113 (2024) Kat:3, Licht: 0","192113","3","6","3","06","16","6","","0","0","1","0","0"
"POINT (8.766482913000061 50.120965305000027)","Unfall 192129 (2024) Kat:3, Licht: 0","192129","3","7","5","06","20","6","","0","0","1","0","0"
"POINT (8.670192620000023 50.138587600000051)","Unfall 192133 (2024) Kat:3, Licht: 0","192133","3","2","3","06","21","5","","0","1","1","0","0"
"POINT (8.583037194000042 50.084502181000062)","Unfall 192134 (2024) Kat:3, Licht: 0","192134","3","3","5","06","15","5","","0","0","1","0","0"
"POINT (8.687460898000040 50.115253976000076)","Unfall 192135 (2024) Kat:3, Licht: 0","192135","3","3","5","06","19","5","","0","1","0","0","0"
"POINT (8.675306039000077 50.108305176000044)","Unfall 192136 (2024) Kat:3, Licht: 0","192136","3","3","5","06","19","5","","0","1","1","0","0"
"POINT (8.637601876000076 50.162635115000057)","Unfall 192158 (2024) Kat:3, Licht: 0","192158","3","1","0","06","10","4","","0","0","0","0","0"
"POINT (8.653009981000025 50.127063966000037)","Unfall 192159 (2024) Kat:3, Licht: 0","192159","3","3","5","06","18","4","","0","0","1","0","0"
"POINT (8.650226083000064 50.083602103000032)","Unfall 192160 (2024) Kat:3, Licht: 0","192160","3","5","1","06","08","4","","0","0","1","0","1"
"POINT (8.600727814000038 50.083951867000053)","Unfall 192161 (2024) Kat:3, Licht: 2","192161","3","1","0","06","00","4","","2","0","0","0","1"
"POINT (8.664425417000075 50.105759935000037)","Unfall 192162 (2024) Kat:3, Licht: 0","192162","3","5","1","06","09","4","","0","0","1","0","1"
"POINT (8.691747994000025 50.124098447000051)","Unfall 192163 (2024) Kat:3, Licht: 0","192163","3","1","4","06","06","4","","0","0","1","0","1"
"POINT (8.666952664000064 50.196739412000056)","Unfall 192176 (2024) Kat:2, Licht: 0","192176","2","3","5","06","17","3","","0","1","1","0","0"
"POINT (8.645503337000036 50.164825149000080)","Unfall 192177 (2024) Kat:3, Licht: 0","192177","3","6","2","06","17","3","","0","1","1","0","0"
"POINT (8.657253877000073 50.154351253000073)","Unfall 192178 (2024) Kat:3, Licht: 0","192178","3","2","6","06","16","3","","0","0","1","1","0"
"POINT (8.692064704000074 50.105629050000061)","Unfall 192179 (2024) Kat:3, Licht: 0","192179","3","3","5","06","09","3","","0","1","1","0","0"
"POINT (8.680141220000053 50.092652513000075)","Unfall 192180 (2024) Kat:3, Licht: 0","192180","3","5","1","06","20","3","","0","1","1","0","0"
"POINT (8.670795970000029 50.119691566000029)","Unfall 192181 (2024) Kat:3, Licht: 0","192181","3","2","6","06","09","3","","0","0","1","1","0"
"POINT (8.683044986000027 50.127864140000042)","Unfall 192182 (2024) Kat:2, Licht: 0","192182","2","3","5","06","18","3","","0","1","1","0","0"
"POINT (8.665251276000049 50.121576233000042)","Unfall 192183 (2024) Kat:3, Licht: 0","192183","3","2","4","06","08","3","","0","1","1","0","0"
"POINT (8.674799315000030 50.109151119000046)","Unfall 192184 (2024) Kat:3, Licht: 0","192184","3","2","0","06","20","3","","0","1","1","0","0"
"POINT (8.643083314000023 50.117596229000071)","Unfall 192208 (2024) Kat:2, Licht: 1","192208","2","6","3","06","21","5","","1","0","1","0","0"
"POINT (8.663114995000058 50.115800544000081)","Unfall 192211 (2024) Kat:3, Licht: 0","192211","3","6","5","06","18","2","","0","1","0","0","0"
"POINT (8.739730711000050 50.122226266000041)","Unfall 192212 (2024) Kat:2, Licht: 0","192212","2","4","6","06","13","2","","0","0","0","1","0"
"POINT (8.663281940000047 50.110574192000058)","Unfall 192213 (2024) Kat:3, Licht: 0","192213","3","7","5","06","19","2","","0","0","1","0","0"
"POINT (8.686429501000021 50.111547192000046)","Unfall 192214 (2024) Kat:3, Licht: 0","192214","3","5","1","06","14","2","","0","1","1","0","0"
"POINT (8.538698402000023 50.102664308000044)","Unfall 192224 (2024) Kat:3, Licht: 0","192224","3","6","2","06","12","6","","0","0","1","0","1"
"POINT (8.766834817000074 50.122280684000032)","Unfall 192236 (2024) Kat:3, Licht: 0","192236","3","5","1","06","17","2","","0","1","1","0","0"
"POINT (8.622214380000059 50.108000161000064)","Unfall 192239 (2024) Kat:3, Licht: 0","192239","3","1","0","06","10","1","","0","1","0","0","0"
"POINT (8.679722708000043 50.119083565000039)","Unfall 192240 (2024) Kat:3, Licht: 2","192240","3","5","1","06","03","1","","2","0","1","0","0"
"POINT (8.692139672000053 50.127705493000065)","Unfall 192241 (2024) Kat:3, Licht: 2","192241","3","6","0","06","01","1","","2","0","1","0","1"
"POINT (8.586955365000051 50.056078027000069)","Unfall 192244 (2024) Kat:3, Licht: 0","192244","3","6","2","06","11","7","","0","0","1","0","0"
"POINT (8.730557901000054 50.118562853000071)","Unfall 192249 (2024) Kat:3, Licht: 0","192249","3","3","5","06","08","7","","0","0","1","0","0"
"POINT (8.672987298000066 50.109689210000056)","Unfall 192250 (2024) Kat:3, Licht: 2","192250","3","4","6","06","22","7","","2","0","1","1","0"
"POINT (8.539869995000060 50.105343855000058)","Unfall 192258 (2024) Kat:3, Licht: 0","192258","3","3","5","05","16","6","","0","0","1","0","0"
"POINT (8.642268314000034 50.174706186000037)","Unfall 192259 (2024) Kat:3, Licht: 0","192259","3","6","2","05","14","6","","0","0","1","0","0"
"POINT (8.680425084000035 50.141314482000041)","Unfall 192260 (2024) Kat:3, Licht: 2","192260","3","1","0","05","23","6","","2","0","0","0","1"
"POINT (8.644179514000029 50.083962706000079)","Unfall 192261 (2024) Kat:3, Licht: 0","192261","3","6","6","05","15","6","","0","0","0","1","0"
"POINT (8.580660263000027 50.081943975000058)","Unfall 192262 (2024) Kat:3, Licht: 0","192262","3","3","5","05","16","6","","0","0","1","0","0"
"POINT (8.684210148000034 50.096789081000054)","Unfall 192263 (2024) Kat:3, Licht: 0","192263","3","6","2","05","20","6","","0","0","1","0","0"
"POINT (8.643756233000033 50.139120876000050)","Unfall 192264 (2024) Kat:3, Licht: 1","192264","3","3","0","06","21","7","","1","1","0","0","0"
"POINT (8.717939505000061 50.119930820000036)","Unfall 192265 (2024) Kat:3, Licht: 0","192265","3","5","1","05","15","6","","0","1","1","0","0"
"POINT (8.662304226000060 50.105178216000070)","Unfall 192266 (2024) Kat:3, Licht: 0","192266","3","5","1","05","19","6","","0","0","1","0","0"
"POINT (8.675219617000039 50.108467295000025)","Unfall 192267 (2024) Kat:2, Licht: 2","192267","2","1","8","05","23","6","","2","0","1","0","0"
"POINT (8.682061715000032 50.109057454000038)","Unfall 192268 (2024) Kat:3, Licht: 0","192268","3","6","4","05","18","6","","0","0","1","0","0"
"POINT (8.580191791000061 50.087606761000075)","Unfall 192284 (2024) Kat:2, Licht: 0","192284","2","1","8","05","21","5","","0","0","0","0","1"
"POINT (8.679629983000041 50.095984748000035)","Unfall 192285 (2024) Kat:3, Licht: 0","192285","3","3","5","05","07","5","","0","0","1","0","0"
"POINT (8.744252009000036 50.124017747000039)","Unfall 192286 (2024) Kat:3, Licht: 2","192286","3","4","9","05","03","5","","2","0","1","1","0"
"POINT (8.544002568000053 50.102037751000069)","Unfall 192293 (2024) Kat:3, Licht: 0","192293","3","3","5","05","13","4","","0","0","1","0","0"
"POINT (8.634247817000073 50.169542373000070)","Unfall 192294 (2024) Kat:3, Licht: 0","192294","3","6","2","05","16","4","","0","0","1","0","0"
"POINT (8.662952999000026 50.110320547000072)","Unfall 192295 (2024) Kat:3, Licht: 0","192295","3","7","5","05","18","4","","0","1","1","0","0"
"POINT (8.752793409000049 50.132631629000059)","Unfall 192301 (2024) Kat:3, Licht: 0","192301","3","2","0","06","08","2","","0","0","1","0","1"
"POINT (8.731627443000036 50.111546339000029)","Unfall 192317 (2024) Kat:3, Licht: 0","192317","3","3","5","05","16","3","","0","0","1","0","0"
"POINT (8.669249224000055 50.103991404000055)","Unfall 192318 (2024) Kat:3, Licht: 0","192318","3","7","2","05","12","3","","0","0","1","0","1"
"POINT (8.669733132000033 50.124246817000028)","Unfall 192319 (2024) Kat:3, Licht: 0","192319","3","3","5","05","16","3","","0","1","0","0","0"
"POINT (8.763491287000022 50.135694434000072)","Unfall 192331 (2024) Kat:3, Licht: 0","192331","3","4","6","05","15","3","","0","0","1","1","0"
"POINT (8.626694155000052 50.151767407000079)","Unfall 192337 (2024) Kat:3, Licht: 0","192337","3","3","5","05","19","2","","0","1","1","0","0"
"POINT (8.656545985000037 50.118316312000047)","Unfall 192338 (2024) Kat:2, Licht: 0","192338","2","2","4","05","16","2","","0","1","1","0","0"
"POINT (8.701322609000044 50.131502471000033)","Unfall 192339 (2024) Kat:2, Licht: 0","192339","2","3","5","05","15","2","","0","1","0","0","0"
"POINT (8.687602250000054 50.130711140000074)","Unfall 192340 (2024) Kat:3, Licht: 0","192340","3","7","2","05","15","2","","0","0","1","0","0"
"POINT (8.688585355000043 50.114783879000072)","Unfall 192341 (2024) Kat:3, Licht: 0","192341","3","3","5","05","17","2","","0","0","1","0","0"
"POINT (8.622137327000075 50.156989303000046)","Unfall 192370 (2024) Kat:3, Licht: 0","192370","3","3","0","05","18","7","","0","1","0","0","0"
"POINT (8.622073860000057 50.180909018000079)","Unfall 192371 (2024) Kat:3, Licht: 0","192371","3","3","0","05","09","7","","0","0","0","0","1"
"POINT (8.679495264000025 50.115078120000078)","Unfall 192373 (2024) Kat:3, Licht: 0","192373","3","2","5","05","13","7","","0","1","1","0","0"
"POINT (8.672488074000057 50.108609489000060)","Unfall 192388 (2024) Kat:2, Licht: 0","192388","2","3","5","05","07","6","","0","1","1","0","0"
"POINT (8.686279605000038 50.120243754000057)","Unfall 192389 (2024) Kat:3, Licht: 0","192389","3","6","1","05","10","6","","0","1","1","0","0"
"POINT (8.679912397000066 50.116667951000068)","Unfall 192390 (2024) Kat:3, Licht: 0","192390","3","1","9","05","15","6","","0","0","1","0","0"
"POINT (8.573228982000046 50.126041397000051)","Unfall 192408 (2024) Kat:3, Licht: 0","192408","3","5","1","05","13","5","","0","0","1","0","0"
"POINT (8.663097088000029 50.150355076000039)","Unfall 192409 (2024) Kat:2, Licht: 0","192409","2","6","0","05","15","5","","0","0","0","0","0"
"POINT (8.658262887000035 50.159337594000078)","Unfall 192410 (2024) Kat:3, Licht: 0","192410","3","2","2","05","16","5","","0","1","1","0","0"
"POINT (8.617379579000044 50.130311493000079)","Unfall 192411 (2024) Kat:3, Licht: 0","192411","3","3","5","05","08","5","","0","1","1","0","0"
"POINT (8.731984327000021 50.118674503000079)","Unfall 192412 (2024) Kat:3, Licht: 0","192412","3","6","2","05","17","5","","0","0","1","0","0"
"POINT (8.692006078000077 50.126776775000053)","Unfall 192413 (2024) Kat:3, Licht: 0","192413","3","4","6","05","11","7","","0","0","1","1","0"
"POINT (8.682614253000054 50.098637599000028)","Unfall 192428 (2024) Kat:3, Licht: 0","192428","3","5","1","06","14","2","","0","1","0","0","0"
"POINT (8.756218461000060 50.145017882000047)","Unfall 192431 (2024) Kat:3, Licht: 0","192431","3","3","5","05","16","5","","0","1","1","0","0"
"POINT (8.769828931000063 50.123566110000070)","Unfall 192432 (2024) Kat:3, Licht: 0","192432","3","6","2","05","16","5","","0","1","1","0","0"
"POINT (8.635623261000035 50.171103700000060)","Unfall 192440 (2024) Kat:3, Licht: 0","192440","3","7","0","05","17","4","","0","0","1","0","1"
"POINT (8.661650223000038 50.113344879000067)","Unfall 192441 (2024) Kat:2, Licht: 0","192441","2","3","5","05","18","4","","0","1","1","0","0"
"POINT (8.724066047000065 50.127118028000041)","Unfall 192442 (2024) Kat:3, Licht: 0","192442","3","3","5","05","15","4","","0","1","1","0","0"
"POINT (8.701866554000048 50.133022647000075)","Unfall 192443 (2024) Kat:2, Licht: 0","192443","2","7","6","05","12","4","","0","0","1","1","0"
"POINT (8.675653816000022 50.121332894000034)","Unfall 192444 (2024) Kat:2, Licht: 0","192444","2","1","0","05","18","4","","0","0","0","0","0"
"POINT (8.597940068000071 50.098765109000055)","Unfall 192467 (2024) Kat:3, Licht: 2","192467","3","3","5","05","21","3","","2","0","1","0","0"
"POINT (8.671531593000054 50.087674399000036)","Unfall 192468 (2024) Kat:3, Licht: 0","192468","3","3","5","05","11","3","","0","0","1","0","0"
"POINT (8.660656197000037 50.108300904000032)","Unfall 192469 (2024) Kat:3, Licht: 0","192469","3","5","0","05","13","3","","0","1","1","0","0"
"POINT (8.753710036000030 50.148876897000036)","Unfall 192484 (2024) Kat:3, Licht: 0","192484","3","4","6","05","19","3","","0","0","1","1","0"
"POINT (8.643010587000049 50.118985286000054)","Unfall 192487 (2024) Kat:3, Licht: 0","192487","3","4","6","05","17","2","","0","1","0","1","0"
"POINT (8.675236216000030 50.094250722000027)","Unfall 192488 (2024) Kat:3, Licht: 0","192488","3","1","1","05","15","2","","0","1","1","0","0"
"POINT (8.707954700000073 50.115519655000071)","Unfall 192489 (2024) Kat:3, Licht: 0","192489","3","5","0","05","19","2","","0","0","1","0","0"
"POINT (8.679817637000042 50.119961401000069)","Unfall 192490 (2024) Kat:3, Licht: 0","192490","3","7","6","05","19","2","","0","1","0","1","0"
"POINT (8.664372253000067 50.109664206000048)","Unfall 192503 (2024) Kat:3, Licht: 0","192503","3","2","6","05","10","1","","0","0","1","1","0"
"POINT (8.615269771000044 50.165209694000055)","Unfall 192511 (2024) Kat:3, Licht: 0","192511","3","1","8","05","07","7","","0","0","1","0","0"
"POINT (8.651125135000029 50.122561553000025)","Unfall 192512 (2024) Kat:3, Licht: 2","192512","3","1","9","05","23","7","","2","0","1","0","0"
"POINT (8.690746307000040 50.106114464000029)","Unfall 192513 (2024) Kat:3, Licht: 2","192513","3","1","1","05","04","7","","2","0","1","0","0"
"POINT (8.667853322000042 50.107076083000038)","Unfall 192514 (2024) Kat:3, Licht: 0","192514","3","5","1","05","16","7","","0","1","1","0","0"
"POINT (8.687925057000029 50.114649815000064)","Unfall 192515 (2024) Kat:2, Licht: 2","192515","2","4","6","05","02","7","","2","0","1","1","0"
"POINT (8.773101115000031 50.117541658000050)","Unfall 192520 (2024) Kat:3, Licht: 0","192520","3","2","4","05","19","7","","0","0","1","0","0"
"POINT (8.605410326000026 50.114910077000047)","Unfall 192521 (2024) Kat:3, Licht: 0","192521","3","6","2","05","16","7","","0","0","0","0","1"
"POINT (8.587815962000036 50.056530253000062)","Unfall 192522 (2024) Kat:3, Licht: 0","192522","3","3","5","05","17","6","","0","0","1","0","0"
"POINT (8.686367414000074 50.123161640000035)","Unfall 192525 (2024) Kat:3, Licht: 0","192525","3","1","0","05","07","6","","0","0","0","0","0"
"POINT (8.681352734000029 50.112397268000052)","Unfall 192526 (2024) Kat:3, Licht: 0","192526","3","7","6","05","17","6","","0","0","0","1","0"
"POINT (8.513419687000066 50.073576036000077)","Unfall 192540 (2024) Kat:2, Licht: 0","192540","2","7","0","05","16","5","","0","1","0","0","0"
"POINT (8.599761166000064 50.111297280000031)","Unfall 192541 (2024) Kat:3, Licht: 0","192541","3","6","2","05","14","5","","0","0","1","0","0"
"POINT (8.652805778000072 50.196729666000067)","Unfall 192542 (2024) Kat:3, Licht: 0","192542","3","7","0","05","07","5","","0","0","1","0","0"
"POINT (8.691283111000075 50.150514743000031)","Unfall 192543 (2024) Kat:3, Licht: 0","192543","3","1","0","05","13","5","","0","0","1","0","0"
"POINT (8.651789131000044 50.093968565000068)","Unfall 192544 (2024) Kat:3, Licht: 0","192544","3","1","0","05","16","5","","0","1","1","0","0"
"POINT (8.598168356000031 50.040675055000065)","Unfall 192569 (2024) Kat:3, Licht: 0","192569","3","6","3","05","08","5","","0","0","1","0","0"
"POINT (8.663206201000037 50.110428328000069)","Unfall 192573 (2024) Kat:3, Licht: 2","192573","3","1","0","05","23","4","","2","0","0","0","1"
"POINT (8.668765733000043 50.119956057000081)","Unfall 192574 (2024) Kat:3, Licht: 0","192574","3","3","5","05","17","4","","0","1","1","0","0"
"POINT (8.627838281000038 50.129854106000039)","Unfall 192582 (2024) Kat:3, Licht: 0","192582","3","7","0","05","10","6","","0","1","0","0","0"
"POINT (8.591344507000031 50.032897331000072)","Unfall 192588 (2024) Kat:3, Licht: 2","192588","3","2","4","05","22","3","","2","1","1","0","0"
"POINT (8.491985191000026 50.098451896000029)","Unfall 192597 (2024) Kat:3, Licht: 0","192597","3","3","5","05","05","3","","0","0","1","0","0"
"POINT (8.643093036000039 50.158402864000038)","Unfall 192598 (2024) Kat:3, Licht: 0","192598","3","3","5","05","13","3","","0","0","1","0","0"
"POINT (8.632078129000035 50.168913913000040)","Unfall 192599 (2024) Kat:3, Licht: 0","192599","3","6","3","05","09","3","","0","1","1","0","0"
"POINT (8.659302506000074 50.115369297000029)","Unfall 192600 (2024) Kat:3, Licht: 0","192600","3","2","6","05","09","3","","0","0","1","1","0"
"POINT (8.692309646000069 50.143999940000072)","Unfall 192601 (2024) Kat:3, Licht: 0","192601","3","2","3","05","07","3","","0","1","1","0","0"
"POINT (8.639276802000040 50.081439839000041)","Unfall 192602 (2024) Kat:3, Licht: 0","192602","3","6","3","05","09","3","","0","1","1","0","0"
"POINT (8.664758023000047 50.109885002000055)","Unfall 192603 (2024) Kat:2, Licht: 0","192603","2","4","6","05","17","3","","0","0","1","1","0"
"POINT (8.663573246000055 50.117858256000034)","Unfall 192604 (2024) Kat:3, Licht: 0","192604","3","2","3","05","17","3","","0","1","1","0","0"
"POINT (8.687747155000068 50.114805024000077)","Unfall 192605 (2024) Kat:3, Licht: 0","192605","3","3","5","05","18","3","","0","1","0","0","0"
"POINT (8.687890782000068 50.112873943000068)","Unfall 192606 (2024) Kat:3, Licht: 0","192606","3","6","2","05","19","3","","0","1","0","0","0"
"POINT (8.679533715000048 50.110485379000067)","Unfall 192607 (2024) Kat:3, Licht: 2","192607","3","2","4","05","23","3","","2","0","1","0","1"
"POINT (8.681438621000041 50.117392854000059)","Unfall 192608 (2024) Kat:3, Licht: 0","192608","3","7","0","05","07","3","","0","0","1","0","0"
"POINT (8.615830937000055 50.160533345000033)","Unfall 192628 (2024) Kat:3, Licht: 0","192628","3","3","0","05","18","2","","0","1","1","0","0"
"POINT (8.674152816000060 50.139718462000076)","Unfall 192629 (2024) Kat:3, Licht: 0","192629","3","2","5","05","08","2","","0","1","1","0","0"
"POINT (8.710506379000037 50.122224365000079)","Unfall 192630 (2024) Kat:3, Licht: 0","192630","3","3","5","05","14","2","","0","1","1","0","0"
"POINT (8.665943016000028 50.119557006000036)","Unfall 192631 (2024) Kat:3, Licht: 0","192631","3","3","5","05","18","2","","0","1","1","0","0"
"POINT (8.748733542000025 50.132341448000034)","Unfall 192647 (2024) Kat:3, Licht: 0","192647","3","7","0","05","11","2","","0","0","0","0","0"
"POINT (8.569104609000021 50.050639787000080)","Unfall 192650 (2024) Kat:3, Licht: 0","192650","3","4","6","05","20","1","","0","0","0","1","0"
"POINT (8.513213667000059 50.081798102000050)","Unfall 192654 (2024) Kat:3, Licht: 0","192654","3","3","5","05","16","1","","0","0","1","0","0"
"POINT (8.701766833000022 50.136321358000032)","Unfall 192655 (2024) Kat:3, Licht: 0","192655","3","3","5","05","15","1","","0","1","0","0","0"
"POINT (8.681717987000070 50.108996834000038)","Unfall 192656 (2024) Kat:3, Licht: 0","192656","3","2","3","05","14","1","","0","1","1","0","0"
"POINT (8.618639595000047 50.113167900000064)","Unfall 192668 (2024) Kat:3, Licht: 0","192668","3","6","2","05","17","7","","0","0","1","0","1"
"POINT (8.629175614000076 50.084554805000039)","Unfall 192669 (2024) Kat:3, Licht: 0","192669","3","2","4","05","14","7","","0","0","1","0","1"
"POINT (8.691861912000036 50.121954612000081)","Unfall 192670 (2024) Kat:2, Licht: 2","192670","2","7","0","05","00","7","","2","0","0","0","0"
"POINT (8.687706737000042 50.109531338000068)","Unfall 192671 (2024) Kat:3, Licht: 0","192671","3","2","4","05","09","7","","0","1","0","0","0"
"POINT (8.567212076000033 50.101595398000029)","Unfall 192682 (2024) Kat:3, Licht: 0","192682","3","3","5","06","11","5","","0","0","1","0","0"
"POINT (8.753287634000060 50.132672033000063)","Unfall 192684 (2024) Kat:3, Licht: 0","192684","3","7","5","05","12","7","","0","1","1","0","0"
"POINT (8.621998542000028 50.102562603000081)","Unfall 192692 (2024) Kat:3, Licht: 0","192692","3","3","5","05","20","6","","0","1","1","0","0"
"POINT (8.645849756000075 50.123285296000063)","Unfall 192693 (2024) Kat:3, Licht: 0","192693","3","6","0","05","21","6","","0","0","1","0","1"
"POINT (8.650371672000063 50.116862498000046)","Unfall 192694 (2024) Kat:3, Licht: 0","192694","3","7","5","05","19","6","","0","1","1","0","0"
"POINT (8.665116258000069 50.111187929000039)","Unfall 192695 (2024) Kat:3, Licht: 0","192695","3","2","3","05","17","6","","0","1","1","0","0"
"POINT (8.669773427000052 50.121768229000054)","Unfall 192696 (2024) Kat:3, Licht: 0","192696","3","5","1","05","11","6","","0","1","1","0","0"
"POINT (8.689010712000027 50.118403170000079)","Unfall 192697 (2024) Kat:2, Licht: 2","192697","2","3","5","05","01","6","","2","0","1","0","0"
"POINT (8.669028828000023 50.130635489000042)","Unfall 192698 (2024) Kat:3, Licht: 0","192698","3","3","5","05","15","6","","0","1","1","0","0"
"POINT (8.686267183000041 50.111756537000076)","Unfall 192699 (2024) Kat:3, Licht: 0","192699","3","5","1","05","18","6","","0","1","1","0","0"
"POINT (8.688362918000053 50.117673318000072)","Unfall 192700 (2024) Kat:3, Licht: 0","192700","3","2","5","05","14","6","","0","0","1","0","0"
"POINT (8.687052436000045 50.117017928000053)","Unfall 192701 (2024) Kat:3, Licht: 2","192701","3","1","0","05","02","6","","2","1","0","0","0"
"POINT (8.625576173000070 50.181964572000027)","Unfall 192716 (2024) Kat:2, Licht: 0","192716","2","2","4","05","14","5","","0","0","0","0","1"
"POINT (8.704103443000065 50.127791239000032)","Unfall 192718 (2024) Kat:3, Licht: 2","192718","3","3","5","05","22","5","","2","1","1","0","0"
"POINT (8.698868778000076 50.116279958000064)","Unfall 192719 (2024) Kat:3, Licht: 0","192719","3","4","6","05","17","5","","0","0","0","1","0"
"POINT (8.692049780000048 50.119313007000073)","Unfall 192720 (2024) Kat:3, Licht: 0","192720","3","4","6","05","17","5","","0","0","0","1","0"
"POINT (8.609688281000047 50.135455955000054)","Unfall 192737 (2024) Kat:3, Licht: 0","192737","3","3","5","05","09","4","","0","1","1","0","0"
"POINT (8.630397825000045 50.084573541000054)","Unfall 192738 (2024) Kat:3, Licht: 0","192738","3","3","5","05","18","4","","0","0","1","0","0"
"POINT (8.694236885000066 50.110604010000031)","Unfall 192739 (2024) Kat:3, Licht: 0","192739","3","5","1","05","10","4","","0","1","1","0","0"
"POINT (8.668731244000071 50.123410236000041)","Unfall 192740 (2024) Kat:3, Licht: 0","192740","3","3","5","05","17","4","","0","1","1","0","0"
"POINT (8.682221554000023 50.109118667000075)","Unfall 192741 (2024) Kat:3, Licht: 0","192741","3","6","2","05","07","4","","0","0","1","0","1"
"POINT (8.648268391000045 50.121331689000044)","Unfall 192757 (2024) Kat:3, Licht: 0","192757","3","4","6","05","11","3","","0","1","0","1","0"
"POINT (8.691352660000064 50.150335906000066)","Unfall 192758 (2024) Kat:3, Licht: 0","192758","3","2","4","05","17","3","","0","0","1","0","1"
"POINT (8.609274451000033 50.126794652000058)","Unfall 192759 (2024) Kat:3, Licht: 0","192759","3","3","5","05","08","3","","0","1","1","0","0"
"POINT (8.641486577000023 50.078124765000041)","Unfall 192760 (2024) Kat:3, Licht: 0","192760","3","6","4","05","14","3","","0","1","1","0","0"
"POINT (8.665190873000029 50.111201783000070)","Unfall 192761 (2024) Kat:3, Licht: 0","192761","3","6","3","05","17","3","","0","1","0","0","0"
"POINT (8.664104221000059 50.105634954000038)","Unfall 192762 (2024) Kat:3, Licht: 0","192762","3","7","1","05","10","3","","0","0","1","0","0"
"POINT (8.691657679000059 50.122868035000067)","Unfall 192763 (2024) Kat:3, Licht: 0","192763","3","6","2","05","19","3","","0","0","1","0","0"
"POINT (8.662385664000055 50.113727508000068)","Unfall 192785 (2024) Kat:3, Licht: 0","192785","3","7","6","05","14","2","","0","0","1","1","0"
"POINT (8.689695235000045 50.154525092000029)","Unfall 192786 (2024) Kat:3, Licht: 1","192786","3","3","5","05","20","2","","1","1","1","0","0"
"POINT (8.693515304000073 50.119400247000044)","Unfall 192787 (2024) Kat:3, Licht: 0","192787","3","3","5","05","12","2","","0","1","1","0","0"
"POINT (8.701200742000026 50.106049035000069)","Unfall 192802 (2024) Kat:3, Licht: 0","192802","3","7","6","06","21","1","","0","1","0","1","0"
"POINT (8.649100014000055 50.161754818000077)","Unfall 192808 (2024) Kat:3, Licht: 0","192808","3","5","1","05","16","7","","0","0","1","0","0"
"POINT (8.607597251000072 50.175029965000078)","Unfall 192809 (2024) Kat:3, Licht: 0","192809","3","7","1","05","20","7","","0","0","1","0","0"
"POINT (8.620517234000033 50.118187586000033)","Unfall 192810 (2024) Kat:3, Licht: 0","192810","3","1","0","05","17","7","","0","0","0","0","0"
"POINT (8.656509907000043 50.106775323000079)","Unfall 192811 (2024) Kat:3, Licht: 2","192811","3","3","5","05","23","7","","2","0","1","0","0"
"POINT (8.679460042000073 50.152941286000043)","Unfall 192824 (2024) Kat:3, Licht: 0","192824","3","3","0","05","07","6","","0","1","1","0","1"
"POINT (8.592436771000052 50.086945361000062)","Unfall 192825 (2024) Kat:2, Licht: 0","192825","2","1","9","05","09","6","","0","0","1","0","0"
"POINT (8.628935475000048 50.086144468000043)","Unfall 192827 (2024) Kat:2, Licht: 0","192827","2","7","5","05","06","6","","0","0","1","0","0"
"POINT (8.708723938000048 50.124770746000081)","Unfall 192828 (2024) Kat:3, Licht: 0","192828","3","7","1","05","14","7","","0","0","1","0","0"
"POINT (8.639683175000073 50.090755082000044)","Unfall 192829 (2024) Kat:3, Licht: 0","192829","3","5","1","05","16","6","","0","1","1","0","0"
"POINT (8.634412216000044 50.105792863000033)","Unfall 192830 (2024) Kat:3, Licht: 2","192830","3","3","5","05","23","6","","2","0","1","0","0"
"POINT (8.669944600000065 50.123238886000081)","Unfall 192831 (2024) Kat:3, Licht: 0","192831","3","7","6","05","09","6","","0","1","0","1","0"
"POINT (8.582159177000051 50.106694496000046)","Unfall 192856 (2024) Kat:3, Licht: 1","192856","3","3","5","05","20","5","","1","0","1","0","0"
"POINT (8.665328748000036 50.155026022000072)","Unfall 192858 (2024) Kat:3, Licht: 0","192858","3","3","5","05","08","5","","0","1","1","0","0"
"POINT (8.680401764000067 50.147670405000042)","Unfall 192859 (2024) Kat:3, Licht: 2","192859","3","6","6","05","18","5","","2","0","1","1","0"
"POINT (8.673639165000054 50.107418514000074)","Unfall 192860 (2024) Kat:3, Licht: 1","192860","3","1","9","05","19","5","","1","0","1","0","0"
"POINT (8.688412516000028 50.117631970000048)","Unfall 192861 (2024) Kat:3, Licht: 0","192861","3","2","5","05","15","5","","0","1","1","0","0"
"POINT (8.632075666000048 50.177987842000050)","Unfall 192874 (2024) Kat:3, Licht: 0","192874","3","1","0","05","16","5","","0","1","0","0","0"