WKT,Name,OBJECTID,UKATEGORIE,UTYP1,UART,UMONAT,USTUNDE,UWOCHENTAG,STRZUSTAND,ULICHTVERH,ISTRAD,ISTPKW,ISTFUSS,ISTKRAD
"POINT (8.598676840000053 50.096535418000030)","Unfall 193709 (2024) Kat:3, Licht: 0","193709","3","3","5","07","09","3","","0","1","1","0","0"
"POINT (8.631832191000058 50.157194700000048)","Unfall 193710 (2024) Kat:3, Licht: 0","193710","3","3","5","07","18","3","","0","0","1","0","0"
"POINT (8.653661605000025 50.074946760000046)","Unfall 193711 (2024) Kat:3, Licht: 0","193711","3","6","2","07","18","3","","0","0","1","0","0"
"POINT (8.630597920000071 50.087851451000063)","Unfall 193712 (2024) Kat:3, Licht: 0","193712","3","7","0","07","10","3","","0","0","1","0","0"
"POINT (8.661965016000067 50.118455674000074)","Unfall 193713 (2024) Kat:3, Licht: 0","193713","3","6","4","07","16","3","","0","1","0","0","0"
"POINT (8.688356217000035 50.117664814000079)","Unfall 193714 (2024) Kat:3, Licht: 0","193714","3","3","5","07","11","3","","0","0","1","0","0"
"POINT (8.696525897000072 50.171559841000033)","Unfall 193726 (2024) Kat:3, Licht: 0","193726","3","1","0","07","08","4","","0","1","0","0","0"
"POINT (8.598738635000075 50.096574471000054)","Unfall 193733 (2024) Kat:3, Licht: 0","193733","3","3","5","07","16","2","","0","0","1","0","0"
"POINT (8.622578695000072 50.107863547000079)","Unfall 193734 (2024) Kat:3, Licht: 0","193734","3","6","2","07","16","2","","0","0","1","0","0"
"POINT (8.672060606000059 50.117789015000028)","Unfall 193735 (2024) Kat:3, Licht: 0","193735","3","6","4","07","19","2","","0","1","0","0","0"
"POINT (8.668093759000044 50.131569350000063)","Unfall 193736 (2024) Kat:3, Licht: 0","193736","3","6","2","07","18","2","","0","0","1","0","0"
"POINT (8.670958440000049 50.117988088000061)","Unfall 193751 (2024) Kat:3, Licht: 0","193751","3","6","0","07","09","3","","0","1","0","0","0"
"POINT (8.646738673000073 50.126782270000035)","Unfall 193755 (2024) Kat:3, Licht: 0","193755","3","3","5","06","15","1","","0","0","1","0","0"
"POINT (8.670320127000025 50.114585500000032)","Unfall 193756 (2024) Kat:3, Licht: 0","193756","3","6","4","06","12","1","","0","1","0","0","0"
"POINT (8.671439429000031 50.127249845000051)","Unfall 193757 (2024) Kat:3, Licht: 2","193757","3","1","8","06","03","1","","2","0","1","0","0"
"POINT (8.687549560000036 50.119559060000029)","Unfall 193758 (2024) Kat:3, Licht: 2","193758","3","6","2","06","00","1","","2","0","1","0","0"
"POINT (8.647874228000035 50.121572608000065)","Unfall 193770 (2024) Kat:3, Licht: 0","193770","3","5","1","06","15","7","","0","1","1","0","0"
"POINT (8.685354520000033 50.105930276000038)","Unfall 193771 (2024) Kat:3, Licht: 1","193771","3","7","6","06","21","7","","1","0","1","1","0"
"POINT (8.688373198000022 50.105069263000075)","Unfall 193772 (2024) Kat:3, Licht: 2","193772","3","7","6","06","00","7","","2","0","0","1","0"
"POINT (8.739209939000034 50.136215314000026)","Unfall 193787 (2024) Kat:3, Licht: 0","193787","3","1","0","06","11","7","","0","1","0","0","0"
"POINT (8.694730749000030 50.128488640000057)","Unfall 193791 (2024) Kat:3, Licht: 0","193791","3","3","5","07","10","7","","0","1","1","0","0"
"POINT (8.541267210000058 50.112763566000069)","Unfall 193792 (2024) Kat:3, Licht: 0","193792","3","3","5","06","07","6","","0","1","1","0","0"
"POINT (8.687365399000043 50.159855636000032)","Unfall 193793 (2024) Kat:3, Licht: 0","193793","3","3","5","06","09","6","","0","0","1","0","0"
"POINT (8.648251501000061 50.121342012000071)","Unfall 193794 (2024) Kat:3, Licht: 0","193794","3","4","6","06","14","6","","0","0","0","1","0"
"POINT (8.663210397000057 50.139653101000079)","Unfall 193795 (2024) Kat:3, Licht: 0","193795","3","5","1","06","09","6","","0","1","1","0","0"
"POINT (8.611730144000035 50.133271817000036)","Unfall 193796 (2024) Kat:3, Licht: 0","193796","3","2","3","06","17","6","","0","0","1","0","0"
"POINT (8.679802602000052 50.103087567000046)","Unfall 193797 (2024) Kat:3, Licht: 0","193797","3","4","0","06","10","6","","0","0","0","1","0"
"POINT (8.758823546000031 50.144847891000040)","Unfall 193812 (2024) Kat:3, Licht: 0","193812","3","7","1","06","19","6","","0","1","1","0","0"
"POINT (8.570372386000031 50.120229376000054)","Unfall 193821 (2024) Kat:3, Licht: 0","193821","3","7","0","06","14","5","","0","1","1","0","0"
"POINT (8.647527522000075 50.121781085000066)","Unfall 193822 (2024) Kat:3, Licht: 0","193822","3","6","4","06","16","5","","0","1","0","0","0"
"POINT (8.647007105000057 50.122089456000026)","Unfall 193823 (2024) Kat:3, Licht: 0","193823","3","7","6","06","14","5","","0","0","1","1","0"
"POINT (8.589534794000031 50.085693027000048)","Unfall 193824 (2024) Kat:3, Licht: 0","193824","3","3","5","06","09","5","","0","1","1","0","0"
"POINT (8.649178297000049 50.084001635000050)","Unfall 193826 (2024) Kat:3, Licht: 0","193826","3","6","4","06","16","5","","0","1","0","0","0"
"POINT (8.690097810000054 50.114885292000054)","Unfall 193827 (2024) Kat:3, Licht: 0","193827","3","6","4","06","12","5","","0","1","0","0","0"
"POINT (8.677476560000059 50.112316525000040)","Unfall 193828 (2024) Kat:3, Licht: 0","193828","3","5","1","06","13","5","","0","1","1","0","0"
"POINT (8.683553684000060 50.131743284000038)","Unfall 193835 (2024) Kat:3, Licht: 2","193835","3","6","2","06","23","1","","2","0","1","0","0"
"POINT (8.675188368000022 50.140020606000064)","Unfall 193847 (2024) Kat:2, Licht: 0","193847","2","1","0","06","19","4","","0","0","0","0","1"
"POINT (8.669794326000044 50.111676975000080)","Unfall 193849 (2024) Kat:3, Licht: 0","193849","3","6","2","06","19","4","","0","0","1","0","0"
"POINT (8.671066412000073 50.116724795000039)","Unfall 193850 (2024) Kat:3, Licht: 0","193850","3","3","5","06","18","4","","0","1","0","0","1"
"POINT (8.684129641000027 50.114587828000026)","Unfall 193851 (2024) Kat:3, Licht: 1","193851","3","1","6","06","23","4","","1","1","0","1","0"
"POINT (8.750791743000036 50.157547356000066)","Unfall 193883 (2024) Kat:3, Licht: 0","193883","3","4","6","06","07","4","","0","0","1","1","0"
"POINT (8.641133813000067 50.169872226000052)","Unfall 193896 (2024) Kat:3, Licht: 0","193896","3","4","6","06","13","3","","0","0","1","1","0"
"POINT (8.643179545000066 50.158412599000030)","Unfall 193897 (2024) Kat:3, Licht: 0","193897","3","3","5","06","12","3","","0","0","1","0","0"
"POINT (8.648240553000051 50.074677210000061)","Unfall 193898 (2024) Kat:2, Licht: 2","193898","2","1","0","06","22","3","","2","0","0","0","1"
"POINT (8.684585152000068 50.099519801000042)","Unfall 193899 (2024) Kat:3, Licht: 0","193899","3","2","3","06","08","3","","0","1","0","0","0"
"POINT (8.695226938000076 50.113034966000043)","Unfall 193900 (2024) Kat:3, Licht: 0","193900","3","6","2","06","11","3","","0","0","1","0","0"
"POINT (8.676160288000062 50.132112830000040)","Unfall 193902 (2024) Kat:3, Licht: 0","193902","3","6","2","06","11","3","","0","0","1","0","0"
"POINT (8.682202034000056 50.111872639000069)","Unfall 193903 (2024) Kat:3, Licht: 0","193903","3","2","3","06","12","3","","0","0","1","0","1"
"POINT (8.575092401000063 50.051963496000042)","Unfall 193924 (2024) Kat:3, Licht: 0","193924","3","6","3","06","17","2","","0","1","1","0","0"
"POINT (8.699468333000027 50.189923621000048)","Unfall 193926 (2024) Kat:3, Licht: 0","193926","3","2","3","06","17","4","","0","1","1","0","0"
"POINT (8.634695841000052 50.151760706000061)","Unfall 193931 (2024) Kat:3, Licht: 0","193931","3","7","0","06","19","2","","0","1","0","1","0"
"POINT (8.625332545000049 50.138603499000055)","Unfall 193932 (2024) Kat:3, Licht: 0","193932","3","6","2","06","17","2","","0","0","1","0","1"
"POINT (8.635185841000066 50.085246379000068)","Unfall 193934 (2024) Kat:3, Licht: 0","193934","3","5","1","06","08","2","","0","1","1","0","0"
"POINT (8.710315657000024 50.128053111000042)","Unfall 193935 (2024) Kat:3, Licht: 0","193935","3","7","1","06","19","2","","0","1","1","0","0"
"POINT (8.678106236000076 50.112696258000028)","Unfall 193936 (2024) Kat:3, Licht: 0","193936","3","4","6","06","11","6","","0","0","1","1","0"
"POINT (8.675690522000025 50.110806948000061)","Unfall 193937 (2024) Kat:3, Licht: 0","193937","3","7","0","06","17","2","","0","1","1","0","0"
"POINT (8.672753236000062 50.114924833000032)","Unfall 193938 (2024) Kat:3, Licht: 2","193938","3","6","0","06","00","2","","2","1","1","0","0"
"POINT (8.556938192000075 50.117130350000082)","Unfall 193963 (2024) Kat:3, Licht: 0","193963","3","3","5","06","15","1","","0","1","1","0","0"
"POINT (8.654112217000034 50.079628728000046)","Unfall 193964 (2024) Kat:3, Licht: 1","193964","3","7","1","06","21","1","","1","0","0","0","0"
"POINT (8.714614611000059 50.125395697000044)","Unfall 193976 (2024) Kat:3, Licht: 0","193976","3","7","1","06","15","7","","0","0","1","0","0"
"POINT (8.685602456000026 50.128343819000065)","Unfall 193977 (2024) Kat:3, Licht: 0","193977","3","5","1","06","11","7","","0","1","1","0","0"
"POINT (8.650372578000031 50.088520952000067)","Unfall 194004 (2024) Kat:3, Licht: 0","194004","3","3","5","06","11","6","","0","1","1","0","0"
"POINT (8.686490469000034 50.096233341000072)","Unfall 194005 (2024) Kat:3, Licht: 0","194005","3","6","2","06","15","6","","0","1","0","0","0"
"POINT (8.690250886000058 50.103838438000025)","Unfall 194006 (2024) Kat:3, Licht: 0","194006","3","5","1","06","19","6","","0","0","1","0","0"
"POINT (8.707870971000034 50.126251045000060)","Unfall 194007 (2024) Kat:3, Licht: 0","194007","3","7","1","06","10","6","","0","0","0","1","0"
"POINT (8.662505687000021 50.111988574000065)","Unfall 194026 (2024) Kat:2, Licht: 0","194026","2","1","1","06","19","5","","0","0","1","0","0"
"POINT (8.650170982000077 50.114193461000070)","Unfall 194027 (2024) Kat:3, Licht: 0","194027","3","7","1","06","10","5","","0","0","1","0","0"
"POINT (8.589880401000073 50.085846097000058)","Unfall 194028 (2024) Kat:3, Licht: 1","194028","3","3","5","06","21","5","","1","1","1","0","0"
"POINT (8.677761876000034 50.105462511000042)","Unfall 194029 (2024) Kat:3, Licht: 1","194029","3","3","5","06","21","5","","1","0","1","0","0"
"POINT (8.719234647000064 50.123096506000081)","Unfall 194030 (2024) Kat:3, Licht: 0","194030","3","3","5","06","16","5","","0","0","1","0","0"
"POINT (8.609701576000020 50.114661665000028)","Unfall 194041 (2024) Kat:3, Licht: 0","194041","3","3","5","06","20","3","","0","1","1","0","0"
"POINT (8.688172051000038 50.112424374000057)","Unfall 194047 (2024) Kat:3, Licht: 2","194047","3","6","2","06","00","1","","2","1","1","0","0"
"POINT (8.752781184000071 50.155139039000062)","Unfall 194050 (2024) Kat:3, Licht: 0","194050","3","2","2","06","17","5","","0","1","1","0","0"
"POINT (8.657625117000066 50.115386007000041)","Unfall 194056 (2024) Kat:3, Licht: 0","194056","3","2","0","06","14","4","","0","1","1","0","0"
"POINT (8.604080078000038 50.086148452000032)","Unfall 194057 (2024) Kat:3, Licht: 0","194057","3","6","2","06","10","4","","0","1","1","0","0"
"POINT (8.665202574000034 50.111188616000049)","Unfall 194058 (2024) Kat:3, Licht: 0","194058","3","2","3","07","16","5","","0","1","1","0","0"
"POINT (8.715224789000047 50.111321901000053)","Unfall 194059 (2024) Kat:3, Licht: 0","194059","3","2","4","06","18","4","","0","0","1","0","0"
"POINT (8.670948896000027 50.131641701000035)","Unfall 194060 (2024) Kat:3, Licht: 0","194060","3","6","2","06","14","4","","0","0","1","0","1"
"POINT (8.641814600000032 50.157893613000056)","Unfall 194081 (2024) Kat:2, Licht: 0","194081","2","7","1","06","17","3","","0","1","1","0","0"
"POINT (8.670698959000049 50.149179355000058)","Unfall 194082 (2024) Kat:3, Licht: 0","194082","3","6","2","06","08","3","","0","0","1","0","1"
"POINT (8.673589201000027 50.098100575000046)","Unfall 194083 (2024) Kat:3, Licht: 0","194083","3","3","5","06","20","3","","0","0","1","0","1"
"POINT (8.674291341000071 50.101367542000048)","Unfall 194084 (2024) Kat:3, Licht: 0","194084","3","5","1","06","08","3","","0","1","1","0","0"
"POINT (8.708468189000030 50.127575158000070)","Unfall 194091 (2024) Kat:3, Licht: 2","194091","3","7","0","07","21","6","","2","1","0","0","0"
"POINT (8.687791349000065 50.107380277000061)","Unfall 194109 (2024) Kat:3, Licht: 0","194109","3","2","5","06","18","2","","0","1","1","0","0"
"POINT (8.634562520000031 50.105755066000029)","Unfall 194110 (2024) Kat:3, Licht: 0","194110","3","3","5","06","15","2","","0","1","1","0","0"
"POINT (8.692665970000064 50.122999944000071)","Unfall 194111 (2024) Kat:3, Licht: 0","194111","3","6","3","06","16","2","","0","1","0","0","0"
"POINT (8.757385270000043 50.132998664000070)","Unfall 194119 (2024) Kat:2, Licht: 0","194119","2","3","5","06","07","2","","0","1","1","0","0"
"POINT (8.664365926000073 50.108314511000060)","Unfall 194125 (2024) Kat:3, Licht: 0","194125","3","6","2","06","10","1","","0","0","1","0","0"
"POINT (8.658419816000048 50.186143344000072)","Unfall 194135 (2024) Kat:3, Licht: 0","194135","3","6","2","06","15","7","","0","0","1","0","0"
"POINT (8.712162736000039 50.133587043000034)","Unfall 194136 (2024) Kat:3, Licht: 0","194136","3","2","2","06","17","7","","0","0","1","0","0"
"POINT (8.687494499000024 50.117109503000052)","Unfall 194137 (2024) Kat:3, Licht: 0","194137","3","4","0","06","16","7","","0","0","0","1","0"
"POINT (8.622149410000077 50.147440352000046)","Unfall 194156 (2024) Kat:3, Licht: 0","194156","3","6","0","06","14","6","","0","1","1","0","0"
"POINT (8.642925091000052 50.114686440000071)","Unfall 194157 (2024) Kat:3, Licht: 0","194157","3","7","0","06","15","6","","0","0","1","0","0"
"POINT (8.629320414000063 50.133404194000036)","Unfall 194158 (2024) Kat:3, Licht: 0","194158","3","7","1","06","15","6","","0","0","1","0","0"
"POINT (8.671531593000054 50.087674399000036)","Unfall 194159 (2024) Kat:2, Licht: 0","194159","2","3","5","06","16","6","","0","0","1","0","0"
"POINT (8.683526710000024 50.101805701000046)","Unfall 194160 (2024) Kat:3, Licht: 0","194160","3","4","6","06","11","6","","0","0","1","1","0"
"POINT (8.738704334000033 50.121761727000035)","Unfall 194161 (2024) Kat:3, Licht: 0","194161","3","6","2","06","13","6","","0","0","1","0","0"
"POINT (8.669975177000026 50.138513403000047)","Unfall 194182 (2024) Kat:3, Licht: 0","194182","3","3","5","06","17","5","","0","0","1","0","0"
"POINT (8.686298181000041 50.123736182000073)","Unfall 194184 (2024) Kat:3, Licht: 0","194184","3","2","0","06","17","5","","0","1","1","0","0"
"POINT (8.646580099000062 50.156949730000065)","Unfall 194198 (2024) Kat:3, Licht: 0","194198","3","4","6","06","16","4","","0","0","1","1","0"
"POINT (8.647208554000031 50.160051329000055)","Unfall 194199 (2024) Kat:3, Licht: 0","194199","3","3","5","06","07","4","","0","0","1","0","1"
"POINT (8.656202003000033 50.116449208000063)","Unfall 194200 (2024) Kat:3, Licht: 0","194200","3","3","5","06","07","4","","0","1","1","0","0"
"POINT (8.642679105000070 50.137632247000056)","Unfall 194202 (2024) Kat:3, Licht: 0","194202","3","6","6","06","18","4","","0","0","1","1","0"
"POINT (8.634484806000046 50.081342668000048)","Unfall 194203 (2024) Kat:3, Licht: 0","194203","3","4","6","06","16","4","","0","0","1","1","0"
"POINT (8.707364355000038 50.120666562000054)","Unfall 194204 (2024) Kat:3, Licht: 0","194204","3","3","5","06","15","4","","0","0","1","0","0"
"POINT (8.656580763000022 50.106661348000046)","Unfall 194205 (2024) Kat:3, Licht: 0","194205","3","6","8","06","08","4","","0","1","0","0","0"
"POINT (8.692896217000055 50.128942562000077)","Unfall 194206 (2024) Kat:2, Licht: 0","194206","2","3","5","06","13","4","","0","1","0","0","0"
"POINT (8.676528184000063 50.132146205000026)","Unfall 194207 (2024) Kat:3, Licht: 0","194207","3","2","3","06","07","4","","0","1","1","0","0"
"POINT (8.670593086000054 50.120209974000034)","Unfall 194208 (2024) Kat:3, Licht: 0","194208","3","2","3","06","10","4","","0","1","1","0","0"
"POINT (8.679405133000046 50.111218028000053)","Unfall 194209 (2024) Kat:3, Licht: 0","194209","3","3","5","06","16","4","","0","0","0","0","1"
"POINT (8.696600240000066 50.126922275000027)","Unfall 194217 (2024) Kat:2, Licht: 2","194217","2","1","0","06","01","6","","2","0","0","0","0"
"POINT (8.742385731000070 50.155323979000059)","Unfall 194220 (2024) Kat:3, Licht: 0","194220","3","3","5","06","17","4","","0","1","0","0","0"
"POINT (8.680289832000028 50.121196686000076)","Unfall 194224 (2024) Kat:3, Licht: 0","194224","3","6","0","06","06","3","","0","1","0","0","0"
"POINT (8.558114088000025 50.106937985000059)","Unfall 194247 (2024) Kat:3, Licht: 0","194247","3","7","7","06","15","2","","0","1","0","1","0"
"POINT (8.540806991000068 50.111015446000067)","Unfall 194249 (2024) Kat:3, Licht: 0","194249","3","4","6","06","14","2","","0","0","1","1","0"
"POINT (8.569226133000029 50.121047642000065)","Unfall 194250 (2024) Kat:3, Licht: 0","194250","3","1","0","06","12","2","","0","0","1","0","0"
"POINT (8.631488687000058 50.175840919000052)","Unfall 194251 (2024) Kat:3, Licht: 0","194251","3","3","5","06","13","2","","0","1","1","0","0"
"POINT (8.551932556000054 50.085466389000032)","Unfall 194252 (2024) Kat:3, Licht: 0","194252","3","3","5","06","15","2","","0","0","1","0","0"
"POINT (8.679160423000042 50.117887367000037)","Unfall 194253 (2024) Kat:3, Licht: 0","194253","3","2","2","06","17","2","","0","0","1","0","0"
"POINT (8.672565297000062 50.118999548000033)","Unfall 194254 (2024) Kat:3, Licht: 0","194254","3","3","5","06","18","2","","0","1","1","0","0"
"POINT (8.676600634000067 50.114213402000075)","Unfall 194256 (2024) Kat:3, Licht: 0","194256","3","3","5","06","17","2","","0","1","0","0","0"
"POINT (8.737882813000056 50.137780803000055)","Unfall 194258 (2024) Kat:3, Licht: 0","194258","3","5","1","07","09","2","","0","0","1","0","0"
"POINT (8.581766593000054 50.101844636000067)","Unfall 194274 (2024) Kat:3, Licht: 0","194274","3","3","5","09","13","6","","0","1","1","0","0"
"POINT (8.602125371000056 50.091768429000069)","Unfall 194275 (2024) Kat:3, Licht: 0","194275","3","3","5","09","11","6","","0","0","1","0","0"
"POINT (8.637235254000075 50.180844744000069)","Unfall 194276 (2024) Kat:3, Licht: 0","194276","3","2","5","09","13","6","","0","0","1","0","0"
"POINT (8.682412410000040 50.101253626000073)","Unfall 194277 (2024) Kat:3, Licht: 2","194277","3","3","5","09","06","6","","2","1","1","0","0"
"POINT (8.656593026000053 50.106649030000028)","Unfall 194278 (2024) Kat:3, Licht: 0","194278","3","2","6","09","17","6","","0","0","1","1","0"
"POINT (8.656671218000042 50.106570491000070)","Unfall 194279 (2024) Kat:3, Licht: 2","194279","3","4","6","09","20","6","","2","0","1","1","0"
"POINT (8.666991909000046 50.107716660000051)","Unfall 194280 (2024) Kat:3, Licht: 0","194280","3","4","6","09","17","6","","0","0","1","1","0"
"POINT (8.673105791000069 50.116732393000063)","Unfall 194281 (2024) Kat:3, Licht: 0","194281","3","4","6","09","16","6","","0","0","1","1","0"
"POINT (8.672535827000047 50.111674724000068)","Unfall 194282 (2024) Kat:3, Licht: 1","194282","3","2","3","09","19","6","","1","0","1","0","0"
"POINT (8.688384017000033 50.117642919000048)","Unfall 194283 (2024) Kat:3, Licht: 0","194283","3","2","5","09","12","6","","0","1","1","0","0"
"POINT (8.761569692000023 50.124662373000035)","Unfall 194293 (2024) Kat:3, Licht: 0","194293","3","4","6","09","14","6","","0","0","1","1","0"
"POINT (8.652915197000027 50.126937234000081)","Unfall 194300 (2024) Kat:3, Licht: 0","194300","3","5","1","09","17","5","","0","1","1","0","0"
"POINT (8.654803258000072 50.116545587000076)","Unfall 194301 (2024) Kat:3, Licht: 0","194301","3","2","0","09","14","5","","0","1","1","0","0"
"POINT (8.646000640000068 50.115799620000075)","Unfall 194302 (2024) Kat:3, Licht: 0","194302","3","7","4","09","08","5","","0","1","0","0","0"
"POINT (8.637338389000035 50.104093897000041)","Unfall 194303 (2024) Kat:3, Licht: 0","194303","3","4","6","09","16","5","","0","0","1","1","0"
"POINT (8.629623431000027 50.105264042000044)","Unfall 194304 (2024) Kat:3, Licht: 2","194304","3","2","5","09","04","5","","2","0","1","0","0"
"POINT (8.657720907000055 50.119532136000032)","Unfall 194305 (2024) Kat:3, Licht: 2","194305","3","6","2","09","23","5","","2","0","1","0","0"
"POINT (8.675881597000057 50.110969443000045)","Unfall 194306 (2024) Kat:3, Licht: 0","194306","3","5","1","09","14","5","","0","0","1","0","0"
"POINT (8.567939530000046 50.023363906000043)","Unfall 194315 (2024) Kat:3, Licht: 0","194315","3","6","8","09","15","4","","0","1","0","0","0"
"POINT (8.596871133000036 50.056342190000066)","Unfall 194316 (2024) Kat:3, Licht: 0","194316","3","5","1","09","12","4","","0","1","1","0","0"
"POINT (8.645700962000035 50.164117200000078)","Unfall 194323 (2024) Kat:3, Licht: 0","194323","3","4","6","09","16","4","","0","0","1","1","0"
"POINT (8.672690930000044 50.133505823000064)","Unfall 194324 (2024) Kat:3, Licht: 0","194324","3","5","1","09","16","4","","0","1","1","0","0"
"POINT (8.667225817000030 50.131661724000026)","Unfall 194325 (2024) Kat:3, Licht: 0","194325","3","7","6","09","08","4","","0","1","0","1","0"
"POINT (8.598293035000040 50.097796907000031)","Unfall 194350 (2024) Kat:3, Licht: 2","194350","3","4","6","09","23","3","","2","0","1","1","0"
"POINT (8.661689536000040 50.140405509000061)","Unfall 194351 (2024) Kat:3, Licht: 0","194351","3","2","2","09","09","3","","0","0","1","0","0"
"POINT (8.711383078000040 50.110193093000078)","Unfall 194352 (2024) Kat:3, Licht: 0","194352","3","3","5","09","18","3","","0","0","1","0","1"
"POINT (8.667763981000064 50.112614034000046)","Unfall 194353 (2024) Kat:3, Licht: 0","194353","3","6","3","09","16","3","","0","1","0","0","1"
"POINT (8.686559777000070 50.120020253000064)","Unfall 194354 (2024) Kat:2, Licht: 0","194354","2","2","3","09","16","3","","0","1","1","0","0"
"POINT (8.679057158000035 50.116949646000080)","Unfall 194355 (2024) Kat:3, Licht: 2","194355","3","6","3","09","22","3","","2","0","1","0","1"
"POINT (8.536117193000052 50.114521206000063)","Unfall 194370 (2024) Kat:3, Licht: 0","194370","3","3","5","09","14","2","","0","0","1","0","0"
"POINT (8.665096674000040 50.122149416000070)","Unfall 194371 (2024) Kat:3, Licht: 0","194371","3","3","5","09","08","2","","0","1","1","0","0"
"POINT (8.687791863000029 50.114217664000080)","Unfall 194372 (2024) Kat:3, Licht: 0","194372","3","6","2","09","16","2","","0","0","1","0","0"
"POINT (8.678976384000066 50.113100667000026)","Unfall 194373 (2024) Kat:3, Licht: 0","194373","3","6","3","09","16","2","","0","0","1","0","0"
"POINT (8.708960113000046 50.203720542000042)","Unfall 194391 (2024) Kat:3, Licht: 2","194391","3","7","6","09","02","1","","2","1","0","1","0"
"POINT (8.652974680000057 50.127072155000064)","Unfall 194392 (2024) Kat:3, Licht: 0","194392","3","3","5","09","15","1","","0","0","1","0","0"
"POINT (8.650985437000031 50.144612817000052)","Unfall 194402 (2024) Kat:3, Licht: 0","194402","3","7","2","09","18","7","","0","1","1","0","0"
"POINT (8.692269315000033 50.100555938000070)","Unfall 194403 (2024) Kat:3, Licht: 0","194403","3","3","6","09","09","7","","0","0","1","1","0"
"POINT (8.676355247000060 50.116280227000061)","Unfall 194404 (2024) Kat:3, Licht: 2","194404","3","6","2","09","23","7","","2","0","1","0","0"
"POINT (8.568524097000022 50.050219550000065)","Unfall 194409 (2024) Kat:3, Licht: 0","194409","3","6","3","09","14","6","","0","0","1","0","0"
"POINT (8.532124420000059 50.109054531000027)","Unfall 194412 (2024) Kat:3, Licht: 0","194412","3","2","5","09","15","6","","0","0","1","0","0"
"POINT (8.712263681000024 50.202058485000066)","Unfall 194413 (2024) Kat:3, Licht: 0","194413","3","3","5","09","13","6","","0","1","1","0","0"
"POINT (8.686092989000031 50.120475312000053)","Unfall 194414 (2024) Kat:3, Licht: 0","194414","3","4","6","09","08","6","","0","0","1","1","0"
"POINT (8.676771911000060 50.111726571000077)","Unfall 194415 (2024) Kat:3, Licht: 0","194415","3","2","4","09","12","6","","0","1","0","0","0"
"POINT (8.587860947000024 50.056472228000075)","Unfall 194424 (2024) Kat:3, Licht: 0","194424","3","6","1","09","12","5","","0","0","1","0","0"
"POINT (8.648272953000060 50.114801933000081)","Unfall 194430 (2024) Kat:3, Licht: 0","194430","3","1","0","09","11","5","","0","0","0","0","1"
"POINT (8.676440637000042 50.132221702000038)","Unfall 194431 (2024) Kat:3, Licht: 0","194431","3","3","5","09","09","5","","0","0","1","0","0"
"POINT (8.546881607000046 50.100910248000048)","Unfall 194443 (2024) Kat:3, Licht: 0","194443","3","2","6","09","09","4","","0","0","1","1","0"
"POINT (8.635699627000065 50.157198103000042)","Unfall 194444 (2024) Kat:3, Licht: 0","194444","3","6","0","09","09","4","","0","0","1","0","1"
"POINT (8.630503541000053 50.103579596000031)","Unfall 194445 (2024) Kat:3, Licht: 2","194445","3","6","6","09","20","4","","2","1","0","1","0"
"POINT (8.667071897000028 50.111102203000030)","Unfall 194446 (2024) Kat:3, Licht: 0","194446","3","7","6","09","18","4","","0","1","0","1","0"
"POINT (8.667137623000031 50.109256812000069)","Unfall 194447 (2024) Kat:3, Licht: 0","194447","3","4","6","09","15","4","","0","0","1","1","0"
"POINT (8.677022285000021 50.200591451000037)","Unfall 194463 (2024) Kat:2, Licht: 0","194463","2","5","1","09","18","3","","0","0","1","0","0"
"POINT (8.616134507000027 50.161908518000075)","Unfall 194464 (2024) Kat:2, Licht: 2","194464","2","3","5","09","20","3","","2","1","0","0","0"
"POINT (8.656652860000065 50.109745524000061)","Unfall 194465 (2024) Kat:3, Licht: 0","194465","3","3","5","09","06","3","","0","1","1","0","0"
"POINT (8.654843689000074 50.158921769000074)","Unfall 194466 (2024) Kat:3, Licht: 0","194466","3","6","2","09","17","3","","0","0","1","0","1"
"POINT (8.609855201000073 50.125679280000043)","Unfall 194467 (2024) Kat:3, Licht: 0","194467","3","7","0","09","18","3","","0","0","0","0","0"
"POINT (8.685679488000062 50.097728853000035)","Unfall 194468 (2024) Kat:3, Licht: 0","194468","3","6","2","09","16","3","","0","0","1","0","0"
"POINT (8.670398425000030 50.104662743000063)","Unfall 194469 (2024) Kat:3, Licht: 0","194469","3","6","3","09","07","3","","0","1","1","0","0"
"POINT (8.667519511000023 50.148391077000042)","Unfall 194492 (2024) Kat:3, Licht: 1","194492","3","3","0","09","19","2","","1","1","1","0","0"
"POINT (8.705841813000063 50.143762450000054)","Unfall 194493 (2024) Kat:3, Licht: 0","194493","3","2","6","09","13","2","","0","0","0","1","0"
"POINT (8.738981287000058 50.121877181000059)","Unfall 194494 (2024) Kat:3, Licht: 2","194494","3","6","2","09","20","2","","2","0","1","0","0"
"POINT (8.673515689000055 50.114800769000055)","Unfall 194506 (2024) Kat:3, Licht: 0","194506","3","1","0","09","09","5","","0","0","0","0","0"
"POINT (8.569758909000029 50.050647151000078)","Unfall 194510 (2024) Kat:3, Licht: 0","194510","3","7","0","09","16","1","","0","0","1","1","0"