WKT,Name,OBJECTID,UKATEGORIE,UTYP1,UART,UMONAT,USTUNDE,UWOCHENTAG,STRZUSTAND,ULICHTVERH,ISTRAD,ISTPKW,ISTFUSS,ISTKRAD
"POINT (8.678598227000066 50.101347016000034)","Unfall 194514 (2024) Kat:3, Licht: 0","194514","3","6","4","09","17","1","","0","1","1","0","0"
"POINT (8.668218969000065 50.113081772000044)","Unfall 194515 (2024) Kat:3, Licht: 2","194515","3","1","9","09","00","1","","2","0","1","0","0"
"POINT (8.622471067000049 50.175040720000027)","Unfall 194535 (2024) Kat:3, Licht: 0","194535","3","1","8","09","16","7","","0","0","1","0","0"
"POINT (8.643677589000049 50.111585359000060)","Unfall 194536 (2024) Kat:3, Licht: 0","194536","3","6","2","09","12","7","","0","0","1","0","0"
"POINT (8.714533162000066 50.132441794000044)","Unfall 194537 (2024) Kat:2, Licht: 0","194537","2","5","1","09","18","7","","0","0","1","0","0"
"POINT (8.638246250000066 50.104401471000074)","Unfall 194538 (2024) Kat:3, Licht: 0","194538","3","5","1","09","10","7","","0","1","0","0","0"
"POINT (8.676201037000055 50.118009640000082)","Unfall 194548 (2024) Kat:3, Licht: 2","194548","3","1","9","09","06","2","","2","0","1","0","0"
"POINT (8.767055182000036 50.121285902000068)","Unfall 194558 (2024) Kat:3, Licht: 2","194558","3","6","2","09","22","7","","2","0","1","0","0"
"POINT (8.518853185000069 50.081516189000070)","Unfall 194561 (2024) Kat:3, Licht: 2","194561","3","5","1","09","23","6","","2","1","1","0","0"
"POINT (8.598594169000023 50.110905234000029)","Unfall 194562 (2024) Kat:3, Licht: 0","194562","3","2","2","09","17","6","","0","0","1","0","0"
"POINT (8.623848658000043 50.129179381000029)","Unfall 194563 (2024) Kat:3, Licht: 0","194563","3","2","3","09","08","6","","0","1","1","0","0"
"POINT (8.702385609000032 50.118064592000053)","Unfall 194564 (2024) Kat:3, Licht: 0","194564","3","5","1","09","17","6","","0","1","1","0","0"
"POINT (8.587817714000039 50.056531181000025)","Unfall 194575 (2024) Kat:3, Licht: 0","194575","3","6","2","09","13","5","","0","0","1","0","0"
"POINT (8.632772961000057 50.118538955000076)","Unfall 194582 (2024) Kat:3, Licht: 0","194582","3","5","1","09","13","5","","0","1","1","0","0"
"POINT (8.691746257000034 50.124036547000060)","Unfall 194583 (2024) Kat:3, Licht: 0","194583","3","2","3","09","18","5","","0","1","1","0","0"
"POINT (8.692519967000067 50.109279712000045)","Unfall 194584 (2024) Kat:3, Licht: 0","194584","3","6","3","09","14","5","","0","0","1","0","1"
"POINT (8.654589604000023 50.078754550000042)","Unfall 194611 (2024) Kat:3, Licht: 0","194611","3","6","2","09","09","4","","0","0","1","0","0"
"POINT (8.723975644000063 50.123251668000080)","Unfall 194612 (2024) Kat:3, Licht: 0","194612","3","3","5","09","14","4","","0","1","1","0","0"
"POINT (8.668017705000068 50.108285209000030)","Unfall 194613 (2024) Kat:3, Licht: 0","194613","3","4","6","09","19","4","","0","0","1","1","0"
"POINT (8.575012977000029 50.104557083000032)","Unfall 194637 (2024) Kat:3, Licht: 0","194637","3","3","5","09","16","3","","0","0","1","0","0"
"POINT (8.693337294000060 50.104481985000064)","Unfall 194638 (2024) Kat:3, Licht: 0","194638","3","3","5","09","07","3","","0","1","0","0","0"
"POINT (8.663547915000038 50.110387642000035)","Unfall 194639 (2024) Kat:3, Licht: 0","194639","3","7","0","09","14","3","","0","1","0","0","0"
"POINT (8.643809835000070 50.106595056000060)","Unfall 194640 (2024) Kat:3, Licht: 0","194640","3","2","4","09","10","3","","0","0","1","0","0"
"POINT (8.673264574000029 50.154431005000049)","Unfall 194666 (2024) Kat:2, Licht: 0","194666","2","1","0","09","13","2","","0","1","0","0","0"
"POINT (8.717138902000045 50.123586917000068)","Unfall 194667 (2024) Kat:3, Licht: 0","194667","3","2","3","09","14","2","","0","0","1","0","0"
"POINT (8.685680681000065 50.126655325000058)","Unfall 194668 (2024) Kat:3, Licht: 0","194668","3","1","0","09","08","2","","0","1","0","0","0"
"POINT (8.590903658000059 50.058869004000030)","Unfall 194679 (2024) Kat:3, Licht: 2","194679","3","3","5","09","05","1","","2","0","1","0","0"
"POINT (8.740927788000022 50.121458175000043)","Unfall 194685 (2024) Kat:2, Licht: 2","194685","2","6","4","09","01","1","","2","0","1","0","1"
"POINT (8.666951186000063 50.109267311000053)","Unfall 194686 (2024) Kat:3, Licht: 0","194686","3","4","6","09","16","1","","0","0","0","1","1"
"POINT (8.571889875000068 50.051157015000058)","Unfall 194693 (2024) Kat:3, Licht: 2","194693","3","7","0","08","05","7","","2","0","1","1","0"
"POINT (8.683907223000062 50.123799257000030)","Unfall 194694 (2024) Kat:2, Licht: 0","194694","2","3","5","09","16","6","","0","1","1","0","0"
"POINT (8.607000725000034 50.095239405000029)","Unfall 194699 (2024) Kat:2, Licht: 0","194699","2","4","6","08","17","7","","0","0","1","1","0"
"POINT (8.652669101000072 50.190236408000032)","Unfall 194700 (2024) Kat:3, Licht: 0","194700","3","6","2","08","12","7","","0","0","1","0","1"
"POINT (8.668314399000053 50.133348822000073)","Unfall 194701 (2024) Kat:3, Licht: 0","194701","3","7","6","08","17","7","","0","1","0","1","0"
"POINT (8.623840084000051 50.129226183000071)","Unfall 194702 (2024) Kat:2, Licht: 2","194702","2","1","0","08","23","7","","2","0","0","0","1"
"POINT (8.663909604000025 50.105559226000025)","Unfall 194703 (2024) Kat:2, Licht: 0","194703","2","5","1","08","11","7","","0","1","1","0","0"
"POINT (8.684940177000044 50.101022620000037)","Unfall 194719 (2024) Kat:3, Licht: 2","194719","3","3","5","08","23","6","","2","0","1","0","0"
"POINT (8.711225745000036 50.116753743000061)","Unfall 194720 (2024) Kat:3, Licht: 0","194720","3","4","0","08","19","6","","0","1","0","1","0"
"POINT (8.607227886000032 50.090812503000052)","Unfall 194740 (2024) Kat:3, Licht: 0","194740","3","7","1","08","08","5","","0","0","1","0","0"
"POINT (8.654800540000053 50.116530349000072)","Unfall 194741 (2024) Kat:3, Licht: 1","194741","3","3","5","08","20","5","","1","0","1","0","0"
"POINT (8.651543172000061 50.109120595000036)","Unfall 194742 (2024) Kat:3, Licht: 0","194742","3","6","2","08","20","5","","0","0","1","0","0"
"POINT (8.679680343000030 50.117264166000041)","Unfall 194743 (2024) Kat:3, Licht: 0","194743","3","6","4","08","17","5","","0","1","0","0","0"
"POINT (8.680702366000048 50.113382699000056)","Unfall 194772 (2024) Kat:3, Licht: 2","194772","3","7","6","08","22","6","","2","0","0","1","0"
"POINT (8.646760467000036 50.126818431000061)","Unfall 194774 (2024) Kat:3, Licht: 0","194774","3","3","5","08","10","4","","0","0","1","0","0"
"POINT (8.724543176000054 50.122992492000037)","Unfall 194775 (2024) Kat:3, Licht: 0","194775","3","6","2","08","09","4","","0","0","1","0","0"
"POINT (8.669738118000055 50.110178751000035)","Unfall 194776 (2024) Kat:3, Licht: 0","194776","3","6","3","08","10","4","","0","0","0","0","0"
"POINT (8.663343327000064 50.101428993000070)","Unfall 194777 (2024) Kat:3, Licht: 0","194777","3","7","9","08","09","4","","0","0","1","0","0"
"POINT (8.610902621000037 50.096606512000051)","Unfall 194804 (2024) Kat:3, Licht: 0","194804","3","2","5","08","17","3","","0","1","1","0","0"
"POINT (8.584699304000026 50.107412012000054)","Unfall 194805 (2024) Kat:3, Licht: 0","194805","3","6","2","08","15","3","","0","0","1","0","1"
"POINT (8.668818235000060 50.138118555000062)","Unfall 194806 (2024) Kat:3, Licht: 0","194806","3","6","3","08","12","3","","0","0","1","0","0"
"POINT (8.606692016000068 50.127275367000038)","Unfall 194807 (2024) Kat:3, Licht: 0","194807","3","1","0","08","07","3","","0","1","0","0","0"
"POINT (8.698691365000059 50.128595225000026)","Unfall 194808 (2024) Kat:3, Licht: 2","194808","3","7","5","08","23","3","","2","1","1","0","0"
"POINT (8.656233278000059 50.106764504000068)","Unfall 194809 (2024) Kat:3, Licht: 0","194809","3","3","5","08","18","3","","0","1","0","0","0"
"POINT (8.681789923000053 50.116392201000053)","Unfall 194810 (2024) Kat:2, Licht: 0","194810","2","2","5","08","07","3","","0","1","1","0","0"
"POINT (8.567805598000064 50.050125197000057)","Unfall 194832 (2024) Kat:3, Licht: 0","194832","3","6","0","09","14","6","","0","0","0","0","1"
"POINT (8.549704700000063 50.100687109000035)","Unfall 194836 (2024) Kat:3, Licht: 0","194836","3","7","6","08","16","2","","0","0","0","1","0"
"POINT (8.563356336000027 50.119940494000048)","Unfall 194837 (2024) Kat:3, Licht: 0","194837","3","3","5","08","14","2","","0","0","1","0","0"
"POINT (8.716606574000025 50.123544723000066)","Unfall 194838 (2024) Kat:2, Licht: 0","194838","2","2","3","08","09","2","","0","1","1","0","0"
"POINT (8.697719221000057 50.115909623000050)","Unfall 194839 (2024) Kat:3, Licht: 0","194839","3","6","2","08","08","2","","0","0","1","0","1"
"POINT (8.692889484000034 50.119008570000062)","Unfall 194840 (2024) Kat:3, Licht: 0","194840","3","6","2","08","09","2","","0","1","1","0","0"
"POINT (8.607469676000051 50.112514008000062)","Unfall 194856 (2024) Kat:3, Licht: 2","194856","3","6","2","08","21","1","","2","0","1","0","0"
"POINT (8.627099895000072 50.113337925000053)","Unfall 194870 (2024) Kat:3, Licht: 0","194870","3","3","5","08","18","7","","0","0","1","0","0"
"POINT (8.648553048000053 50.108524343000056)","Unfall 194871 (2024) Kat:3, Licht: 0","194871","3","1","6","08","16","7","","0","0","0","1","0"
"POINT (8.603280940000047 50.080789484000036)","Unfall 194872 (2024) Kat:3, Licht: 0","194872","3","3","5","08","16","7","","0","1","1","0","0"
"POINT (8.677201041000046 50.106041988000072)","Unfall 194873 (2024) Kat:3, Licht: 0","194873","3","6","6","08","19","7","","0","1","0","1","0"
"POINT (8.679771762000030 50.103130162000070)","Unfall 194874 (2024) Kat:3, Licht: 2","194874","3","6","1","08","02","7","","2","0","1","0","0"
"POINT (8.697878105000029 50.121312918000058)","Unfall 194875 (2024) Kat:3, Licht: 0","194875","3","5","1","08","12","7","","0","0","1","0","1"
"POINT (8.561715663000030 50.021893406000061)","Unfall 194887 (2024) Kat:3, Licht: 0","194887","3","6","4","08","10","6","","0","0","0","0","0"
"POINT (8.549303650000070 50.079114453000045)","Unfall 194891 (2024) Kat:3, Licht: 0","194891","3","3","5","08","07","6","","0","0","1","0","0"
"POINT (8.673549529000070 50.106555965000041)","Unfall 194893 (2024) Kat:3, Licht: 0","194893","3","7","0","08","14","6","","0","1","0","0","0"
"POINT (8.689070283000035 50.118465055000058)","Unfall 194894 (2024) Kat:3, Licht: 2","194894","3","3","5","08","21","6","","2","0","0","0","1"
"POINT (8.688191894000056 50.112339709000025)","Unfall 194895 (2024) Kat:3, Licht: 0","194895","3","2","3","08","11","6","","0","1","1","0","0"
"POINT (8.652174912000021 50.081920392000029)","Unfall 194911 (2024) Kat:3, Licht: 0","194911","3","6","2","08","14","5","","0","0","1","0","0"
"POINT (8.675316360000068 50.107947244000059)","Unfall 194934 (2024) Kat:3, Licht: 1","194934","3","3","5","09","07","3","","1","1","1","0","0"
"POINT (8.709178525000027 50.202909116000058)","Unfall 194936 (2024) Kat:3, Licht: 0","194936","3","5","1","08","10","4","","0","1","1","0","0"
"POINT (8.658087894000062 50.145893224000076)","Unfall 194937 (2024) Kat:3, Licht: 0","194937","3","3","5","08","10","4","","0","1","1","0","0"
"POINT (8.681270313000027 50.095227830000056)","Unfall 194938 (2024) Kat:3, Licht: 0","194938","3","6","3","08","11","4","","0","0","0","0","0"
"POINT (8.684862492000036 50.113485818000072)","Unfall 194939 (2024) Kat:3, Licht: 0","194939","3","3","5","08","13","4","","0","0","1","0","0"
"POINT (8.690735098000061 50.098608655000078)","Unfall 194941 (2024) Kat:3, Licht: 0","194941","3","7","6","09","13","2","","0","0","1","1","0"
"POINT (8.697966564000069 50.108964761000038)","Unfall 194953 (2024) Kat:3, Licht: 0","194953","3","5","1","08","14","3","","0","0","1","0","0"
"POINT (8.683931596000036 50.130271239000081)","Unfall 194954 (2024) Kat:3, Licht: 0","194954","3","3","5","08","13","3","","0","1","1","0","0"
"POINT (8.675874087000068 50.133863953000059)","Unfall 194974 (2024) Kat:3, Licht: 0","194974","3","6","2","08","08","2","","0","0","1","0","1"
"POINT (8.665180604000057 50.111213336000048)","Unfall 194975 (2024) Kat:3, Licht: 0","194975","3","2","2","08","12","2","","0","0","1","0","1"
"POINT (8.691986753000037 50.117421959000069)","Unfall 194976 (2024) Kat:3, Licht: 0","194976","3","6","3","08","13","2","","0","0","1","0","0"
"POINT (8.692757240000049 50.118928137000069)","Unfall 194977 (2024) Kat:3, Licht: 0","194977","3","2","5","08","13","2","","0","1","1","0","0"
"POINT (8.568047840000077 50.101965784000072)","Unfall 194993 (2024) Kat:3, Licht: 2","194993","3","1","0","08","04","1","","2","0","0","0","0"
"POINT (8.682857860000070 50.114429751000046)","Unfall 194994 (2024) Kat:3, Licht: 2","194994","3","7","0","08","03","1","","2","1","0","0","0"
"POINT (8.543087545000049 50.106756665000034)","Unfall 195001 (2024) Kat:3, Licht: 0","195001","3","3","5","08","06","7","","0","1","1","0","0"
"POINT (8.706943123000030 50.115082677000032)","Unfall 195002 (2024) Kat:3, Licht: 0","195002","3","6","4","08","18","7","","0","1","1","0","0"
"POINT (8.655641002000038 50.119868397000062)","Unfall 195003 (2024) Kat:3, Licht: 0","195003","3","7","6","08","17","7","","0","1","0","1","0"
"POINT (8.589339703000064 50.027532645000065)","Unfall 195004 (2024) Kat:3, Licht: 0","195004","3","3","5","09","09","3","","0","0","1","0","0"
"POINT (8.688220593000040 50.112160959000050)","Unfall 195005 (2024) Kat:3, Licht: 0","195005","3","6","2","08","11","7","","0","0","1","0","0"
"POINT (8.723520170000029 50.104594966000036)","Unfall 195013 (2024) Kat:3, Licht: 0","195013","3","6","4","08","17","2","","0","1","0","0","0"
"POINT (8.675094693000062 50.124127599000076)","Unfall 195019 (2024) Kat:3, Licht: 0","195019","3","2","0","08","15","6","","0","0","1","0","1"
"POINT (8.494407274000025 50.094471750000082)","Unfall 195021 (2024) Kat:3, Licht: 0","195021","3","2","0","08","18","6","","0","1","0","0","0"
"POINT (8.651080489000037 50.108905311000058)","Unfall 195022 (2024) Kat:3, Licht: 1","195022","3","7","6","08","22","6","","1","0","0","1","0"
"POINT (8.657874928000069 50.146086966000041)","Unfall 195023 (2024) Kat:3, Licht: 0","195023","3","3","5","08","13","6","","0","1","1","0","0"
"POINT (8.689748990000055 50.159140098000080)","Unfall 195024 (2024) Kat:3, Licht: 2","195024","3","7","0","08","22","6","","2","1","0","0","0"
"POINT (8.626399793000076 50.105992100000037)","Unfall 195025 (2024) Kat:3, Licht: 0","195025","3","5","0","08","15","6","","0","0","0","0","1"
"POINT (8.666816098000027 50.104821035000043)","Unfall 195026 (2024) Kat:2, Licht: 0","195026","2","2","4","08","08","6","","0","1","1","0","0"
"POINT (8.686257965000038 50.111101027000075)","Unfall 195028 (2024) Kat:3, Licht: 0","195028","3","5","1","08","14","6","","0","0","1","0","0"
"POINT (8.629449033000071 50.176451050000026)","Unfall 195055 (2024) Kat:3, Licht: 0","195055","3","5","1","09","09","7","","0","1","1","0","0"
"POINT (8.551567551000062 50.115102888000081)","Unfall 195056 (2024) Kat:3, Licht: 0","195056","3","2","5","08","12","5","","0","1","1","0","0"
"POINT (8.616213246000029 50.100498972000025)","Unfall 195057 (2024) Kat:3, Licht: 0","195057","3","7","6","08","16","5","","0","0","1","1","0"
"POINT (8.609643449000032 50.124294345000067)","Unfall 195058 (2024) Kat:3, Licht: 0","195058","3","5","4","08","14","5","","0","1","1","0","0"
"POINT (8.604190597000070 50.086134053000080)","Unfall 195059 (2024) Kat:3, Licht: 0","195059","3","3","5","08","11","5","","0","1","0","0","0"
"POINT (8.648751304000029 50.108533198000032)","Unfall 195060 (2024) Kat:3, Licht: 0","195060","3","5","1","08","16","5","","0","1","1","0","0"
"POINT (8.684154595000052 50.129393711000034)","Unfall 195062 (2024) Kat:3, Licht: 1","195062","3","6","3","08","21","5","","1","1","0","0","0"
"POINT (8.550661506000040 50.101904322000053)","Unfall 195075 (2024) Kat:3, Licht: 0","195075","3","6","4","08","15","4","","0","1","1","0","0"
"POINT (8.622727742000052 50.151257664000070)","Unfall 195077 (2024) Kat:2, Licht: 0","195077","2","3","5","08","17","4","","0","1","1","0","0"
"POINT (8.643351617000064 50.123306064000076)","Unfall 195078 (2024) Kat:3, Licht: 0","195078","3","4","0","08","08","4","","0","1","0","1","0"
"POINT (8.713842914000054 50.133730132000039)","Unfall 195079 (2024) Kat:3, Licht: 2","195079","3","3","5","08","00","4","","2","1","1","0","0"
"POINT (8.679516881000040 50.103464879000057)","Unfall 195087 (2024) Kat:3, Licht: 0","195087","3","5","0","08","13","1","","0","1","1","0","0"
"POINT (8.633538998000063 50.174559933000069)","Unfall 195091 (2024) Kat:3, Licht: 0","195091","3","6","2","08","13","3","","0","0","1","0","0"
"POINT (8.614154153000072 50.114214524000033)","Unfall 195092 (2024) Kat:3, Licht: 0","195092","3","3","5","08","18","3","","0","0","1","0","0"
"POINT (8.653764465000052 50.080187636000062)","Unfall 195094 (2024) Kat:2, Licht: 0","195094","2","2","5","08","10","3","","0","1","1","0","0"
"POINT (8.667197701000021 50.116481521000026)","Unfall 195095 (2024) Kat:3, Licht: 0","195095","3","4","6","08","18","3","","0","1","0","1","0"
"POINT (8.667053608000060 50.116538284000058)","Unfall 195096 (2024) Kat:3, Licht: 0","195096","3","6","2","08","19","3","","0","0","1","0","0"
"POINT (8.687891573000059 50.115671574000032)","Unfall 195114 (2024) Kat:3, Licht: 0","195114","3","3","5","08","16","6","","0","1","0","0","0"
"POINT (8.651409116000025 50.122438500000044)","Unfall 195120 (2024) Kat:3, Licht: 0","195120","3","7","5","08","13","2","","0","0","1","0","1"
"POINT (8.638348344000065 50.123770464000074)","Unfall 195121 (2024) Kat:3, Licht: 2","195121","3","6","8","08","01","2","","2","1","0","0","1"
"POINT (8.709364539000035 50.130881780000038)","Unfall 195122 (2024) Kat:3, Licht: 0","195122","3","2","5","08","08","2","","0","1","1","0","0"
"POINT (8.660295093000059 50.102020982000056)","Unfall 195123 (2024) Kat:3, Licht: 0","195123","3","7","2","08","14","2","","0","0","1","0","1"
"POINT (8.677492909000023 50.127217328000029)","Unfall 195124 (2024) Kat:3, Licht: 0","195124","3","7","0","08","16","2","","0","0","0","0","0"
"POINT (8.687488644000041 50.115255011000045)","Unfall 195125 (2024) Kat:3, Licht: 0","195125","3","3","5","08","19","2","","0","0","1","0","0"
"POINT (8.632920269000067 50.114308843000060)","Unfall 195130 (2024) Kat:3, Licht: 0","195130","3","3","5","08","07","5","","0","1","0","0","0"
"POINT (8.634415919000048 50.103999583000075)","Unfall 195150 (2024) Kat:3, Licht: 0","195150","3","4","6","08","16","7","","0","0","1","1","0"
"POINT (8.688774875000036 50.118571329000076)","Unfall 195151 (2024) Kat:3, Licht: 2","195151","3","2","5","08","01","7","","2","0","1","0","0"
"POINT (8.680426954000040 50.150261540000031)","Unfall 195166 (2024) Kat:3, Licht: 0","195166","3","6","0","08","14","6","","0","1","1","0","0"
"POINT (8.685904219000065 50.142473148000079)","Unfall 195167 (2024) Kat:3, Licht: 1","195167","3","1","0","08","20","6","","1","0","1","0","0"
"POINT (8.674733972000070 50.111708336000049)","Unfall 195168 (2024) Kat:3, Licht: 0","195168","3","3","5","08","11","6","","0","0","1","0","1"
"POINT (8.667105782000021 50.155664393000052)","Unfall 195185 (2024) Kat:3, Licht: 0","195185","3","2","5","08","17","5","","0","1","1","0","0"
"POINT (8.660718468000027 50.096670422000045)","Unfall 195186 (2024) Kat:3, Licht: 0","195186","3","6","2","08","17","5","","0","0","1","0","0"
"POINT (8.692089602000067 50.127357448000055)","Unfall 195194 (2024) Kat:3, Licht: 0","195194","3","6","3","08","16","4","","0","0","1","0","0"
"POINT (8.628001415000028 50.096190612000044)","Unfall 195206 (2024) Kat:3, Licht: 0","195206","3","2","5","08","19","4","","0","0","1","0","0"
"POINT (8.587270880000062 50.086387388000048)","Unfall 195207 (2024) Kat:3, Licht: 0","195207","3","3","5","08","06","4","","0","1","1","0","0"
"POINT (8.713170393000041 50.129494023000063)","Unfall 195209 (2024) Kat:3, Licht: 0","195209","3","5","0","08","17","4","","0","1","1","0","0"
"POINT (8.690138606000062 50.125887807000026)","Unfall 195210 (2024) Kat:3, Licht: 0","195210","3","7","2","08","16","4","","0","1","1","0","0"
"POINT (8.614110013000072 50.114215831000081)","Unfall 195224 (2024) Kat:3, Licht: 0","195224","3","3","5","09","09","2","","0","0","1","0","0"
"POINT (8.642219776000047 50.117773523000039)","Unfall 195227 (2024) Kat:2, Licht: 2","195227","2","5","1","08","22","3","","2","1","1","0","0"
"POINT (8.678736073000039 50.148681853000028)","Unfall 195243 (2024) Kat:3, Licht: 0","195243","3","3","5","08","17","2","","0","1","1","0","0"
"POINT (8.658589494000068 50.095686439000076)","Unfall 195244 (2024) Kat:3, Licht: 2","195244","3","6","3","08","22","2","","2","0","1","0","0"
"POINT (8.643928768000023 50.105818913000064)","Unfall 195245 (2024) Kat:3, Licht: 0","195245","3","6","2","08","13","2","","0","0","1","0","0"
"POINT (8.681266050000033 50.123176405000038)","Unfall 195246 (2024) Kat:3, Licht: 1","195246","3","6","3","08","21","2","","1","0","1","0","0"
"POINT (8.664332099000035 50.119351097000049)","Unfall 195247 (2024) Kat:3, Licht: 0","195247","3","5","1","08","20","2","","0","0","1","0","0"
"POINT (8.691743775000020 50.123948106000057)","Unfall 195248 (2024) Kat:3, Licht: 1","195248","3","1","0","08","20","2","","1","1","0","0","0"
"POINT (8.679343156000073 50.111761097000056)","Unfall 195249 (2024) Kat:3, Licht: 0","195249","3","3","0","08","19","2","","0","0","1","0","1"
"POINT (8.675239967000039 50.108430145000057)","Unfall 195250 (2024) Kat:3, Licht: 0","195250","3","6","4","08","08","2","","0","1","0","0","0"
"POINT (8.686243280000042 50.113976373000071)","Unfall 195271 (2024) Kat:3, Licht: 0","195271","3","5","1","08","21","1","","0","1","1","0","0"
"POINT (8.679890652000040 50.108868165000047)","Unfall 195272 (2024) Kat:3, Licht: 0","195272","3","7","8","08","08","1","","0","0","1","0","0"
"POINT (8.658041472000036 50.115879315000029)","Unfall 195284 (2024) Kat:3, Licht: 0","195284","3","3","5","08","09","7","","0","0","1","0","1"
"POINT (8.702122754000072 50.125838374000068)","Unfall 195285 (2024) Kat:3, Licht: 0","195285","3","3","5","08","21","7","","0","0","1","0","0"
"POINT (8.692492356000059 50.127531460000057)","Unfall 195288 (2024) Kat:3, Licht: 0","195288","3","6","2","08","16","7","","0","0","1","0","0"
"POINT (8.678828239000040 50.116888188000075)","Unfall 195289 (2024) Kat:3, Licht: 2","195289","3","6","2","08","23","7","","2","0","1","0","0"
"POINT (8.731084721000059 50.124116746000027)","Unfall 195299 (2024) Kat:3, Licht: 0","195299","3","6","4","08","16","7","","0","0","1","0","0"
"POINT (8.634087376000025 50.152470658000027)","Unfall 195304 (2024) Kat:3, Licht: 0","195304","3","5","1","08","07","6","","0","1","1","0","0"
"POINT (8.644555072000060 50.118371392000029)","Unfall 195305 (2024) Kat:3, Licht: 2","195305","3","1","0","08","22","6","","2","0","0","0","0"
"POINT (8.690200187000073 50.158768036000026)","Unfall 195306 (2024) Kat:3, Licht: 2","195306","3","5","1","08","00","6","","2","0","1","0","0"
"POINT (8.697562914000059 50.126229256000045)","Unfall 195307 (2024) Kat:3, Licht: 0","195307","3","2","3","08","16","6","","0","1","1","0","0"
"POINT (8.680338978000066 50.121388060000072)","Unfall 195308 (2024) Kat:3, Licht: 0","195308","3","3","5","08","09","6","","0","1","0","0","0"
"POINT (8.585422229000073 50.053330613000071)","Unfall 195318 (2024) Kat:3, Licht: 0","195318","3","6","3","08","07","5","","0","0","1","0","0"
"POINT (8.597853536000059 50.099002718000065)","Unfall 195322 (2024) Kat:2, Licht: 0","195322","2","3","5","08","18","5","","0","0","1","0","1"
"POINT (8.599241299000028 50.095190641000045)","Unfall 195323 (2024) Kat:3, Licht: 0","195323","3","4","6","08","09","5","","0","0","1","1","0"
"POINT (8.655422800000053 50.107914649000065)","Unfall 195324 (2024) Kat:2, Licht: 0","195324","2","4","0","08","16","5","","0","0","0","1","1"
"POINT (8.651783914000021 50.108967581000059)","Unfall 195325 (2024) Kat:3, Licht: 0","195325","3","6","2","08","13","5","","0","0","1","0","0"
"POINT (8.663579712000057 50.110691870000039)","Unfall 195326 (2024) Kat:3, Licht: 0","195326","3","6","3","08","13","5","","0","1","0","0","0"
"POINT (8.618469962000063 50.102465476000077)","Unfall 195341 (2024) Kat:3, Licht: 0","195341","3","6","2","07","19","4","","0","0","1","0","1"
"POINT (8.678719991000037 50.104371883000056)","Unfall 195342 (2024) Kat:3, Licht: 1","195342","3","2","0","08","20","3","","1","0","1","0","1"
"POINT (8.704678802000046 50.127578848000041)","Unfall 195343 (2024) Kat:3, Licht: 0","195343","3","6","3","07","12","4","","0","1","1","0","0"
"POINT (8.538934307000034 50.102260297000043)","Unfall 195351 (2024) Kat:3, Licht: 0","195351","3","6","3","07","15","3","","0","0","1","0","0"
"POINT (8.692113550000045 50.109325051000042)","Unfall 195352 (2024) Kat:3, Licht: 2","195352","3","7","0","08","02","7","","2","1","0","0","0"
"POINT (8.549400632000072 50.106522772000062)","Unfall 195353 (2024) Kat:3, Licht: 0","195353","3","3","5","07","19","3","","0","0","1","0","1"
"POINT (8.688702869000053 50.186536007000029)","Unfall 195354 (2024) Kat:3, Licht: 0","195354","3","6","4","07","20","3","","0","1","1","0","0"
"POINT (8.651359242000069 50.110561152000059)","Unfall 195355 (2024) Kat:3, Licht: 0","195355","3","2","3","07","08","3","","0","1","0","0","0"
"POINT (8.649747704000049 50.065291238000043)","Unfall 195356 (2024) Kat:3, Licht: 0","195356","3","6","3","07","16","3","","0","1","1","0","0"
"POINT (8.691667613000050 50.129445093000072)","Unfall 195357 (2024) Kat:2, Licht: 0","195357","2","6","3","07","11","3","","0","0","1","0","1"
"POINT (8.643800132000024 50.106588209000051)","Unfall 195377 (2024) Kat:3, Licht: 0","195377","3","2","5","09","11","4","","0","0","1","0","0"
"POINT (8.592277123000031 50.099590801000033)","Unfall 195378 (2024) Kat:2, Licht: 0","195378","2","3","5","07","13","2","","0","0","1","0","1"
"POINT (8.654802340000060 50.116540441000041)","Unfall 195379 (2024) Kat:3, Licht: 0","195379","3","3","5","07","09","2","","0","1","0","0","0"
"POINT (8.658329463000030 50.100547388000052)","Unfall 195380 (2024) Kat:3, Licht: 0","195380","3","3","5","07","11","2","","0","0","1","0","0"
"POINT (8.671654789000058 50.123525179000069)","Unfall 195381 (2024) Kat:3, Licht: 0","195381","3","5","1","07","18","2","","0","1","1","0","0"
"POINT (8.669845288000033 50.131620701000031)","Unfall 195382 (2024) Kat:3, Licht: 0","195382","3","3","5","07","13","2","","0","1","1","0","0"
"POINT (8.654339283000070 50.101242524000043)","Unfall 195390 (2024) Kat:2, Licht: 0","195390","2","3","5","11","15","5","","0","0","1","0","0"
"POINT (8.662737577000030 50.111620972000026)","Unfall 195409 (2024) Kat:3, Licht: 2","195409","3","4","6","11","17","4","","2","1","0","1","0"
"POINT (8.716388598000037 50.105516352000052)","Unfall 195410 (2024) Kat:3, Licht: 2","195410","3","7","4","11","18","4","","2","1","1","0","0"
"POINT (8.683325280000076 50.089480740000056)","Unfall 195411 (2024) Kat:3, Licht: 0","195411","3","2","4","11","08","4","","0","1","1","0","0"