WKT,Name,OBJECTID,UKATEGORIE,UTYP1,UART,UMONAT,USTUNDE,UWOCHENTAG,STRZUSTAND,ULICHTVERH,ISTRAD,ISTPKW,ISTFUSS,ISTKRAD
"POINT (8.687893827000039 50.114915990000043)","Unfall 195412 (2024) Kat:3, Licht: 0","195412","3","4","0","11","14","4","","0","0","0","1","0"
"POINT (8.595820425000056 50.134195172000034)","Unfall 195423 (2024) Kat:3, Licht: 2","195423","3","6","2","11","16","4","","2","0","1","0","0"
"POINT (8.504718432000061 50.099722441000040)","Unfall 195428 (2024) Kat:3, Licht: 1","195428","3","4","6","11","07","3","","1","0","1","1","0"
"POINT (8.653483928000071 50.121499474000075)","Unfall 195429 (2024) Kat:3, Licht: 1","195429","3","6","2","11","16","3","","1","0","1","0","0"
"POINT (8.664913149000029 50.136465767000061)","Unfall 195430 (2024) Kat:3, Licht: 2","195430","3","5","1","11","17","3","","2","1","1","0","0"
"POINT (8.706815286000051 50.129343736000067)","Unfall 195431 (2024) Kat:3, Licht: 0","195431","3","7","2","11","10","3","","0","0","1","0","0"
"POINT (8.684293357000058 50.131630219000044)","Unfall 195432 (2024) Kat:3, Licht: 2","195432","3","6","2","11","20","3","","2","0","1","0","0"
"POINT (8.759664149000059 50.129773796000052)","Unfall 195438 (2024) Kat:2, Licht: 0","195438","2","2","3","11","15","3","","0","1","0","0","0"
"POINT (8.634400471000049 50.103788337000026)","Unfall 195444 (2024) Kat:3, Licht: 2","195444","3","5","1","11","17","2","","2","1","0","0","0"
"POINT (8.599456886000041 50.052215478000051)","Unfall 195457 (2024) Kat:3, Licht: 2","195457","3","3","5","11","22","1","","2","0","1","0","0"
"POINT (8.687552613000037 50.116070703000048)","Unfall 195459 (2024) Kat:2, Licht: 2","195459","2","7","6","11","18","7","","2","1","0","1","0"
"POINT (8.685609200000044 50.118313303000036)","Unfall 195460 (2024) Kat:3, Licht: 1","195460","3","3","5","11","07","7","","1","0","1","0","0"
"POINT (8.539869395000039 50.105344806000062)","Unfall 195466 (2024) Kat:2, Licht: 1","195466","2","3","5","11","17","6","","1","0","1","0","0"
"POINT (8.600486979000038 50.095201935000034)","Unfall 195467 (2024) Kat:3, Licht: 0","195467","3","5","1","11","11","6","","0","0","1","0","0"
"POINT (8.653291364000040 50.121566719000043)","Unfall 195468 (2024) Kat:3, Licht: 2","195468","3","6","2","11","22","6","","2","0","1","0","0"
"POINT (8.670251847000031 50.115552084000058)","Unfall 195469 (2024) Kat:1, Licht: 0","195469","1","1","0","11","15","6","","0","0","0","0","0"
"POINT (8.686180759000024 50.113253291000035)","Unfall 195470 (2024) Kat:3, Licht: 2","195470","3","7","2","11","18","6","","2","0","1","0","1"
"POINT (8.610168128000055 50.115846670000053)","Unfall 195483 (2024) Kat:3, Licht: 0","195483","3","6","2","11","13","5","","0","0","1","0","0"
"POINT (8.770359600000063 50.158004234000032)","Unfall 195497 (2024) Kat:3, Licht: 2","195497","3","3","5","11","06","5","","2","0","1","0","0"
"POINT (8.551011295000023 50.104675534000080)","Unfall 195500 (2024) Kat:3, Licht: 0","195500","3","3","5","11","11","4","","0","1","0","0","0"
"POINT (8.609338887000035 50.093183046000036)","Unfall 195501 (2024) Kat:3, Licht: 0","195501","3","3","5","11","11","4","","0","0","1","0","0"
"POINT (8.668439077000073 50.131828477000056)","Unfall 195502 (2024) Kat:3, Licht: 2","195502","3","1","0","11","17","4","","2","0","0","0","1"
"POINT (8.740508763000037 50.095946021000032)","Unfall 195508 (2024) Kat:3, Licht: 2","195508","3","1","8","11","21","4","","2","1","0","0","0"
"POINT (8.548791870000059 50.112946321000038)","Unfall 195514 (2024) Kat:3, Licht: 0","195514","3","7","5","11","09","3","","0","0","1","0","0"
"POINT (8.663729982000064 50.183229385000061)","Unfall 195515 (2024) Kat:3, Licht: 0","195515","3","3","5","11","12","3","","0","1","0","0","0"
"POINT (8.630504367000071 50.156422354000028)","Unfall 195516 (2024) Kat:2, Licht: 0","195516","2","3","5","11","07","3","","0","1","1","0","0"
"POINT (8.640765265000027 50.115591115000029)","Unfall 195517 (2024) Kat:3, Licht: 2","195517","3","3","5","11","05","3","","2","0","1","0","0"
"POINT (8.636568930000067 50.087737416000039)","Unfall 195518 (2024) Kat:3, Licht: 2","195518","3","7","0","11","19","3","","2","1","1","0","0"
"POINT (8.529439333000028 50.110038156000030)","Unfall 195530 (2024) Kat:3, Licht: 0","195530","3","4","6","11","13","2","","0","1","0","1","0"
"POINT (8.654673681000077 50.143738472000052)","Unfall 195531 (2024) Kat:2, Licht: 0","195531","2","2","5","11","09","2","","0","0","1","0","1"
"POINT (8.690900158000034 50.106099693000033)","Unfall 195532 (2024) Kat:3, Licht: 2","195532","3","1","0","11","02","2","","2","0","0","0","0"
"POINT (8.687133780000067 50.113725764000037)","Unfall 195551 (2024) Kat:3, Licht: 2","195551","3","7","6","11","01","1","","2","0","0","1","0"
"POINT (8.687881677000064 50.114998210000067)","Unfall 195552 (2024) Kat:3, Licht: 2","195552","3","5","0","11","01","1","","2","1","1","0","0"
"POINT (8.591169955000055 50.100050687000078)","Unfall 195558 (2024) Kat:3, Licht: 0","195558","3","6","4","11","12","7","","0","0","0","0","0"
"POINT (8.536764712000036 50.110276428000077)","Unfall 195570 (2024) Kat:3, Licht: 1","195570","3","5","1","11","16","6","","1","1","1","0","0"
"POINT (8.646099637000077 50.142251664000071)","Unfall 195571 (2024) Kat:3, Licht: 0","195571","3","7","5","11","07","6","","0","0","1","1","0"
"POINT (8.629149656000038 50.084713703000034)","Unfall 195572 (2024) Kat:3, Licht: 0","195572","3","3","5","11","12","6","","0","0","1","0","0"
"POINT (8.661921594000034 50.118469156000060)","Unfall 195573 (2024) Kat:2, Licht: 2","195573","2","6","3","11","19","6","","2","1","0","0","0"
"POINT (8.644329709000033 50.160774896000078)","Unfall 195584 (2024) Kat:3, Licht: 2","195584","3","3","5","11","19","5","","2","1","1","0","0"
"POINT (8.656202620000045 50.116452694000031)","Unfall 195585 (2024) Kat:3, Licht: 0","195585","3","3","5","11","13","5","","0","1","1","0","0"
"POINT (8.655963778000057 50.107278754000049)","Unfall 195586 (2024) Kat:3, Licht: 0","195586","3","6","3","11","07","5","","0","0","1","0","0"
"POINT (8.666107842000031 50.111590635000027)","Unfall 195587 (2024) Kat:3, Licht: 0","195587","3","1","0","11","09","5","","0","0","0","0","1"
"POINT (8.679532817000052 50.117912739000076)","Unfall 195588 (2024) Kat:3, Licht: 2","195588","3","3","5","11","18","5","","2","1","1","0","0"
"POINT (8.621501108000075 50.151755870000045)","Unfall 195607 (2024) Kat:3, Licht: 0","195607","3","3","5","11","16","4","","0","1","1","0","0"
"POINT (8.706309847000057 50.206589064000070)","Unfall 195608 (2024) Kat:3, Licht: 2","195608","3","5","1","11","18","4","","2","0","1","0","0"
"POINT (8.730601221000029 50.118640482000046)","Unfall 195609 (2024) Kat:3, Licht: 2","195609","3","6","3","11","17","4","","2","0","1","0","0"
"POINT (8.685965736000071 50.118387894000080)","Unfall 195610 (2024) Kat:3, Licht: 2","195610","3","2","2","11","22","4","","2","0","1","0","0"
"POINT (8.758710309000037 50.130979258000082)","Unfall 195622 (2024) Kat:3, Licht: 2","195622","3","6","6","11","19","4","","2","0","0","1","0"
"POINT (8.710265644000060 50.200992881000047)","Unfall 195626 (2024) Kat:3, Licht: 0","195626","3","1","0","11","09","3","","0","1","0","0","0"
"POINT (8.758866780000062 50.130777277000050)","Unfall 195639 (2024) Kat:3, Licht: 0","195639","3","3","5","11","15","3","","0","0","1","0","1"
"POINT (8.642272316000060 50.125777188000029)","Unfall 195641 (2024) Kat:3, Licht: 0","195641","3","3","5","11","13","2","","0","1","1","0","0"
"POINT (8.695923790000052 50.144654535000029)","Unfall 195642 (2024) Kat:3, Licht: 1","195642","3","6","2","11","07","2","","1","1","1","0","0"
"POINT (8.691994108000074 50.121932641000058)","Unfall 195643 (2024) Kat:3, Licht: 1","195643","3","3","5","11","16","2","","1","1","1","0","0"
"POINT (8.672729599000036 50.111018864000073)","Unfall 195644 (2024) Kat:3, Licht: 2","195644","3","6","2","11","18","2","","2","0","1","0","0"
"POINT (8.689191644000061 50.114920167000037)","Unfall 195645 (2024) Kat:3, Licht: 0","195645","3","3","5","11","09","2","","0","1","1","0","0"
"POINT (8.622471726000072 50.108058802000073)","Unfall 195656 (2024) Kat:3, Licht: 2","195656","3","3","5","11","18","1","","2","0","1","0","0"
"POINT (8.636568930000067 50.087737416000039)","Unfall 195657 (2024) Kat:3, Licht: 0","195657","3","2","4","11","11","1","","0","1","1","0","0"
"POINT (8.758270043000039 50.131544157000064)","Unfall 195670 (2024) Kat:3, Licht: 0","195670","3","3","5","11","13","7","","0","0","1","0","0"
"POINT (8.630683348000048 50.155837334000068)","Unfall 195675 (2024) Kat:3, Licht: 2","195675","3","6","2","11","18","6","","2","0","1","0","0"
"POINT (8.667969644000038 50.135516794000068)","Unfall 195676 (2024) Kat:3, Licht: 0","195676","3","2","3","11","14","6","","0","1","1","0","0"
"POINT (8.702261906000047 50.123415826000041)","Unfall 195677 (2024) Kat:3, Licht: 0","195677","3","4","6","11","10","6","","0","1","1","1","0"
"POINT (8.692184374000021 50.123059172000069)","Unfall 195678 (2024) Kat:3, Licht: 2","195678","3","5","1","11","17","6","","2","1","1","0","0"
"POINT (8.632969647000039 50.178474470000026)","Unfall 195696 (2024) Kat:2, Licht: 0","195696","2","4","0","11","14","5","","0","0","0","1","0"
"POINT (8.697596110000063 50.093664845000035)","Unfall 195697 (2024) Kat:3, Licht: 0","195697","3","6","4","11","16","5","","0","0","1","0","1"
"POINT (8.690440230000036 50.120317136000040)","Unfall 195698 (2024) Kat:3, Licht: 2","195698","3","7","0","11","19","5","","2","1","0","0","0"
"POINT (8.669973766000055 50.129163861000052)","Unfall 195699 (2024) Kat:3, Licht: 0","195699","3","3","5","11","08","5","","0","1","1","0","0"
"POINT (8.635713969000051 50.157034550000049)","Unfall 195709 (2024) Kat:3, Licht: 0","195709","3","6","2","11","09","4","","0","0","1","0","0"
"POINT (8.682252426000048 50.101214403000029)","Unfall 195710 (2024) Kat:2, Licht: 2","195710","2","4","6","11","18","4","","2","1","1","1","0"
"POINT (8.663780315000054 50.097926422000057)","Unfall 195711 (2024) Kat:3, Licht: 1","195711","3","3","5","11","16","4","","1","1","0","0","0"
"POINT (8.675936034000074 50.122887309000077)","Unfall 195725 (2024) Kat:3, Licht: 2","195725","3","4","6","11","20","6","","2","0","1","1","0"
"POINT (8.546265649000077 50.114551830000039)","Unfall 195730 (2024) Kat:2, Licht: 1","195730","2","4","6","11","07","2","","1","0","1","1","0"
"POINT (8.643575089000024 50.160970764000069)","Unfall 195731 (2024) Kat:3, Licht: 2","195731","3","6","4","11","18","2","","2","1","1","0","0"
"POINT (8.690086912000027 50.160273946000075)","Unfall 195732 (2024) Kat:3, Licht: 1","195732","3","3","5","11","17","2","","1","0","1","0","0"
"POINT (8.700236503000042 50.112985152000078)","Unfall 195733 (2024) Kat:3, Licht: 1","195733","3","2","3","11","18","2","","1","0","1","0","0"
"POINT (8.660870429000056 50.109498418000044)","Unfall 195734 (2024) Kat:2, Licht: 2","195734","2","3","5","11","21","2","","2","1","1","0","0"
"POINT (8.669003446000033 50.130442102000075)","Unfall 195735 (2024) Kat:3, Licht: 0","195735","3","6","3","11","14","2","","0","0","1","0","0"
"POINT (8.741139552000050 50.131738561000077)","Unfall 195747 (2024) Kat:3, Licht: 0","195747","3","6","2","11","12","2","","0","0","0","0","0"
"POINT (8.638531545000035 50.083829864000052)","Unfall 195751 (2024) Kat:3, Licht: 0","195751","3","2","6","11","11","1","","0","0","1","1","0"
"POINT (8.680146127000057 50.102613110000050)","Unfall 195752 (2024) Kat:3, Licht: 0","195752","3","5","1","11","14","1","","0","1","1","0","0"
"POINT (8.691766182000038 50.124744251000038)","Unfall 195753 (2024) Kat:2, Licht: 0","195753","2","6","3","11","12","1","","0","1","0","0","0"
"POINT (8.618360183000050 50.107665401000077)","Unfall 195775 (2024) Kat:3, Licht: 2","195775","3","2","3","11","21","6","","2","0","1","0","0"
"POINT (8.665913151000041 50.108518694000054)","Unfall 195776 (2024) Kat:3, Licht: 2","195776","3","1","0","11","01","6","","2","0","0","0","0"
"POINT (8.690492123000070 50.120901382000056)","Unfall 195778 (2024) Kat:3, Licht: 2","195778","3","6","2","11","17","6","","2","0","1","0","0"
"POINT (8.668453618000058 50.131651148000060)","Unfall 195779 (2024) Kat:2, Licht: 0","195779","2","2","3","11","12","6","","0","1","0","0","0"
"POINT (8.685630889000038 50.118357229000026)","Unfall 195780 (2024) Kat:3, Licht: 2","195780","3","3","5","11","21","6","","2","1","1","0","0"
"POINT (8.677336564000029 50.112234725000064)","Unfall 195781 (2024) Kat:3, Licht: 2","195781","3","4","6","11","23","6","","2","1","0","1","0"
"POINT (8.668523973000049 50.100458169000035)","Unfall 195801 (2024) Kat:3, Licht: 2","195801","3","3","5","10","18","5","","2","1","0","0","0"
"POINT (8.650867227000049 50.098717104000059)","Unfall 195802 (2024) Kat:3, Licht: 0","195802","3","3","5","10","14","5","","0","0","1","0","0"
"POINT (8.675320002000035 50.110390593000034)","Unfall 195803 (2024) Kat:3, Licht: 2","195803","3","3","5","10","19","5","","2","1","1","0","0"
"POINT (8.692112784000074 50.111261453000054)","Unfall 195804 (2024) Kat:3, Licht: 2","195804","3","3","5","10","17","5","","2","0","1","0","0"
"POINT (8.678753761000053 50.122200817000078)","Unfall 195822 (2024) Kat:3, Licht: 2","195822","3","1","0","11","20","7","","2","0","0","0","0"
"POINT (8.694127026000046 50.144258264000030)","Unfall 195823 (2024) Kat:3, Licht: 2","195823","3","1","0","10","19","4","","2","1","0","0","0"
"POINT (8.669817773000034 50.115652239000042)","Unfall 195825 (2024) Kat:3, Licht: 1","195825","3","3","5","10","18","4","","1","0","1","0","0"
"POINT (8.686430867000070 50.114830169000072)","Unfall 195826 (2024) Kat:3, Licht: 2","195826","3","7","6","10","21","4","","2","1","0","1","0"
"POINT (8.545216183000036 50.094844701000056)","Unfall 195848 (2024) Kat:3, Licht: 2","195848","3","6","2","10","18","3","","2","0","1","0","0"
"POINT (8.651502329000039 50.190766614000040)","Unfall 195849 (2024) Kat:3, Licht: 2","195849","3","3","5","10","17","3","","2","0","1","0","1"
"POINT (8.694063153000059 50.142344781000077)","Unfall 195850 (2024) Kat:3, Licht: 2","195850","3","3","5","10","19","3","","2","1","1","0","0"
"POINT (8.665483502000029 50.117156783000041)","Unfall 195851 (2024) Kat:3, Licht: 2","195851","3","2","3","10","17","3","","2","1","1","0","0"
"POINT (8.664405014000067 50.105931279000060)","Unfall 195863 (2024) Kat:3, Licht: 2","195863","3","7","6","11","00","6","","2","0","1","1","0"
"POINT (8.599703602000034 50.093911027000047)","Unfall 195876 (2024) Kat:2, Licht: 0","195876","2","3","5","10","07","2","","0","0","1","0","0"
"POINT (8.608739674000049 50.136728202000029)","Unfall 195877 (2024) Kat:3, Licht: 0","195877","3","3","5","10","10","2","","0","0","1","0","0"
"POINT (8.629540643000041 50.084538390000034)","Unfall 195878 (2024) Kat:3, Licht: 1","195878","3","3","5","10","19","2","","1","1","1","0","0"
"POINT (8.696593161000067 50.131648347000066)","Unfall 195879 (2024) Kat:3, Licht: 0","195879","3","6","2","10","08","2","","0","0","1","0","0"
"POINT (8.664097270000070 50.105632250000042)","Unfall 195880 (2024) Kat:3, Licht: 0","195880","3","5","1","10","10","2","","0","0","0","0","0"
"POINT (8.674014941000053 50.110085057000049)","Unfall 195881 (2024) Kat:3, Licht: 0","195881","3","3","5","10","15","2","","0","1","0","0","0"
"POINT (8.747562101000028 50.144073877000039)","Unfall 195891 (2024) Kat:3, Licht: 0","195891","3","2","4","10","14","2","","0","0","1","0","1"
"POINT (8.671000800000058 50.116662557000041)","Unfall 195894 (2024) Kat:3, Licht: 0","195894","3","7","0","10","14","1","","0","0","0","0","1"
"POINT (8.501430843000037 50.100618381000061)","Unfall 195901 (2024) Kat:3, Licht: 1","195901","3","7","0","10","19","7","","1","0","0","1","0"
"POINT (8.666606295000065 50.109140190000062)","Unfall 195902 (2024) Kat:3, Licht: 0","195902","3","5","1","10","10","7","","0","1","0","0","0"
"POINT (8.690355914000065 50.120137253000053)","Unfall 195903 (2024) Kat:2, Licht: 2","195903","2","7","5","10","20","7","","2","0","1","0","0"
"POINT (8.747126965000064 50.142766073000075)","Unfall 195906 (2024) Kat:3, Licht: 0","195906","3","2","4","10","15","7","","0","0","1","0","0"
"POINT (8.657538219000060 50.111588071000028)","Unfall 195908 (2024) Kat:3, Licht: 0","195908","3","6","3","10","07","6","","0","1","0","0","0"
"POINT (8.708797841000035 50.110016943000062)","Unfall 195909 (2024) Kat:3, Licht: 0","195909","3","5","1","10","09","6","","0","1","1","0","0"
"POINT (8.737243034000073 50.129266690000065)","Unfall 195921 (2024) Kat:3, Licht: 2","195921","3","4","6","10","20","6","","2","1","0","1","0"
"POINT (8.727945012000021 50.116166375000034)","Unfall 195927 (2024) Kat:3, Licht: 0","195927","3","6","3","10","09","5","","0","0","1","0","0"
"POINT (8.600388214000077 50.045118909000053)","Unfall 195936 (2024) Kat:3, Licht: 0","195936","3","6","2","10","15","5","","0","0","1","0","0"
"POINT (8.644773146000034 50.083041232000028)","Unfall 195939 (2024) Kat:3, Licht: 0","195939","3","3","0","10","16","4","","0","0","1","0","1"
"POINT (8.694942355000023 50.105153630000075)","Unfall 195940 (2024) Kat:3, Licht: 0","195940","3","6","2","10","15","4","","0","0","1","0","0"
"POINT (8.715981011000054 50.132739961000027)","Unfall 195941 (2024) Kat:3, Licht: 2","195941","3","5","1","10","18","4","","2","1","1","0","0"
"POINT (8.658941927000058 50.102489536000064)","Unfall 195942 (2024) Kat:2, Licht: 0","195942","2","4","6","10","11","4","","0","0","1","1","0"
"POINT (8.634386250000034 50.078896474000032)","Unfall 195950 (2024) Kat:3, Licht: 0","195950","3","4","6","11","12","3","","0","0","1","1","0"
"POINT (8.683325435000029 50.118838410000080)","Unfall 195963 (2024) Kat:3, Licht: 1","195963","3","6","3","10","08","3","","1","0","1","0","0"
"POINT (8.630553650000024 50.155886940000073)","Unfall 195973 (2024) Kat:3, Licht: 0","195973","3","6","2","10","15","2","","0","0","1","0","0"
"POINT (8.667967850000025 50.106990920000044)","Unfall 195974 (2024) Kat:3, Licht: 0","195974","3","5","1","10","14","2","","0","1","1","0","0"
"POINT (8.683612698000047 50.099084485000049)","Unfall 195995 (2024) Kat:2, Licht: 2","195995","2","1","0","10","04","7","","2","0","0","0","0"
"POINT (8.640115407000053 50.108186973000045)","Unfall 195996 (2024) Kat:3, Licht: 0","195996","3","2","3","11","08","3","","0","1","1","0","0"
"POINT (8.682926017000057 50.118796309000061)","Unfall 195997 (2024) Kat:2, Licht: 2","195997","2","2","5","10","02","7","","2","0","1","0","0"
"POINT (8.547642225000061 50.101262584000040)","Unfall 196011 (2024) Kat:3, Licht: 0","196011","3","7","6","10","14","6","","0","0","1","1","0"
"POINT (8.597477748000074 50.100033407000069)","Unfall 196012 (2024) Kat:3, Licht: 0","196012","3","4","6","10","16","6","","0","1","0","1","0"
"POINT (8.658469479000075 50.187377180000055)","Unfall 196013 (2024) Kat:3, Licht: 0","196013","3","2","3","10","16","6","","0","0","1","0","0"
"POINT (8.697122409000031 50.103602044000070)","Unfall 196014 (2024) Kat:3, Licht: 0","196014","3","3","5","10","13","6","","0","1","0","0","0"
"POINT (8.660911997000028 50.109659204000081)","Unfall 196016 (2024) Kat:3, Licht: 0","196016","3","6","3","10","12","6","","0","0","1","0","0"
"POINT (8.683095900000069 50.127985047000038)","Unfall 196017 (2024) Kat:3, Licht: 2","196017","3","1","9","10","22","6","","2","0","0","0","0"
"POINT (8.688047694000034 50.111475771000073)","Unfall 196018 (2024) Kat:3, Licht: 2","196018","3","1","0","10","23","6","","2","0","0","0","0"
"POINT (8.674197691000074 50.109854699000039)","Unfall 196019 (2024) Kat:3, Licht: 0","196019","3","5","1","10","12","6","","0","1","1","0","0"
"POINT (8.695100391000040 50.060273817000052)","Unfall 196029 (2024) Kat:2, Licht: 0","196029","2","7","5","10","16","5","","0","0","1","0","1"
"POINT (8.752912030000061 50.132641327000044)","Unfall 196034 (2024) Kat:3, Licht: 2","196034","3","1","8","10","21","5","","2","0","1","0","0"
"POINT (8.597958536000021 50.040255336000030)","Unfall 196035 (2024) Kat:3, Licht: 0","196035","3","6","2","10","14","5","","0","0","1","0","0"
"POINT (8.698056809000036 50.106347369000048)","Unfall 196044 (2024) Kat:3, Licht: 0","196044","3","6","0","10","09","4","","0","1","0","0","0"
"POINT (8.594678238000029 50.111290691000079)","Unfall 196060 (2024) Kat:2, Licht: 0","196060","2","4","6","10","14","3","","0","0","1","1","0"
"POINT (8.669741652000027 50.114172135000047)","Unfall 196061 (2024) Kat:3, Licht: 2","196061","3","7","0","10","22","3","","2","0","1","1","0"
"POINT (8.675151786000072 50.094229770000027)","Unfall 196076 (2024) Kat:2, Licht: 0","196076","2","5","1","10","15","2","","0","1","1","0","0"
"POINT (8.687795847000075 50.114163562000044)","Unfall 196077 (2024) Kat:3, Licht: 2","196077","3","4","0","10","01","2","","2","1","0","1","0"
"POINT (8.571139506000065 50.050851455000043)","Unfall 196090 (2024) Kat:3, Licht: 0","196090","3","4","6","10","09","1","","0","0","1","1","0"
"POINT (8.660334954000064 50.108177660000081)","Unfall 196093 (2024) Kat:3, Licht: 0","196093","3","3","5","10","10","1","","0","1","1","0","0"
"POINT (8.570047284000054 50.051959210000064)","Unfall 196099 (2024) Kat:3, Licht: 0","196099","3","3","5","10","11","7","","0","0","1","0","0"
"POINT (8.679368960000033 50.111707926000065)","Unfall 196102 (2024) Kat:3, Licht: 2","196102","3","7","2","10","20","7","","2","0","1","0","0"
"POINT (8.644358434000026 50.160767436000071)","Unfall 196112 (2024) Kat:3, Licht: 1","196112","3","7","6","10","06","6","","1","1","0","1","0"
"POINT (8.630819457000030 50.103413180000075)","Unfall 196114 (2024) Kat:3, Licht: 2","196114","3","1","8","10","19","2","","2","0","1","0","0"
"POINT (8.568709897000076 50.101213071000075)","Unfall 196136 (2024) Kat:3, Licht: 0","196136","3","3","5","10","14","5","","0","0","1","0","0"
"POINT (8.634413401000074 50.159584792000032)","Unfall 196137 (2024) Kat:3, Licht: 0","196137","3","1","9","10","08","5","","0","0","0","0","1"
"POINT (8.691194311000061 50.109441600000082)","Unfall 196138 (2024) Kat:3, Licht: 1","196138","3","3","5","10","07","5","","1","1","1","0","0"
"POINT (8.644368221000036 50.196606327000040)","Unfall 196160 (2024) Kat:3, Licht: 0","196160","3","7","0","10","16","4","","0","0","0","0","1"
"POINT (8.656388563000064 50.113546950000057)","Unfall 196161 (2024) Kat:3, Licht: 0","196161","3","3","5","10","12","4","","0","1","1","0","0"
"POINT (8.667773577000048 50.114335474000029)","Unfall 196162 (2024) Kat:3, Licht: 1","196162","3","3","5","10","07","4","","1","1","1","0","0"
"POINT (8.623518042000057 50.121076128000027)","Unfall 196164 (2024) Kat:3, Licht: 0","196164","3","2","2","10","16","4","","0","0","1","0","0"
"POINT (8.603420625000069 50.127502000000050)","Unfall 196165 (2024) Kat:2, Licht: 0","196165","2","2","3","10","13","4","","0","0","0","0","0"
"POINT (8.686086505000048 50.116859044000080)","Unfall 196166 (2024) Kat:3, Licht: 0","196166","3","2","2","10","15","4","","0","0","1","0","1"
"POINT (8.661831678000055 50.193091935000041)","Unfall 196170 (2024) Kat:3, Licht: 0","196170","3","3","5","11","14","1","","0","0","1","0","0"
"POINT (8.726411002000077 50.127743854000073)","Unfall 196178 (2024) Kat:3, Licht: 2","196178","3","3","5","10","05","4","","2","0","1","0","0"
"POINT (8.751186570000073 50.141723159000037)","Unfall 196179 (2024) Kat:3, Licht: 0","196179","3","3","5","10","08","4","","0","1","1","0","0"
"POINT (8.603267951000021 50.100574687000062)","Unfall 196188 (2024) Kat:3, Licht: 0","196188","3","6","2","10","11","3","","0","0","1","0","0"
"POINT (8.709331318000068 50.124264430000039)","Unfall 196189 (2024) Kat:3, Licht: 0","196189","3","6","0","10","12","3","","0","1","1","0","0"
"POINT (8.658887013000026 50.107667998000068)","Unfall 196191 (2024) Kat:3, Licht: 1","196191","3","3","5","10","17","3","","1","0","1","0","0"
"POINT (8.664536538000050 50.110959326000057)","Unfall 196192 (2024) Kat:3, Licht: 0","196192","3","2","0","10","09","3","","0","0","1","0","1"
"POINT (8.692105401000049 50.127467762000038)","Unfall 196193 (2024) Kat:3, Licht: 0","196193","3","2","5","10","10","3","","0","1","1","0","0"
"POINT (8.730618283000069 50.128676266000070)","Unfall 196205 (2024) Kat:3, Licht: 0","196205","3","2","5","10","09","3","","0","0","1","0","0"
"POINT (8.535593375000076 50.102823668000042)","Unfall 196208 (2024) Kat:3, Licht: 0","196208","3","6","4","10","11","2","","0","0","0","0","0"
"POINT (8.511510721000036 50.082545548000041)","Unfall 196209 (2024) Kat:3, Licht: 0","196209","3","6","2","10","16","2","","0","0","1","0","0"
"POINT (8.627278434000061 50.174870471000077)","Unfall 196210 (2024) Kat:1, Licht: 2","196210","1","4","6","10","22","2","","2","0","0","1","0"
"POINT (8.630754461000038 50.113236834000077)","Unfall 196211 (2024) Kat:3, Licht: 0","196211","3","5","1","10","15","2","","0","1","1","0","0"
"POINT (8.640666887000066 50.115615191000074)","Unfall 196212 (2024) Kat:3, Licht: 2","196212","3","3","5","10","06","2","","2","0","1","0","0"
"POINT (8.703007459000048 50.127457973000048)","Unfall 196213 (2024) Kat:3, Licht: 0","196213","3","6","2","10","09","2","","0","0","1","0","0"
"POINT (8.670996424000066 50.116559201000030)","Unfall 196214 (2024) Kat:2, Licht: 0","196214","2","6","3","10","08","2","","0","1","1","0","0"
"POINT (8.690766413000063 50.156641710000031)","Unfall 196225 (2024) Kat:3, Licht: 0","196225","3","2","4","11","11","1","","0","0","1","0","0"
"POINT (8.670241137000062 50.114529056000038)","Unfall 196234 (2024) Kat:3, Licht: 2","196234","3","3","5","10","00","1","","2","1","0","0","0"
"POINT (8.644108342000038 50.067619551000064)","Unfall 196236 (2024) Kat:3, Licht: 0","196236","3","3","0","10","17","1","","0","0","0","0","1"
"POINT (8.671271836000074 50.094054256000049)","Unfall 196237 (2024) Kat:3, Licht: 2","196237","3","5","1","10","23","1","","2","1","1","0","0"
"POINT (8.680422590000035 50.167643398000052)","Unfall 196247 (2024) Kat:3, Licht: 0","196247","3","4","6","10","16","7","","0","0","1","1","0"
"POINT (8.643478484000070 50.089533303000053)","Unfall 196248 (2024) Kat:3, Licht: 0","196248","3","2","4","10","13","7","","0","1","1","0","0"
"POINT (8.671415043000025 50.090331785000046)","Unfall 196249 (2024) Kat:3, Licht: 0","196249","3","3","5","10","11","7","","0","1","1","0","0"
"POINT (8.708819334000054 50.109148451000067)","Unfall 196250 (2024) Kat:3, Licht: 2","196250","3","2","6","10","19","7","","2","0","1","1","0"
"POINT (8.604044943000076 50.085214410000049)","Unfall 196259 (2024) Kat:3, Licht: 2","196259","3","2","6","11","23","2","","2","0","1","1","0"
"POINT (8.621344918000034 50.165361314000052)","Unfall 196268 (2024) Kat:3, Licht: 0","196268","3","3","5","10","15","6","","0","1","1","0","0"
"POINT (8.634174015000042 50.105729158000031)","Unfall 196269 (2024) Kat:3, Licht: 2","196269","3","7","3","10","20","6","","2","0","1","0","0"