WKT,Name,OBJECTID,UKATEGORIE,UTYP1,UART,UMONAT,USTUNDE,UWOCHENTAG,STRZUSTAND,ULICHTVERH,ISTRAD,ISTPKW,ISTFUSS,ISTKRAD
"POINT (8.683037702000036 50.116499933000057)","Unfall 196270 (2024) Kat:3, Licht: 2","196270","3","6","3","10","22","6","","2","0","1","0","0"
"POINT (8.589306587000067 50.027484627000035)","Unfall 196285 (2024) Kat:3, Licht: 0","196285","3","2","4","10","16","4","","0","0","1","0","0"
"POINT (8.568887557000039 50.050585936000061)","Unfall 196290 (2024) Kat:3, Licht: 0","196290","3","4","6","11","18","5","","0","0","0","1","0"
"POINT (8.541767264000043 50.100101598000037)","Unfall 196296 (2024) Kat:3, Licht: 0","196296","3","7","0","10","17","4","","0","0","1","0","0"
"POINT (8.646941993000041 50.066325207000034)","Unfall 196297 (2024) Kat:3, Licht: 0","196297","3","2","3","10","10","4","","0","0","1","0","0"
"POINT (8.697826143000043 50.119191255000032)","Unfall 196318 (2024) Kat:3, Licht: 0","196318","3","3","5","10","12","3","","0","1","1","0","0"
"POINT (8.666083595000032 50.118224316000067)","Unfall 196320 (2024) Kat:3, Licht: 0","196320","3","6","3","10","09","3","","0","1","1","0","0"
"POINT (8.700343444000055 50.112855815000046)","Unfall 196335 (2024) Kat:3, Licht: 0","196335","3","2","3","10","14","6","","0","1","1","0","0"
"POINT (8.686543361000076 50.117106288000059)","Unfall 196338 (2024) Kat:3, Licht: 0","196338","3","7","0","10","09","3","","0","0","0","0","0"
"POINT (8.582366799000056 50.106717741000068)","Unfall 196345 (2024) Kat:3, Licht: 1","196345","3","4","6","09","07","2","","1","0","1","1","0"
"POINT (8.627939213000047 50.167909238000050)","Unfall 196346 (2024) Kat:3, Licht: 0","196346","3","3","5","09","08","2","","0","0","0","0","0"
"POINT (8.681337467000048 50.094627059000061)","Unfall 196347 (2024) Kat:3, Licht: 0","196347","3","3","5","09","18","2","","0","1","1","0","0"
"POINT (8.673290662000056 50.107288261000065)","Unfall 196348 (2024) Kat:3, Licht: 0","196348","3","6","2","09","17","2","","0","0","1","0","0"
"POINT (8.676691740000024 50.109468101000061)","Unfall 196349 (2024) Kat:3, Licht: 0","196349","3","4","6","09","13","2","","0","0","0","1","0"
"POINT (8.546838649000051 50.100906509000026)","Unfall 196366 (2024) Kat:3, Licht: 1","196366","3","3","5","09","19","1","","1","0","1","0","0"
"POINT (8.666065386000071 50.099020558000063)","Unfall 196367 (2024) Kat:3, Licht: 2","196367","3","5","1","09","04","1","","2","0","1","0","0"
"POINT (8.705108705000043 50.144346019000068)","Unfall 196368 (2024) Kat:3, Licht: 2","196368","3","3","5","09","20","1","","2","0","1","0","0"
"POINT (8.700670139000067 50.117207020000080)","Unfall 196369 (2024) Kat:3, Licht: 2","196369","3","1","0","09","00","1","","2","0","0","0","0"
"POINT (8.675139240000021 50.108614028000034)","Unfall 196370 (2024) Kat:3, Licht: 2","196370","3","1","0","09","02","1","","2","0","0","0","0"
"POINT (8.666958185000055 50.196733550000033)","Unfall 196379 (2024) Kat:3, Licht: 0","196379","3","1","0","09","13","7","","0","0","0","0","0"
"POINT (8.604054774000076 50.122997852000026)","Unfall 196380 (2024) Kat:3, Licht: 2","196380","3","5","1","09","19","7","","2","0","1","0","0"
"POINT (8.677882241000077 50.098528938000072)","Unfall 196381 (2024) Kat:3, Licht: 0","196381","3","6","2","09","12","7","","0","0","1","0","0"
"POINT (8.688710952000065 50.103815827000062)","Unfall 196398 (2024) Kat:2, Licht: 0","196398","2","4","6","09","17","6","","0","1","0","1","0"
"POINT (8.663168126000073 50.104453166000042)","Unfall 196399 (2024) Kat:3, Licht: 0","196399","3","7","6","09","19","6","","0","1","0","1","0"
"POINT (8.681379575000051 50.127749860000051)","Unfall 196400 (2024) Kat:2, Licht: 0","196400","2","2","6","09","12","6","","0","0","1","1","0"
"POINT (8.693137934000049 50.113530922000052)","Unfall 196401 (2024) Kat:3, Licht: 0","196401","3","6","2","09","09","6","","0","0","1","0","0"
"POINT (8.648408395000047 50.192300800000055)","Unfall 196421 (2024) Kat:3, Licht: 0","196421","3","3","5","09","09","5","","0","0","1","0","0"
"POINT (8.643652019000058 50.112779845000034)","Unfall 196422 (2024) Kat:3, Licht: 0","196422","3","3","5","09","16","5","","0","0","1","0","0"
"POINT (8.691473322000036 50.150190561000045)","Unfall 196423 (2024) Kat:2, Licht: 2","196423","2","2","4","09","19","5","","2","0","1","0","1"
"POINT (8.651423835000060 50.076885787000037)","Unfall 196425 (2024) Kat:3, Licht: 2","196425","3","7","4","09","20","5","","2","1","1","0","0"
"POINT (8.629043431000071 50.077950493000060)","Unfall 196426 (2024) Kat:3, Licht: 0","196426","3","6","2","09","12","5","","0","0","1","0","0"
"POINT (8.731327521000026 50.140369887000077)","Unfall 196427 (2024) Kat:3, Licht: 0","196427","3","3","5","09","15","5","","0","1","1","0","0"
"POINT (8.691074459000049 50.127343053000061)","Unfall 196428 (2024) Kat:3, Licht: 1","196428","3","2","4","09","18","5","","1","1","1","0","0"
"POINT (8.696524857000043 50.120071306000057)","Unfall 196429 (2024) Kat:3, Licht: 0","196429","3","4","6","09","13","5","","0","0","1","1","0"
"POINT (8.687696462000076 50.109647522000046)","Unfall 196430 (2024) Kat:3, Licht: 0","196430","3","2","3","09","16","5","","0","1","1","0","0"
"POINT (8.630064855000057 50.161964952000062)","Unfall 196445 (2024) Kat:3, Licht: 2","196445","3","7","5","09","21","4","","2","0","1","0","0"
"POINT (8.682816670000022 50.152335766000078)","Unfall 196446 (2024) Kat:3, Licht: 0","196446","3","3","5","09","13","4","","0","0","1","0","0"
"POINT (8.688038469000048 50.111286873000040)","Unfall 196448 (2024) Kat:3, Licht: 0","196448","3","6","3","09","16","4","","0","1","1","0","0"
"POINT (8.657960825000032 50.118608433000077)","Unfall 196452 (2024) Kat:3, Licht: 0","196452","3","4","6","10","07","4","","0","1","0","0","0"
"POINT (8.685519876000058 50.118464238000058)","Unfall 196460 (2024) Kat:3, Licht: 0","196460","3","2","6","10","11","7","","0","0","1","1","0"
"POINT (8.584276708000061 50.024528975000067)","Unfall 196464 (2024) Kat:3, Licht: 0","196464","3","3","5","09","17","3","","0","0","1","0","0"
"POINT (8.655150267000067 50.094915921000052)","Unfall 196466 (2024) Kat:3, Licht: 0","196466","3","7","0","09","15","3","","0","1","0","0","0"
"POINT (8.640338599000074 50.095248254000069)","Unfall 196467 (2024) Kat:3, Licht: 0","196467","3","3","5","09","13","3","","0","1","1","0","0"
"POINT (8.697567259000039 50.125744177000058)","Unfall 196468 (2024) Kat:2, Licht: 0","196468","2","5","1","09","16","3","","0","1","1","0","0"
"POINT (8.684509269000046 50.097009180000043)","Unfall 196471 (2024) Kat:3, Licht: 2","196471","3","2","5","11","19","2","","2","1","1","0","0"
"POINT (8.606548310000051 50.054524784000080)","Unfall 196493 (2024) Kat:2, Licht: 1","196493","2","1","9","09","19","1","","1","0","0","0","1"
"POINT (8.548337927000034 50.114701836000052)","Unfall 196494 (2024) Kat:3, Licht: 2","196494","3","4","6","09","21","2","","2","0","1","1","0"
"POINT (8.555284275000076 50.115514505000078)","Unfall 196495 (2024) Kat:3, Licht: 2","196495","3","5","0","09","20","2","","2","0","1","0","1"
"POINT (8.646409333000065 50.159040925000056)","Unfall 196496 (2024) Kat:3, Licht: 0","196496","3","3","5","09","18","2","","0","1","1","0","0"
"POINT (8.663362986000038 50.139576021000039)","Unfall 196497 (2024) Kat:3, Licht: 0","196497","3","5","1","09","09","2","","0","1","1","0","0"
"POINT (8.698546774000022 50.128570730000035)","Unfall 196498 (2024) Kat:3, Licht: 0","196498","3","6","2","09","15","2","","0","0","1","0","0"
"POINT (8.710093158000063 50.123973314000068)","Unfall 196499 (2024) Kat:3, Licht: 2","196499","3","6","4","09","20","2","","2","1","1","0","0"
"POINT (8.752589715000056 50.155121994000069)","Unfall 196517 (2024) Kat:3, Licht: 0","196517","3","4","6","09","08","2","","0","0","1","1","0"
"POINT (8.644486889000063 50.113861777000068)","Unfall 196523 (2024) Kat:3, Licht: 0","196523","3","6","0","09","16","1","","0","0","1","0","1"
"POINT (8.694335933000048 50.105532509000057)","Unfall 196524 (2024) Kat:3, Licht: 0","196524","3","6","3","09","15","1","","0","0","1","0","1"
"POINT (8.716632036000021 50.123537460000080)","Unfall 196525 (2024) Kat:3, Licht: 0","196525","3","2","6","09","14","1","","0","0","1","1","0"
"POINT (8.582332222000048 50.106707341000060)","Unfall 196534 (2024) Kat:3, Licht: 1","196534","3","1","0","11","17","1","","1","0","0","0","1"
"POINT (8.548291735000021 50.104726200000073)","Unfall 196536 (2024) Kat:3, Licht: 0","196536","3","3","5","10","08","5","","0","1","1","0","0"
"POINT (8.587864222000064 50.056479244000059)","Unfall 196541 (2024) Kat:3, Licht: 0","196541","3","6","2","09","13","1","","0","0","1","0","0"
"POINT (8.649466127000039 50.159498134000046)","Unfall 196548 (2024) Kat:3, Licht: 0","196548","3","3","5","09","17","7","","0","0","1","0","0"
"POINT (8.652785365000057 50.191995801000076)","Unfall 196549 (2024) Kat:3, Licht: 0","196549","3","6","2","09","14","7","","0","0","1","0","0"
"POINT (8.613609133000068 50.106808217000037)","Unfall 196550 (2024) Kat:3, Licht: 0","196550","3","6","4","09","17","7","","0","0","1","0","0"
"POINT (8.680012597000029 50.102797535000036)","Unfall 196552 (2024) Kat:3, Licht: 0","196552","3","6","0","09","14","7","","0","1","1","0","0"
"POINT (8.721360195000045 50.100310550000074)","Unfall 196554 (2024) Kat:3, Licht: 0","196554","3","1","0","09","11","7","","0","0","0","0","0"
"POINT (8.669104505000064 50.107640415000049)","Unfall 196555 (2024) Kat:3, Licht: 2","196555","3","4","6","09","23","7","","2","0","1","1","0"
"POINT (8.673586579000073 50.114228294000043)","Unfall 196556 (2024) Kat:3, Licht: 1","196556","3","3","5","09","19","7","","1","0","1","0","0"
"POINT (8.674231741000028 50.111578210000062)","Unfall 196557 (2024) Kat:2, Licht: 2","196557","2","1","8","09","00","7","","2","1","0","0","0"
"POINT (8.558745146000035 50.117940096000041)","Unfall 197157 (2024) Kat:3, Licht: 2","197157","3","4","6","12","20","2","","2","0","1","1","0"
"POINT (8.497980736000045 50.095090126000059)","Unfall 197158 (2024) Kat:3, Licht: 2","197158","3","2","5","12","20","2","","2","0","1","0","0"
"POINT (8.688922383000033 50.104934375000028)","Unfall 197159 (2024) Kat:3, Licht: 2","197159","3","7","6","12","20","2","","2","0","1","1","0"
"POINT (8.531188801000042 50.101611482000067)","Unfall 197168 (2024) Kat:3, Licht: 2","197168","3","1","9","12","01","1","","2","0","1","0","0"
"POINT (8.721701081000049 50.104841788000044)","Unfall 197169 (2024) Kat:3, Licht: 2","197169","3","1","9","12","23","7","","2","0","1","0","0"
"POINT (8.689849976000062 50.104702616000054)","Unfall 197170 (2024) Kat:2, Licht: 2","197170","2","6","3","12","03","7","","2","0","0","0","0"
"POINT (8.659940450000022 50.119026945000030)","Unfall 197171 (2024) Kat:3, Licht: 2","197171","3","4","6","12","17","7","","2","0","1","1","0"
"POINT (8.582740301000058 50.102950204000081)","Unfall 197177 (2024) Kat:2, Licht: 0","197177","2","3","5","12","13","6","","0","1","1","0","0"
"POINT (8.687777335000021 50.107243131000075)","Unfall 197178 (2024) Kat:3, Licht: 2","197178","3","2","0","12","20","6","","2","1","1","0","0"
"POINT (8.681431562000057 50.112858598000059)","Unfall 197179 (2024) Kat:3, Licht: 0","197179","3","7","6","12","13","6","","0","0","1","1","0"
"POINT (8.599695969000038 50.093932145000053)","Unfall 197185 (2024) Kat:2, Licht: 2","197185","2","3","5","12","00","5","","2","0","1","0","0"
"POINT (8.610983956000041 50.139330744000063)","Unfall 197186 (2024) Kat:2, Licht: 0","197186","2","3","5","12","12","5","","0","1","1","0","0"
"POINT (8.713840455000025 50.133738691000076)","Unfall 197187 (2024) Kat:3, Licht: 0","197187","3","3","5","12","13","5","","0","0","1","0","0"
"POINT (8.679135222000070 50.120071112000062)","Unfall 197197 (2024) Kat:3, Licht: 0","197197","3","4","6","12","13","2","","0","0","1","1","0"
"POINT (8.698325141000055 50.126110540000070)","Unfall 197205 (2024) Kat:3, Licht: 2","197205","3","6","2","12","18","1","","2","0","1","0","0"
"POINT (8.577145943000062 50.052587146000064)","Unfall 197211 (2024) Kat:3, Licht: 2","197211","3","6","2","12","17","7","","2","0","1","0","0"
"POINT (8.624388313000054 50.107848535000073)","Unfall 197214 (2024) Kat:3, Licht: 2","197214","3","2","6","12","21","7","","2","0","1","1","0"
"POINT (8.674372032000065 50.139157937000050)","Unfall 197215 (2024) Kat:3, Licht: 2","197215","3","1","8","12","01","7","","2","0","1","0","0"
"POINT (8.691331485000035 50.098756172000037)","Unfall 197216 (2024) Kat:3, Licht: 2","197216","3","6","2","12","18","7","","2","0","1","0","0"
"POINT (8.549179454000068 50.101975031000052)","Unfall 197224 (2024) Kat:3, Licht: 0","197224","3","3","0","12","11","6","","0","1","0","0","1"
"POINT (8.615756636000071 50.175605434000033)","Unfall 197225 (2024) Kat:3, Licht: 2","197225","3","7","0","12","22","6","","2","0","1","0","0"
"POINT (8.698874496000030 50.142299265000077)","Unfall 197226 (2024) Kat:3, Licht: 2","197226","3","7","6","12","23","6","","2","0","1","1","0"
"POINT (8.641377057000057 50.127984845000071)","Unfall 197247 (2024) Kat:3, Licht: 0","197247","3","3","5","12","11","5","","0","0","1","0","0"
"POINT (8.658115932000044 50.136075719000075)","Unfall 197248 (2024) Kat:3, Licht: 0","197248","3","6","2","12","10","5","","0","0","1","0","0"
"POINT (8.680504113000040 50.102068365000036)","Unfall 197249 (2024) Kat:3, Licht: 2","197249","3","3","5","12","20","5","","2","0","1","0","0"
"POINT (8.662140859000033 50.122129353000048)","Unfall 197250 (2024) Kat:3, Licht: 0","197250","3","4","6","12","12","5","","0","0","1","1","0"
"POINT (8.625405349000062 50.100546137000038)","Unfall 197270 (2024) Kat:3, Licht: 2","197270","3","7","6","12","17","4","","2","0","1","1","0"
"POINT (8.663514587000066 50.117677623000077)","Unfall 197271 (2024) Kat:3, Licht: 0","197271","3","5","1","12","14","4","","0","1","1","0","0"
"POINT (8.659748590000049 50.119628353000053)","Unfall 197272 (2024) Kat:3, Licht: 0","197272","3","3","5","12","12","4","","0","1","1","0","0"
"POINT (8.691731362000041 50.123490956000069)","Unfall 197273 (2024) Kat:3, Licht: 2","197273","3","1","0","12","21","4","","2","1","0","0","0"
"POINT (8.687922563000029 50.114681323000070)","Unfall 197274 (2024) Kat:3, Licht: 2","197274","3","7","6","12","18","4","","2","1","0","1","0"
"POINT (8.651715225000032 50.122297015000072)","Unfall 197293 (2024) Kat:3, Licht: 0","197293","3","3","5","12","14","3","","0","1","1","0","0"
"POINT (8.715989691000061 50.198199868000074)","Unfall 197313 (2024) Kat:2, Licht: 2","197313","2","6","6","12","18","2","","2","0","1","1","0"
"POINT (8.654921595000076 50.091965395000045)","Unfall 197314 (2024) Kat:3, Licht: 2","197314","3","2","6","12","06","2","","2","0","1","1","0"
"POINT (8.660284374000071 50.123133458000041)","Unfall 197315 (2024) Kat:3, Licht: 0","197315","3","3","5","12","15","2","","0","1","0","0","0"
"POINT (8.651509056000066 50.195724600000062)","Unfall 197325 (2024) Kat:3, Licht: 2","197325","3","6","2","12","17","2","","2","0","1","0","0"
"POINT (8.682900178000068 50.099075346000063)","Unfall 197330 (2024) Kat:3, Licht: 0","197330","3","7","1","12","12","1","","0","1","1","0","0"
"POINT (8.689948099000048 50.104504742000074)","Unfall 197331 (2024) Kat:2, Licht: 2","197331","2","4","6","12","03","1","","2","0","1","1","0"
"POINT (8.685845353000047 50.117892283000060)","Unfall 197341 (2024) Kat:3, Licht: 2","197341","3","5","0","12","16","7","","2","1","1","0","0"
"POINT (8.576346512000043 50.131852197000057)","Unfall 197357 (2024) Kat:3, Licht: 0","197357","3","5","1","12","08","6","","0","1","0","0","0"
"POINT (8.627850178000074 50.113350018000062)","Unfall 197358 (2024) Kat:3, Licht: 0","197358","3","3","5","12","11","6","","0","0","1","0","0"
"POINT (8.628829645000053 50.129513018000068)","Unfall 197359 (2024) Kat:3, Licht: 0","197359","3","3","5","12","12","6","","0","1","1","0","0"
"POINT (8.684475412000040 50.096984267000039)","Unfall 197360 (2024) Kat:3, Licht: 0","197360","3","2","4","12","11","6","","0","0","1","0","0"
"POINT (8.671597589000044 50.138981898000054)","Unfall 197373 (2024) Kat:3, Licht: 0","197373","3","1","0","12","10","5","","0","1","0","0","0"
"POINT (8.682565602000068 50.113901050000038)","Unfall 197388 (2024) Kat:3, Licht: 2","197388","3","6","6","12","20","4","","2","1","0","1","0"
"POINT (8.636344204000068 50.118604211000047)","Unfall 197406 (2024) Kat:3, Licht: 2","197406","3","4","6","12","23","3","","2","0","1","1","0"
"POINT (8.726447772000029 50.141849740000055)","Unfall 197407 (2024) Kat:3, Licht: 2","197407","3","5","1","12","19","3","","2","1","1","0","0"
"POINT (8.625317509000070 50.104800729000033)","Unfall 197408 (2024) Kat:3, Licht: 1","197408","3","3","5","12","16","3","","1","0","1","0","0"
"POINT (8.667991326000049 50.122227201000044)","Unfall 197409 (2024) Kat:3, Licht: 0","197409","3","3","5","12","11","3","","0","1","1","0","0"
"POINT (8.679177203000052 50.111195734000034)","Unfall 197410 (2024) Kat:2, Licht: 0","197410","2","7","6","12","12","3","","0","1","0","1","0"
"POINT (8.598518599000045 50.101104989000078)","Unfall 197424 (2024) Kat:3, Licht: 2","197424","3","2","4","12","19","2","","2","1","1","0","0"
"POINT (8.611245309000026 50.081536913000036)","Unfall 197425 (2024) Kat:3, Licht: 2","197425","3","3","5","12","19","2","","2","1","1","0","0"
"POINT (8.716565080000066 50.127996852000081)","Unfall 197427 (2024) Kat:3, Licht: 2","197427","3","3","5","12","17","2","","2","1","1","0","0"
"POINT (8.666158623000058 50.131673773000045)","Unfall 197428 (2024) Kat:3, Licht: 0","197428","3","4","6","12","09","2","","0","0","1","1","0"
"POINT (8.658243609000067 50.103459343000054)","Unfall 197438 (2024) Kat:3, Licht: 2","197438","3","6","2","12","23","1","","2","0","1","0","0"
"POINT (8.643960242000048 50.123119434000046)","Unfall 197446 (2024) Kat:3, Licht: 2","197446","3","7","6","12","17","7","","2","0","1","1","0"
"POINT (8.670098369000073 50.114148385000078)","Unfall 197470 (2024) Kat:3, Licht: 0","197470","3","4","6","12","10","5","","0","0","1","1","0"
"POINT (8.648442478000050 50.114880683000081)","Unfall 197471 (2024) Kat:2, Licht: 0","197471","2","2","5","12","08","5","","0","0","1","0","0"
"POINT (8.666794583000069 50.111375793000036)","Unfall 197472 (2024) Kat:3, Licht: 0","197472","3","3","5","12","12","5","","0","1","1","0","0"
"POINT (8.664792305000049 50.103014255000062)","Unfall 197474 (2024) Kat:3, Licht: 2","197474","3","3","5","12","06","5","","2","0","1","0","0"
"POINT (8.675251916000036 50.119105837000063)","Unfall 197475 (2024) Kat:3, Licht: 2","197475","3","2","6","12","17","5","","2","0","1","1","0"
"POINT (8.642148735000035 50.108283261000054)","Unfall 197492 (2024) Kat:3, Licht: 0","197492","3","7","0","12","07","4","","0","0","1","1","0"
"POINT (8.673153336000041 50.114871049000044)","Unfall 197493 (2024) Kat:3, Licht: 0","197493","3","7","6","12","13","4","","0","0","0","1","0"
"POINT (8.652507715000070 50.081525784000064)","Unfall 197507 (2024) Kat:3, Licht: 2","197507","3","7","0","12","19","3","","2","1","0","0","0"
"POINT (8.666094132000069 50.118298939000056)","Unfall 197508 (2024) Kat:3, Licht: 0","197508","3","6","4","12","13","3","","0","1","0","0","0"
"POINT (8.504035290000047 50.099504254000067)","Unfall 197510 (2024) Kat:2, Licht: 2","197510","2","4","6","12","17","1","","2","0","0","1","1"
"POINT (8.676551679000056 50.111539287000028)","Unfall 197511 (2024) Kat:3, Licht: 0","197511","3","6","4","12","11","3","","0","1","0","0","0"
"POINT (8.762591617000055 50.130969109000034)","Unfall 197528 (2024) Kat:2, Licht: 0","197528","2","3","5","12","08","3","","0","0","1","0","0"
"POINT (8.664688184000056 50.138892488000067)","Unfall 197532 (2024) Kat:3, Licht: 2","197532","3","4","0","12","17","2","","2","0","1","1","0"
"POINT (8.629178275000072 50.084538522000059)","Unfall 197533 (2024) Kat:3, Licht: 2","197533","3","2","4","12","16","2","","2","0","1","0","1"
"POINT (8.712288088000037 50.110527275000038)","Unfall 197534 (2024) Kat:2, Licht: 1","197534","2","3","5","12","07","2","","1","1","1","0","0"
"POINT (8.666208972000049 50.111772588000065)","Unfall 197535 (2024) Kat:2, Licht: 2","197535","2","4","6","12","17","2","","2","0","1","1","0"
"POINT (8.689434544000051 50.124896497000066)","Unfall 197536 (2024) Kat:3, Licht: 0","197536","3","2","0","12","14","2","","0","0","1","0","1"
"POINT (8.696292032000031 50.127517759000057)","Unfall 197554 (2024) Kat:2, Licht: 2","197554","2","1","0","12","04","1","","2","0","0","0","0"
"POINT (8.684747641000058 50.116552784000078)","Unfall 197564 (2024) Kat:3, Licht: 2","197564","3","7","6","12","17","7","","2","1","0","1","0"
"POINT (8.628636879000055 50.133119204000081)","Unfall 197565 (2024) Kat:3, Licht: 0","197565","3","2","3","11","11","7","","0","1","1","0","0"
"POINT (8.608185947000038 50.126282121000031)","Unfall 197566 (2024) Kat:3, Licht: 2","197566","3","1","0","11","17","7","","2","0","1","0","1"
"POINT (8.683719391000068 50.112087571000075)","Unfall 197567 (2024) Kat:3, Licht: 2","197567","3","6","3","11","00","7","","2","0","1","0","0"
"POINT (8.756515890000060 50.143771005000076)","Unfall 197576 (2024) Kat:3, Licht: 0","197576","3","3","5","11","12","7","","0","0","1","0","0"
"POINT (8.578922689000024 50.105763525000043)","Unfall 197580 (2024) Kat:3, Licht: 2","197580","3","3","5","11","17","6","","2","1","1","0","0"
"POINT (8.680291447000059 50.153406937000057)","Unfall 197581 (2024) Kat:3, Licht: 0","197581","3","3","5","11","08","6","","0","1","1","0","0"
"POINT (8.665192145000049 50.111200352000026)","Unfall 197582 (2024) Kat:3, Licht: 0","197582","3","2","3","11","12","6","","0","1","1","0","0"
"POINT (8.690776072000062 50.108928670000068)","Unfall 264166 (2024) Kat:2, Licht: 0","264166","2","7","0","01","14","1","","0","1","0","0","0"
"POINT (8.678916918000027 50.125740773000075)","Unfall 264168 (2024) Kat:3, Licht: 0","264168","3","7","6","02","08","5","","0","1","0","1","0"
"POINT (8.596806261000040 50.039328863000037)","Unfall 264174 (2024) Kat:3, Licht: 0","264174","3","1","0","03","14","1","","0","1","0","1","0"
"POINT (8.621411735000038 50.159359264000045)","Unfall 264176 (2024) Kat:3, Licht: 0","264176","3","3","5","03","15","5","","0","1","1","0","0"
"POINT (8.699579201000063 50.152173973000060)","Unfall 264191 (2024) Kat:3, Licht: 2","264191","3","6","6","03","20","1","","2","1","0","1","0"
"POINT (8.570071283000061 50.092619706000050)","Unfall 264210 (2024) Kat:3, Licht: 0","264210","3","6","3","04","13","1","","0","1","0","0","0"
"POINT (8.614319586000022 50.063494877000039)","Unfall 264211 (2024) Kat:3, Licht: 0","264211","3","7","0","04","19","3","","0","1","0","0","0"
"POINT (8.564383711000062 50.100842410000041)","Unfall 264216 (2024) Kat:3, Licht: 0","264216","3","6","4","05","18","4","","0","1","0","0","0"
"POINT (8.694226896000032 50.179456919000074)","Unfall 264228 (2024) Kat:3, Licht: 0","264228","3","7","0","05","18","3","","0","1","0","0","0"
"POINT (8.504082549000032 50.089762411000038)","Unfall 264239 (2024) Kat:3, Licht: 1","264239","3","6","2","05","20","5","","1","1","1","0","0"
"POINT (8.770410612000035 50.125014485000065)","Unfall 264256 (2024) Kat:3, Licht: 0","264256","3","7","6","05","20","2","","0","1","0","1","0"
"POINT (8.667247393000025 50.100035268000056)","Unfall 264274 (2024) Kat:3, Licht: 0","264274","3","6","3","06","09","5","","0","1","0","0","0"
"POINT (8.701414031000070 50.106269650000058)","Unfall 264284 (2024) Kat:2, Licht: 0","264284","2","6","4","06","18","3","","0","1","0","0","0"
"POINT (8.700486133000027 50.106363769000041)","Unfall 264291 (2024) Kat:2, Licht: 0","264291","2","6","4","06","17","1","","0","1","0","0","0"
"POINT (8.716948180000031 50.105651102000081)","Unfall 264299 (2024) Kat:3, Licht: 0","264299","3","5","1","06","16","6","","0","1","1","0","0"
"POINT (8.636984184000028 50.132252603000040)","Unfall 264325 (2024) Kat:2, Licht: 2","264325","2","1","0","07","02","6","","2","1","0","0","0"
"POINT (8.671461523000062 50.115136871000061)","Unfall 264342 (2024) Kat:3, Licht: 0","264342","3","7","5","07","17","4","","0","1","0","0","0"
"POINT (8.719727167000030 50.089443331000041)","Unfall 264351 (2024) Kat:1, Licht: 0","264351","1","3","5","07","14","1","","0","1","0","0","0"
"POINT (8.632075734000068 50.088509207000072)","Unfall 264352 (2024) Kat:2, Licht: 0","264352","2","1","0","07","10","1","","0","1","0","0","0"
"POINT (8.697909067000069 50.106625125000051)","Unfall 264365 (2024) Kat:3, Licht: 0","264365","3","6","3","07","07","1","","0","1","0","0","0"
"POINT (8.673219308000057 50.103603219000036)","Unfall 264371 (2024) Kat:3, Licht: 0","264371","3","6","4","07","06","4","","0","1","0","1","0"
"POINT (8.734271388000025 50.146986014000049)","Unfall 264375 (2024) Kat:3, Licht: 2","264375","3","7","0","08","01","7","","2","1","0","0","0"
"POINT (8.721909238000023 50.106323830000065)","Unfall 264377 (2024) Kat:2, Licht: 0","264377","2","6","4","08","15","2","","0","1","0","0","0"
"POINT (8.706628546000047 50.105767494000077)","Unfall 264383 (2024) Kat:3, Licht: 0","264383","3","6","4","08","13","7","","0","1","0","0","0"
"POINT (8.632070513000031 50.088508404000038)","Unfall 264396 (2024) Kat:2, Licht: 0","264396","2","3","5","08","16","6","","0","1","0","0","0"
"POINT (8.628542659000061 50.148398437000026)","Unfall 264398 (2024) Kat:3, Licht: 0","264398","3","6","4","08","14","1","","0","1","0","0","0"
"POINT (8.630629464000037 50.167312538000033)","Unfall 264408 (2024) Kat:2, Licht: 0","264408","2","6","4","08","19","3","","0","1","0","0","0"
"POINT (8.607690228000024 50.119264300000054)","Unfall 264411 (2024) Kat:3, Licht: 0","264411","3","3","5","08","08","5","","0","1","0","0","0"
"POINT (8.565254548000041 50.101562998000077)","Unfall 264421 (2024) Kat:3, Licht: 1","264421","3","6","4","09","20","5","","1","1","0","0","0"
"POINT (8.675551053000049 50.105019932000062)","Unfall 264428 (2024) Kat:3, Licht: 0","264428","3","7","2","09","07","4","","0","1","0","0","0"
"POINT (8.671302892000028 50.111671262000073)","Unfall 264432 (2024) Kat:3, Licht: 0","264432","3","7","4","09","17","4","","0","1","0","0","0"
"POINT (8.665010771000027 50.179173117000062)","Unfall 264454 (2024) Kat:2, Licht: 2","264454","2","7","6","10","20","1","","2","1","0","1","0"
"POINT (8.677400361000025 50.164416839000069)","Unfall 264457 (2024) Kat:3, Licht: 2","264457","3","6","0","10","18","3","","2","1","1","0","0"
"POINT (8.693694442000037 50.110426840000059)","Unfall 264459 (2024) Kat:2, Licht: 0","264459","2","6","4","10","07","4","","0","1","0","0","0"
"POINT (8.703284489000055 50.146419850000029)","Unfall 264462 (2024) Kat:3, Licht: 0","264462","3","3","5","11","14","6","","0","1","0","0","0"
"POINT (8.647058098000059 50.154322599000068)","Unfall 264476 (2024) Kat:2, Licht: 2","264476","2","6","2","12","16","3","","2","1","0","0","0"